行号	实体id	需要哪个官方表的哪一列/公式	我们这边的来源(文件:行 或 "空")	判据
4102	tbl:Affix(301 id)|id=1	MagicPrefix|MagicSuffix.txt:Name; 按官方 mod1code + mod1min/max 生成说明; 行来自哪张官方表（pre/suf）; …:level; …:levelreq; …:group; …:mod1code; …:mod1param; …:mod1min; …:mod1max; …:frequency; …:classspecific; …:class; …:itype1..itype7; …:etype1..etype3	client/Assets/StreamingAssets/Table/Affix.tsv:2	公式求值相等
4103	tbl:Affix(301 id)|id=2	MagicPrefix|MagicSuffix.txt:Name; 按官方 mod1code + mod1min/max 生成说明; 行来自哪张官方表（pre/suf）; …:level; …:levelreq; …:group; …:mod1code; …:mod1param; …:mod1min; …:mod1max; …:frequency; …:classspecific; …:class; …:itype1..itype7; …:etype1..etype3	client/Assets/StreamingAssets/Table/Affix.tsv:3	公式求值相等
4104	tbl:Affix(301 id)|id=3	MagicPrefix|MagicSuffix.txt:Name; 按官方 mod1code + mod1min/max 生成说明; 行来自哪张官方表（pre/suf）; …:level; …:levelreq; …:group; …:mod1code; …:mod1param; …:mod1min; …:mod1max; …:frequency; …:classspecific; …:class; …:itype1..itype7; …:etype1..etype3	client/Assets/StreamingAssets/Table/Affix.tsv:4	公式求值相等
4105	tbl:Affix(301 id)|id=4	MagicPrefix|MagicSuffix.txt:Name; 按官方 mod1code + mod1min/max 生成说明; 行来自哪张官方表（pre/suf）; …:level; …:levelreq; …:group; …:mod1code; …:mod1param; …:mod1min; …:mod1max; …:frequency; …:classspecific; …:class; …:itype1..itype7; …:etype1..etype3	client/Assets/StreamingAssets/Table/Affix.tsv:5	公式求值相等
4106	tbl:Affix(301 id)|id=5	MagicPrefix|MagicSuffix.txt:Name; 按官方 mod1code + mod1min/max 生成说明; 行来自哪张官方表（pre/suf）; …:level; …:levelreq; …:group; …:mod1code; …:mod1param; …:mod1min; …:mod1max; …:frequency; …:classspecific; …:class; …:itype1..itype7; …:etype1..etype3	client/Assets/StreamingAssets/Table/Affix.tsv:6	公式求值相等
4107	tbl:Affix(301 id)|id=6	MagicPrefix|MagicSuffix.txt:Name; 按官方 mod1code + mod1min/max 生成说明; 行来自哪张官方表（pre/suf）; …:level; …:levelreq; …:group; …:mod1code; …:mod1param; …:mod1min; …:mod1max; …:frequency; …:classspecific; …:class; …:itype1..itype7; …:etype1..etype3	client/Assets/StreamingAssets/Table/Affix.tsv:7	公式求值相等
4108	tbl:Affix(301 id)|id=7	MagicPrefix|MagicSuffix.txt:Name; 按官方 mod1code + mod1min/max 生成说明; 行来自哪张官方表（pre/suf）; …:level; …:levelreq; …:group; …:mod1code; …:mod1param; …:mod1min; …:mod1max; …:frequency; …:classspecific; …:class; …:itype1..itype7; …:etype1..etype3	client/Assets/StreamingAssets/Table/Affix.tsv:8	公式求值相等
4109	tbl:Affix(301 id)|id=8	MagicPrefix|MagicSuffix.txt:Name; 按官方 mod1code + mod1min/max 生成说明; 行来自哪张官方表（pre/suf）; …:level; …:levelreq; …:group; …:mod1code; …:mod1param; …:mod1min; …:mod1max; …:frequency; …:classspecific; …:class; …:itype1..itype7; …:etype1..etype3	client/Assets/StreamingAssets/Table/Affix.tsv:9	公式求值相等
4110	tbl:Affix(301 id)|id=9	MagicPrefix|MagicSuffix.txt:Name; 按官方 mod1code + mod1min/max 生成说明; 行来自哪张官方表（pre/suf）; …:level; …:levelreq; …:group; …:mod1code; …:mod1param; …:mod1min; …:mod1max; …:frequency; …:classspecific; …:class; …:itype1..itype7; …:etype1..etype3	client/Assets/StreamingAssets/Table/Affix.tsv:10	公式求值相等
4111	tbl:Affix(301 id)|id=10	MagicPrefix|MagicSuffix.txt:Name; 按官方 mod1code + mod1min/max 生成说明; 行来自哪张官方表（pre/suf）; …:level; …:levelreq; …:group; …:mod1code; …:mod1param; …:mod1min; …:mod1max; …:frequency; …:classspecific; …:class; …:itype1..itype7; …:etype1..etype3	client/Assets/StreamingAssets/Table/Affix.tsv:11	公式求值相等
4112	tbl:Affix(301 id)|id=11	MagicPrefix|MagicSuffix.txt:Name; 按官方 mod1code + mod1min/max 生成说明; 行来自哪张官方表（pre/suf）; …:level; …:levelreq; …:group; …:mod1code; …:mod1param; …:mod1min; …:mod1max; …:frequency; …:classspecific; …:class; …:itype1..itype7; …:etype1..etype3	client/Assets/StreamingAssets/Table/Affix.tsv:12	公式求值相等
4113	tbl:Affix(301 id)|id=12	MagicPrefix|MagicSuffix.txt:Name; 按官方 mod1code + mod1min/max 生成说明; 行来自哪张官方表（pre/suf）; …:level; …:levelreq; …:group; …:mod1code; …:mod1param; …:mod1min; …:mod1max; …:frequency; …:classspecific; …:class; …:itype1..itype7; …:etype1..etype3	client/Assets/StreamingAssets/Table/Affix.tsv:13	公式求值相等
4114	tbl:Affix(301 id)|id=13	MagicPrefix|MagicSuffix.txt:Name; 按官方 mod1code + mod1min/max 生成说明; 行来自哪张官方表（pre/suf）; …:level; …:levelreq; …:group; …:mod1code; …:mod1param; …:mod1min; …:mod1max; …:frequency; …:classspecific; …:class; …:itype1..itype7; …:etype1..etype3	client/Assets/StreamingAssets/Table/Affix.tsv:14	公式求值相等
4115	tbl:Affix(301 id)|id=14	MagicPrefix|MagicSuffix.txt:Name; 按官方 mod1code + mod1min/max 生成说明; 行来自哪张官方表（pre/suf）; …:level; …:levelreq; …:group; …:mod1code; …:mod1param; …:mod1min; …:mod1max; …:frequency; …:classspecific; …:class; …:itype1..itype7; …:etype1..etype3	client/Assets/StreamingAssets/Table/Affix.tsv:15	公式求值相等
4116	tbl:Affix(301 id)|id=15	MagicPrefix|MagicSuffix.txt:Name; 按官方 mod1code + mod1min/max 生成说明; 行来自哪张官方表（pre/suf）; …:level; …:levelreq; …:group; …:mod1code; …:mod1param; …:mod1min; …:mod1max; …:frequency; …:classspecific; …:class; …:itype1..itype7; …:etype1..etype3	client/Assets/StreamingAssets/Table/Affix.tsv:16	公式求值相等
4117	tbl:Affix(301 id)|id=16	MagicPrefix|MagicSuffix.txt:Name; 按官方 mod1code + mod1min/max 生成说明; 行来自哪张官方表（pre/suf）; …:level; …:levelreq; …:group; …:mod1code; …:mod1param; …:mod1min; …:mod1max; …:frequency; …:classspecific; …:class; …:itype1..itype7; …:etype1..etype3	client/Assets/StreamingAssets/Table/Affix.tsv:17	公式求值相等
4118	tbl:Affix(301 id)|id=17	MagicPrefix|MagicSuffix.txt:Name; 按官方 mod1code + mod1min/max 生成说明; 行来自哪张官方表（pre/suf）; …:level; …:levelreq; …:group; …:mod1code; …:mod1param; …:mod1min; …:mod1max; …:frequency; …:classspecific; …:class; …:itype1..itype7; …:etype1..etype3	client/Assets/StreamingAssets/Table/Affix.tsv:18	公式求值相等
4119	tbl:Affix(301 id)|id=18	MagicPrefix|MagicSuffix.txt:Name; 按官方 mod1code + mod1min/max 生成说明; 行来自哪张官方表（pre/suf）; …:level; …:levelreq; …:group; …:mod1code; …:mod1param; …:mod1min; …:mod1max; …:frequency; …:classspecific; …:class; …:itype1..itype7; …:etype1..etype3	client/Assets/StreamingAssets/Table/Affix.tsv:19	公式求值相等
4120	tbl:Affix(301 id)|id=19	MagicPrefix|MagicSuffix.txt:Name; 按官方 mod1code + mod1min/max 生成说明; 行来自哪张官方表（pre/suf）; …:level; …:levelreq; …:group; …:mod1code; …:mod1param; …:mod1min; …:mod1max; …:frequency; …:classspecific; …:class; …:itype1..itype7; …:etype1..etype3	client/Assets/StreamingAssets/Table/Affix.tsv:20	公式求值相等
4121	tbl:Affix(301 id)|id=20	MagicPrefix|MagicSuffix.txt:Name; 按官方 mod1code + mod1min/max 生成说明; 行来自哪张官方表（pre/suf）; …:level; …:levelreq; …:group; …:mod1code; …:mod1param; …:mod1min; …:mod1max; …:frequency; …:classspecific; …:class; …:itype1..itype7; …:etype1..etype3	client/Assets/StreamingAssets/Table/Affix.tsv:21	公式求值相等
4122	tbl:Affix(301 id)|id=21	MagicPrefix|MagicSuffix.txt:Name; 按官方 mod1code + mod1min/max 生成说明; 行来自哪张官方表（pre/suf）; …:level; …:levelreq; …:group; …:mod1code; …:mod1param; …:mod1min; …:mod1max; …:frequency; …:classspecific; …:class; …:itype1..itype7; …:etype1..etype3	client/Assets/StreamingAssets/Table/Affix.tsv:22	公式求值相等
4123	tbl:Affix(301 id)|id=22	MagicPrefix|MagicSuffix.txt:Name; 按官方 mod1code + mod1min/max 生成说明; 行来自哪张官方表（pre/suf）; …:level; …:levelreq; …:group; …:mod1code; …:mod1param; …:mod1min; …:mod1max; …:frequency; …:classspecific; …:class; …:itype1..itype7; …:etype1..etype3	client/Assets/StreamingAssets/Table/Affix.tsv:23	公式求值相等
4124	tbl:Affix(301 id)|id=23	MagicPrefix|MagicSuffix.txt:Name; 按官方 mod1code + mod1min/max 生成说明; 行来自哪张官方表（pre/suf）; …:level; …:levelreq; …:group; …:mod1code; …:mod1param; …:mod1min; …:mod1max; …:frequency; …:classspecific; …:class; …:itype1..itype7; …:etype1..etype3	client/Assets/StreamingAssets/Table/Affix.tsv:24	公式求值相等
4125	tbl:Affix(301 id)|id=24	MagicPrefix|MagicSuffix.txt:Name; 按官方 mod1code + mod1min/max 生成说明; 行来自哪张官方表（pre/suf）; …:level; …:levelreq; …:group; …:mod1code; …:mod1param; …:mod1min; …:mod1max; …:frequency; …:classspecific; …:class; …:itype1..itype7; …:etype1..etype3	client/Assets/StreamingAssets/Table/Affix.tsv:25	公式求值相等
4126	tbl:Affix(301 id)|id=25	MagicPrefix|MagicSuffix.txt:Name; 按官方 mod1code + mod1min/max 生成说明; 行来自哪张官方表（pre/suf）; …:level; …:levelreq; …:group; …:mod1code; …:mod1param; …:mod1min; …:mod1max; …:frequency; …:classspecific; …:class; …:itype1..itype7; …:etype1..etype3	client/Assets/StreamingAssets/Table/Affix.tsv:26	公式求值相等
4127	tbl:Affix(301 id)|id=26	MagicPrefix|MagicSuffix.txt:Name; 按官方 mod1code + mod1min/max 生成说明; 行来自哪张官方表（pre/suf）; …:level; …:levelreq; …:group; …:mod1code; …:mod1param; …:mod1min; …:mod1max; …:frequency; …:classspecific; …:class; …:itype1..itype7; …:etype1..etype3	client/Assets/StreamingAssets/Table/Affix.tsv:27	公式求值相等
4128	tbl:Affix(301 id)|id=27	MagicPrefix|MagicSuffix.txt:Name; 按官方 mod1code + mod1min/max 生成说明; 行来自哪张官方表（pre/suf）; …:level; …:levelreq; …:group; …:mod1code; …:mod1param; …:mod1min; …:mod1max; …:frequency; …:classspecific; …:class; …:itype1..itype7; …:etype1..etype3	client/Assets/StreamingAssets/Table/Affix.tsv:28	公式求值相等
4129	tbl:Affix(301 id)|id=28	MagicPrefix|MagicSuffix.txt:Name; 按官方 mod1code + mod1min/max 生成说明; 行来自哪张官方表（pre/suf）; …:level; …:levelreq; …:group; …:mod1code; …:mod1param; …:mod1min; …:mod1max; …:frequency; …:classspecific; …:class; …:itype1..itype7; …:etype1..etype3	client/Assets/StreamingAssets/Table/Affix.tsv:29	公式求值相等
4130	tbl:Affix(301 id)|id=29	MagicPrefix|MagicSuffix.txt:Name; 按官方 mod1code + mod1min/max 生成说明; 行来自哪张官方表（pre/suf）; …:level; …:levelreq; …:group; …:mod1code; …:mod1param; …:mod1min; …:mod1max; …:frequency; …:classspecific; …:class; …:itype1..itype7; …:etype1..etype3	client/Assets/StreamingAssets/Table/Affix.tsv:30	公式求值相等
4131	tbl:Affix(301 id)|id=30	MagicPrefix|MagicSuffix.txt:Name; 按官方 mod1code + mod1min/max 生成说明; 行来自哪张官方表（pre/suf）; …:level; …:levelreq; …:group; …:mod1code; …:mod1param; …:mod1min; …:mod1max; …:frequency; …:classspecific; …:class; …:itype1..itype7; …:etype1..etype3	client/Assets/StreamingAssets/Table/Affix.tsv:31	公式求值相等
4132	tbl:Affix(301 id)|id=31	MagicPrefix|MagicSuffix.txt:Name; 按官方 mod1code + mod1min/max 生成说明; 行来自哪张官方表（pre/suf）; …:level; …:levelreq; …:group; …:mod1code; …:mod1param; …:mod1min; …:mod1max; …:frequency; …:classspecific; …:class; …:itype1..itype7; …:etype1..etype3	client/Assets/StreamingAssets/Table/Affix.tsv:32	公式求值相等
4133	tbl:Affix(301 id)|id=32	MagicPrefix|MagicSuffix.txt:Name; 按官方 mod1code + mod1min/max 生成说明; 行来自哪张官方表（pre/suf）; …:level; …:levelreq; …:group; …:mod1code; …:mod1param; …:mod1min; …:mod1max; …:frequency; …:classspecific; …:class; …:itype1..itype7; …:etype1..etype3	client/Assets/StreamingAssets/Table/Affix.tsv:33	公式求值相等
4134	tbl:Affix(301 id)|id=33	MagicPrefix|MagicSuffix.txt:Name; 按官方 mod1code + mod1min/max 生成说明; 行来自哪张官方表（pre/suf）; …:level; …:levelreq; …:group; …:mod1code; …:mod1param; …:mod1min; …:mod1max; …:frequency; …:classspecific; …:class; …:itype1..itype7; …:etype1..etype3	client/Assets/StreamingAssets/Table/Affix.tsv:34	公式求值相等
4135	tbl:Affix(301 id)|id=34	MagicPrefix|MagicSuffix.txt:Name; 按官方 mod1code + mod1min/max 生成说明; 行来自哪张官方表（pre/suf）; …:level; …:levelreq; …:group; …:mod1code; …:mod1param; …:mod1min; …:mod1max; …:frequency; …:classspecific; …:class; …:itype1..itype7; …:etype1..etype3	client/Assets/StreamingAssets/Table/Affix.tsv:35	公式求值相等
4136	tbl:Affix(301 id)|id=35	MagicPrefix|MagicSuffix.txt:Name; 按官方 mod1code + mod1min/max 生成说明; 行来自哪张官方表（pre/suf）; …:level; …:levelreq; …:group; …:mod1code; …:mod1param; …:mod1min; …:mod1max; …:frequency; …:classspecific; …:class; …:itype1..itype7; …:etype1..etype3	client/Assets/StreamingAssets/Table/Affix.tsv:36	公式求值相等
4137	tbl:Affix(301 id)|id=36	MagicPrefix|MagicSuffix.txt:Name; 按官方 mod1code + mod1min/max 生成说明; 行来自哪张官方表（pre/suf）; …:level; …:levelreq; …:group; …:mod1code; …:mod1param; …:mod1min; …:mod1max; …:frequency; …:classspecific; …:class; …:itype1..itype7; …:etype1..etype3	client/Assets/StreamingAssets/Table/Affix.tsv:37	公式求值相等
4138	tbl:Affix(301 id)|id=37	MagicPrefix|MagicSuffix.txt:Name; 按官方 mod1code + mod1min/max 生成说明; 行来自哪张官方表（pre/suf）; …:level; …:levelreq; …:group; …:mod1code; …:mod1param; …:mod1min; …:mod1max; …:frequency; …:classspecific; …:class; …:itype1..itype7; …:etype1..etype3	client/Assets/StreamingAssets/Table/Affix.tsv:38	公式求值相等
4139	tbl:Affix(301 id)|id=38	MagicPrefix|MagicSuffix.txt:Name; 按官方 mod1code + mod1min/max 生成说明; 行来自哪张官方表（pre/suf）; …:level; …:levelreq; …:group; …:mod1code; …:mod1param; …:mod1min; …:mod1max; …:frequency; …:classspecific; …:class; …:itype1..itype7; …:etype1..etype3	client/Assets/StreamingAssets/Table/Affix.tsv:39	公式求值相等
4140	tbl:Affix(301 id)|id=39	MagicPrefix|MagicSuffix.txt:Name; 按官方 mod1code + mod1min/max 生成说明; 行来自哪张官方表（pre/suf）; …:level; …:levelreq; …:group; …:mod1code; …:mod1param; …:mod1min; …:mod1max; …:frequency; …:classspecific; …:class; …:itype1..itype7; …:etype1..etype3	client/Assets/StreamingAssets/Table/Affix.tsv:40	公式求值相等
4141	tbl:Affix(301 id)|id=40	MagicPrefix|MagicSuffix.txt:Name; 按官方 mod1code + mod1min/max 生成说明; 行来自哪张官方表（pre/suf）; …:level; …:levelreq; …:group; …:mod1code; …:mod1param; …:mod1min; …:mod1max; …:frequency; …:classspecific; …:class; …:itype1..itype7; …:etype1..etype3	client/Assets/StreamingAssets/Table/Affix.tsv:41	公式求值相等
4142	tbl:Affix(301 id)|id=41	MagicPrefix|MagicSuffix.txt:Name; 按官方 mod1code + mod1min/max 生成说明; 行来自哪张官方表（pre/suf）; …:level; …:levelreq; …:group; …:mod1code; …:mod1param; …:mod1min; …:mod1max; …:frequency; …:classspecific; …:class; …:itype1..itype7; …:etype1..etype3	client/Assets/StreamingAssets/Table/Affix.tsv:42	公式求值相等
4143	tbl:Affix(301 id)|id=42	MagicPrefix|MagicSuffix.txt:Name; 按官方 mod1code + mod1min/max 生成说明; 行来自哪张官方表（pre/suf）; …:level; …:levelreq; …:group; …:mod1code; …:mod1param; …:mod1min; …:mod1max; …:frequency; …:classspecific; …:class; …:itype1..itype7; …:etype1..etype3	client/Assets/StreamingAssets/Table/Affix.tsv:43	公式求值相等
4144	tbl:Affix(301 id)|id=43	MagicPrefix|MagicSuffix.txt:Name; 按官方 mod1code + mod1min/max 生成说明; 行来自哪张官方表（pre/suf）; …:level; …:levelreq; …:group; …:mod1code; …:mod1param; …:mod1min; …:mod1max; …:frequency; …:classspecific; …:class; …:itype1..itype7; …:etype1..etype3	client/Assets/StreamingAssets/Table/Affix.tsv:44	公式求值相等
4145	tbl:Affix(301 id)|id=44	MagicPrefix|MagicSuffix.txt:Name; 按官方 mod1code + mod1min/max 生成说明; 行来自哪张官方表（pre/suf）; …:level; …:levelreq; …:group; …:mod1code; …:mod1param; …:mod1min; …:mod1max; …:frequency; …:classspecific; …:class; …:itype1..itype7; …:etype1..etype3	client/Assets/StreamingAssets/Table/Affix.tsv:45	公式求值相等
4146	tbl:Affix(301 id)|id=45	MagicPrefix|MagicSuffix.txt:Name; 按官方 mod1code + mod1min/max 生成说明; 行来自哪张官方表（pre/suf）; …:level; …:levelreq; …:group; …:mod1code; …:mod1param; …:mod1min; …:mod1max; …:frequency; …:classspecific; …:class; …:itype1..itype7; …:etype1..etype3	client/Assets/StreamingAssets/Table/Affix.tsv:46	公式求值相等
4147	tbl:Affix(301 id)|id=46	MagicPrefix|MagicSuffix.txt:Name; 按官方 mod1code + mod1min/max 生成说明; 行来自哪张官方表（pre/suf）; …:level; …:levelreq; …:group; …:mod1code; …:mod1param; …:mod1min; …:mod1max; …:frequency; …:classspecific; …:class; …:itype1..itype7; …:etype1..etype3	client/Assets/StreamingAssets/Table/Affix.tsv:47	公式求值相等
4148	tbl:Affix(301 id)|id=47	MagicPrefix|MagicSuffix.txt:Name; 按官方 mod1code + mod1min/max 生成说明; 行来自哪张官方表（pre/suf）; …:level; …:levelreq; …:group; …:mod1code; …:mod1param; …:mod1min; …:mod1max; …:frequency; …:classspecific; …:class; …:itype1..itype7; …:etype1..etype3	client/Assets/StreamingAssets/Table/Affix.tsv:48	公式求值相等
4149	tbl:Affix(301 id)|id=48	MagicPrefix|MagicSuffix.txt:Name; 按官方 mod1code + mod1min/max 生成说明; 行来自哪张官方表（pre/suf）; …:level; …:levelreq; …:group; …:mod1code; …:mod1param; …:mod1min; …:mod1max; …:frequency; …:classspecific; …:class; …:itype1..itype7; …:etype1..etype3	client/Assets/StreamingAssets/Table/Affix.tsv:49	公式求值相等
4150	tbl:Affix(301 id)|id=49	MagicPrefix|MagicSuffix.txt:Name; 按官方 mod1code + mod1min/max 生成说明; 行来自哪张官方表（pre/suf）; …:level; …:levelreq; …:group; …:mod1code; …:mod1param; …:mod1min; …:mod1max; …:frequency; …:classspecific; …:class; …:itype1..itype7; …:etype1..etype3	client/Assets/StreamingAssets/Table/Affix.tsv:50	公式求值相等
4151	tbl:Affix(301 id)|id=50	MagicPrefix|MagicSuffix.txt:Name; 按官方 mod1code + mod1min/max 生成说明; 行来自哪张官方表（pre/suf）; …:level; …:levelreq; …:group; …:mod1code; …:mod1param; …:mod1min; …:mod1max; …:frequency; …:classspecific; …:class; …:itype1..itype7; …:etype1..etype3	client/Assets/StreamingAssets/Table/Affix.tsv:51	公式求值相等
4152	tbl:Affix(301 id)|id=51	MagicPrefix|MagicSuffix.txt:Name; 按官方 mod1code + mod1min/max 生成说明; 行来自哪张官方表（pre/suf）; …:level; …:levelreq; …:group; …:mod1code; …:mod1param; …:mod1min; …:mod1max; …:frequency; …:classspecific; …:class; …:itype1..itype7; …:etype1..etype3	client/Assets/StreamingAssets/Table/Affix.tsv:52	公式求值相等
4153	tbl:Affix(301 id)|id=52	MagicPrefix|MagicSuffix.txt:Name; 按官方 mod1code + mod1min/max 生成说明; 行来自哪张官方表（pre/suf）; …:level; …:levelreq; …:group; …:mod1code; …:mod1param; …:mod1min; …:mod1max; …:frequency; …:classspecific; …:class; …:itype1..itype7; …:etype1..etype3	client/Assets/StreamingAssets/Table/Affix.tsv:53	公式求值相等
4154	tbl:Affix(301 id)|id=53	MagicPrefix|MagicSuffix.txt:Name; 按官方 mod1code + mod1min/max 生成说明; 行来自哪张官方表（pre/suf）; …:level; …:levelreq; …:group; …:mod1code; …:mod1param; …:mod1min; …:mod1max; …:frequency; …:classspecific; …:class; …:itype1..itype7; …:etype1..etype3	client/Assets/StreamingAssets/Table/Affix.tsv:54	公式求值相等
4155	tbl:Affix(301 id)|id=54	MagicPrefix|MagicSuffix.txt:Name; 按官方 mod1code + mod1min/max 生成说明; 行来自哪张官方表（pre/suf）; …:level; …:levelreq; …:group; …:mod1code; …:mod1param; …:mod1min; …:mod1max; …:frequency; …:classspecific; …:class; …:itype1..itype7; …:etype1..etype3	client/Assets/StreamingAssets/Table/Affix.tsv:55	公式求值相等
4156	tbl:Affix(301 id)|id=55	MagicPrefix|MagicSuffix.txt:Name; 按官方 mod1code + mod1min/max 生成说明; 行来自哪张官方表（pre/suf）; …:level; …:levelreq; …:group; …:mod1code; …:mod1param; …:mod1min; …:mod1max; …:frequency; …:classspecific; …:class; …:itype1..itype7; …:etype1..etype3	client/Assets/StreamingAssets/Table/Affix.tsv:56	公式求值相等
4157	tbl:Affix(301 id)|id=56	MagicPrefix|MagicSuffix.txt:Name; 按官方 mod1code + mod1min/max 生成说明; 行来自哪张官方表（pre/suf）; …:level; …:levelreq; …:group; …:mod1code; …:mod1param; …:mod1min; …:mod1max; …:frequency; …:classspecific; …:class; …:itype1..itype7; …:etype1..etype3	client/Assets/StreamingAssets/Table/Affix.tsv:57	公式求值相等
4158	tbl:Affix(301 id)|id=57	MagicPrefix|MagicSuffix.txt:Name; 按官方 mod1code + mod1min/max 生成说明; 行来自哪张官方表（pre/suf）; …:level; …:levelreq; …:group; …:mod1code; …:mod1param; …:mod1min; …:mod1max; …:frequency; …:classspecific; …:class; …:itype1..itype7; …:etype1..etype3	client/Assets/StreamingAssets/Table/Affix.tsv:58	公式求值相等
4159	tbl:Affix(301 id)|id=58	MagicPrefix|MagicSuffix.txt:Name; 按官方 mod1code + mod1min/max 生成说明; 行来自哪张官方表（pre/suf）; …:level; …:levelreq; …:group; …:mod1code; …:mod1param; …:mod1min; …:mod1max; …:frequency; …:classspecific; …:class; …:itype1..itype7; …:etype1..etype3	client/Assets/StreamingAssets/Table/Affix.tsv:59	公式求值相等
4160	tbl:Affix(301 id)|id=59	MagicPrefix|MagicSuffix.txt:Name; 按官方 mod1code + mod1min/max 生成说明; 行来自哪张官方表（pre/suf）; …:level; …:levelreq; …:group; …:mod1code; …:mod1param; …:mod1min; …:mod1max; …:frequency; …:classspecific; …:class; …:itype1..itype7; …:etype1..etype3	client/Assets/StreamingAssets/Table/Affix.tsv:60	公式求值相等
4161	tbl:Affix(301 id)|id=60	MagicPrefix|MagicSuffix.txt:Name; 按官方 mod1code + mod1min/max 生成说明; 行来自哪张官方表（pre/suf）; …:level; …:levelreq; …:group; …:mod1code; …:mod1param; …:mod1min; …:mod1max; …:frequency; …:classspecific; …:class; …:itype1..itype7; …:etype1..etype3	client/Assets/StreamingAssets/Table/Affix.tsv:61	公式求值相等
4162	tbl:Affix(301 id)|id=61	MagicPrefix|MagicSuffix.txt:Name; 按官方 mod1code + mod1min/max 生成说明; 行来自哪张官方表（pre/suf）; …:level; …:levelreq; …:group; …:mod1code; …:mod1param; …:mod1min; …:mod1max; …:frequency; …:classspecific; …:class; …:itype1..itype7; …:etype1..etype3	client/Assets/StreamingAssets/Table/Affix.tsv:62	公式求值相等
4163	tbl:Affix(301 id)|id=62	MagicPrefix|MagicSuffix.txt:Name; 按官方 mod1code + mod1min/max 生成说明; 行来自哪张官方表（pre/suf）; …:level; …:levelreq; …:group; …:mod1code; …:mod1param; …:mod1min; …:mod1max; …:frequency; …:classspecific; …:class; …:itype1..itype7; …:etype1..etype3	client/Assets/StreamingAssets/Table/Affix.tsv:63	公式求值相等
4164	tbl:Affix(301 id)|id=63	MagicPrefix|MagicSuffix.txt:Name; 按官方 mod1code + mod1min/max 生成说明; 行来自哪张官方表（pre/suf）; …:level; …:levelreq; …:group; …:mod1code; …:mod1param; …:mod1min; …:mod1max; …:frequency; …:classspecific; …:class; …:itype1..itype7; …:etype1..etype3	client/Assets/StreamingAssets/Table/Affix.tsv:64	公式求值相等
4165	tbl:Affix(301 id)|id=64	MagicPrefix|MagicSuffix.txt:Name; 按官方 mod1code + mod1min/max 生成说明; 行来自哪张官方表（pre/suf）; …:level; …:levelreq; …:group; …:mod1code; …:mod1param; …:mod1min; …:mod1max; …:frequency; …:classspecific; …:class; …:itype1..itype7; …:etype1..etype3	client/Assets/StreamingAssets/Table/Affix.tsv:65	公式求值相等
4166	tbl:Affix(301 id)|id=65	MagicPrefix|MagicSuffix.txt:Name; 按官方 mod1code + mod1min/max 生成说明; 行来自哪张官方表（pre/suf）; …:level; …:levelreq; …:group; …:mod1code; …:mod1param; …:mod1min; …:mod1max; …:frequency; …:classspecific; …:class; …:itype1..itype7; …:etype1..etype3	client/Assets/StreamingAssets/Table/Affix.tsv:66	公式求值相等
4167	tbl:Affix(301 id)|id=66	MagicPrefix|MagicSuffix.txt:Name; 按官方 mod1code + mod1min/max 生成说明; 行来自哪张官方表（pre/suf）; …:level; …:levelreq; …:group; …:mod1code; …:mod1param; …:mod1min; …:mod1max; …:frequency; …:classspecific; …:class; …:itype1..itype7; …:etype1..etype3	client/Assets/StreamingAssets/Table/Affix.tsv:67	公式求值相等
4168	tbl:Affix(301 id)|id=67	MagicPrefix|MagicSuffix.txt:Name; 按官方 mod1code + mod1min/max 生成说明; 行来自哪张官方表（pre/suf）; …:level; …:levelreq; …:group; …:mod1code; …:mod1param; …:mod1min; …:mod1max; …:frequency; …:classspecific; …:class; …:itype1..itype7; …:etype1..etype3	client/Assets/StreamingAssets/Table/Affix.tsv:68	公式求值相等
4169	tbl:Affix(301 id)|id=68	MagicPrefix|MagicSuffix.txt:Name; 按官方 mod1code + mod1min/max 生成说明; 行来自哪张官方表（pre/suf）; …:level; …:levelreq; …:group; …:mod1code; …:mod1param; …:mod1min; …:mod1max; …:frequency; …:classspecific; …:class; …:itype1..itype7; …:etype1..etype3	client/Assets/StreamingAssets/Table/Affix.tsv:69	公式求值相等
4170	tbl:Affix(301 id)|id=69	MagicPrefix|MagicSuffix.txt:Name; 按官方 mod1code + mod1min/max 生成说明; 行来自哪张官方表（pre/suf）; …:level; …:levelreq; …:group; …:mod1code; …:mod1param; …:mod1min; …:mod1max; …:frequency; …:classspecific; …:class; …:itype1..itype7; …:etype1..etype3	client/Assets/StreamingAssets/Table/Affix.tsv:70	公式求值相等
4171	tbl:Affix(301 id)|id=70	MagicPrefix|MagicSuffix.txt:Name; 按官方 mod1code + mod1min/max 生成说明; 行来自哪张官方表（pre/suf）; …:level; …:levelreq; …:group; …:mod1code; …:mod1param; …:mod1min; …:mod1max; …:frequency; …:classspecific; …:class; …:itype1..itype7; …:etype1..etype3	client/Assets/StreamingAssets/Table/Affix.tsv:71	公式求值相等
4172	tbl:Affix(301 id)|id=71	MagicPrefix|MagicSuffix.txt:Name; 按官方 mod1code + mod1min/max 生成说明; 行来自哪张官方表（pre/suf）; …:level; …:levelreq; …:group; …:mod1code; …:mod1param; …:mod1min; …:mod1max; …:frequency; …:classspecific; …:class; …:itype1..itype7; …:etype1..etype3	client/Assets/StreamingAssets/Table/Affix.tsv:72	公式求值相等
4173	tbl:Affix(301 id)|id=72	MagicPrefix|MagicSuffix.txt:Name; 按官方 mod1code + mod1min/max 生成说明; 行来自哪张官方表（pre/suf）; …:level; …:levelreq; …:group; …:mod1code; …:mod1param; …:mod1min; …:mod1max; …:frequency; …:classspecific; …:class; …:itype1..itype7; …:etype1..etype3	client/Assets/StreamingAssets/Table/Affix.tsv:73	公式求值相等
4174	tbl:Affix(301 id)|id=73	MagicPrefix|MagicSuffix.txt:Name; 按官方 mod1code + mod1min/max 生成说明; 行来自哪张官方表（pre/suf）; …:level; …:levelreq; …:group; …:mod1code; …:mod1param; …:mod1min; …:mod1max; …:frequency; …:classspecific; …:class; …:itype1..itype7; …:etype1..etype3	client/Assets/StreamingAssets/Table/Affix.tsv:74	公式求值相等
4175	tbl:Affix(301 id)|id=74	MagicPrefix|MagicSuffix.txt:Name; 按官方 mod1code + mod1min/max 生成说明; 行来自哪张官方表（pre/suf）; …:level; …:levelreq; …:group; …:mod1code; …:mod1param; …:mod1min; …:mod1max; …:frequency; …:classspecific; …:class; …:itype1..itype7; …:etype1..etype3	client/Assets/StreamingAssets/Table/Affix.tsv:75	公式求值相等
4176	tbl:Affix(301 id)|id=75	MagicPrefix|MagicSuffix.txt:Name; 按官方 mod1code + mod1min/max 生成说明; 行来自哪张官方表（pre/suf）; …:level; …:levelreq; …:group; …:mod1code; …:mod1param; …:mod1min; …:mod1max; …:frequency; …:classspecific; …:class; …:itype1..itype7; …:etype1..etype3	client/Assets/StreamingAssets/Table/Affix.tsv:76	公式求值相等
4177	tbl:Affix(301 id)|id=76	MagicPrefix|MagicSuffix.txt:Name; 按官方 mod1code + mod1min/max 生成说明; 行来自哪张官方表（pre/suf）; …:level; …:levelreq; …:group; …:mod1code; …:mod1param; …:mod1min; …:mod1max; …:frequency; …:classspecific; …:class; …:itype1..itype7; …:etype1..etype3	client/Assets/StreamingAssets/Table/Affix.tsv:77	公式求值相等
4178	tbl:Affix(301 id)|id=77	MagicPrefix|MagicSuffix.txt:Name; 按官方 mod1code + mod1min/max 生成说明; 行来自哪张官方表（pre/suf）; …:level; …:levelreq; …:group; …:mod1code; …:mod1param; …:mod1min; …:mod1max; …:frequency; …:classspecific; …:class; …:itype1..itype7; …:etype1..etype3	client/Assets/StreamingAssets/Table/Affix.tsv:78	公式求值相等
4179	tbl:Affix(301 id)|id=78	MagicPrefix|MagicSuffix.txt:Name; 按官方 mod1code + mod1min/max 生成说明; 行来自哪张官方表（pre/suf）; …:level; …:levelreq; …:group; …:mod1code; …:mod1param; …:mod1min; …:mod1max; …:frequency; …:classspecific; …:class; …:itype1..itype7; …:etype1..etype3	client/Assets/StreamingAssets/Table/Affix.tsv:79	公式求值相等
4180	tbl:Affix(301 id)|id=79	MagicPrefix|MagicSuffix.txt:Name; 按官方 mod1code + mod1min/max 生成说明; 行来自哪张官方表（pre/suf）; …:level; …:levelreq; …:group; …:mod1code; …:mod1param; …:mod1min; …:mod1max; …:frequency; …:classspecific; …:class; …:itype1..itype7; …:etype1..etype3	client/Assets/StreamingAssets/Table/Affix.tsv:80	公式求值相等
4181	tbl:Affix(301 id)|id=80	MagicPrefix|MagicSuffix.txt:Name; 按官方 mod1code + mod1min/max 生成说明; 行来自哪张官方表（pre/suf）; …:level; …:levelreq; …:group; …:mod1code; …:mod1param; …:mod1min; …:mod1max; …:frequency; …:classspecific; …:class; …:itype1..itype7; …:etype1..etype3	client/Assets/StreamingAssets/Table/Affix.tsv:81	公式求值相等
4182	tbl:Affix(301 id)|id=81	MagicPrefix|MagicSuffix.txt:Name; 按官方 mod1code + mod1min/max 生成说明; 行来自哪张官方表（pre/suf）; …:level; …:levelreq; …:group; …:mod1code; …:mod1param; …:mod1min; …:mod1max; …:frequency; …:classspecific; …:class; …:itype1..itype7; …:etype1..etype3	client/Assets/StreamingAssets/Table/Affix.tsv:82	公式求值相等
4183	tbl:Affix(301 id)|id=82	MagicPrefix|MagicSuffix.txt:Name; 按官方 mod1code + mod1min/max 生成说明; 行来自哪张官方表（pre/suf）; …:level; …:levelreq; …:group; …:mod1code; …:mod1param; …:mod1min; …:mod1max; …:frequency; …:classspecific; …:class; …:itype1..itype7; …:etype1..etype3	client/Assets/StreamingAssets/Table/Affix.tsv:83	公式求值相等
4184	tbl:Affix(301 id)|id=83	MagicPrefix|MagicSuffix.txt:Name; 按官方 mod1code + mod1min/max 生成说明; 行来自哪张官方表（pre/suf）; …:level; …:levelreq; …:group; …:mod1code; …:mod1param; …:mod1min; …:mod1max; …:frequency; …:classspecific; …:class; …:itype1..itype7; …:etype1..etype3	client/Assets/StreamingAssets/Table/Affix.tsv:84	公式求值相等
4185	tbl:Affix(301 id)|id=84	MagicPrefix|MagicSuffix.txt:Name; 按官方 mod1code + mod1min/max 生成说明; 行来自哪张官方表（pre/suf）; …:level; …:levelreq; …:group; …:mod1code; …:mod1param; …:mod1min; …:mod1max; …:frequency; …:classspecific; …:class; …:itype1..itype7; …:etype1..etype3	client/Assets/StreamingAssets/Table/Affix.tsv:85	公式求值相等
4186	tbl:Affix(301 id)|id=85	MagicPrefix|MagicSuffix.txt:Name; 按官方 mod1code + mod1min/max 生成说明; 行来自哪张官方表（pre/suf）; …:level; …:levelreq; …:group; …:mod1code; …:mod1param; …:mod1min; …:mod1max; …:frequency; …:classspecific; …:class; …:itype1..itype7; …:etype1..etype3	client/Assets/StreamingAssets/Table/Affix.tsv:86	公式求值相等
4187	tbl:Affix(301 id)|id=86	MagicPrefix|MagicSuffix.txt:Name; 按官方 mod1code + mod1min/max 生成说明; 行来自哪张官方表（pre/suf）; …:level; …:levelreq; …:group; …:mod1code; …:mod1param; …:mod1min; …:mod1max; …:frequency; …:classspecific; …:class; …:itype1..itype7; …:etype1..etype3	client/Assets/StreamingAssets/Table/Affix.tsv:87	公式求值相等
4188	tbl:Affix(301 id)|id=87	MagicPrefix|MagicSuffix.txt:Name; 按官方 mod1code + mod1min/max 生成说明; 行来自哪张官方表（pre/suf）; …:level; …:levelreq; …:group; …:mod1code; …:mod1param; …:mod1min; …:mod1max; …:frequency; …:classspecific; …:class; …:itype1..itype7; …:etype1..etype3	client/Assets/StreamingAssets/Table/Affix.tsv:88	公式求值相等
4189	tbl:Affix(301 id)|id=88	MagicPrefix|MagicSuffix.txt:Name; 按官方 mod1code + mod1min/max 生成说明; 行来自哪张官方表（pre/suf）; …:level; …:levelreq; …:group; …:mod1code; …:mod1param; …:mod1min; …:mod1max; …:frequency; …:classspecific; …:class; …:itype1..itype7; …:etype1..etype3	client/Assets/StreamingAssets/Table/Affix.tsv:89	公式求值相等
4190	tbl:Affix(301 id)|id=89	MagicPrefix|MagicSuffix.txt:Name; 按官方 mod1code + mod1min/max 生成说明; 行来自哪张官方表（pre/suf）; …:level; …:levelreq; …:group; …:mod1code; …:mod1param; …:mod1min; …:mod1max; …:frequency; …:classspecific; …:class; …:itype1..itype7; …:etype1..etype3	client/Assets/StreamingAssets/Table/Affix.tsv:90	公式求值相等
4191	tbl:Affix(301 id)|id=90	MagicPrefix|MagicSuffix.txt:Name; 按官方 mod1code + mod1min/max 生成说明; 行来自哪张官方表（pre/suf）; …:level; …:levelreq; …:group; …:mod1code; …:mod1param; …:mod1min; …:mod1max; …:frequency; …:classspecific; …:class; …:itype1..itype7; …:etype1..etype3	client/Assets/StreamingAssets/Table/Affix.tsv:91	公式求值相等
4192	tbl:Affix(301 id)|id=91	MagicPrefix|MagicSuffix.txt:Name; 按官方 mod1code + mod1min/max 生成说明; 行来自哪张官方表（pre/suf）; …:level; …:levelreq; …:group; …:mod1code; …:mod1param; …:mod1min; …:mod1max; …:frequency; …:classspecific; …:class; …:itype1..itype7; …:etype1..etype3	client/Assets/StreamingAssets/Table/Affix.tsv:92	公式求值相等
4193	tbl:Affix(301 id)|id=92	MagicPrefix|MagicSuffix.txt:Name; 按官方 mod1code + mod1min/max 生成说明; 行来自哪张官方表（pre/suf）; …:level; …:levelreq; …:group; …:mod1code; …:mod1param; …:mod1min; …:mod1max; …:frequency; …:classspecific; …:class; …:itype1..itype7; …:etype1..etype3	client/Assets/StreamingAssets/Table/Affix.tsv:93	公式求值相等
4194	tbl:Affix(301 id)|id=93	MagicPrefix|MagicSuffix.txt:Name; 按官方 mod1code + mod1min/max 生成说明; 行来自哪张官方表（pre/suf）; …:level; …:levelreq; …:group; …:mod1code; …:mod1param; …:mod1min; …:mod1max; …:frequency; …:classspecific; …:class; …:itype1..itype7; …:etype1..etype3	client/Assets/StreamingAssets/Table/Affix.tsv:94	公式求值相等
4195	tbl:Affix(301 id)|id=94	MagicPrefix|MagicSuffix.txt:Name; 按官方 mod1code + mod1min/max 生成说明; 行来自哪张官方表（pre/suf）; …:level; …:levelreq; …:group; …:mod1code; …:mod1param; …:mod1min; …:mod1max; …:frequency; …:classspecific; …:class; …:itype1..itype7; …:etype1..etype3	client/Assets/StreamingAssets/Table/Affix.tsv:95	公式求值相等
4196	tbl:Affix(301 id)|id=95	MagicPrefix|MagicSuffix.txt:Name; 按官方 mod1code + mod1min/max 生成说明; 行来自哪张官方表（pre/suf）; …:level; …:levelreq; …:group; …:mod1code; …:mod1param; …:mod1min; …:mod1max; …:frequency; …:classspecific; …:class; …:itype1..itype7; …:etype1..etype3	client/Assets/StreamingAssets/Table/Affix.tsv:96	公式求值相等
4197	tbl:Affix(301 id)|id=96	MagicPrefix|MagicSuffix.txt:Name; 按官方 mod1code + mod1min/max 生成说明; 行来自哪张官方表（pre/suf）; …:level; …:levelreq; …:group; …:mod1code; …:mod1param; …:mod1min; …:mod1max; …:frequency; …:classspecific; …:class; …:itype1..itype7; …:etype1..etype3	client/Assets/StreamingAssets/Table/Affix.tsv:97	公式求值相等
4198	tbl:Affix(301 id)|id=97	MagicPrefix|MagicSuffix.txt:Name; 按官方 mod1code + mod1min/max 生成说明; 行来自哪张官方表（pre/suf）; …:level; …:levelreq; …:group; …:mod1code; …:mod1param; …:mod1min; …:mod1max; …:frequency; …:classspecific; …:class; …:itype1..itype7; …:etype1..etype3	client/Assets/StreamingAssets/Table/Affix.tsv:98	公式求值相等
4199	tbl:Affix(301 id)|id=98	MagicPrefix|MagicSuffix.txt:Name; 按官方 mod1code + mod1min/max 生成说明; 行来自哪张官方表（pre/suf）; …:level; …:levelreq; …:group; …:mod1code; …:mod1param; …:mod1min; …:mod1max; …:frequency; …:classspecific; …:class; …:itype1..itype7; …:etype1..etype3	client/Assets/StreamingAssets/Table/Affix.tsv:99	公式求值相等
4200	tbl:Affix(301 id)|id=99	MagicPrefix|MagicSuffix.txt:Name; 按官方 mod1code + mod1min/max 生成说明; 行来自哪张官方表（pre/suf）; …:level; …:levelreq; …:group; …:mod1code; …:mod1param; …:mod1min; …:mod1max; …:frequency; …:classspecific; …:class; …:itype1..itype7; …:etype1..etype3	client/Assets/StreamingAssets/Table/Affix.tsv:100	公式求值相等
4201	tbl:Affix(301 id)|id=100	MagicPrefix|MagicSuffix.txt:Name; 按官方 mod1code + mod1min/max 生成说明; 行来自哪张官方表（pre/suf）; …:level; …:levelreq; …:group; …:mod1code; …:mod1param; …:mod1min; …:mod1max; …:frequency; …:classspecific; …:class; …:itype1..itype7; …:etype1..etype3	client/Assets/StreamingAssets/Table/Affix.tsv:101	公式求值相等
4202	tbl:Affix(301 id)|id=101	MagicPrefix|MagicSuffix.txt:Name; 按官方 mod1code + mod1min/max 生成说明; 行来自哪张官方表（pre/suf）; …:level; …:levelreq; …:group; …:mod1code; …:mod1param; …:mod1min; …:mod1max; …:frequency; …:classspecific; …:class; …:itype1..itype7; …:etype1..etype3	client/Assets/StreamingAssets/Table/Affix.tsv:102	公式求值相等
4203	tbl:Affix(301 id)|id=102	MagicPrefix|MagicSuffix.txt:Name; 按官方 mod1code + mod1min/max 生成说明; 行来自哪张官方表（pre/suf）; …:level; …:levelreq; …:group; …:mod1code; …:mod1param; …:mod1min; …:mod1max; …:frequency; …:classspecific; …:class; …:itype1..itype7; …:etype1..etype3	client/Assets/StreamingAssets/Table/Affix.tsv:103	公式求值相等
4204	tbl:Affix(301 id)|id=103	MagicPrefix|MagicSuffix.txt:Name; 按官方 mod1code + mod1min/max 生成说明; 行来自哪张官方表（pre/suf）; …:level; …:levelreq; …:group; …:mod1code; …:mod1param; …:mod1min; …:mod1max; …:frequency; …:classspecific; …:class; …:itype1..itype7; …:etype1..etype3	client/Assets/StreamingAssets/Table/Affix.tsv:104	公式求值相等
4205	tbl:Affix(301 id)|id=104	MagicPrefix|MagicSuffix.txt:Name; 按官方 mod1code + mod1min/max 生成说明; 行来自哪张官方表（pre/suf）; …:level; …:levelreq; …:group; …:mod1code; …:mod1param; …:mod1min; …:mod1max; …:frequency; …:classspecific; …:class; …:itype1..itype7; …:etype1..etype3	client/Assets/StreamingAssets/Table/Affix.tsv:105	公式求值相等
4206	tbl:Affix(301 id)|id=105	MagicPrefix|MagicSuffix.txt:Name; 按官方 mod1code + mod1min/max 生成说明; 行来自哪张官方表（pre/suf）; …:level; …:levelreq; …:group; …:mod1code; …:mod1param; …:mod1min; …:mod1max; …:frequency; …:classspecific; …:class; …:itype1..itype7; …:etype1..etype3	client/Assets/StreamingAssets/Table/Affix.tsv:106	公式求值相等
4207	tbl:Affix(301 id)|id=106	MagicPrefix|MagicSuffix.txt:Name; 按官方 mod1code + mod1min/max 生成说明; 行来自哪张官方表（pre/suf）; …:level; …:levelreq; …:group; …:mod1code; …:mod1param; …:mod1min; …:mod1max; …:frequency; …:classspecific; …:class; …:itype1..itype7; …:etype1..etype3	client/Assets/StreamingAssets/Table/Affix.tsv:107	公式求值相等
4208	tbl:Affix(301 id)|id=107	MagicPrefix|MagicSuffix.txt:Name; 按官方 mod1code + mod1min/max 生成说明; 行来自哪张官方表（pre/suf）; …:level; …:levelreq; …:group; …:mod1code; …:mod1param; …:mod1min; …:mod1max; …:frequency; …:classspecific; …:class; …:itype1..itype7; …:etype1..etype3	client/Assets/StreamingAssets/Table/Affix.tsv:108	公式求值相等
4209	tbl:Affix(301 id)|id=108	MagicPrefix|MagicSuffix.txt:Name; 按官方 mod1code + mod1min/max 生成说明; 行来自哪张官方表（pre/suf）; …:level; …:levelreq; …:group; …:mod1code; …:mod1param; …:mod1min; …:mod1max; …:frequency; …:classspecific; …:class; …:itype1..itype7; …:etype1..etype3	client/Assets/StreamingAssets/Table/Affix.tsv:109	公式求值相等
4210	tbl:Affix(301 id)|id=109	MagicPrefix|MagicSuffix.txt:Name; 按官方 mod1code + mod1min/max 生成说明; 行来自哪张官方表（pre/suf）; …:level; …:levelreq; …:group; …:mod1code; …:mod1param; …:mod1min; …:mod1max; …:frequency; …:classspecific; …:class; …:itype1..itype7; …:etype1..etype3	client/Assets/StreamingAssets/Table/Affix.tsv:110	公式求值相等
4211	tbl:Affix(301 id)|id=110	MagicPrefix|MagicSuffix.txt:Name; 按官方 mod1code + mod1min/max 生成说明; 行来自哪张官方表（pre/suf）; …:level; …:levelreq; …:group; …:mod1code; …:mod1param; …:mod1min; …:mod1max; …:frequency; …:classspecific; …:class; …:itype1..itype7; …:etype1..etype3	client/Assets/StreamingAssets/Table/Affix.tsv:111	公式求值相等
4212	tbl:Affix(301 id)|id=111	MagicPrefix|MagicSuffix.txt:Name; 按官方 mod1code + mod1min/max 生成说明; 行来自哪张官方表（pre/suf）; …:level; …:levelreq; …:group; …:mod1code; …:mod1param; …:mod1min; …:mod1max; …:frequency; …:classspecific; …:class; …:itype1..itype7; …:etype1..etype3	client/Assets/StreamingAssets/Table/Affix.tsv:112	公式求值相等
4213	tbl:Affix(301 id)|id=112	MagicPrefix|MagicSuffix.txt:Name; 按官方 mod1code + mod1min/max 生成说明; 行来自哪张官方表（pre/suf）; …:level; …:levelreq; …:group; …:mod1code; …:mod1param; …:mod1min; …:mod1max; …:frequency; …:classspecific; …:class; …:itype1..itype7; …:etype1..etype3	client/Assets/StreamingAssets/Table/Affix.tsv:113	公式求值相等
4214	tbl:Affix(301 id)|id=113	MagicPrefix|MagicSuffix.txt:Name; 按官方 mod1code + mod1min/max 生成说明; 行来自哪张官方表（pre/suf）; …:level; …:levelreq; …:group; …:mod1code; …:mod1param; …:mod1min; …:mod1max; …:frequency; …:classspecific; …:class; …:itype1..itype7; …:etype1..etype3	client/Assets/StreamingAssets/Table/Affix.tsv:114	公式求值相等
4215	tbl:Affix(301 id)|id=114	MagicPrefix|MagicSuffix.txt:Name; 按官方 mod1code + mod1min/max 生成说明; 行来自哪张官方表（pre/suf）; …:level; …:levelreq; …:group; …:mod1code; …:mod1param; …:mod1min; …:mod1max; …:frequency; …:classspecific; …:class; …:itype1..itype7; …:etype1..etype3	client/Assets/StreamingAssets/Table/Affix.tsv:115	公式求值相等
4216	tbl:Affix(301 id)|id=115	MagicPrefix|MagicSuffix.txt:Name; 按官方 mod1code + mod1min/max 生成说明; 行来自哪张官方表（pre/suf）; …:level; …:levelreq; …:group; …:mod1code; …:mod1param; …:mod1min; …:mod1max; …:frequency; …:classspecific; …:class; …:itype1..itype7; …:etype1..etype3	client/Assets/StreamingAssets/Table/Affix.tsv:116	公式求值相等
4217	tbl:Affix(301 id)|id=116	MagicPrefix|MagicSuffix.txt:Name; 按官方 mod1code + mod1min/max 生成说明; 行来自哪张官方表（pre/suf）; …:level; …:levelreq; …:group; …:mod1code; …:mod1param; …:mod1min; …:mod1max; …:frequency; …:classspecific; …:class; …:itype1..itype7; …:etype1..etype3	client/Assets/StreamingAssets/Table/Affix.tsv:117	公式求值相等
4218	tbl:Affix(301 id)|id=117	MagicPrefix|MagicSuffix.txt:Name; 按官方 mod1code + mod1min/max 生成说明; 行来自哪张官方表（pre/suf）; …:level; …:levelreq; …:group; …:mod1code; …:mod1param; …:mod1min; …:mod1max; …:frequency; …:classspecific; …:class; …:itype1..itype7; …:etype1..etype3	client/Assets/StreamingAssets/Table/Affix.tsv:118	公式求值相等
4219	tbl:Affix(301 id)|id=118	MagicPrefix|MagicSuffix.txt:Name; 按官方 mod1code + mod1min/max 生成说明; 行来自哪张官方表（pre/suf）; …:level; …:levelreq; …:group; …:mod1code; …:mod1param; …:mod1min; …:mod1max; …:frequency; …:classspecific; …:class; …:itype1..itype7; …:etype1..etype3	client/Assets/StreamingAssets/Table/Affix.tsv:119	公式求值相等
4220	tbl:Affix(301 id)|id=119	MagicPrefix|MagicSuffix.txt:Name; 按官方 mod1code + mod1min/max 生成说明; 行来自哪张官方表（pre/suf）; …:level; …:levelreq; …:group; …:mod1code; …:mod1param; …:mod1min; …:mod1max; …:frequency; …:classspecific; …:class; …:itype1..itype7; …:etype1..etype3	client/Assets/StreamingAssets/Table/Affix.tsv:120	公式求值相等
4221	tbl:Affix(301 id)|id=120	MagicPrefix|MagicSuffix.txt:Name; 按官方 mod1code + mod1min/max 生成说明; 行来自哪张官方表（pre/suf）; …:level; …:levelreq; …:group; …:mod1code; …:mod1param; …:mod1min; …:mod1max; …:frequency; …:classspecific; …:class; …:itype1..itype7; …:etype1..etype3	client/Assets/StreamingAssets/Table/Affix.tsv:121	公式求值相等
4222	tbl:Affix(301 id)|id=121	MagicPrefix|MagicSuffix.txt:Name; 按官方 mod1code + mod1min/max 生成说明; 行来自哪张官方表（pre/suf）; …:level; …:levelreq; …:group; …:mod1code; …:mod1param; …:mod1min; …:mod1max; …:frequency; …:classspecific; …:class; …:itype1..itype7; …:etype1..etype3	client/Assets/StreamingAssets/Table/Affix.tsv:122	公式求值相等
4223	tbl:Affix(301 id)|id=122	MagicPrefix|MagicSuffix.txt:Name; 按官方 mod1code + mod1min/max 生成说明; 行来自哪张官方表（pre/suf）; …:level; …:levelreq; …:group; …:mod1code; …:mod1param; …:mod1min; …:mod1max; …:frequency; …:classspecific; …:class; …:itype1..itype7; …:etype1..etype3	client/Assets/StreamingAssets/Table/Affix.tsv:123	公式求值相等
4224	tbl:Affix(301 id)|id=123	MagicPrefix|MagicSuffix.txt:Name; 按官方 mod1code + mod1min/max 生成说明; 行来自哪张官方表（pre/suf）; …:level; …:levelreq; …:group; …:mod1code; …:mod1param; …:mod1min; …:mod1max; …:frequency; …:classspecific; …:class; …:itype1..itype7; …:etype1..etype3	client/Assets/StreamingAssets/Table/Affix.tsv:124	公式求值相等
4225	tbl:Affix(301 id)|id=124	MagicPrefix|MagicSuffix.txt:Name; 按官方 mod1code + mod1min/max 生成说明; 行来自哪张官方表（pre/suf）; …:level; …:levelreq; …:group; …:mod1code; …:mod1param; …:mod1min; …:mod1max; …:frequency; …:classspecific; …:class; …:itype1..itype7; …:etype1..etype3	client/Assets/StreamingAssets/Table/Affix.tsv:125	公式求值相等
4226	tbl:Affix(301 id)|id=125	MagicPrefix|MagicSuffix.txt:Name; 按官方 mod1code + mod1min/max 生成说明; 行来自哪张官方表（pre/suf）; …:level; …:levelreq; …:group; …:mod1code; …:mod1param; …:mod1min; …:mod1max; …:frequency; …:classspecific; …:class; …:itype1..itype7; …:etype1..etype3	client/Assets/StreamingAssets/Table/Affix.tsv:126	公式求值相等
4227	tbl:Affix(301 id)|id=126	MagicPrefix|MagicSuffix.txt:Name; 按官方 mod1code + mod1min/max 生成说明; 行来自哪张官方表（pre/suf）; …:level; …:levelreq; …:group; …:mod1code; …:mod1param; …:mod1min; …:mod1max; …:frequency; …:classspecific; …:class; …:itype1..itype7; …:etype1..etype3	client/Assets/StreamingAssets/Table/Affix.tsv:127	公式求值相等
4228	tbl:Affix(301 id)|id=127	MagicPrefix|MagicSuffix.txt:Name; 按官方 mod1code + mod1min/max 生成说明; 行来自哪张官方表（pre/suf）; …:level; …:levelreq; …:group; …:mod1code; …:mod1param; …:mod1min; …:mod1max; …:frequency; …:classspecific; …:class; …:itype1..itype7; …:etype1..etype3	client/Assets/StreamingAssets/Table/Affix.tsv:128	公式求值相等
4229	tbl:Affix(301 id)|id=128	MagicPrefix|MagicSuffix.txt:Name; 按官方 mod1code + mod1min/max 生成说明; 行来自哪张官方表（pre/suf）; …:level; …:levelreq; …:group; …:mod1code; …:mod1param; …:mod1min; …:mod1max; …:frequency; …:classspecific; …:class; …:itype1..itype7; …:etype1..etype3	client/Assets/StreamingAssets/Table/Affix.tsv:129	公式求值相等
4230	tbl:Affix(301 id)|id=129	MagicPrefix|MagicSuffix.txt:Name; 按官方 mod1code + mod1min/max 生成说明; 行来自哪张官方表（pre/suf）; …:level; …:levelreq; …:group; …:mod1code; …:mod1param; …:mod1min; …:mod1max; …:frequency; …:classspecific; …:class; …:itype1..itype7; …:etype1..etype3	client/Assets/StreamingAssets/Table/Affix.tsv:130	公式求值相等
4231	tbl:Affix(301 id)|id=130	MagicPrefix|MagicSuffix.txt:Name; 按官方 mod1code + mod1min/max 生成说明; 行来自哪张官方表（pre/suf）; …:level; …:levelreq; …:group; …:mod1code; …:mod1param; …:mod1min; …:mod1max; …:frequency; …:classspecific; …:class; …:itype1..itype7; …:etype1..etype3	client/Assets/StreamingAssets/Table/Affix.tsv:131	公式求值相等
4232	tbl:Affix(301 id)|id=131	MagicPrefix|MagicSuffix.txt:Name; 按官方 mod1code + mod1min/max 生成说明; 行来自哪张官方表（pre/suf）; …:level; …:levelreq; …:group; …:mod1code; …:mod1param; …:mod1min; …:mod1max; …:frequency; …:classspecific; …:class; …:itype1..itype7; …:etype1..etype3	client/Assets/StreamingAssets/Table/Affix.tsv:132	公式求值相等
4233	tbl:Affix(301 id)|id=132	MagicPrefix|MagicSuffix.txt:Name; 按官方 mod1code + mod1min/max 生成说明; 行来自哪张官方表（pre/suf）; …:level; …:levelreq; …:group; …:mod1code; …:mod1param; …:mod1min; …:mod1max; …:frequency; …:classspecific; …:class; …:itype1..itype7; …:etype1..etype3	client/Assets/StreamingAssets/Table/Affix.tsv:133	公式求值相等
4234	tbl:Affix(301 id)|id=133	MagicPrefix|MagicSuffix.txt:Name; 按官方 mod1code + mod1min/max 生成说明; 行来自哪张官方表（pre/suf）; …:level; …:levelreq; …:group; …:mod1code; …:mod1param; …:mod1min; …:mod1max; …:frequency; …:classspecific; …:class; …:itype1..itype7; …:etype1..etype3	client/Assets/StreamingAssets/Table/Affix.tsv:134	公式求值相等
4235	tbl:Affix(301 id)|id=134	MagicPrefix|MagicSuffix.txt:Name; 按官方 mod1code + mod1min/max 生成说明; 行来自哪张官方表（pre/suf）; …:level; …:levelreq; …:group; …:mod1code; …:mod1param; …:mod1min; …:mod1max; …:frequency; …:classspecific; …:class; …:itype1..itype7; …:etype1..etype3	client/Assets/StreamingAssets/Table/Affix.tsv:135	公式求值相等
4236	tbl:Affix(301 id)|id=135	MagicPrefix|MagicSuffix.txt:Name; 按官方 mod1code + mod1min/max 生成说明; 行来自哪张官方表（pre/suf）; …:level; …:levelreq; …:group; …:mod1code; …:mod1param; …:mod1min; …:mod1max; …:frequency; …:classspecific; …:class; …:itype1..itype7; …:etype1..etype3	client/Assets/StreamingAssets/Table/Affix.tsv:136	公式求值相等
4237	tbl:Affix(301 id)|id=136	MagicPrefix|MagicSuffix.txt:Name; 按官方 mod1code + mod1min/max 生成说明; 行来自哪张官方表（pre/suf）; …:level; …:levelreq; …:group; …:mod1code; …:mod1param; …:mod1min; …:mod1max; …:frequency; …:classspecific; …:class; …:itype1..itype7; …:etype1..etype3	client/Assets/StreamingAssets/Table/Affix.tsv:137	公式求值相等
4238	tbl:Affix(301 id)|id=137	MagicPrefix|MagicSuffix.txt:Name; 按官方 mod1code + mod1min/max 生成说明; 行来自哪张官方表（pre/suf）; …:level; …:levelreq; …:group; …:mod1code; …:mod1param; …:mod1min; …:mod1max; …:frequency; …:classspecific; …:class; …:itype1..itype7; …:etype1..etype3	client/Assets/StreamingAssets/Table/Affix.tsv:138	公式求值相等
4239	tbl:Affix(301 id)|id=138	MagicPrefix|MagicSuffix.txt:Name; 按官方 mod1code + mod1min/max 生成说明; 行来自哪张官方表（pre/suf）; …:level; …:levelreq; …:group; …:mod1code; …:mod1param; …:mod1min; …:mod1max; …:frequency; …:classspecific; …:class; …:itype1..itype7; …:etype1..etype3	client/Assets/StreamingAssets/Table/Affix.tsv:139	公式求值相等
4240	tbl:Affix(301 id)|id=139	MagicPrefix|MagicSuffix.txt:Name; 按官方 mod1code + mod1min/max 生成说明; 行来自哪张官方表（pre/suf）; …:level; …:levelreq; …:group; …:mod1code; …:mod1param; …:mod1min; …:mod1max; …:frequency; …:classspecific; …:class; …:itype1..itype7; …:etype1..etype3	client/Assets/StreamingAssets/Table/Affix.tsv:140	公式求值相等
4241	tbl:Affix(301 id)|id=140	MagicPrefix|MagicSuffix.txt:Name; 按官方 mod1code + mod1min/max 生成说明; 行来自哪张官方表（pre/suf）; …:level; …:levelreq; …:group; …:mod1code; …:mod1param; …:mod1min; …:mod1max; …:frequency; …:classspecific; …:class; …:itype1..itype7; …:etype1..etype3	client/Assets/StreamingAssets/Table/Affix.tsv:141	公式求值相等
4242	tbl:Affix(301 id)|id=141	MagicPrefix|MagicSuffix.txt:Name; 按官方 mod1code + mod1min/max 生成说明; 行来自哪张官方表（pre/suf）; …:level; …:levelreq; …:group; …:mod1code; …:mod1param; …:mod1min; …:mod1max; …:frequency; …:classspecific; …:class; …:itype1..itype7; …:etype1..etype3	client/Assets/StreamingAssets/Table/Affix.tsv:142	公式求值相等
4243	tbl:Affix(301 id)|id=142	MagicPrefix|MagicSuffix.txt:Name; 按官方 mod1code + mod1min/max 生成说明; 行来自哪张官方表（pre/suf）; …:level; …:levelreq; …:group; …:mod1code; …:mod1param; …:mod1min; …:mod1max; …:frequency; …:classspecific; …:class; …:itype1..itype7; …:etype1..etype3	client/Assets/StreamingAssets/Table/Affix.tsv:143	公式求值相等
4244	tbl:Affix(301 id)|id=143	MagicPrefix|MagicSuffix.txt:Name; 按官方 mod1code + mod1min/max 生成说明; 行来自哪张官方表（pre/suf）; …:level; …:levelreq; …:group; …:mod1code; …:mod1param; …:mod1min; …:mod1max; …:frequency; …:classspecific; …:class; …:itype1..itype7; …:etype1..etype3	client/Assets/StreamingAssets/Table/Affix.tsv:144	公式求值相等
4245	tbl:Affix(301 id)|id=144	MagicPrefix|MagicSuffix.txt:Name; 按官方 mod1code + mod1min/max 生成说明; 行来自哪张官方表（pre/suf）; …:level; …:levelreq; …:group; …:mod1code; …:mod1param; …:mod1min; …:mod1max; …:frequency; …:classspecific; …:class; …:itype1..itype7; …:etype1..etype3	client/Assets/StreamingAssets/Table/Affix.tsv:145	公式求值相等
4246	tbl:Affix(301 id)|id=145	MagicPrefix|MagicSuffix.txt:Name; 按官方 mod1code + mod1min/max 生成说明; 行来自哪张官方表（pre/suf）; …:level; …:levelreq; …:group; …:mod1code; …:mod1param; …:mod1min; …:mod1max; …:frequency; …:classspecific; …:class; …:itype1..itype7; …:etype1..etype3	client/Assets/StreamingAssets/Table/Affix.tsv:146	公式求值相等
4247	tbl:Affix(301 id)|id=146	MagicPrefix|MagicSuffix.txt:Name; 按官方 mod1code + mod1min/max 生成说明; 行来自哪张官方表（pre/suf）; …:level; …:levelreq; …:group; …:mod1code; …:mod1param; …:mod1min; …:mod1max; …:frequency; …:classspecific; …:class; …:itype1..itype7; …:etype1..etype3	client/Assets/StreamingAssets/Table/Affix.tsv:147	公式求值相等
4248	tbl:Affix(301 id)|id=147	MagicPrefix|MagicSuffix.txt:Name; 按官方 mod1code + mod1min/max 生成说明; 行来自哪张官方表（pre/suf）; …:level; …:levelreq; …:group; …:mod1code; …:mod1param; …:mod1min; …:mod1max; …:frequency; …:classspecific; …:class; …:itype1..itype7; …:etype1..etype3	client/Assets/StreamingAssets/Table/Affix.tsv:148	公式求值相等
4249	tbl:Affix(301 id)|id=148	MagicPrefix|MagicSuffix.txt:Name; 按官方 mod1code + mod1min/max 生成说明; 行来自哪张官方表（pre/suf）; …:level; …:levelreq; …:group; …:mod1code; …:mod1param; …:mod1min; …:mod1max; …:frequency; …:classspecific; …:class; …:itype1..itype7; …:etype1..etype3	client/Assets/StreamingAssets/Table/Affix.tsv:149	公式求值相等
4250	tbl:Affix(301 id)|id=149	MagicPrefix|MagicSuffix.txt:Name; 按官方 mod1code + mod1min/max 生成说明; 行来自哪张官方表（pre/suf）; …:level; …:levelreq; …:group; …:mod1code; …:mod1param; …:mod1min; …:mod1max; …:frequency; …:classspecific; …:class; …:itype1..itype7; …:etype1..etype3	client/Assets/StreamingAssets/Table/Affix.tsv:150	公式求值相等
4251	tbl:Affix(301 id)|id=150	MagicPrefix|MagicSuffix.txt:Name; 按官方 mod1code + mod1min/max 生成说明; 行来自哪张官方表（pre/suf）; …:level; …:levelreq; …:group; …:mod1code; …:mod1param; …:mod1min; …:mod1max; …:frequency; …:classspecific; …:class; …:itype1..itype7; …:etype1..etype3	client/Assets/StreamingAssets/Table/Affix.tsv:151	公式求值相等
4252	tbl:Affix(301 id)|id=151	MagicPrefix|MagicSuffix.txt:Name; 按官方 mod1code + mod1min/max 生成说明; 行来自哪张官方表（pre/suf）; …:level; …:levelreq; …:group; …:mod1code; …:mod1param; …:mod1min; …:mod1max; …:frequency; …:classspecific; …:class; …:itype1..itype7; …:etype1..etype3	client/Assets/StreamingAssets/Table/Affix.tsv:152	公式求值相等
4253	tbl:Affix(301 id)|id=152	MagicPrefix|MagicSuffix.txt:Name; 按官方 mod1code + mod1min/max 生成说明; 行来自哪张官方表（pre/suf）; …:level; …:levelreq; …:group; …:mod1code; …:mod1param; …:mod1min; …:mod1max; …:frequency; …:classspecific; …:class; …:itype1..itype7; …:etype1..etype3	client/Assets/StreamingAssets/Table/Affix.tsv:153	公式求值相等
4254	tbl:Affix(301 id)|id=153	MagicPrefix|MagicSuffix.txt:Name; 按官方 mod1code + mod1min/max 生成说明; 行来自哪张官方表（pre/suf）; …:level; …:levelreq; …:group; …:mod1code; …:mod1param; …:mod1min; …:mod1max; …:frequency; …:classspecific; …:class; …:itype1..itype7; …:etype1..etype3	client/Assets/StreamingAssets/Table/Affix.tsv:154	公式求值相等
4255	tbl:Affix(301 id)|id=154	MagicPrefix|MagicSuffix.txt:Name; 按官方 mod1code + mod1min/max 生成说明; 行来自哪张官方表（pre/suf）; …:level; …:levelreq; …:group; …:mod1code; …:mod1param; …:mod1min; …:mod1max; …:frequency; …:classspecific; …:class; …:itype1..itype7; …:etype1..etype3	client/Assets/StreamingAssets/Table/Affix.tsv:155	公式求值相等
4256	tbl:Affix(301 id)|id=155	MagicPrefix|MagicSuffix.txt:Name; 按官方 mod1code + mod1min/max 生成说明; 行来自哪张官方表（pre/suf）; …:level; …:levelreq; …:group; …:mod1code; …:mod1param; …:mod1min; …:mod1max; …:frequency; …:classspecific; …:class; …:itype1..itype7; …:etype1..etype3	client/Assets/StreamingAssets/Table/Affix.tsv:156	公式求值相等
4257	tbl:Affix(301 id)|id=156	MagicPrefix|MagicSuffix.txt:Name; 按官方 mod1code + mod1min/max 生成说明; 行来自哪张官方表（pre/suf）; …:level; …:levelreq; …:group; …:mod1code; …:mod1param; …:mod1min; …:mod1max; …:frequency; …:classspecific; …:class; …:itype1..itype7; …:etype1..etype3	client/Assets/StreamingAssets/Table/Affix.tsv:157	公式求值相等
4258	tbl:Affix(301 id)|id=157	MagicPrefix|MagicSuffix.txt:Name; 按官方 mod1code + mod1min/max 生成说明; 行来自哪张官方表（pre/suf）; …:level; …:levelreq; …:group; …:mod1code; …:mod1param; …:mod1min; …:mod1max; …:frequency; …:classspecific; …:class; …:itype1..itype7; …:etype1..etype3	client/Assets/StreamingAssets/Table/Affix.tsv:158	公式求值相等
4259	tbl:Affix(301 id)|id=158	MagicPrefix|MagicSuffix.txt:Name; 按官方 mod1code + mod1min/max 生成说明; 行来自哪张官方表（pre/suf）; …:level; …:levelreq; …:group; …:mod1code; …:mod1param; …:mod1min; …:mod1max; …:frequency; …:classspecific; …:class; …:itype1..itype7; …:etype1..etype3	client/Assets/StreamingAssets/Table/Affix.tsv:159	公式求值相等
4260	tbl:Affix(301 id)|id=159	MagicPrefix|MagicSuffix.txt:Name; 按官方 mod1code + mod1min/max 生成说明; 行来自哪张官方表（pre/suf）; …:level; …:levelreq; …:group; …:mod1code; …:mod1param; …:mod1min; …:mod1max; …:frequency; …:classspecific; …:class; …:itype1..itype7; …:etype1..etype3	client/Assets/StreamingAssets/Table/Affix.tsv:160	公式求值相等
4261	tbl:Affix(301 id)|id=160	MagicPrefix|MagicSuffix.txt:Name; 按官方 mod1code + mod1min/max 生成说明; 行来自哪张官方表（pre/suf）; …:level; …:levelreq; …:group; …:mod1code; …:mod1param; …:mod1min; …:mod1max; …:frequency; …:classspecific; …:class; …:itype1..itype7; …:etype1..etype3	client/Assets/StreamingAssets/Table/Affix.tsv:161	公式求值相等
4262	tbl:Affix(301 id)|id=161	MagicPrefix|MagicSuffix.txt:Name; 按官方 mod1code + mod1min/max 生成说明; 行来自哪张官方表（pre/suf）; …:level; …:levelreq; …:group; …:mod1code; …:mod1param; …:mod1min; …:mod1max; …:frequency; …:classspecific; …:class; …:itype1..itype7; …:etype1..etype3	client/Assets/StreamingAssets/Table/Affix.tsv:162	公式求值相等
4263	tbl:Affix(301 id)|id=162	MagicPrefix|MagicSuffix.txt:Name; 按官方 mod1code + mod1min/max 生成说明; 行来自哪张官方表（pre/suf）; …:level; …:levelreq; …:group; …:mod1code; …:mod1param; …:mod1min; …:mod1max; …:frequency; …:classspecific; …:class; …:itype1..itype7; …:etype1..etype3	client/Assets/StreamingAssets/Table/Affix.tsv:163	公式求值相等
4264	tbl:Affix(301 id)|id=163	MagicPrefix|MagicSuffix.txt:Name; 按官方 mod1code + mod1min/max 生成说明; 行来自哪张官方表（pre/suf）; …:level; …:levelreq; …:group; …:mod1code; …:mod1param; …:mod1min; …:mod1max; …:frequency; …:classspecific; …:class; …:itype1..itype7; …:etype1..etype3	client/Assets/StreamingAssets/Table/Affix.tsv:164	公式求值相等
4265	tbl:Affix(301 id)|id=164	MagicPrefix|MagicSuffix.txt:Name; 按官方 mod1code + mod1min/max 生成说明; 行来自哪张官方表（pre/suf）; …:level; …:levelreq; …:group; …:mod1code; …:mod1param; …:mod1min; …:mod1max; …:frequency; …:classspecific; …:class; …:itype1..itype7; …:etype1..etype3	client/Assets/StreamingAssets/Table/Affix.tsv:165	公式求值相等
4266	tbl:Affix(301 id)|id=165	MagicPrefix|MagicSuffix.txt:Name; 按官方 mod1code + mod1min/max 生成说明; 行来自哪张官方表（pre/suf）; …:level; …:levelreq; …:group; …:mod1code; …:mod1param; …:mod1min; …:mod1max; …:frequency; …:classspecific; …:class; …:itype1..itype7; …:etype1..etype3	client/Assets/StreamingAssets/Table/Affix.tsv:166	公式求值相等
4267	tbl:Affix(301 id)|id=166	MagicPrefix|MagicSuffix.txt:Name; 按官方 mod1code + mod1min/max 生成说明; 行来自哪张官方表（pre/suf）; …:level; …:levelreq; …:group; …:mod1code; …:mod1param; …:mod1min; …:mod1max; …:frequency; …:classspecific; …:class; …:itype1..itype7; …:etype1..etype3	client/Assets/StreamingAssets/Table/Affix.tsv:167	公式求值相等
4268	tbl:Affix(301 id)|id=167	MagicPrefix|MagicSuffix.txt:Name; 按官方 mod1code + mod1min/max 生成说明; 行来自哪张官方表（pre/suf）; …:level; …:levelreq; …:group; …:mod1code; …:mod1param; …:mod1min; …:mod1max; …:frequency; …:classspecific; …:class; …:itype1..itype7; …:etype1..etype3	client/Assets/StreamingAssets/Table/Affix.tsv:168	公式求值相等
4269	tbl:Affix(301 id)|id=168	MagicPrefix|MagicSuffix.txt:Name; 按官方 mod1code + mod1min/max 生成说明; 行来自哪张官方表（pre/suf）; …:level; …:levelreq; …:group; …:mod1code; …:mod1param; …:mod1min; …:mod1max; …:frequency; …:classspecific; …:class; …:itype1..itype7; …:etype1..etype3	client/Assets/StreamingAssets/Table/Affix.tsv:169	公式求值相等
4270	tbl:Affix(301 id)|id=169	MagicPrefix|MagicSuffix.txt:Name; 按官方 mod1code + mod1min/max 生成说明; 行来自哪张官方表（pre/suf）; …:level; …:levelreq; …:group; …:mod1code; …:mod1param; …:mod1min; …:mod1max; …:frequency; …:classspecific; …:class; …:itype1..itype7; …:etype1..etype3	client/Assets/StreamingAssets/Table/Affix.tsv:170	公式求值相等
4271	tbl:Affix(301 id)|id=170	MagicPrefix|MagicSuffix.txt:Name; 按官方 mod1code + mod1min/max 生成说明; 行来自哪张官方表（pre/suf）; …:level; …:levelreq; …:group; …:mod1code; …:mod1param; …:mod1min; …:mod1max; …:frequency; …:classspecific; …:class; …:itype1..itype7; …:etype1..etype3	client/Assets/StreamingAssets/Table/Affix.tsv:171	公式求值相等
4272	tbl:Affix(301 id)|id=171	MagicPrefix|MagicSuffix.txt:Name; 按官方 mod1code + mod1min/max 生成说明; 行来自哪张官方表（pre/suf）; …:level; …:levelreq; …:group; …:mod1code; …:mod1param; …:mod1min; …:mod1max; …:frequency; …:classspecific; …:class; …:itype1..itype7; …:etype1..etype3	client/Assets/StreamingAssets/Table/Affix.tsv:172	公式求值相等
4273	tbl:Affix(301 id)|id=172	MagicPrefix|MagicSuffix.txt:Name; 按官方 mod1code + mod1min/max 生成说明; 行来自哪张官方表（pre/suf）; …:level; …:levelreq; …:group; …:mod1code; …:mod1param; …:mod1min; …:mod1max; …:frequency; …:classspecific; …:class; …:itype1..itype7; …:etype1..etype3	client/Assets/StreamingAssets/Table/Affix.tsv:173	公式求值相等
4274	tbl:Affix(301 id)|id=173	MagicPrefix|MagicSuffix.txt:Name; 按官方 mod1code + mod1min/max 生成说明; 行来自哪张官方表（pre/suf）; …:level; …:levelreq; …:group; …:mod1code; …:mod1param; …:mod1min; …:mod1max; …:frequency; …:classspecific; …:class; …:itype1..itype7; …:etype1..etype3	client/Assets/StreamingAssets/Table/Affix.tsv:174	公式求值相等
4275	tbl:Affix(301 id)|id=174	MagicPrefix|MagicSuffix.txt:Name; 按官方 mod1code + mod1min/max 生成说明; 行来自哪张官方表（pre/suf）; …:level; …:levelreq; …:group; …:mod1code; …:mod1param; …:mod1min; …:mod1max; …:frequency; …:classspecific; …:class; …:itype1..itype7; …:etype1..etype3	client/Assets/StreamingAssets/Table/Affix.tsv:175	公式求值相等
4276	tbl:Affix(301 id)|id=175	MagicPrefix|MagicSuffix.txt:Name; 按官方 mod1code + mod1min/max 生成说明; 行来自哪张官方表（pre/suf）; …:level; …:levelreq; …:group; …:mod1code; …:mod1param; …:mod1min; …:mod1max; …:frequency; …:classspecific; …:class; …:itype1..itype7; …:etype1..etype3	client/Assets/StreamingAssets/Table/Affix.tsv:176	公式求值相等
4277	tbl:Affix(301 id)|id=176	MagicPrefix|MagicSuffix.txt:Name; 按官方 mod1code + mod1min/max 生成说明; 行来自哪张官方表（pre/suf）; …:level; …:levelreq; …:group; …:mod1code; …:mod1param; …:mod1min; …:mod1max; …:frequency; …:classspecific; …:class; …:itype1..itype7; …:etype1..etype3	client/Assets/StreamingAssets/Table/Affix.tsv:177	公式求值相等
4278	tbl:Affix(301 id)|id=177	MagicPrefix|MagicSuffix.txt:Name; 按官方 mod1code + mod1min/max 生成说明; 行来自哪张官方表（pre/suf）; …:level; …:levelreq; …:group; …:mod1code; …:mod1param; …:mod1min; …:mod1max; …:frequency; …:classspecific; …:class; …:itype1..itype7; …:etype1..etype3	client/Assets/StreamingAssets/Table/Affix.tsv:178	公式求值相等
4279	tbl:Affix(301 id)|id=178	MagicPrefix|MagicSuffix.txt:Name; 按官方 mod1code + mod1min/max 生成说明; 行来自哪张官方表（pre/suf）; …:level; …:levelreq; …:group; …:mod1code; …:mod1param; …:mod1min; …:mod1max; …:frequency; …:classspecific; …:class; …:itype1..itype7; …:etype1..etype3	client/Assets/StreamingAssets/Table/Affix.tsv:179	公式求值相等
4280	tbl:Affix(301 id)|id=179	MagicPrefix|MagicSuffix.txt:Name; 按官方 mod1code + mod1min/max 生成说明; 行来自哪张官方表（pre/suf）; …:level; …:levelreq; …:group; …:mod1code; …:mod1param; …:mod1min; …:mod1max; …:frequency; …:classspecific; …:class; …:itype1..itype7; …:etype1..etype3	client/Assets/StreamingAssets/Table/Affix.tsv:180	公式求值相等
4281	tbl:Affix(301 id)|id=180	MagicPrefix|MagicSuffix.txt:Name; 按官方 mod1code + mod1min/max 生成说明; 行来自哪张官方表（pre/suf）; …:level; …:levelreq; …:group; …:mod1code; …:mod1param; …:mod1min; …:mod1max; …:frequency; …:classspecific; …:class; …:itype1..itype7; …:etype1..etype3	client/Assets/StreamingAssets/Table/Affix.tsv:181	公式求值相等
4282	tbl:Affix(301 id)|id=181	MagicPrefix|MagicSuffix.txt:Name; 按官方 mod1code + mod1min/max 生成说明; 行来自哪张官方表（pre/suf）; …:level; …:levelreq; …:group; …:mod1code; …:mod1param; …:mod1min; …:mod1max; …:frequency; …:classspecific; …:class; …:itype1..itype7; …:etype1..etype3	client/Assets/StreamingAssets/Table/Affix.tsv:182	公式求值相等
4283	tbl:Affix(301 id)|id=182	MagicPrefix|MagicSuffix.txt:Name; 按官方 mod1code + mod1min/max 生成说明; 行来自哪张官方表（pre/suf）; …:level; …:levelreq; …:group; …:mod1code; …:mod1param; …:mod1min; …:mod1max; …:frequency; …:classspecific; …:class; …:itype1..itype7; …:etype1..etype3	client/Assets/StreamingAssets/Table/Affix.tsv:183	公式求值相等
4284	tbl:Affix(301 id)|id=183	MagicPrefix|MagicSuffix.txt:Name; 按官方 mod1code + mod1min/max 生成说明; 行来自哪张官方表（pre/suf）; …:level; …:levelreq; …:group; …:mod1code; …:mod1param; …:mod1min; …:mod1max; …:frequency; …:classspecific; …:class; …:itype1..itype7; …:etype1..etype3	client/Assets/StreamingAssets/Table/Affix.tsv:184	公式求值相等
4285	tbl:Affix(301 id)|id=184	MagicPrefix|MagicSuffix.txt:Name; 按官方 mod1code + mod1min/max 生成说明; 行来自哪张官方表（pre/suf）; …:level; …:levelreq; …:group; …:mod1code; …:mod1param; …:mod1min; …:mod1max; …:frequency; …:classspecific; …:class; …:itype1..itype7; …:etype1..etype3	client/Assets/StreamingAssets/Table/Affix.tsv:185	公式求值相等
4286	tbl:Affix(301 id)|id=185	MagicPrefix|MagicSuffix.txt:Name; 按官方 mod1code + mod1min/max 生成说明; 行来自哪张官方表（pre/suf）; …:level; …:levelreq; …:group; …:mod1code; …:mod1param; …:mod1min; …:mod1max; …:frequency; …:classspecific; …:class; …:itype1..itype7; …:etype1..etype3	client/Assets/StreamingAssets/Table/Affix.tsv:186	公式求值相等
4287	tbl:Affix(301 id)|id=186	MagicPrefix|MagicSuffix.txt:Name; 按官方 mod1code + mod1min/max 生成说明; 行来自哪张官方表（pre/suf）; …:level; …:levelreq; …:group; …:mod1code; …:mod1param; …:mod1min; …:mod1max; …:frequency; …:classspecific; …:class; …:itype1..itype7; …:etype1..etype3	client/Assets/StreamingAssets/Table/Affix.tsv:187	公式求值相等
4288	tbl:Affix(301 id)|id=187	MagicPrefix|MagicSuffix.txt:Name; 按官方 mod1code + mod1min/max 生成说明; 行来自哪张官方表（pre/suf）; …:level; …:levelreq; …:group; …:mod1code; …:mod1param; …:mod1min; …:mod1max; …:frequency; …:classspecific; …:class; …:itype1..itype7; …:etype1..etype3	client/Assets/StreamingAssets/Table/Affix.tsv:188	公式求值相等
4289	tbl:Affix(301 id)|id=188	MagicPrefix|MagicSuffix.txt:Name; 按官方 mod1code + mod1min/max 生成说明; 行来自哪张官方表（pre/suf）; …:level; …:levelreq; …:group; …:mod1code; …:mod1param; …:mod1min; …:mod1max; …:frequency; …:classspecific; …:class; …:itype1..itype7; …:etype1..etype3	client/Assets/StreamingAssets/Table/Affix.tsv:189	公式求值相等
4290	tbl:Affix(301 id)|id=189	MagicPrefix|MagicSuffix.txt:Name; 按官方 mod1code + mod1min/max 生成说明; 行来自哪张官方表（pre/suf）; …:level; …:levelreq; …:group; …:mod1code; …:mod1param; …:mod1min; …:mod1max; …:frequency; …:classspecific; …:class; …:itype1..itype7; …:etype1..etype3	client/Assets/StreamingAssets/Table/Affix.tsv:190	公式求值相等
4291	tbl:Affix(301 id)|id=190	MagicPrefix|MagicSuffix.txt:Name; 按官方 mod1code + mod1min/max 生成说明; 行来自哪张官方表（pre/suf）; …:level; …:levelreq; …:group; …:mod1code; …:mod1param; …:mod1min; …:mod1max; …:frequency; …:classspecific; …:class; …:itype1..itype7; …:etype1..etype3	client/Assets/StreamingAssets/Table/Affix.tsv:191	公式求值相等
4292	tbl:Affix(301 id)|id=191	MagicPrefix|MagicSuffix.txt:Name; 按官方 mod1code + mod1min/max 生成说明; 行来自哪张官方表（pre/suf）; …:level; …:levelreq; …:group; …:mod1code; …:mod1param; …:mod1min; …:mod1max; …:frequency; …:classspecific; …:class; …:itype1..itype7; …:etype1..etype3	client/Assets/StreamingAssets/Table/Affix.tsv:192	公式求值相等
4293	tbl:Affix(301 id)|id=192	MagicPrefix|MagicSuffix.txt:Name; 按官方 mod1code + mod1min/max 生成说明; 行来自哪张官方表（pre/suf）; …:level; …:levelreq; …:group; …:mod1code; …:mod1param; …:mod1min; …:mod1max; …:frequency; …:classspecific; …:class; …:itype1..itype7; …:etype1..etype3	client/Assets/StreamingAssets/Table/Affix.tsv:193	公式求值相等
4294	tbl:Affix(301 id)|id=193	MagicPrefix|MagicSuffix.txt:Name; 按官方 mod1code + mod1min/max 生成说明; 行来自哪张官方表（pre/suf）; …:level; …:levelreq; …:group; …:mod1code; …:mod1param; …:mod1min; …:mod1max; …:frequency; …:classspecific; …:class; …:itype1..itype7; …:etype1..etype3	client/Assets/StreamingAssets/Table/Affix.tsv:194	公式求值相等
4295	tbl:Affix(301 id)|id=194	MagicPrefix|MagicSuffix.txt:Name; 按官方 mod1code + mod1min/max 生成说明; 行来自哪张官方表（pre/suf）; …:level; …:levelreq; …:group; …:mod1code; …:mod1param; …:mod1min; …:mod1max; …:frequency; …:classspecific; …:class; …:itype1..itype7; …:etype1..etype3	client/Assets/StreamingAssets/Table/Affix.tsv:195	公式求值相等
4296	tbl:Affix(301 id)|id=195	MagicPrefix|MagicSuffix.txt:Name; 按官方 mod1code + mod1min/max 生成说明; 行来自哪张官方表（pre/suf）; …:level; …:levelreq; …:group; …:mod1code; …:mod1param; …:mod1min; …:mod1max; …:frequency; …:classspecific; …:class; …:itype1..itype7; …:etype1..etype3	client/Assets/StreamingAssets/Table/Affix.tsv:196	公式求值相等
4297	tbl:Affix(301 id)|id=196	MagicPrefix|MagicSuffix.txt:Name; 按官方 mod1code + mod1min/max 生成说明; 行来自哪张官方表（pre/suf）; …:level; …:levelreq; …:group; …:mod1code; …:mod1param; …:mod1min; …:mod1max; …:frequency; …:classspecific; …:class; …:itype1..itype7; …:etype1..etype3	client/Assets/StreamingAssets/Table/Affix.tsv:197	公式求值相等
4298	tbl:Affix(301 id)|id=197	MagicPrefix|MagicSuffix.txt:Name; 按官方 mod1code + mod1min/max 生成说明; 行来自哪张官方表（pre/suf）; …:level; …:levelreq; …:group; …:mod1code; …:mod1param; …:mod1min; …:mod1max; …:frequency; …:classspecific; …:class; …:itype1..itype7; …:etype1..etype3	client/Assets/StreamingAssets/Table/Affix.tsv:198	公式求值相等
4299	tbl:Affix(301 id)|id=198	MagicPrefix|MagicSuffix.txt:Name; 按官方 mod1code + mod1min/max 生成说明; 行来自哪张官方表（pre/suf）; …:level; …:levelreq; …:group; …:mod1code; …:mod1param; …:mod1min; …:mod1max; …:frequency; …:classspecific; …:class; …:itype1..itype7; …:etype1..etype3	client/Assets/StreamingAssets/Table/Affix.tsv:199	公式求值相等
4300	tbl:Affix(301 id)|id=199	MagicPrefix|MagicSuffix.txt:Name; 按官方 mod1code + mod1min/max 生成说明; 行来自哪张官方表（pre/suf）; …:level; …:levelreq; …:group; …:mod1code; …:mod1param; …:mod1min; …:mod1max; …:frequency; …:classspecific; …:class; …:itype1..itype7; …:etype1..etype3	client/Assets/StreamingAssets/Table/Affix.tsv:200	公式求值相等
4301	tbl:Affix(301 id)|id=200	MagicPrefix|MagicSuffix.txt:Name; 按官方 mod1code + mod1min/max 生成说明; 行来自哪张官方表（pre/suf）; …:level; …:levelreq; …:group; …:mod1code; …:mod1param; …:mod1min; …:mod1max; …:frequency; …:classspecific; …:class; …:itype1..itype7; …:etype1..etype3	client/Assets/StreamingAssets/Table/Affix.tsv:201	公式求值相等
4302	tbl:Affix(301 id)|id=201	MagicPrefix|MagicSuffix.txt:Name; 按官方 mod1code + mod1min/max 生成说明; 行来自哪张官方表（pre/suf）; …:level; …:levelreq; …:group; …:mod1code; …:mod1param; …:mod1min; …:mod1max; …:frequency; …:classspecific; …:class; …:itype1..itype7; …:etype1..etype3	client/Assets/StreamingAssets/Table/Affix.tsv:202	公式求值相等
4303	tbl:Affix(301 id)|id=202	MagicPrefix|MagicSuffix.txt:Name; 按官方 mod1code + mod1min/max 生成说明; 行来自哪张官方表（pre/suf）; …:level; …:levelreq; …:group; …:mod1code; …:mod1param; …:mod1min; …:mod1max; …:frequency; …:classspecific; …:class; …:itype1..itype7; …:etype1..etype3	client/Assets/StreamingAssets/Table/Affix.tsv:203	公式求值相等
4304	tbl:Affix(301 id)|id=203	MagicPrefix|MagicSuffix.txt:Name; 按官方 mod1code + mod1min/max 生成说明; 行来自哪张官方表（pre/suf）; …:level; …:levelreq; …:group; …:mod1code; …:mod1param; …:mod1min; …:mod1max; …:frequency; …:classspecific; …:class; …:itype1..itype7; …:etype1..etype3	client/Assets/StreamingAssets/Table/Affix.tsv:204	公式求值相等
4305	tbl:Affix(301 id)|id=204	MagicPrefix|MagicSuffix.txt:Name; 按官方 mod1code + mod1min/max 生成说明; 行来自哪张官方表（pre/suf）; …:level; …:levelreq; …:group; …:mod1code; …:mod1param; …:mod1min; …:mod1max; …:frequency; …:classspecific; …:class; …:itype1..itype7; …:etype1..etype3	client/Assets/StreamingAssets/Table/Affix.tsv:205	公式求值相等
4306	tbl:Affix(301 id)|id=205	MagicPrefix|MagicSuffix.txt:Name; 按官方 mod1code + mod1min/max 生成说明; 行来自哪张官方表（pre/suf）; …:level; …:levelreq; …:group; …:mod1code; …:mod1param; …:mod1min; …:mod1max; …:frequency; …:classspecific; …:class; …:itype1..itype7; …:etype1..etype3	client/Assets/StreamingAssets/Table/Affix.tsv:206	公式求值相等
4307	tbl:Affix(301 id)|id=206	MagicPrefix|MagicSuffix.txt:Name; 按官方 mod1code + mod1min/max 生成说明; 行来自哪张官方表（pre/suf）; …:level; …:levelreq; …:group; …:mod1code; …:mod1param; …:mod1min; …:mod1max; …:frequency; …:classspecific; …:class; …:itype1..itype7; …:etype1..etype3	client/Assets/StreamingAssets/Table/Affix.tsv:207	公式求值相等
4308	tbl:Affix(301 id)|id=207	MagicPrefix|MagicSuffix.txt:Name; 按官方 mod1code + mod1min/max 生成说明; 行来自哪张官方表（pre/suf）; …:level; …:levelreq; …:group; …:mod1code; …:mod1param; …:mod1min; …:mod1max; …:frequency; …:classspecific; …:class; …:itype1..itype7; …:etype1..etype3	client/Assets/StreamingAssets/Table/Affix.tsv:208	公式求值相等
4309	tbl:Affix(301 id)|id=208	MagicPrefix|MagicSuffix.txt:Name; 按官方 mod1code + mod1min/max 生成说明; 行来自哪张官方表（pre/suf）; …:level; …:levelreq; …:group; …:mod1code; …:mod1param; …:mod1min; …:mod1max; …:frequency; …:classspecific; …:class; …:itype1..itype7; …:etype1..etype3	client/Assets/StreamingAssets/Table/Affix.tsv:209	公式求值相等
4310	tbl:Affix(301 id)|id=209	MagicPrefix|MagicSuffix.txt:Name; 按官方 mod1code + mod1min/max 生成说明; 行来自哪张官方表（pre/suf）; …:level; …:levelreq; …:group; …:mod1code; …:mod1param; …:mod1min; …:mod1max; …:frequency; …:classspecific; …:class; …:itype1..itype7; …:etype1..etype3	client/Assets/StreamingAssets/Table/Affix.tsv:210	公式求值相等
4311	tbl:Affix(301 id)|id=210	MagicPrefix|MagicSuffix.txt:Name; 按官方 mod1code + mod1min/max 生成说明; 行来自哪张官方表（pre/suf）; …:level; …:levelreq; …:group; …:mod1code; …:mod1param; …:mod1min; …:mod1max; …:frequency; …:classspecific; …:class; …:itype1..itype7; …:etype1..etype3	client/Assets/StreamingAssets/Table/Affix.tsv:211	公式求值相等
4312	tbl:Affix(301 id)|id=211	MagicPrefix|MagicSuffix.txt:Name; 按官方 mod1code + mod1min/max 生成说明; 行来自哪张官方表（pre/suf）; …:level; …:levelreq; …:group; …:mod1code; …:mod1param; …:mod1min; …:mod1max; …:frequency; …:classspecific; …:class; …:itype1..itype7; …:etype1..etype3	client/Assets/StreamingAssets/Table/Affix.tsv:212	公式求值相等
4313	tbl:Affix(301 id)|id=212	MagicPrefix|MagicSuffix.txt:Name; 按官方 mod1code + mod1min/max 生成说明; 行来自哪张官方表（pre/suf）; …:level; …:levelreq; …:group; …:mod1code; …:mod1param; …:mod1min; …:mod1max; …:frequency; …:classspecific; …:class; …:itype1..itype7; …:etype1..etype3	client/Assets/StreamingAssets/Table/Affix.tsv:213	公式求值相等
4314	tbl:Affix(301 id)|id=213	MagicPrefix|MagicSuffix.txt:Name; 按官方 mod1code + mod1min/max 生成说明; 行来自哪张官方表（pre/suf）; …:level; …:levelreq; …:group; …:mod1code; …:mod1param; …:mod1min; …:mod1max; …:frequency; …:classspecific; …:class; …:itype1..itype7; …:etype1..etype3	client/Assets/StreamingAssets/Table/Affix.tsv:214	公式求值相等
4315	tbl:Affix(301 id)|id=214	MagicPrefix|MagicSuffix.txt:Name; 按官方 mod1code + mod1min/max 生成说明; 行来自哪张官方表（pre/suf）; …:level; …:levelreq; …:group; …:mod1code; …:mod1param; …:mod1min; …:mod1max; …:frequency; …:classspecific; …:class; …:itype1..itype7; …:etype1..etype3	client/Assets/StreamingAssets/Table/Affix.tsv:215	公式求值相等
4316	tbl:Affix(301 id)|id=215	MagicPrefix|MagicSuffix.txt:Name; 按官方 mod1code + mod1min/max 生成说明; 行来自哪张官方表（pre/suf）; …:level; …:levelreq; …:group; …:mod1code; …:mod1param; …:mod1min; …:mod1max; …:frequency; …:classspecific; …:class; …:itype1..itype7; …:etype1..etype3	client/Assets/StreamingAssets/Table/Affix.tsv:216	公式求值相等
4317	tbl:Affix(301 id)|id=216	MagicPrefix|MagicSuffix.txt:Name; 按官方 mod1code + mod1min/max 生成说明; 行来自哪张官方表（pre/suf）; …:level; …:levelreq; …:group; …:mod1code; …:mod1param; …:mod1min; …:mod1max; …:frequency; …:classspecific; …:class; …:itype1..itype7; …:etype1..etype3	client/Assets/StreamingAssets/Table/Affix.tsv:217	公式求值相等
4318	tbl:Affix(301 id)|id=217	MagicPrefix|MagicSuffix.txt:Name; 按官方 mod1code + mod1min/max 生成说明; 行来自哪张官方表（pre/suf）; …:level; …:levelreq; …:group; …:mod1code; …:mod1param; …:mod1min; …:mod1max; …:frequency; …:classspecific; …:class; …:itype1..itype7; …:etype1..etype3	client/Assets/StreamingAssets/Table/Affix.tsv:218	公式求值相等
4319	tbl:Affix(301 id)|id=218	MagicPrefix|MagicSuffix.txt:Name; 按官方 mod1code + mod1min/max 生成说明; 行来自哪张官方表（pre/suf）; …:level; …:levelreq; …:group; …:mod1code; …:mod1param; …:mod1min; …:mod1max; …:frequency; …:classspecific; …:class; …:itype1..itype7; …:etype1..etype3	client/Assets/StreamingAssets/Table/Affix.tsv:219	公式求值相等
4320	tbl:Affix(301 id)|id=219	MagicPrefix|MagicSuffix.txt:Name; 按官方 mod1code + mod1min/max 生成说明; 行来自哪张官方表（pre/suf）; …:level; …:levelreq; …:group; …:mod1code; …:mod1param; …:mod1min; …:mod1max; …:frequency; …:classspecific; …:class; …:itype1..itype7; …:etype1..etype3	client/Assets/StreamingAssets/Table/Affix.tsv:220	公式求值相等
4321	tbl:Affix(301 id)|id=220	MagicPrefix|MagicSuffix.txt:Name; 按官方 mod1code + mod1min/max 生成说明; 行来自哪张官方表（pre/suf）; …:level; …:levelreq; …:group; …:mod1code; …:mod1param; …:mod1min; …:mod1max; …:frequency; …:classspecific; …:class; …:itype1..itype7; …:etype1..etype3	client/Assets/StreamingAssets/Table/Affix.tsv:221	公式求值相等
4322	tbl:Affix(301 id)|id=221	MagicPrefix|MagicSuffix.txt:Name; 按官方 mod1code + mod1min/max 生成说明; 行来自哪张官方表（pre/suf）; …:level; …:levelreq; …:group; …:mod1code; …:mod1param; …:mod1min; …:mod1max; …:frequency; …:classspecific; …:class; …:itype1..itype7; …:etype1..etype3	client/Assets/StreamingAssets/Table/Affix.tsv:222	公式求值相等
4323	tbl:Affix(301 id)|id=222	MagicPrefix|MagicSuffix.txt:Name; 按官方 mod1code + mod1min/max 生成说明; 行来自哪张官方表（pre/suf）; …:level; …:levelreq; …:group; …:mod1code; …:mod1param; …:mod1min; …:mod1max; …:frequency; …:classspecific; …:class; …:itype1..itype7; …:etype1..etype3	client/Assets/StreamingAssets/Table/Affix.tsv:223	公式求值相等
4324	tbl:Affix(301 id)|id=223	MagicPrefix|MagicSuffix.txt:Name; 按官方 mod1code + mod1min/max 生成说明; 行来自哪张官方表（pre/suf）; …:level; …:levelreq; …:group; …:mod1code; …:mod1param; …:mod1min; …:mod1max; …:frequency; …:classspecific; …:class; …:itype1..itype7; …:etype1..etype3	client/Assets/StreamingAssets/Table/Affix.tsv:224	公式求值相等
4325	tbl:Affix(301 id)|id=224	MagicPrefix|MagicSuffix.txt:Name; 按官方 mod1code + mod1min/max 生成说明; 行来自哪张官方表（pre/suf）; …:level; …:levelreq; …:group; …:mod1code; …:mod1param; …:mod1min; …:mod1max; …:frequency; …:classspecific; …:class; …:itype1..itype7; …:etype1..etype3	client/Assets/StreamingAssets/Table/Affix.tsv:225	公式求值相等
4326	tbl:Affix(301 id)|id=225	MagicPrefix|MagicSuffix.txt:Name; 按官方 mod1code + mod1min/max 生成说明; 行来自哪张官方表（pre/suf）; …:level; …:levelreq; …:group; …:mod1code; …:mod1param; …:mod1min; …:mod1max; …:frequency; …:classspecific; …:class; …:itype1..itype7; …:etype1..etype3	client/Assets/StreamingAssets/Table/Affix.tsv:226	公式求值相等
4327	tbl:Affix(301 id)|id=226	MagicPrefix|MagicSuffix.txt:Name; 按官方 mod1code + mod1min/max 生成说明; 行来自哪张官方表（pre/suf）; …:level; …:levelreq; …:group; …:mod1code; …:mod1param; …:mod1min; …:mod1max; …:frequency; …:classspecific; …:class; …:itype1..itype7; …:etype1..etype3	client/Assets/StreamingAssets/Table/Affix.tsv:227	公式求值相等
4328	tbl:Affix(301 id)|id=227	MagicPrefix|MagicSuffix.txt:Name; 按官方 mod1code + mod1min/max 生成说明; 行来自哪张官方表（pre/suf）; …:level; …:levelreq; …:group; …:mod1code; …:mod1param; …:mod1min; …:mod1max; …:frequency; …:classspecific; …:class; …:itype1..itype7; …:etype1..etype3	client/Assets/StreamingAssets/Table/Affix.tsv:228	公式求值相等
4329	tbl:Affix(301 id)|id=228	MagicPrefix|MagicSuffix.txt:Name; 按官方 mod1code + mod1min/max 生成说明; 行来自哪张官方表（pre/suf）; …:level; …:levelreq; …:group; …:mod1code; …:mod1param; …:mod1min; …:mod1max; …:frequency; …:classspecific; …:class; …:itype1..itype7; …:etype1..etype3	client/Assets/StreamingAssets/Table/Affix.tsv:229	公式求值相等
4330	tbl:Affix(301 id)|id=229	MagicPrefix|MagicSuffix.txt:Name; 按官方 mod1code + mod1min/max 生成说明; 行来自哪张官方表（pre/suf）; …:level; …:levelreq; …:group; …:mod1code; …:mod1param; …:mod1min; …:mod1max; …:frequency; …:classspecific; …:class; …:itype1..itype7; …:etype1..etype3	client/Assets/StreamingAssets/Table/Affix.tsv:230	公式求值相等
4331	tbl:Affix(301 id)|id=230	MagicPrefix|MagicSuffix.txt:Name; 按官方 mod1code + mod1min/max 生成说明; 行来自哪张官方表（pre/suf）; …:level; …:levelreq; …:group; …:mod1code; …:mod1param; …:mod1min; …:mod1max; …:frequency; …:classspecific; …:class; …:itype1..itype7; …:etype1..etype3	client/Assets/StreamingAssets/Table/Affix.tsv:231	公式求值相等
4332	tbl:Affix(301 id)|id=231	MagicPrefix|MagicSuffix.txt:Name; 按官方 mod1code + mod1min/max 生成说明; 行来自哪张官方表（pre/suf）; …:level; …:levelreq; …:group; …:mod1code; …:mod1param; …:mod1min; …:mod1max; …:frequency; …:classspecific; …:class; …:itype1..itype7; …:etype1..etype3	client/Assets/StreamingAssets/Table/Affix.tsv:232	公式求值相等
4333	tbl:Affix(301 id)|id=232	MagicPrefix|MagicSuffix.txt:Name; 按官方 mod1code + mod1min/max 生成说明; 行来自哪张官方表（pre/suf）; …:level; …:levelreq; …:group; …:mod1code; …:mod1param; …:mod1min; …:mod1max; …:frequency; …:classspecific; …:class; …:itype1..itype7; …:etype1..etype3	client/Assets/StreamingAssets/Table/Affix.tsv:233	公式求值相等
4334	tbl:Affix(301 id)|id=233	MagicPrefix|MagicSuffix.txt:Name; 按官方 mod1code + mod1min/max 生成说明; 行来自哪张官方表（pre/suf）; …:level; …:levelreq; …:group; …:mod1code; …:mod1param; …:mod1min; …:mod1max; …:frequency; …:classspecific; …:class; …:itype1..itype7; …:etype1..etype3	client/Assets/StreamingAssets/Table/Affix.tsv:234	公式求值相等
4335	tbl:Affix(301 id)|id=234	MagicPrefix|MagicSuffix.txt:Name; 按官方 mod1code + mod1min/max 生成说明; 行来自哪张官方表（pre/suf）; …:level; …:levelreq; …:group; …:mod1code; …:mod1param; …:mod1min; …:mod1max; …:frequency; …:classspecific; …:class; …:itype1..itype7; …:etype1..etype3	client/Assets/StreamingAssets/Table/Affix.tsv:235	公式求值相等
4336	tbl:Affix(301 id)|id=235	MagicPrefix|MagicSuffix.txt:Name; 按官方 mod1code + mod1min/max 生成说明; 行来自哪张官方表（pre/suf）; …:level; …:levelreq; …:group; …:mod1code; …:mod1param; …:mod1min; …:mod1max; …:frequency; …:classspecific; …:class; …:itype1..itype7; …:etype1..etype3	client/Assets/StreamingAssets/Table/Affix.tsv:236	公式求值相等
4337	tbl:Affix(301 id)|id=236	MagicPrefix|MagicSuffix.txt:Name; 按官方 mod1code + mod1min/max 生成说明; 行来自哪张官方表（pre/suf）; …:level; …:levelreq; …:group; …:mod1code; …:mod1param; …:mod1min; …:mod1max; …:frequency; …:classspecific; …:class; …:itype1..itype7; …:etype1..etype3	client/Assets/StreamingAssets/Table/Affix.tsv:237	公式求值相等
4338	tbl:Affix(301 id)|id=237	MagicPrefix|MagicSuffix.txt:Name; 按官方 mod1code + mod1min/max 生成说明; 行来自哪张官方表（pre/suf）; …:level; …:levelreq; …:group; …:mod1code; …:mod1param; …:mod1min; …:mod1max; …:frequency; …:classspecific; …:class; …:itype1..itype7; …:etype1..etype3	client/Assets/StreamingAssets/Table/Affix.tsv:238	公式求值相等
4339	tbl:Affix(301 id)|id=238	MagicPrefix|MagicSuffix.txt:Name; 按官方 mod1code + mod1min/max 生成说明; 行来自哪张官方表（pre/suf）; …:level; …:levelreq; …:group; …:mod1code; …:mod1param; …:mod1min; …:mod1max; …:frequency; …:classspecific; …:class; …:itype1..itype7; …:etype1..etype3	client/Assets/StreamingAssets/Table/Affix.tsv:239	公式求值相等
4340	tbl:Affix(301 id)|id=239	MagicPrefix|MagicSuffix.txt:Name; 按官方 mod1code + mod1min/max 生成说明; 行来自哪张官方表（pre/suf）; …:level; …:levelreq; …:group; …:mod1code; …:mod1param; …:mod1min; …:mod1max; …:frequency; …:classspecific; …:class; …:itype1..itype7; …:etype1..etype3	client/Assets/StreamingAssets/Table/Affix.tsv:240	公式求值相等
4341	tbl:Affix(301 id)|id=240	MagicPrefix|MagicSuffix.txt:Name; 按官方 mod1code + mod1min/max 生成说明; 行来自哪张官方表（pre/suf）; …:level; …:levelreq; …:group; …:mod1code; …:mod1param; …:mod1min; …:mod1max; …:frequency; …:classspecific; …:class; …:itype1..itype7; …:etype1..etype3	client/Assets/StreamingAssets/Table/Affix.tsv:241	公式求值相等
4342	tbl:Affix(301 id)|id=241	MagicPrefix|MagicSuffix.txt:Name; 按官方 mod1code + mod1min/max 生成说明; 行来自哪张官方表（pre/suf）; …:level; …:levelreq; …:group; …:mod1code; …:mod1param; …:mod1min; …:mod1max; …:frequency; …:classspecific; …:class; …:itype1..itype7; …:etype1..etype3	client/Assets/StreamingAssets/Table/Affix.tsv:242	公式求值相等
4343	tbl:Affix(301 id)|id=242	MagicPrefix|MagicSuffix.txt:Name; 按官方 mod1code + mod1min/max 生成说明; 行来自哪张官方表（pre/suf）; …:level; …:levelreq; …:group; …:mod1code; …:mod1param; …:mod1min; …:mod1max; …:frequency; …:classspecific; …:class; …:itype1..itype7; …:etype1..etype3	client/Assets/StreamingAssets/Table/Affix.tsv:243	公式求值相等
4344	tbl:Affix(301 id)|id=243	MagicPrefix|MagicSuffix.txt:Name; 按官方 mod1code + mod1min/max 生成说明; 行来自哪张官方表（pre/suf）; …:level; …:levelreq; …:group; …:mod1code; …:mod1param; …:mod1min; …:mod1max; …:frequency; …:classspecific; …:class; …:itype1..itype7; …:etype1..etype3	client/Assets/StreamingAssets/Table/Affix.tsv:244	公式求值相等
4345	tbl:Affix(301 id)|id=244	MagicPrefix|MagicSuffix.txt:Name; 按官方 mod1code + mod1min/max 生成说明; 行来自哪张官方表（pre/suf）; …:level; …:levelreq; …:group; …:mod1code; …:mod1param; …:mod1min; …:mod1max; …:frequency; …:classspecific; …:class; …:itype1..itype7; …:etype1..etype3	client/Assets/StreamingAssets/Table/Affix.tsv:245	公式求值相等
4346	tbl:Affix(301 id)|id=245	MagicPrefix|MagicSuffix.txt:Name; 按官方 mod1code + mod1min/max 生成说明; 行来自哪张官方表（pre/suf）; …:level; …:levelreq; …:group; …:mod1code; …:mod1param; …:mod1min; …:mod1max; …:frequency; …:classspecific; …:class; …:itype1..itype7; …:etype1..etype3	client/Assets/StreamingAssets/Table/Affix.tsv:246	公式求值相等
4347	tbl:Affix(301 id)|id=246	MagicPrefix|MagicSuffix.txt:Name; 按官方 mod1code + mod1min/max 生成说明; 行来自哪张官方表（pre/suf）; …:level; …:levelreq; …:group; …:mod1code; …:mod1param; …:mod1min; …:mod1max; …:frequency; …:classspecific; …:class; …:itype1..itype7; …:etype1..etype3	client/Assets/StreamingAssets/Table/Affix.tsv:247	公式求值相等
4348	tbl:Affix(301 id)|id=247	MagicPrefix|MagicSuffix.txt:Name; 按官方 mod1code + mod1min/max 生成说明; 行来自哪张官方表（pre/suf）; …:level; …:levelreq; …:group; …:mod1code; …:mod1param; …:mod1min; …:mod1max; …:frequency; …:classspecific; …:class; …:itype1..itype7; …:etype1..etype3	client/Assets/StreamingAssets/Table/Affix.tsv:248	公式求值相等
4349	tbl:Affix(301 id)|id=248	MagicPrefix|MagicSuffix.txt:Name; 按官方 mod1code + mod1min/max 生成说明; 行来自哪张官方表（pre/suf）; …:level; …:levelreq; …:group; …:mod1code; …:mod1param; …:mod1min; …:mod1max; …:frequency; …:classspecific; …:class; …:itype1..itype7; …:etype1..etype3	client/Assets/StreamingAssets/Table/Affix.tsv:249	公式求值相等
4350	tbl:Affix(301 id)|id=249	MagicPrefix|MagicSuffix.txt:Name; 按官方 mod1code + mod1min/max 生成说明; 行来自哪张官方表（pre/suf）; …:level; …:levelreq; …:group; …:mod1code; …:mod1param; …:mod1min; …:mod1max; …:frequency; …:classspecific; …:class; …:itype1..itype7; …:etype1..etype3	client/Assets/StreamingAssets/Table/Affix.tsv:250	公式求值相等
4351	tbl:Affix(301 id)|id=250	MagicPrefix|MagicSuffix.txt:Name; 按官方 mod1code + mod1min/max 生成说明; 行来自哪张官方表（pre/suf）; …:level; …:levelreq; …:group; …:mod1code; …:mod1param; …:mod1min; …:mod1max; …:frequency; …:classspecific; …:class; …:itype1..itype7; …:etype1..etype3	client/Assets/StreamingAssets/Table/Affix.tsv:251	公式求值相等
4352	tbl:Affix(301 id)|id=251	MagicPrefix|MagicSuffix.txt:Name; 按官方 mod1code + mod1min/max 生成说明; 行来自哪张官方表（pre/suf）; …:level; …:levelreq; …:group; …:mod1code; …:mod1param; …:mod1min; …:mod1max; …:frequency; …:classspecific; …:class; …:itype1..itype7; …:etype1..etype3	client/Assets/StreamingAssets/Table/Affix.tsv:252	公式求值相等
4353	tbl:Affix(301 id)|id=252	MagicPrefix|MagicSuffix.txt:Name; 按官方 mod1code + mod1min/max 生成说明; 行来自哪张官方表（pre/suf）; …:level; …:levelreq; …:group; …:mod1code; …:mod1param; …:mod1min; …:mod1max; …:frequency; …:classspecific; …:class; …:itype1..itype7; …:etype1..etype3	client/Assets/StreamingAssets/Table/Affix.tsv:253	公式求值相等
4354	tbl:Affix(301 id)|id=253	MagicPrefix|MagicSuffix.txt:Name; 按官方 mod1code + mod1min/max 生成说明; 行来自哪张官方表（pre/suf）; …:level; …:levelreq; …:group; …:mod1code; …:mod1param; …:mod1min; …:mod1max; …:frequency; …:classspecific; …:class; …:itype1..itype7; …:etype1..etype3	client/Assets/StreamingAssets/Table/Affix.tsv:254	公式求值相等
4355	tbl:Affix(301 id)|id=254	MagicPrefix|MagicSuffix.txt:Name; 按官方 mod1code + mod1min/max 生成说明; 行来自哪张官方表（pre/suf）; …:level; …:levelreq; …:group; …:mod1code; …:mod1param; …:mod1min; …:mod1max; …:frequency; …:classspecific; …:class; …:itype1..itype7; …:etype1..etype3	client/Assets/StreamingAssets/Table/Affix.tsv:255	公式求值相等
4356	tbl:Affix(301 id)|id=255	MagicPrefix|MagicSuffix.txt:Name; 按官方 mod1code + mod1min/max 生成说明; 行来自哪张官方表（pre/suf）; …:level; …:levelreq; …:group; …:mod1code; …:mod1param; …:mod1min; …:mod1max; …:frequency; …:classspecific; …:class; …:itype1..itype7; …:etype1..etype3	client/Assets/StreamingAssets/Table/Affix.tsv:256	公式求值相等
4357	tbl:Affix(301 id)|id=256	MagicPrefix|MagicSuffix.txt:Name; 按官方 mod1code + mod1min/max 生成说明; 行来自哪张官方表（pre/suf）; …:level; …:levelreq; …:group; …:mod1code; …:mod1param; …:mod1min; …:mod1max; …:frequency; …:classspecific; …:class; …:itype1..itype7; …:etype1..etype3	client/Assets/StreamingAssets/Table/Affix.tsv:257	公式求值相等
4358	tbl:Affix(301 id)|id=257	MagicPrefix|MagicSuffix.txt:Name; 按官方 mod1code + mod1min/max 生成说明; 行来自哪张官方表（pre/suf）; …:level; …:levelreq; …:group; …:mod1code; …:mod1param; …:mod1min; …:mod1max; …:frequency; …:classspecific; …:class; …:itype1..itype7; …:etype1..etype3	client/Assets/StreamingAssets/Table/Affix.tsv:258	公式求值相等
4359	tbl:Affix(301 id)|id=258	MagicPrefix|MagicSuffix.txt:Name; 按官方 mod1code + mod1min/max 生成说明; 行来自哪张官方表（pre/suf）; …:level; …:levelreq; …:group; …:mod1code; …:mod1param; …:mod1min; …:mod1max; …:frequency; …:classspecific; …:class; …:itype1..itype7; …:etype1..etype3	client/Assets/StreamingAssets/Table/Affix.tsv:259	公式求值相等
4360	tbl:Affix(301 id)|id=259	MagicPrefix|MagicSuffix.txt:Name; 按官方 mod1code + mod1min/max 生成说明; 行来自哪张官方表（pre/suf）; …:level; …:levelreq; …:group; …:mod1code; …:mod1param; …:mod1min; …:mod1max; …:frequency; …:classspecific; …:class; …:itype1..itype7; …:etype1..etype3	client/Assets/StreamingAssets/Table/Affix.tsv:260	公式求值相等
4361	tbl:Affix(301 id)|id=260	MagicPrefix|MagicSuffix.txt:Name; 按官方 mod1code + mod1min/max 生成说明; 行来自哪张官方表（pre/suf）; …:level; …:levelreq; …:group; …:mod1code; …:mod1param; …:mod1min; …:mod1max; …:frequency; …:classspecific; …:class; …:itype1..itype7; …:etype1..etype3	client/Assets/StreamingAssets/Table/Affix.tsv:261	公式求值相等
4362	tbl:Affix(301 id)|id=261	MagicPrefix|MagicSuffix.txt:Name; 按官方 mod1code + mod1min/max 生成说明; 行来自哪张官方表（pre/suf）; …:level; …:levelreq; …:group; …:mod1code; …:mod1param; …:mod1min; …:mod1max; …:frequency; …:classspecific; …:class; …:itype1..itype7; …:etype1..etype3	client/Assets/StreamingAssets/Table/Affix.tsv:262	公式求值相等
4363	tbl:Affix(301 id)|id=262	MagicPrefix|MagicSuffix.txt:Name; 按官方 mod1code + mod1min/max 生成说明; 行来自哪张官方表（pre/suf）; …:level; …:levelreq; …:group; …:mod1code; …:mod1param; …:mod1min; …:mod1max; …:frequency; …:classspecific; …:class; …:itype1..itype7; …:etype1..etype3	client/Assets/StreamingAssets/Table/Affix.tsv:263	公式求值相等
4364	tbl:Affix(301 id)|id=263	MagicPrefix|MagicSuffix.txt:Name; 按官方 mod1code + mod1min/max 生成说明; 行来自哪张官方表（pre/suf）; …:level; …:levelreq; …:group; …:mod1code; …:mod1param; …:mod1min; …:mod1max; …:frequency; …:classspecific; …:class; …:itype1..itype7; …:etype1..etype3	client/Assets/StreamingAssets/Table/Affix.tsv:264	公式求值相等
4365	tbl:Affix(301 id)|id=264	MagicPrefix|MagicSuffix.txt:Name; 按官方 mod1code + mod1min/max 生成说明; 行来自哪张官方表（pre/suf）; …:level; …:levelreq; …:group; …:mod1code; …:mod1param; …:mod1min; …:mod1max; …:frequency; …:classspecific; …:class; …:itype1..itype7; …:etype1..etype3	client/Assets/StreamingAssets/Table/Affix.tsv:265	公式求值相等
4366	tbl:Affix(301 id)|id=265	MagicPrefix|MagicSuffix.txt:Name; 按官方 mod1code + mod1min/max 生成说明; 行来自哪张官方表（pre/suf）; …:level; …:levelreq; …:group; …:mod1code; …:mod1param; …:mod1min; …:mod1max; …:frequency; …:classspecific; …:class; …:itype1..itype7; …:etype1..etype3	client/Assets/StreamingAssets/Table/Affix.tsv:266	公式求值相等
4367	tbl:Affix(301 id)|id=266	MagicPrefix|MagicSuffix.txt:Name; 按官方 mod1code + mod1min/max 生成说明; 行来自哪张官方表（pre/suf）; …:level; …:levelreq; …:group; …:mod1code; …:mod1param; …:mod1min; …:mod1max; …:frequency; …:classspecific; …:class; …:itype1..itype7; …:etype1..etype3	client/Assets/StreamingAssets/Table/Affix.tsv:267	公式求值相等
4368	tbl:Affix(301 id)|id=267	MagicPrefix|MagicSuffix.txt:Name; 按官方 mod1code + mod1min/max 生成说明; 行来自哪张官方表（pre/suf）; …:level; …:levelreq; …:group; …:mod1code; …:mod1param; …:mod1min; …:mod1max; …:frequency; …:classspecific; …:class; …:itype1..itype7; …:etype1..etype3	client/Assets/StreamingAssets/Table/Affix.tsv:268	公式求值相等
4369	tbl:Affix(301 id)|id=268	MagicPrefix|MagicSuffix.txt:Name; 按官方 mod1code + mod1min/max 生成说明; 行来自哪张官方表（pre/suf）; …:level; …:levelreq; …:group; …:mod1code; …:mod1param; …:mod1min; …:mod1max; …:frequency; …:classspecific; …:class; …:itype1..itype7; …:etype1..etype3	client/Assets/StreamingAssets/Table/Affix.tsv:269	公式求值相等
4370	tbl:Affix(301 id)|id=269	MagicPrefix|MagicSuffix.txt:Name; 按官方 mod1code + mod1min/max 生成说明; 行来自哪张官方表（pre/suf）; …:level; …:levelreq; …:group; …:mod1code; …:mod1param; …:mod1min; …:mod1max; …:frequency; …:classspecific; …:class; …:itype1..itype7; …:etype1..etype3	client/Assets/StreamingAssets/Table/Affix.tsv:270	公式求值相等
4371	tbl:Affix(301 id)|id=270	MagicPrefix|MagicSuffix.txt:Name; 按官方 mod1code + mod1min/max 生成说明; 行来自哪张官方表（pre/suf）; …:level; …:levelreq; …:group; …:mod1code; …:mod1param; …:mod1min; …:mod1max; …:frequency; …:classspecific; …:class; …:itype1..itype7; …:etype1..etype3	client/Assets/StreamingAssets/Table/Affix.tsv:271	公式求值相等
4372	tbl:Affix(301 id)|id=271	MagicPrefix|MagicSuffix.txt:Name; 按官方 mod1code + mod1min/max 生成说明; 行来自哪张官方表（pre/suf）; …:level; …:levelreq; …:group; …:mod1code; …:mod1param; …:mod1min; …:mod1max; …:frequency; …:classspecific; …:class; …:itype1..itype7; …:etype1..etype3	client/Assets/StreamingAssets/Table/Affix.tsv:272	公式求值相等
4373	tbl:Affix(301 id)|id=272	MagicPrefix|MagicSuffix.txt:Name; 按官方 mod1code + mod1min/max 生成说明; 行来自哪张官方表（pre/suf）; …:level; …:levelreq; …:group; …:mod1code; …:mod1param; …:mod1min; …:mod1max; …:frequency; …:classspecific; …:class; …:itype1..itype7; …:etype1..etype3	client/Assets/StreamingAssets/Table/Affix.tsv:273	公式求值相等
4374	tbl:Affix(301 id)|id=273	MagicPrefix|MagicSuffix.txt:Name; 按官方 mod1code + mod1min/max 生成说明; 行来自哪张官方表（pre/suf）; …:level; …:levelreq; …:group; …:mod1code; …:mod1param; …:mod1min; …:mod1max; …:frequency; …:classspecific; …:class; …:itype1..itype7; …:etype1..etype3	client/Assets/StreamingAssets/Table/Affix.tsv:274	公式求值相等
4375	tbl:Affix(301 id)|id=274	MagicPrefix|MagicSuffix.txt:Name; 按官方 mod1code + mod1min/max 生成说明; 行来自哪张官方表（pre/suf）; …:level; …:levelreq; …:group; …:mod1code; …:mod1param; …:mod1min; …:mod1max; …:frequency; …:classspecific; …:class; …:itype1..itype7; …:etype1..etype3	client/Assets/StreamingAssets/Table/Affix.tsv:275	公式求值相等
4376	tbl:Affix(301 id)|id=275	MagicPrefix|MagicSuffix.txt:Name; 按官方 mod1code + mod1min/max 生成说明; 行来自哪张官方表（pre/suf）; …:level; …:levelreq; …:group; …:mod1code; …:mod1param; …:mod1min; …:mod1max; …:frequency; …:classspecific; …:class; …:itype1..itype7; …:etype1..etype3	client/Assets/StreamingAssets/Table/Affix.tsv:276	公式求值相等
4377	tbl:Affix(301 id)|id=276	MagicPrefix|MagicSuffix.txt:Name; 按官方 mod1code + mod1min/max 生成说明; 行来自哪张官方表（pre/suf）; …:level; …:levelreq; …:group; …:mod1code; …:mod1param; …:mod1min; …:mod1max; …:frequency; …:classspecific; …:class; …:itype1..itype7; …:etype1..etype3	client/Assets/StreamingAssets/Table/Affix.tsv:277	公式求值相等
4378	tbl:Affix(301 id)|id=277	MagicPrefix|MagicSuffix.txt:Name; 按官方 mod1code + mod1min/max 生成说明; 行来自哪张官方表（pre/suf）; …:level; …:levelreq; …:group; …:mod1code; …:mod1param; …:mod1min; …:mod1max; …:frequency; …:classspecific; …:class; …:itype1..itype7; …:etype1..etype3	client/Assets/StreamingAssets/Table/Affix.tsv:278	公式求值相等
4379	tbl:Affix(301 id)|id=278	MagicPrefix|MagicSuffix.txt:Name; 按官方 mod1code + mod1min/max 生成说明; 行来自哪张官方表（pre/suf）; …:level; …:levelreq; …:group; …:mod1code; …:mod1param; …:mod1min; …:mod1max; …:frequency; …:classspecific; …:class; …:itype1..itype7; …:etype1..etype3	client/Assets/StreamingAssets/Table/Affix.tsv:279	公式求值相等
4380	tbl:Affix(301 id)|id=279	MagicPrefix|MagicSuffix.txt:Name; 按官方 mod1code + mod1min/max 生成说明; 行来自哪张官方表（pre/suf）; …:level; …:levelreq; …:group; …:mod1code; …:mod1param; …:mod1min; …:mod1max; …:frequency; …:classspecific; …:class; …:itype1..itype7; …:etype1..etype3	client/Assets/StreamingAssets/Table/Affix.tsv:280	公式求值相等
4381	tbl:Affix(301 id)|id=280	MagicPrefix|MagicSuffix.txt:Name; 按官方 mod1code + mod1min/max 生成说明; 行来自哪张官方表（pre/suf）; …:level; …:levelreq; …:group; …:mod1code; …:mod1param; …:mod1min; …:mod1max; …:frequency; …:classspecific; …:class; …:itype1..itype7; …:etype1..etype3	client/Assets/StreamingAssets/Table/Affix.tsv:281	公式求值相等
4382	tbl:Affix(301 id)|id=281	MagicPrefix|MagicSuffix.txt:Name; 按官方 mod1code + mod1min/max 生成说明; 行来自哪张官方表（pre/suf）; …:level; …:levelreq; …:group; …:mod1code; …:mod1param; …:mod1min; …:mod1max; …:frequency; …:classspecific; …:class; …:itype1..itype7; …:etype1..etype3	client/Assets/StreamingAssets/Table/Affix.tsv:282	公式求值相等
4383	tbl:Affix(301 id)|id=282	MagicPrefix|MagicSuffix.txt:Name; 按官方 mod1code + mod1min/max 生成说明; 行来自哪张官方表（pre/suf）; …:level; …:levelreq; …:group; …:mod1code; …:mod1param; …:mod1min; …:mod1max; …:frequency; …:classspecific; …:class; …:itype1..itype7; …:etype1..etype3	client/Assets/StreamingAssets/Table/Affix.tsv:283	公式求值相等
4384	tbl:Affix(301 id)|id=283	MagicPrefix|MagicSuffix.txt:Name; 按官方 mod1code + mod1min/max 生成说明; 行来自哪张官方表（pre/suf）; …:level; …:levelreq; …:group; …:mod1code; …:mod1param; …:mod1min; …:mod1max; …:frequency; …:classspecific; …:class; …:itype1..itype7; …:etype1..etype3	client/Assets/StreamingAssets/Table/Affix.tsv:284	公式求值相等
4385	tbl:Affix(301 id)|id=284	MagicPrefix|MagicSuffix.txt:Name; 按官方 mod1code + mod1min/max 生成说明; 行来自哪张官方表（pre/suf）; …:level; …:levelreq; …:group; …:mod1code; …:mod1param; …:mod1min; …:mod1max; …:frequency; …:classspecific; …:class; …:itype1..itype7; …:etype1..etype3	client/Assets/StreamingAssets/Table/Affix.tsv:285	公式求值相等
4386	tbl:Affix(301 id)|id=285	MagicPrefix|MagicSuffix.txt:Name; 按官方 mod1code + mod1min/max 生成说明; 行来自哪张官方表（pre/suf）; …:level; …:levelreq; …:group; …:mod1code; …:mod1param; …:mod1min; …:mod1max; …:frequency; …:classspecific; …:class; …:itype1..itype7; …:etype1..etype3	client/Assets/StreamingAssets/Table/Affix.tsv:286	公式求值相等
4387	tbl:Affix(301 id)|id=286	MagicPrefix|MagicSuffix.txt:Name; 按官方 mod1code + mod1min/max 生成说明; 行来自哪张官方表（pre/suf）; …:level; …:levelreq; …:group; …:mod1code; …:mod1param; …:mod1min; …:mod1max; …:frequency; …:classspecific; …:class; …:itype1..itype7; …:etype1..etype3	client/Assets/StreamingAssets/Table/Affix.tsv:287	公式求值相等
4388	tbl:Affix(301 id)|id=287	MagicPrefix|MagicSuffix.txt:Name; 按官方 mod1code + mod1min/max 生成说明; 行来自哪张官方表（pre/suf）; …:level; …:levelreq; …:group; …:mod1code; …:mod1param; …:mod1min; …:mod1max; …:frequency; …:classspecific; …:class; …:itype1..itype7; …:etype1..etype3	client/Assets/StreamingAssets/Table/Affix.tsv:288	公式求值相等
4389	tbl:Affix(301 id)|id=288	MagicPrefix|MagicSuffix.txt:Name; 按官方 mod1code + mod1min/max 生成说明; 行来自哪张官方表（pre/suf）; …:level; …:levelreq; …:group; …:mod1code; …:mod1param; …:mod1min; …:mod1max; …:frequency; …:classspecific; …:class; …:itype1..itype7; …:etype1..etype3	client/Assets/StreamingAssets/Table/Affix.tsv:289	公式求值相等
4390	tbl:Affix(301 id)|id=289	MagicPrefix|MagicSuffix.txt:Name; 按官方 mod1code + mod1min/max 生成说明; 行来自哪张官方表（pre/suf）; …:level; …:levelreq; …:group; …:mod1code; …:mod1param; …:mod1min; …:mod1max; …:frequency; …:classspecific; …:class; …:itype1..itype7; …:etype1..etype3	client/Assets/StreamingAssets/Table/Affix.tsv:290	公式求值相等
4391	tbl:Affix(301 id)|id=290	MagicPrefix|MagicSuffix.txt:Name; 按官方 mod1code + mod1min/max 生成说明; 行来自哪张官方表（pre/suf）; …:level; …:levelreq; …:group; …:mod1code; …:mod1param; …:mod1min; …:mod1max; …:frequency; …:classspecific; …:class; …:itype1..itype7; …:etype1..etype3	client/Assets/StreamingAssets/Table/Affix.tsv:291	公式求值相等
4392	tbl:Affix(301 id)|id=291	MagicPrefix|MagicSuffix.txt:Name; 按官方 mod1code + mod1min/max 生成说明; 行来自哪张官方表（pre/suf）; …:level; …:levelreq; …:group; …:mod1code; …:mod1param; …:mod1min; …:mod1max; …:frequency; …:classspecific; …:class; …:itype1..itype7; …:etype1..etype3	client/Assets/StreamingAssets/Table/Affix.tsv:292	公式求值相等
4393	tbl:Affix(301 id)|id=292	MagicPrefix|MagicSuffix.txt:Name; 按官方 mod1code + mod1min/max 生成说明; 行来自哪张官方表（pre/suf）; …:level; …:levelreq; …:group; …:mod1code; …:mod1param; …:mod1min; …:mod1max; …:frequency; …:classspecific; …:class; …:itype1..itype7; …:etype1..etype3	client/Assets/StreamingAssets/Table/Affix.tsv:293	公式求值相等
4394	tbl:Affix(301 id)|id=293	MagicPrefix|MagicSuffix.txt:Name; 按官方 mod1code + mod1min/max 生成说明; 行来自哪张官方表（pre/suf）; …:level; …:levelreq; …:group; …:mod1code; …:mod1param; …:mod1min; …:mod1max; …:frequency; …:classspecific; …:class; …:itype1..itype7; …:etype1..etype3	client/Assets/StreamingAssets/Table/Affix.tsv:294	公式求值相等
4395	tbl:Affix(301 id)|id=294	MagicPrefix|MagicSuffix.txt:Name; 按官方 mod1code + mod1min/max 生成说明; 行来自哪张官方表（pre/suf）; …:level; …:levelreq; …:group; …:mod1code; …:mod1param; …:mod1min; …:mod1max; …:frequency; …:classspecific; …:class; …:itype1..itype7; …:etype1..etype3	client/Assets/StreamingAssets/Table/Affix.tsv:295	公式求值相等
4396	tbl:Affix(301 id)|id=295	MagicPrefix|MagicSuffix.txt:Name; 按官方 mod1code + mod1min/max 生成说明; 行来自哪张官方表（pre/suf）; …:level; …:levelreq; …:group; …:mod1code; …:mod1param; …:mod1min; …:mod1max; …:frequency; …:classspecific; …:class; …:itype1..itype7; …:etype1..etype3	client/Assets/StreamingAssets/Table/Affix.tsv:296	公式求值相等
4397	tbl:Affix(301 id)|id=296	MagicPrefix|MagicSuffix.txt:Name; 按官方 mod1code + mod1min/max 生成说明; 行来自哪张官方表（pre/suf）; …:level; …:levelreq; …:group; …:mod1code; …:mod1param; …:mod1min; …:mod1max; …:frequency; …:classspecific; …:class; …:itype1..itype7; …:etype1..etype3	client/Assets/StreamingAssets/Table/Affix.tsv:297	公式求值相等
4398	tbl:Affix(301 id)|id=297	MagicPrefix|MagicSuffix.txt:Name; 按官方 mod1code + mod1min/max 生成说明; 行来自哪张官方表（pre/suf）; …:level; …:levelreq; …:group; …:mod1code; …:mod1param; …:mod1min; …:mod1max; …:frequency; …:classspecific; …:class; …:itype1..itype7; …:etype1..etype3	client/Assets/StreamingAssets/Table/Affix.tsv:298	公式求值相等
4399	tbl:Affix(301 id)|id=298	MagicPrefix|MagicSuffix.txt:Name; 按官方 mod1code + mod1min/max 生成说明; 行来自哪张官方表（pre/suf）; …:level; …:levelreq; …:group; …:mod1code; …:mod1param; …:mod1min; …:mod1max; …:frequency; …:classspecific; …:class; …:itype1..itype7; …:etype1..etype3	client/Assets/StreamingAssets/Table/Affix.tsv:299	公式求值相等
4400	tbl:Affix(301 id)|id=299	MagicPrefix|MagicSuffix.txt:Name; 按官方 mod1code + mod1min/max 生成说明; 行来自哪张官方表（pre/suf）; …:level; …:levelreq; …:group; …:mod1code; …:mod1param; …:mod1min; …:mod1max; …:frequency; …:classspecific; …:class; …:itype1..itype7; …:etype1..etype3	client/Assets/StreamingAssets/Table/Affix.tsv:300	公式求值相等
4401	tbl:Affix(301 id)|id=300	MagicPrefix|MagicSuffix.txt:Name; 按官方 mod1code + mod1min/max 生成说明; 行来自哪张官方表（pre/suf）; …:level; …:levelreq; …:group; …:mod1code; …:mod1param; …:mod1min; …:mod1max; …:frequency; …:classspecific; …:class; …:itype1..itype7; …:etype1..etype3	client/Assets/StreamingAssets/Table/Affix.tsv:301	公式求值相等
4402	tbl:Affix(301 id)|id=301	MagicPrefix|MagicSuffix.txt:Name; 按官方 mod1code + mod1min/max 生成说明; 行来自哪张官方表（pre/suf）; …:level; …:levelreq; …:group; …:mod1code; …:mod1param; …:mod1min; …:mod1max; …:frequency; …:classspecific; …:class; …:itype1..itype7; …:etype1..etype3	client/Assets/StreamingAssets/Table/Affix.tsv:302	公式求值相等
4405	tbl:Class(5 id)|id=1	charstats.txt:class; charstats.txt:str; charstats.txt:dex; charstats.txt:vit; charstats.txt:int; charstats.txt:StatPerLevel; charstats.txt:LifePerLevel ÷4（官方注释 'in fourths'）; charstats.txt:ManaPerLevel ÷4; charstats.txt:StaminaPerLevel ÷4; charstats.txt:LifePerVitality ÷4; charstats.txt:ManaPerMagic ÷4; charstats.txt:StaminaPerVitality ÷4; charstats.txt:ToHitFactor; charstats.txt:WalkVelocity; charstats.txt:RunVelocity; charstats.txt:StartSkill	client/Assets/StreamingAssets/Table/Class.tsv:2	公式求值相等
4406	tbl:Class(5 id)|id=2	charstats.txt:class; charstats.txt:str; charstats.txt:dex; charstats.txt:vit; charstats.txt:int; charstats.txt:StatPerLevel; charstats.txt:LifePerLevel ÷4（官方注释 'in fourths'）; charstats.txt:ManaPerLevel ÷4; charstats.txt:StaminaPerLevel ÷4; charstats.txt:LifePerVitality ÷4; charstats.txt:ManaPerMagic ÷4; charstats.txt:StaminaPerVitality ÷4; charstats.txt:ToHitFactor; charstats.txt:WalkVelocity; charstats.txt:RunVelocity; charstats.txt:StartSkill	client/Assets/StreamingAssets/Table/Class.tsv:3	公式求值相等
4407	tbl:Class(5 id)|id=3	charstats.txt:class; charstats.txt:str; charstats.txt:dex; charstats.txt:vit; charstats.txt:int; charstats.txt:StatPerLevel; charstats.txt:LifePerLevel ÷4（官方注释 'in fourths'）; charstats.txt:ManaPerLevel ÷4; charstats.txt:StaminaPerLevel ÷4; charstats.txt:LifePerVitality ÷4; charstats.txt:ManaPerMagic ÷4; charstats.txt:StaminaPerVitality ÷4; charstats.txt:ToHitFactor; charstats.txt:WalkVelocity; charstats.txt:RunVelocity; charstats.txt:StartSkill	client/Assets/StreamingAssets/Table/Class.tsv:4	公式求值相等
4408	tbl:Class(5 id)|id=4	charstats.txt:class; charstats.txt:str; charstats.txt:dex; charstats.txt:vit; charstats.txt:int; charstats.txt:StatPerLevel; charstats.txt:LifePerLevel ÷4（官方注释 'in fourths'）; charstats.txt:ManaPerLevel ÷4; charstats.txt:StaminaPerLevel ÷4; charstats.txt:LifePerVitality ÷4; charstats.txt:ManaPerMagic ÷4; charstats.txt:StaminaPerVitality ÷4; charstats.txt:ToHitFactor; charstats.txt:WalkVelocity; charstats.txt:RunVelocity; charstats.txt:StartSkill	client/Assets/StreamingAssets/Table/Class.tsv:5	公式求值相等
4409	tbl:Class(5 id)|id=5	charstats.txt:class; charstats.txt:str; charstats.txt:dex; charstats.txt:vit; charstats.txt:int; charstats.txt:StatPerLevel; charstats.txt:LifePerLevel ÷4（官方注释 'in fourths'）; charstats.txt:ManaPerLevel ÷4; charstats.txt:StaminaPerLevel ÷4; charstats.txt:LifePerVitality ÷4; charstats.txt:ManaPerMagic ÷4; charstats.txt:StaminaPerVitality ÷4; charstats.txt:ToHitFactor; charstats.txt:WalkVelocity; charstats.txt:RunVelocity; charstats.txt:StartSkill	client/Assets/StreamingAssets/Table/Class.tsv:6	公式求值相等
4412	tbl:Experience(99 id)|id=1	experience.txt:Level; experience.txt:Amazon（官方 8 职业同值）; experience.txt:ExpRatio	client/Assets/StreamingAssets/Table/Experience.tsv:2	数值相等
4413	tbl:Experience(99 id)|id=2	experience.txt:Level; experience.txt:Amazon（官方 8 职业同值）; experience.txt:ExpRatio	client/Assets/StreamingAssets/Table/Experience.tsv:3	数值相等
4414	tbl:Experience(99 id)|id=3	experience.txt:Level; experience.txt:Amazon（官方 8 职业同值）; experience.txt:ExpRatio	client/Assets/StreamingAssets/Table/Experience.tsv:4	数值相等
4415	tbl:Experience(99 id)|id=4	experience.txt:Level; experience.txt:Amazon（官方 8 职业同值）; experience.txt:ExpRatio	client/Assets/StreamingAssets/Table/Experience.tsv:5	数值相等
4416	tbl:Experience(99 id)|id=5	experience.txt:Level; experience.txt:Amazon（官方 8 职业同值）; experience.txt:ExpRatio	client/Assets/StreamingAssets/Table/Experience.tsv:6	数值相等
4417	tbl:Experience(99 id)|id=6	experience.txt:Level; experience.txt:Amazon（官方 8 职业同值）; experience.txt:ExpRatio	client/Assets/StreamingAssets/Table/Experience.tsv:7	数值相等
4418	tbl:Experience(99 id)|id=7	experience.txt:Level; experience.txt:Amazon（官方 8 职业同值）; experience.txt:ExpRatio	client/Assets/StreamingAssets/Table/Experience.tsv:8	数值相等
4419	tbl:Experience(99 id)|id=8	experience.txt:Level; experience.txt:Amazon（官方 8 职业同值）; experience.txt:ExpRatio	client/Assets/StreamingAssets/Table/Experience.tsv:9	数值相等
4420	tbl:Experience(99 id)|id=9	experience.txt:Level; experience.txt:Amazon（官方 8 职业同值）; experience.txt:ExpRatio	client/Assets/StreamingAssets/Table/Experience.tsv:10	数值相等
4421	tbl:Experience(99 id)|id=10	experience.txt:Level; experience.txt:Amazon（官方 8 职业同值）; experience.txt:ExpRatio	client/Assets/StreamingAssets/Table/Experience.tsv:11	数值相等
4422	tbl:Experience(99 id)|id=11	experience.txt:Level; experience.txt:Amazon（官方 8 职业同值）; experience.txt:ExpRatio	client/Assets/StreamingAssets/Table/Experience.tsv:12	数值相等
4423	tbl:Experience(99 id)|id=12	experience.txt:Level; experience.txt:Amazon（官方 8 职业同值）; experience.txt:ExpRatio	client/Assets/StreamingAssets/Table/Experience.tsv:13	数值相等
4424	tbl:Experience(99 id)|id=13	experience.txt:Level; experience.txt:Amazon（官方 8 职业同值）; experience.txt:ExpRatio	client/Assets/StreamingAssets/Table/Experience.tsv:14	数值相等
4425	tbl:Experience(99 id)|id=14	experience.txt:Level; experience.txt:Amazon（官方 8 职业同值）; experience.txt:ExpRatio	client/Assets/StreamingAssets/Table/Experience.tsv:15	数值相等
4426	tbl:Experience(99 id)|id=15	experience.txt:Level; experience.txt:Amazon（官方 8 职业同值）; experience.txt:ExpRatio	client/Assets/StreamingAssets/Table/Experience.tsv:16	数值相等
4427	tbl:Experience(99 id)|id=16	experience.txt:Level; experience.txt:Amazon（官方 8 职业同值）; experience.txt:ExpRatio	client/Assets/StreamingAssets/Table/Experience.tsv:17	数值相等
4428	tbl:Experience(99 id)|id=17	experience.txt:Level; experience.txt:Amazon（官方 8 职业同值）; experience.txt:ExpRatio	client/Assets/StreamingAssets/Table/Experience.tsv:18	数值相等
4429	tbl:Experience(99 id)|id=18	experience.txt:Level; experience.txt:Amazon（官方 8 职业同值）; experience.txt:ExpRatio	client/Assets/StreamingAssets/Table/Experience.tsv:19	数值相等
4430	tbl:Experience(99 id)|id=19	experience.txt:Level; experience.txt:Amazon（官方 8 职业同值）; experience.txt:ExpRatio	client/Assets/StreamingAssets/Table/Experience.tsv:20	数值相等
4431	tbl:Experience(99 id)|id=20	experience.txt:Level; experience.txt:Amazon（官方 8 职业同值）; experience.txt:ExpRatio	client/Assets/StreamingAssets/Table/Experience.tsv:21	数值相等
4432	tbl:Experience(99 id)|id=21	experience.txt:Level; experience.txt:Amazon（官方 8 职业同值）; experience.txt:ExpRatio	client/Assets/StreamingAssets/Table/Experience.tsv:22	数值相等
4433	tbl:Experience(99 id)|id=22	experience.txt:Level; experience.txt:Amazon（官方 8 职业同值）; experience.txt:ExpRatio	client/Assets/StreamingAssets/Table/Experience.tsv:23	数值相等
4434	tbl:Experience(99 id)|id=23	experience.txt:Level; experience.txt:Amazon（官方 8 职业同值）; experience.txt:ExpRatio	client/Assets/StreamingAssets/Table/Experience.tsv:24	数值相等
4435	tbl:Experience(99 id)|id=24	experience.txt:Level; experience.txt:Amazon（官方 8 职业同值）; experience.txt:ExpRatio	client/Assets/StreamingAssets/Table/Experience.tsv:25	数值相等
4436	tbl:Experience(99 id)|id=25	experience.txt:Level; experience.txt:Amazon（官方 8 职业同值）; experience.txt:ExpRatio	client/Assets/StreamingAssets/Table/Experience.tsv:26	数值相等
4437	tbl:Experience(99 id)|id=26	experience.txt:Level; experience.txt:Amazon（官方 8 职业同值）; experience.txt:ExpRatio	client/Assets/StreamingAssets/Table/Experience.tsv:27	数值相等
4438	tbl:Experience(99 id)|id=27	experience.txt:Level; experience.txt:Amazon（官方 8 职业同值）; experience.txt:ExpRatio	client/Assets/StreamingAssets/Table/Experience.tsv:28	数值相等
4439	tbl:Experience(99 id)|id=28	experience.txt:Level; experience.txt:Amazon（官方 8 职业同值）; experience.txt:ExpRatio	client/Assets/StreamingAssets/Table/Experience.tsv:29	数值相等
4440	tbl:Experience(99 id)|id=29	experience.txt:Level; experience.txt:Amazon（官方 8 职业同值）; experience.txt:ExpRatio	client/Assets/StreamingAssets/Table/Experience.tsv:30	数值相等
4441	tbl:Experience(99 id)|id=30	experience.txt:Level; experience.txt:Amazon（官方 8 职业同值）; experience.txt:ExpRatio	client/Assets/StreamingAssets/Table/Experience.tsv:31	数值相等
4442	tbl:Experience(99 id)|id=31	experience.txt:Level; experience.txt:Amazon（官方 8 职业同值）; experience.txt:ExpRatio	client/Assets/StreamingAssets/Table/Experience.tsv:32	数值相等
4443	tbl:Experience(99 id)|id=32	experience.txt:Level; experience.txt:Amazon（官方 8 职业同值）; experience.txt:ExpRatio	client/Assets/StreamingAssets/Table/Experience.tsv:33	数值相等
4444	tbl:Experience(99 id)|id=33	experience.txt:Level; experience.txt:Amazon（官方 8 职业同值）; experience.txt:ExpRatio	client/Assets/StreamingAssets/Table/Experience.tsv:34	数值相等
4445	tbl:Experience(99 id)|id=34	experience.txt:Level; experience.txt:Amazon（官方 8 职业同值）; experience.txt:ExpRatio	client/Assets/StreamingAssets/Table/Experience.tsv:35	数值相等
4446	tbl:Experience(99 id)|id=35	experience.txt:Level; experience.txt:Amazon（官方 8 职业同值）; experience.txt:ExpRatio	client/Assets/StreamingAssets/Table/Experience.tsv:36	数值相等
4447	tbl:Experience(99 id)|id=36	experience.txt:Level; experience.txt:Amazon（官方 8 职业同值）; experience.txt:ExpRatio	client/Assets/StreamingAssets/Table/Experience.tsv:37	数值相等
4448	tbl:Experience(99 id)|id=37	experience.txt:Level; experience.txt:Amazon（官方 8 职业同值）; experience.txt:ExpRatio	client/Assets/StreamingAssets/Table/Experience.tsv:38	数值相等
4449	tbl:Experience(99 id)|id=38	experience.txt:Level; experience.txt:Amazon（官方 8 职业同值）; experience.txt:ExpRatio	client/Assets/StreamingAssets/Table/Experience.tsv:39	数值相等
4450	tbl:Experience(99 id)|id=39	experience.txt:Level; experience.txt:Amazon（官方 8 职业同值）; experience.txt:ExpRatio	client/Assets/StreamingAssets/Table/Experience.tsv:40	数值相等
4451	tbl:Experience(99 id)|id=40	experience.txt:Level; experience.txt:Amazon（官方 8 职业同值）; experience.txt:ExpRatio	client/Assets/StreamingAssets/Table/Experience.tsv:41	数值相等
4452	tbl:Experience(99 id)|id=41	experience.txt:Level; experience.txt:Amazon（官方 8 职业同值）; experience.txt:ExpRatio	client/Assets/StreamingAssets/Table/Experience.tsv:42	数值相等
4453	tbl:Experience(99 id)|id=42	experience.txt:Level; experience.txt:Amazon（官方 8 职业同值）; experience.txt:ExpRatio	client/Assets/StreamingAssets/Table/Experience.tsv:43	数值相等
4454	tbl:Experience(99 id)|id=43	experience.txt:Level; experience.txt:Amazon（官方 8 职业同值）; experience.txt:ExpRatio	client/Assets/StreamingAssets/Table/Experience.tsv:44	数值相等
4455	tbl:Experience(99 id)|id=44	experience.txt:Level; experience.txt:Amazon（官方 8 职业同值）; experience.txt:ExpRatio	client/Assets/StreamingAssets/Table/Experience.tsv:45	数值相等
4456	tbl:Experience(99 id)|id=45	experience.txt:Level; experience.txt:Amazon（官方 8 职业同值）; experience.txt:ExpRatio	client/Assets/StreamingAssets/Table/Experience.tsv:46	数值相等
4457	tbl:Experience(99 id)|id=46	experience.txt:Level; experience.txt:Amazon（官方 8 职业同值）; experience.txt:ExpRatio	client/Assets/StreamingAssets/Table/Experience.tsv:47	数值相等
4458	tbl:Experience(99 id)|id=47	experience.txt:Level; experience.txt:Amazon（官方 8 职业同值）; experience.txt:ExpRatio	client/Assets/StreamingAssets/Table/Experience.tsv:48	数值相等
4459	tbl:Experience(99 id)|id=48	experience.txt:Level; experience.txt:Amazon（官方 8 职业同值）; experience.txt:ExpRatio	client/Assets/StreamingAssets/Table/Experience.tsv:49	数值相等
4460	tbl:Experience(99 id)|id=49	experience.txt:Level; experience.txt:Amazon（官方 8 职业同值）; experience.txt:ExpRatio	client/Assets/StreamingAssets/Table/Experience.tsv:50	数值相等
4461	tbl:Experience(99 id)|id=50	experience.txt:Level; experience.txt:Amazon（官方 8 职业同值）; experience.txt:ExpRatio	client/Assets/StreamingAssets/Table/Experience.tsv:51	数值相等
4462	tbl:Experience(99 id)|id=51	experience.txt:Level; experience.txt:Amazon（官方 8 职业同值）; experience.txt:ExpRatio	client/Assets/StreamingAssets/Table/Experience.tsv:52	数值相等
4463	tbl:Experience(99 id)|id=52	experience.txt:Level; experience.txt:Amazon（官方 8 职业同值）; experience.txt:ExpRatio	client/Assets/StreamingAssets/Table/Experience.tsv:53	数值相等
4464	tbl:Experience(99 id)|id=53	experience.txt:Level; experience.txt:Amazon（官方 8 职业同值）; experience.txt:ExpRatio	client/Assets/StreamingAssets/Table/Experience.tsv:54	数值相等
4465	tbl:Experience(99 id)|id=54	experience.txt:Level; experience.txt:Amazon（官方 8 职业同值）; experience.txt:ExpRatio	client/Assets/StreamingAssets/Table/Experience.tsv:55	数值相等
4466	tbl:Experience(99 id)|id=55	experience.txt:Level; experience.txt:Amazon（官方 8 职业同值）; experience.txt:ExpRatio	client/Assets/StreamingAssets/Table/Experience.tsv:56	数值相等
4467	tbl:Experience(99 id)|id=56	experience.txt:Level; experience.txt:Amazon（官方 8 职业同值）; experience.txt:ExpRatio	client/Assets/StreamingAssets/Table/Experience.tsv:57	数值相等
4468	tbl:Experience(99 id)|id=57	experience.txt:Level; experience.txt:Amazon（官方 8 职业同值）; experience.txt:ExpRatio	client/Assets/StreamingAssets/Table/Experience.tsv:58	数值相等
4469	tbl:Experience(99 id)|id=58	experience.txt:Level; experience.txt:Amazon（官方 8 职业同值）; experience.txt:ExpRatio	client/Assets/StreamingAssets/Table/Experience.tsv:59	数值相等
4470	tbl:Experience(99 id)|id=59	experience.txt:Level; experience.txt:Amazon（官方 8 职业同值）; experience.txt:ExpRatio	client/Assets/StreamingAssets/Table/Experience.tsv:60	数值相等
4471	tbl:Experience(99 id)|id=60	experience.txt:Level; experience.txt:Amazon（官方 8 职业同值）; experience.txt:ExpRatio	client/Assets/StreamingAssets/Table/Experience.tsv:61	数值相等
4472	tbl:Experience(99 id)|id=61	experience.txt:Level; experience.txt:Amazon（官方 8 职业同值）; experience.txt:ExpRatio	client/Assets/StreamingAssets/Table/Experience.tsv:62	数值相等
4473	tbl:Experience(99 id)|id=62	experience.txt:Level; experience.txt:Amazon（官方 8 职业同值）; experience.txt:ExpRatio	client/Assets/StreamingAssets/Table/Experience.tsv:63	数值相等
4474	tbl:Experience(99 id)|id=63	experience.txt:Level; experience.txt:Amazon（官方 8 职业同值）; experience.txt:ExpRatio	client/Assets/StreamingAssets/Table/Experience.tsv:64	数值相等
4475	tbl:Experience(99 id)|id=64	experience.txt:Level; experience.txt:Amazon（官方 8 职业同值）; experience.txt:ExpRatio	client/Assets/StreamingAssets/Table/Experience.tsv:65	数值相等
4476	tbl:Experience(99 id)|id=65	experience.txt:Level; experience.txt:Amazon（官方 8 职业同值）; experience.txt:ExpRatio	client/Assets/StreamingAssets/Table/Experience.tsv:66	数值相等
4477	tbl:Experience(99 id)|id=66	experience.txt:Level; experience.txt:Amazon（官方 8 职业同值）; experience.txt:ExpRatio	client/Assets/StreamingAssets/Table/Experience.tsv:67	数值相等
4478	tbl:Experience(99 id)|id=67	experience.txt:Level; experience.txt:Amazon（官方 8 职业同值）; experience.txt:ExpRatio	client/Assets/StreamingAssets/Table/Experience.tsv:68	数值相等
4479	tbl:Experience(99 id)|id=68	experience.txt:Level; experience.txt:Amazon（官方 8 职业同值）; experience.txt:ExpRatio	client/Assets/StreamingAssets/Table/Experience.tsv:69	数值相等
4480	tbl:Experience(99 id)|id=69	experience.txt:Level; experience.txt:Amazon（官方 8 职业同值）; experience.txt:ExpRatio	client/Assets/StreamingAssets/Table/Experience.tsv:70	数值相等
4481	tbl:Experience(99 id)|id=70	experience.txt:Level; experience.txt:Amazon（官方 8 职业同值）; experience.txt:ExpRatio	client/Assets/StreamingAssets/Table/Experience.tsv:71	数值相等
4482	tbl:Experience(99 id)|id=71	experience.txt:Level; experience.txt:Amazon（官方 8 职业同值）; experience.txt:ExpRatio	client/Assets/StreamingAssets/Table/Experience.tsv:72	数值相等
4483	tbl:Experience(99 id)|id=72	experience.txt:Level; experience.txt:Amazon（官方 8 职业同值）; experience.txt:ExpRatio	client/Assets/StreamingAssets/Table/Experience.tsv:73	数值相等
4484	tbl:Experience(99 id)|id=73	experience.txt:Level; experience.txt:Amazon（官方 8 职业同值）; experience.txt:ExpRatio	client/Assets/StreamingAssets/Table/Experience.tsv:74	数值相等
4485	tbl:Experience(99 id)|id=74	experience.txt:Level; experience.txt:Amazon（官方 8 职业同值）; experience.txt:ExpRatio	client/Assets/StreamingAssets/Table/Experience.tsv:75	数值相等
4486	tbl:Experience(99 id)|id=75	experience.txt:Level; experience.txt:Amazon（官方 8 职业同值）; experience.txt:ExpRatio	client/Assets/StreamingAssets/Table/Experience.tsv:76	数值相等
4487	tbl:Experience(99 id)|id=76	experience.txt:Level; experience.txt:Amazon（官方 8 职业同值）; experience.txt:ExpRatio	client/Assets/StreamingAssets/Table/Experience.tsv:77	数值相等
4488	tbl:Experience(99 id)|id=77	experience.txt:Level; experience.txt:Amazon（官方 8 职业同值）; experience.txt:ExpRatio	client/Assets/StreamingAssets/Table/Experience.tsv:78	数值相等
4489	tbl:Experience(99 id)|id=78	experience.txt:Level; experience.txt:Amazon（官方 8 职业同值）; experience.txt:ExpRatio	client/Assets/StreamingAssets/Table/Experience.tsv:79	数值相等
4490	tbl:Experience(99 id)|id=79	experience.txt:Level; experience.txt:Amazon（官方 8 职业同值）; experience.txt:ExpRatio	client/Assets/StreamingAssets/Table/Experience.tsv:80	数值相等
4491	tbl:Experience(99 id)|id=80	experience.txt:Level; experience.txt:Amazon（官方 8 职业同值）; experience.txt:ExpRatio	client/Assets/StreamingAssets/Table/Experience.tsv:81	数值相等
4492	tbl:Experience(99 id)|id=81	experience.txt:Level; experience.txt:Amazon（官方 8 职业同值）; experience.txt:ExpRatio	client/Assets/StreamingAssets/Table/Experience.tsv:82	数值相等
4493	tbl:Experience(99 id)|id=82	experience.txt:Level; experience.txt:Amazon（官方 8 职业同值）; experience.txt:ExpRatio	client/Assets/StreamingAssets/Table/Experience.tsv:83	数值相等
4494	tbl:Experience(99 id)|id=83	experience.txt:Level; experience.txt:Amazon（官方 8 职业同值）; experience.txt:ExpRatio	client/Assets/StreamingAssets/Table/Experience.tsv:84	数值相等
4495	tbl:Experience(99 id)|id=84	experience.txt:Level; experience.txt:Amazon（官方 8 职业同值）; experience.txt:ExpRatio	client/Assets/StreamingAssets/Table/Experience.tsv:85	数值相等
4496	tbl:Experience(99 id)|id=85	experience.txt:Level; experience.txt:Amazon（官方 8 职业同值）; experience.txt:ExpRatio	client/Assets/StreamingAssets/Table/Experience.tsv:86	数值相等
4497	tbl:Experience(99 id)|id=86	experience.txt:Level; experience.txt:Amazon（官方 8 职业同值）; experience.txt:ExpRatio	client/Assets/StreamingAssets/Table/Experience.tsv:87	数值相等
4498	tbl:Experience(99 id)|id=87	experience.txt:Level; experience.txt:Amazon（官方 8 职业同值）; experience.txt:ExpRatio	client/Assets/StreamingAssets/Table/Experience.tsv:88	数值相等
4499	tbl:Experience(99 id)|id=88	experience.txt:Level; experience.txt:Amazon（官方 8 职业同值）; experience.txt:ExpRatio	client/Assets/StreamingAssets/Table/Experience.tsv:89	数值相等
4500	tbl:Experience(99 id)|id=89	experience.txt:Level; experience.txt:Amazon（官方 8 职业同值）; experience.txt:ExpRatio	client/Assets/StreamingAssets/Table/Experience.tsv:90	数值相等
4501	tbl:Experience(99 id)|id=90	experience.txt:Level; experience.txt:Amazon（官方 8 职业同值）; experience.txt:ExpRatio	client/Assets/StreamingAssets/Table/Experience.tsv:91	数值相等
4502	tbl:Experience(99 id)|id=91	experience.txt:Level; experience.txt:Amazon（官方 8 职业同值）; experience.txt:ExpRatio	client/Assets/StreamingAssets/Table/Experience.tsv:92	数值相等
4503	tbl:Experience(99 id)|id=92	experience.txt:Level; experience.txt:Amazon（官方 8 职业同值）; experience.txt:ExpRatio	client/Assets/StreamingAssets/Table/Experience.tsv:93	数值相等
4504	tbl:Experience(99 id)|id=93	experience.txt:Level; experience.txt:Amazon（官方 8 职业同值）; experience.txt:ExpRatio	client/Assets/StreamingAssets/Table/Experience.tsv:94	数值相等
4505	tbl:Experience(99 id)|id=94	experience.txt:Level; experience.txt:Amazon（官方 8 职业同值）; experience.txt:ExpRatio	client/Assets/StreamingAssets/Table/Experience.tsv:95	数值相等
4506	tbl:Experience(99 id)|id=95	experience.txt:Level; experience.txt:Amazon（官方 8 职业同值）; experience.txt:ExpRatio	client/Assets/StreamingAssets/Table/Experience.tsv:96	数值相等
4507	tbl:Experience(99 id)|id=96	experience.txt:Level; experience.txt:Amazon（官方 8 职业同值）; experience.txt:ExpRatio	client/Assets/StreamingAssets/Table/Experience.tsv:97	数值相等
4508	tbl:Experience(99 id)|id=97	experience.txt:Level; experience.txt:Amazon（官方 8 职业同值）; experience.txt:ExpRatio	client/Assets/StreamingAssets/Table/Experience.tsv:98	数值相等
4509	tbl:Experience(99 id)|id=98	experience.txt:Level; experience.txt:Amazon（官方 8 职业同值）; experience.txt:ExpRatio	client/Assets/StreamingAssets/Table/Experience.tsv:99	数值相等
4510	tbl:Experience(99 id)|id=99	experience.txt:Level; experience.txt:Amazon（官方 8 职业同值）; experience.txt:ExpRatio	client/Assets/StreamingAssets/Table/Experience.tsv:100	数值相等
4513	tbl:Item(137 id)|id=1	Weapons|Armor|Misc.txt:code; 行来自哪张官方表（weap/armo/misc）; Weapons|Armor|Misc.txt:type; Weapons|Armor|Misc.txt:type2（空 ⇒ wclass）; …:invwidth; …:invheight; …:levelreq; …:level; …:reqstr; …:reqdex; …:mindam（两侧皆 0 ⇒ 回退 2handmindam）; …:maxdam（两侧皆 0 ⇒ 回退 2handmaxdam）; …:2handmindam; …:2handmaxdam; Weapons.txt:StrBonus（Armor/Misc 无此列 ⇒ 0）; Weapons.txt:DexBonus（Armor/Misc 无此列 ⇒ 0）; …:minmisdam; …:maxmisdam; …:minac; …:maxac; …:block; …:cost; …:stackable; …:minstack; …:maxstack; …:2handed; …:1or2handed; …:speed; …:gemsockets; …:belt; …:quest	client/Assets/StreamingAssets/Table/Item.tsv:2	公式求值相等
4514	tbl:Item(137 id)|id=2	Weapons|Armor|Misc.txt:code; 行来自哪张官方表（weap/armo/misc）; Weapons|Armor|Misc.txt:type; Weapons|Armor|Misc.txt:type2（空 ⇒ wclass）; …:invwidth; …:invheight; …:levelreq; …:level; …:reqstr; …:reqdex; …:mindam（两侧皆 0 ⇒ 回退 2handmindam）; …:maxdam（两侧皆 0 ⇒ 回退 2handmaxdam）; …:2handmindam; …:2handmaxdam; Weapons.txt:StrBonus（Armor/Misc 无此列 ⇒ 0）; Weapons.txt:DexBonus（Armor/Misc 无此列 ⇒ 0）; …:minmisdam; …:maxmisdam; …:minac; …:maxac; …:block; …:cost; …:stackable; …:minstack; …:maxstack; …:2handed; …:1or2handed; …:speed; …:gemsockets; …:belt; …:quest	client/Assets/StreamingAssets/Table/Item.tsv:3	公式求值相等
4515	tbl:Item(137 id)|id=3	Weapons|Armor|Misc.txt:code; 行来自哪张官方表（weap/armo/misc）; Weapons|Armor|Misc.txt:type; Weapons|Armor|Misc.txt:type2（空 ⇒ wclass）; …:invwidth; …:invheight; …:levelreq; …:level; …:reqstr; …:reqdex; …:mindam（两侧皆 0 ⇒ 回退 2handmindam）; …:maxdam（两侧皆 0 ⇒ 回退 2handmaxdam）; …:2handmindam; …:2handmaxdam; Weapons.txt:StrBonus（Armor/Misc 无此列 ⇒ 0）; Weapons.txt:DexBonus（Armor/Misc 无此列 ⇒ 0）; …:minmisdam; …:maxmisdam; …:minac; …:maxac; …:block; …:cost; …:stackable; …:minstack; …:maxstack; …:2handed; …:1or2handed; …:speed; …:gemsockets; …:belt; …:quest	client/Assets/StreamingAssets/Table/Item.tsv:4	公式求值相等
4516	tbl:Item(137 id)|id=4	Weapons|Armor|Misc.txt:code; 行来自哪张官方表（weap/armo/misc）; Weapons|Armor|Misc.txt:type; Weapons|Armor|Misc.txt:type2（空 ⇒ wclass）; …:invwidth; …:invheight; …:levelreq; …:level; …:reqstr; …:reqdex; …:mindam（两侧皆 0 ⇒ 回退 2handmindam）; …:maxdam（两侧皆 0 ⇒ 回退 2handmaxdam）; …:2handmindam; …:2handmaxdam; Weapons.txt:StrBonus（Armor/Misc 无此列 ⇒ 0）; Weapons.txt:DexBonus（Armor/Misc 无此列 ⇒ 0）; …:minmisdam; …:maxmisdam; …:minac; …:maxac; …:block; …:cost; …:stackable; …:minstack; …:maxstack; …:2handed; …:1or2handed; …:speed; …:gemsockets; …:belt; …:quest	client/Assets/StreamingAssets/Table/Item.tsv:5	公式求值相等
4517	tbl:Item(137 id)|id=5	Weapons|Armor|Misc.txt:code; 行来自哪张官方表（weap/armo/misc）; Weapons|Armor|Misc.txt:type; Weapons|Armor|Misc.txt:type2（空 ⇒ wclass）; …:invwidth; …:invheight; …:levelreq; …:level; …:reqstr; …:reqdex; …:mindam（两侧皆 0 ⇒ 回退 2handmindam）; …:maxdam（两侧皆 0 ⇒ 回退 2handmaxdam）; …:2handmindam; …:2handmaxdam; Weapons.txt:StrBonus（Armor/Misc 无此列 ⇒ 0）; Weapons.txt:DexBonus（Armor/Misc 无此列 ⇒ 0）; …:minmisdam; …:maxmisdam; …:minac; …:maxac; …:block; …:cost; …:stackable; …:minstack; …:maxstack; …:2handed; …:1or2handed; …:speed; …:gemsockets; …:belt; …:quest	client/Assets/StreamingAssets/Table/Item.tsv:6	公式求值相等
4518	tbl:Item(137 id)|id=6	Weapons|Armor|Misc.txt:code; 行来自哪张官方表（weap/armo/misc）; Weapons|Armor|Misc.txt:type; Weapons|Armor|Misc.txt:type2（空 ⇒ wclass）; …:invwidth; …:invheight; …:levelreq; …:level; …:reqstr; …:reqdex; …:mindam（两侧皆 0 ⇒ 回退 2handmindam）; …:maxdam（两侧皆 0 ⇒ 回退 2handmaxdam）; …:2handmindam; …:2handmaxdam; Weapons.txt:StrBonus（Armor/Misc 无此列 ⇒ 0）; Weapons.txt:DexBonus（Armor/Misc 无此列 ⇒ 0）; …:minmisdam; …:maxmisdam; …:minac; …:maxac; …:block; …:cost; …:stackable; …:minstack; …:maxstack; …:2handed; …:1or2handed; …:speed; …:gemsockets; …:belt; …:quest	client/Assets/StreamingAssets/Table/Item.tsv:7	公式求值相等
4519	tbl:Item(137 id)|id=7	Weapons|Armor|Misc.txt:code; 行来自哪张官方表（weap/armo/misc）; Weapons|Armor|Misc.txt:type; Weapons|Armor|Misc.txt:type2（空 ⇒ wclass）; …:invwidth; …:invheight; …:levelreq; …:level; …:reqstr; …:reqdex; …:mindam（两侧皆 0 ⇒ 回退 2handmindam）; …:maxdam（两侧皆 0 ⇒ 回退 2handmaxdam）; …:2handmindam; …:2handmaxdam; Weapons.txt:StrBonus（Armor/Misc 无此列 ⇒ 0）; Weapons.txt:DexBonus（Armor/Misc 无此列 ⇒ 0）; …:minmisdam; …:maxmisdam; …:minac; …:maxac; …:block; …:cost; …:stackable; …:minstack; …:maxstack; …:2handed; …:1or2handed; …:speed; …:gemsockets; …:belt; …:quest	client/Assets/StreamingAssets/Table/Item.tsv:8	公式求值相等
4520	tbl:Item(137 id)|id=8	Weapons|Armor|Misc.txt:code; 行来自哪张官方表（weap/armo/misc）; Weapons|Armor|Misc.txt:type; Weapons|Armor|Misc.txt:type2（空 ⇒ wclass）; …:invwidth; …:invheight; …:levelreq; …:level; …:reqstr; …:reqdex; …:mindam（两侧皆 0 ⇒ 回退 2handmindam）; …:maxdam（两侧皆 0 ⇒ 回退 2handmaxdam）; …:2handmindam; …:2handmaxdam; Weapons.txt:StrBonus（Armor/Misc 无此列 ⇒ 0）; Weapons.txt:DexBonus（Armor/Misc 无此列 ⇒ 0）; …:minmisdam; …:maxmisdam; …:minac; …:maxac; …:block; …:cost; …:stackable; …:minstack; …:maxstack; …:2handed; …:1or2handed; …:speed; …:gemsockets; …:belt; …:quest	client/Assets/StreamingAssets/Table/Item.tsv:9	公式求值相等
4521	tbl:Item(137 id)|id=9	Weapons|Armor|Misc.txt:code; 行来自哪张官方表（weap/armo/misc）; Weapons|Armor|Misc.txt:type; Weapons|Armor|Misc.txt:type2（空 ⇒ wclass）; …:invwidth; …:invheight; …:levelreq; …:level; …:reqstr; …:reqdex; …:mindam（两侧皆 0 ⇒ 回退 2handmindam）; …:maxdam（两侧皆 0 ⇒ 回退 2handmaxdam）; …:2handmindam; …:2handmaxdam; Weapons.txt:StrBonus（Armor/Misc 无此列 ⇒ 0）; Weapons.txt:DexBonus（Armor/Misc 无此列 ⇒ 0）; …:minmisdam; …:maxmisdam; …:minac; …:maxac; …:block; …:cost; …:stackable; …:minstack; …:maxstack; …:2handed; …:1or2handed; …:speed; …:gemsockets; …:belt; …:quest	client/Assets/StreamingAssets/Table/Item.tsv:10	公式求值相等
4522	tbl:Item(137 id)|id=10	Weapons|Armor|Misc.txt:code; 行来自哪张官方表（weap/armo/misc）; Weapons|Armor|Misc.txt:type; Weapons|Armor|Misc.txt:type2（空 ⇒ wclass）; …:invwidth; …:invheight; …:levelreq; …:level; …:reqstr; …:reqdex; …:mindam（两侧皆 0 ⇒ 回退 2handmindam）; …:maxdam（两侧皆 0 ⇒ 回退 2handmaxdam）; …:2handmindam; …:2handmaxdam; Weapons.txt:StrBonus（Armor/Misc 无此列 ⇒ 0）; Weapons.txt:DexBonus（Armor/Misc 无此列 ⇒ 0）; …:minmisdam; …:maxmisdam; …:minac; …:maxac; …:block; …:cost; …:stackable; …:minstack; …:maxstack; …:2handed; …:1or2handed; …:speed; …:gemsockets; …:belt; …:quest	client/Assets/StreamingAssets/Table/Item.tsv:11	公式求值相等
4523	tbl:Item(137 id)|id=11	Weapons|Armor|Misc.txt:code; 行来自哪张官方表（weap/armo/misc）; Weapons|Armor|Misc.txt:type; Weapons|Armor|Misc.txt:type2（空 ⇒ wclass）; …:invwidth; …:invheight; …:levelreq; …:level; …:reqstr; …:reqdex; …:mindam（两侧皆 0 ⇒ 回退 2handmindam）; …:maxdam（两侧皆 0 ⇒ 回退 2handmaxdam）; …:2handmindam; …:2handmaxdam; Weapons.txt:StrBonus（Armor/Misc 无此列 ⇒ 0）; Weapons.txt:DexBonus（Armor/Misc 无此列 ⇒ 0）; …:minmisdam; …:maxmisdam; …:minac; …:maxac; …:block; …:cost; …:stackable; …:minstack; …:maxstack; …:2handed; …:1or2handed; …:speed; …:gemsockets; …:belt; …:quest	client/Assets/StreamingAssets/Table/Item.tsv:12	公式求值相等
4524	tbl:Item(137 id)|id=12	Weapons|Armor|Misc.txt:code; 行来自哪张官方表（weap/armo/misc）; Weapons|Armor|Misc.txt:type; Weapons|Armor|Misc.txt:type2（空 ⇒ wclass）; …:invwidth; …:invheight; …:levelreq; …:level; …:reqstr; …:reqdex; …:mindam（两侧皆 0 ⇒ 回退 2handmindam）; …:maxdam（两侧皆 0 ⇒ 回退 2handmaxdam）; …:2handmindam; …:2handmaxdam; Weapons.txt:StrBonus（Armor/Misc 无此列 ⇒ 0）; Weapons.txt:DexBonus（Armor/Misc 无此列 ⇒ 0）; …:minmisdam; …:maxmisdam; …:minac; …:maxac; …:block; …:cost; …:stackable; …:minstack; …:maxstack; …:2handed; …:1or2handed; …:speed; …:gemsockets; …:belt; …:quest	client/Assets/StreamingAssets/Table/Item.tsv:13	公式求值相等
4525	tbl:Item(137 id)|id=13	Weapons|Armor|Misc.txt:code; 行来自哪张官方表（weap/armo/misc）; Weapons|Armor|Misc.txt:type; Weapons|Armor|Misc.txt:type2（空 ⇒ wclass）; …:invwidth; …:invheight; …:levelreq; …:level; …:reqstr; …:reqdex; …:mindam（两侧皆 0 ⇒ 回退 2handmindam）; …:maxdam（两侧皆 0 ⇒ 回退 2handmaxdam）; …:2handmindam; …:2handmaxdam; Weapons.txt:StrBonus（Armor/Misc 无此列 ⇒ 0）; Weapons.txt:DexBonus（Armor/Misc 无此列 ⇒ 0）; …:minmisdam; …:maxmisdam; …:minac; …:maxac; …:block; …:cost; …:stackable; …:minstack; …:maxstack; …:2handed; …:1or2handed; …:speed; …:gemsockets; …:belt; …:quest	client/Assets/StreamingAssets/Table/Item.tsv:14	公式求值相等
4526	tbl:Item(137 id)|id=14	Weapons|Armor|Misc.txt:code; 行来自哪张官方表（weap/armo/misc）; Weapons|Armor|Misc.txt:type; Weapons|Armor|Misc.txt:type2（空 ⇒ wclass）; …:invwidth; …:invheight; …:levelreq; …:level; …:reqstr; …:reqdex; …:mindam（两侧皆 0 ⇒ 回退 2handmindam）; …:maxdam（两侧皆 0 ⇒ 回退 2handmaxdam）; …:2handmindam; …:2handmaxdam; Weapons.txt:StrBonus（Armor/Misc 无此列 ⇒ 0）; Weapons.txt:DexBonus（Armor/Misc 无此列 ⇒ 0）; …:minmisdam; …:maxmisdam; …:minac; …:maxac; …:block; …:cost; …:stackable; …:minstack; …:maxstack; …:2handed; …:1or2handed; …:speed; …:gemsockets; …:belt; …:quest	client/Assets/StreamingAssets/Table/Item.tsv:15	公式求值相等
4527	tbl:Item(137 id)|id=15	Weapons|Armor|Misc.txt:code; 行来自哪张官方表（weap/armo/misc）; Weapons|Armor|Misc.txt:type; Weapons|Armor|Misc.txt:type2（空 ⇒ wclass）; …:invwidth; …:invheight; …:levelreq; …:level; …:reqstr; …:reqdex; …:mindam（两侧皆 0 ⇒ 回退 2handmindam）; …:maxdam（两侧皆 0 ⇒ 回退 2handmaxdam）; …:2handmindam; …:2handmaxdam; Weapons.txt:StrBonus（Armor/Misc 无此列 ⇒ 0）; Weapons.txt:DexBonus（Armor/Misc 无此列 ⇒ 0）; …:minmisdam; …:maxmisdam; …:minac; …:maxac; …:block; …:cost; …:stackable; …:minstack; …:maxstack; …:2handed; …:1or2handed; …:speed; …:gemsockets; …:belt; …:quest	client/Assets/StreamingAssets/Table/Item.tsv:16	公式求值相等
4528	tbl:Item(137 id)|id=16	Weapons|Armor|Misc.txt:code; 行来自哪张官方表（weap/armo/misc）; Weapons|Armor|Misc.txt:type; Weapons|Armor|Misc.txt:type2（空 ⇒ wclass）; …:invwidth; …:invheight; …:levelreq; …:level; …:reqstr; …:reqdex; …:mindam（两侧皆 0 ⇒ 回退 2handmindam）; …:maxdam（两侧皆 0 ⇒ 回退 2handmaxdam）; …:2handmindam; …:2handmaxdam; Weapons.txt:StrBonus（Armor/Misc 无此列 ⇒ 0）; Weapons.txt:DexBonus（Armor/Misc 无此列 ⇒ 0）; …:minmisdam; …:maxmisdam; …:minac; …:maxac; …:block; …:cost; …:stackable; …:minstack; …:maxstack; …:2handed; …:1or2handed; …:speed; …:gemsockets; …:belt; …:quest	client/Assets/StreamingAssets/Table/Item.tsv:17	公式求值相等
4529	tbl:Item(137 id)|id=17	Weapons|Armor|Misc.txt:code; 行来自哪张官方表（weap/armo/misc）; Weapons|Armor|Misc.txt:type; Weapons|Armor|Misc.txt:type2（空 ⇒ wclass）; …:invwidth; …:invheight; …:levelreq; …:level; …:reqstr; …:reqdex; …:mindam（两侧皆 0 ⇒ 回退 2handmindam）; …:maxdam（两侧皆 0 ⇒ 回退 2handmaxdam）; …:2handmindam; …:2handmaxdam; Weapons.txt:StrBonus（Armor/Misc 无此列 ⇒ 0）; Weapons.txt:DexBonus（Armor/Misc 无此列 ⇒ 0）; …:minmisdam; …:maxmisdam; …:minac; …:maxac; …:block; …:cost; …:stackable; …:minstack; …:maxstack; …:2handed; …:1or2handed; …:speed; …:gemsockets; …:belt; …:quest	client/Assets/StreamingAssets/Table/Item.tsv:18	公式求值相等
4530	tbl:Item(137 id)|id=18	Weapons|Armor|Misc.txt:code; 行来自哪张官方表（weap/armo/misc）; Weapons|Armor|Misc.txt:type; Weapons|Armor|Misc.txt:type2（空 ⇒ wclass）; …:invwidth; …:invheight; …:levelreq; …:level; …:reqstr; …:reqdex; …:mindam（两侧皆 0 ⇒ 回退 2handmindam）; …:maxdam（两侧皆 0 ⇒ 回退 2handmaxdam）; …:2handmindam; …:2handmaxdam; Weapons.txt:StrBonus（Armor/Misc 无此列 ⇒ 0）; Weapons.txt:DexBonus（Armor/Misc 无此列 ⇒ 0）; …:minmisdam; …:maxmisdam; …:minac; …:maxac; …:block; …:cost; …:stackable; …:minstack; …:maxstack; …:2handed; …:1or2handed; …:speed; …:gemsockets; …:belt; …:quest	client/Assets/StreamingAssets/Table/Item.tsv:19	公式求值相等
4531	tbl:Item(137 id)|id=19	Weapons|Armor|Misc.txt:code; 行来自哪张官方表（weap/armo/misc）; Weapons|Armor|Misc.txt:type; Weapons|Armor|Misc.txt:type2（空 ⇒ wclass）; …:invwidth; …:invheight; …:levelreq; …:level; …:reqstr; …:reqdex; …:mindam（两侧皆 0 ⇒ 回退 2handmindam）; …:maxdam（两侧皆 0 ⇒ 回退 2handmaxdam）; …:2handmindam; …:2handmaxdam; Weapons.txt:StrBonus（Armor/Misc 无此列 ⇒ 0）; Weapons.txt:DexBonus（Armor/Misc 无此列 ⇒ 0）; …:minmisdam; …:maxmisdam; …:minac; …:maxac; …:block; …:cost; …:stackable; …:minstack; …:maxstack; …:2handed; …:1or2handed; …:speed; …:gemsockets; …:belt; …:quest	client/Assets/StreamingAssets/Table/Item.tsv:20	公式求值相等
4532	tbl:Item(137 id)|id=20	Weapons|Armor|Misc.txt:code; 行来自哪张官方表（weap/armo/misc）; Weapons|Armor|Misc.txt:type; Weapons|Armor|Misc.txt:type2（空 ⇒ wclass）; …:invwidth; …:invheight; …:levelreq; …:level; …:reqstr; …:reqdex; …:mindam（两侧皆 0 ⇒ 回退 2handmindam）; …:maxdam（两侧皆 0 ⇒ 回退 2handmaxdam）; …:2handmindam; …:2handmaxdam; Weapons.txt:StrBonus（Armor/Misc 无此列 ⇒ 0）; Weapons.txt:DexBonus（Armor/Misc 无此列 ⇒ 0）; …:minmisdam; …:maxmisdam; …:minac; …:maxac; …:block; …:cost; …:stackable; …:minstack; …:maxstack; …:2handed; …:1or2handed; …:speed; …:gemsockets; …:belt; …:quest	client/Assets/StreamingAssets/Table/Item.tsv:21	公式求值相等
4533	tbl:Item(137 id)|id=21	Weapons|Armor|Misc.txt:code; 行来自哪张官方表（weap/armo/misc）; Weapons|Armor|Misc.txt:type; Weapons|Armor|Misc.txt:type2（空 ⇒ wclass）; …:invwidth; …:invheight; …:levelreq; …:level; …:reqstr; …:reqdex; …:mindam（两侧皆 0 ⇒ 回退 2handmindam）; …:maxdam（两侧皆 0 ⇒ 回退 2handmaxdam）; …:2handmindam; …:2handmaxdam; Weapons.txt:StrBonus（Armor/Misc 无此列 ⇒ 0）; Weapons.txt:DexBonus（Armor/Misc 无此列 ⇒ 0）; …:minmisdam; …:maxmisdam; …:minac; …:maxac; …:block; …:cost; …:stackable; …:minstack; …:maxstack; …:2handed; …:1or2handed; …:speed; …:gemsockets; …:belt; …:quest	client/Assets/StreamingAssets/Table/Item.tsv:22	公式求值相等
4534	tbl:Item(137 id)|id=22	Weapons|Armor|Misc.txt:code; 行来自哪张官方表（weap/armo/misc）; Weapons|Armor|Misc.txt:type; Weapons|Armor|Misc.txt:type2（空 ⇒ wclass）; …:invwidth; …:invheight; …:levelreq; …:level; …:reqstr; …:reqdex; …:mindam（两侧皆 0 ⇒ 回退 2handmindam）; …:maxdam（两侧皆 0 ⇒ 回退 2handmaxdam）; …:2handmindam; …:2handmaxdam; Weapons.txt:StrBonus（Armor/Misc 无此列 ⇒ 0）; Weapons.txt:DexBonus（Armor/Misc 无此列 ⇒ 0）; …:minmisdam; …:maxmisdam; …:minac; …:maxac; …:block; …:cost; …:stackable; …:minstack; …:maxstack; …:2handed; …:1or2handed; …:speed; …:gemsockets; …:belt; …:quest	client/Assets/StreamingAssets/Table/Item.tsv:23	公式求值相等
4535	tbl:Item(137 id)|id=23	Weapons|Armor|Misc.txt:code; 行来自哪张官方表（weap/armo/misc）; Weapons|Armor|Misc.txt:type; Weapons|Armor|Misc.txt:type2（空 ⇒ wclass）; …:invwidth; …:invheight; …:levelreq; …:level; …:reqstr; …:reqdex; …:mindam（两侧皆 0 ⇒ 回退 2handmindam）; …:maxdam（两侧皆 0 ⇒ 回退 2handmaxdam）; …:2handmindam; …:2handmaxdam; Weapons.txt:StrBonus（Armor/Misc 无此列 ⇒ 0）; Weapons.txt:DexBonus（Armor/Misc 无此列 ⇒ 0）; …:minmisdam; …:maxmisdam; …:minac; …:maxac; …:block; …:cost; …:stackable; …:minstack; …:maxstack; …:2handed; …:1or2handed; …:speed; …:gemsockets; …:belt; …:quest	client/Assets/StreamingAssets/Table/Item.tsv:24	公式求值相等
4536	tbl:Item(137 id)|id=24	Weapons|Armor|Misc.txt:code; 行来自哪张官方表（weap/armo/misc）; Weapons|Armor|Misc.txt:type; Weapons|Armor|Misc.txt:type2（空 ⇒ wclass）; …:invwidth; …:invheight; …:levelreq; …:level; …:reqstr; …:reqdex; …:mindam（两侧皆 0 ⇒ 回退 2handmindam）; …:maxdam（两侧皆 0 ⇒ 回退 2handmaxdam）; …:2handmindam; …:2handmaxdam; Weapons.txt:StrBonus（Armor/Misc 无此列 ⇒ 0）; Weapons.txt:DexBonus（Armor/Misc 无此列 ⇒ 0）; …:minmisdam; …:maxmisdam; …:minac; …:maxac; …:block; …:cost; …:stackable; …:minstack; …:maxstack; …:2handed; …:1or2handed; …:speed; …:gemsockets; …:belt; …:quest	client/Assets/StreamingAssets/Table/Item.tsv:25	公式求值相等
4537	tbl:Item(137 id)|id=25	Weapons|Armor|Misc.txt:code; 行来自哪张官方表（weap/armo/misc）; Weapons|Armor|Misc.txt:type; Weapons|Armor|Misc.txt:type2（空 ⇒ wclass）; …:invwidth; …:invheight; …:levelreq; …:level; …:reqstr; …:reqdex; …:mindam（两侧皆 0 ⇒ 回退 2handmindam）; …:maxdam（两侧皆 0 ⇒ 回退 2handmaxdam）; …:2handmindam; …:2handmaxdam; Weapons.txt:StrBonus（Armor/Misc 无此列 ⇒ 0）; Weapons.txt:DexBonus（Armor/Misc 无此列 ⇒ 0）; …:minmisdam; …:maxmisdam; …:minac; …:maxac; …:block; …:cost; …:stackable; …:minstack; …:maxstack; …:2handed; …:1or2handed; …:speed; …:gemsockets; …:belt; …:quest	client/Assets/StreamingAssets/Table/Item.tsv:26	公式求值相等
4538	tbl:Item(137 id)|id=26	Weapons|Armor|Misc.txt:code; 行来自哪张官方表（weap/armo/misc）; Weapons|Armor|Misc.txt:type; Weapons|Armor|Misc.txt:type2（空 ⇒ wclass）; …:invwidth; …:invheight; …:levelreq; …:level; …:reqstr; …:reqdex; …:mindam（两侧皆 0 ⇒ 回退 2handmindam）; …:maxdam（两侧皆 0 ⇒ 回退 2handmaxdam）; …:2handmindam; …:2handmaxdam; Weapons.txt:StrBonus（Armor/Misc 无此列 ⇒ 0）; Weapons.txt:DexBonus（Armor/Misc 无此列 ⇒ 0）; …:minmisdam; …:maxmisdam; …:minac; …:maxac; …:block; …:cost; …:stackable; …:minstack; …:maxstack; …:2handed; …:1or2handed; …:speed; …:gemsockets; …:belt; …:quest	client/Assets/StreamingAssets/Table/Item.tsv:27	公式求值相等
4539	tbl:Item(137 id)|id=27	Weapons|Armor|Misc.txt:code; 行来自哪张官方表（weap/armo/misc）; Weapons|Armor|Misc.txt:type; Weapons|Armor|Misc.txt:type2（空 ⇒ wclass）; …:invwidth; …:invheight; …:levelreq; …:level; …:reqstr; …:reqdex; …:mindam（两侧皆 0 ⇒ 回退 2handmindam）; …:maxdam（两侧皆 0 ⇒ 回退 2handmaxdam）; …:2handmindam; …:2handmaxdam; Weapons.txt:StrBonus（Armor/Misc 无此列 ⇒ 0）; Weapons.txt:DexBonus（Armor/Misc 无此列 ⇒ 0）; …:minmisdam; …:maxmisdam; …:minac; …:maxac; …:block; …:cost; …:stackable; …:minstack; …:maxstack; …:2handed; …:1or2handed; …:speed; …:gemsockets; …:belt; …:quest	client/Assets/StreamingAssets/Table/Item.tsv:28	公式求值相等
4540	tbl:Item(137 id)|id=28	Weapons|Armor|Misc.txt:code; 行来自哪张官方表（weap/armo/misc）; Weapons|Armor|Misc.txt:type; Weapons|Armor|Misc.txt:type2（空 ⇒ wclass）; …:invwidth; …:invheight; …:levelreq; …:level; …:reqstr; …:reqdex; …:mindam（两侧皆 0 ⇒ 回退 2handmindam）; …:maxdam（两侧皆 0 ⇒ 回退 2handmaxdam）; …:2handmindam; …:2handmaxdam; Weapons.txt:StrBonus（Armor/Misc 无此列 ⇒ 0）; Weapons.txt:DexBonus（Armor/Misc 无此列 ⇒ 0）; …:minmisdam; …:maxmisdam; …:minac; …:maxac; …:block; …:cost; …:stackable; …:minstack; …:maxstack; …:2handed; …:1or2handed; …:speed; …:gemsockets; …:belt; …:quest	client/Assets/StreamingAssets/Table/Item.tsv:29	公式求值相等
4541	tbl:Item(137 id)|id=29	Weapons|Armor|Misc.txt:code; 行来自哪张官方表（weap/armo/misc）; Weapons|Armor|Misc.txt:type; Weapons|Armor|Misc.txt:type2（空 ⇒ wclass）; …:invwidth; …:invheight; …:levelreq; …:level; …:reqstr; …:reqdex; …:mindam（两侧皆 0 ⇒ 回退 2handmindam）; …:maxdam（两侧皆 0 ⇒ 回退 2handmaxdam）; …:2handmindam; …:2handmaxdam; Weapons.txt:StrBonus（Armor/Misc 无此列 ⇒ 0）; Weapons.txt:DexBonus（Armor/Misc 无此列 ⇒ 0）; …:minmisdam; …:maxmisdam; …:minac; …:maxac; …:block; …:cost; …:stackable; …:minstack; …:maxstack; …:2handed; …:1or2handed; …:speed; …:gemsockets; …:belt; …:quest	client/Assets/StreamingAssets/Table/Item.tsv:30	公式求值相等
4542	tbl:Item(137 id)|id=30	Weapons|Armor|Misc.txt:code; 行来自哪张官方表（weap/armo/misc）; Weapons|Armor|Misc.txt:type; Weapons|Armor|Misc.txt:type2（空 ⇒ wclass）; …:invwidth; …:invheight; …:levelreq; …:level; …:reqstr; …:reqdex; …:mindam（两侧皆 0 ⇒ 回退 2handmindam）; …:maxdam（两侧皆 0 ⇒ 回退 2handmaxdam）; …:2handmindam; …:2handmaxdam; Weapons.txt:StrBonus（Armor/Misc 无此列 ⇒ 0）; Weapons.txt:DexBonus（Armor/Misc 无此列 ⇒ 0）; …:minmisdam; …:maxmisdam; …:minac; …:maxac; …:block; …:cost; …:stackable; …:minstack; …:maxstack; …:2handed; …:1or2handed; …:speed; …:gemsockets; …:belt; …:quest	client/Assets/StreamingAssets/Table/Item.tsv:31	公式求值相等
4543	tbl:Item(137 id)|id=31	Weapons|Armor|Misc.txt:code; 行来自哪张官方表（weap/armo/misc）; Weapons|Armor|Misc.txt:type; Weapons|Armor|Misc.txt:type2（空 ⇒ wclass）; …:invwidth; …:invheight; …:levelreq; …:level; …:reqstr; …:reqdex; …:mindam（两侧皆 0 ⇒ 回退 2handmindam）; …:maxdam（两侧皆 0 ⇒ 回退 2handmaxdam）; …:2handmindam; …:2handmaxdam; Weapons.txt:StrBonus（Armor/Misc 无此列 ⇒ 0）; Weapons.txt:DexBonus（Armor/Misc 无此列 ⇒ 0）; …:minmisdam; …:maxmisdam; …:minac; …:maxac; …:block; …:cost; …:stackable; …:minstack; …:maxstack; …:2handed; …:1or2handed; …:speed; …:gemsockets; …:belt; …:quest	client/Assets/StreamingAssets/Table/Item.tsv:32	公式求值相等
4544	tbl:Item(137 id)|id=32	Weapons|Armor|Misc.txt:code; 行来自哪张官方表（weap/armo/misc）; Weapons|Armor|Misc.txt:type; Weapons|Armor|Misc.txt:type2（空 ⇒ wclass）; …:invwidth; …:invheight; …:levelreq; …:level; …:reqstr; …:reqdex; …:mindam（两侧皆 0 ⇒ 回退 2handmindam）; …:maxdam（两侧皆 0 ⇒ 回退 2handmaxdam）; …:2handmindam; …:2handmaxdam; Weapons.txt:StrBonus（Armor/Misc 无此列 ⇒ 0）; Weapons.txt:DexBonus（Armor/Misc 无此列 ⇒ 0）; …:minmisdam; …:maxmisdam; …:minac; …:maxac; …:block; …:cost; …:stackable; …:minstack; …:maxstack; …:2handed; …:1or2handed; …:speed; …:gemsockets; …:belt; …:quest	client/Assets/StreamingAssets/Table/Item.tsv:33	公式求值相等
4545	tbl:Item(137 id)|id=33	Weapons|Armor|Misc.txt:code; 行来自哪张官方表（weap/armo/misc）; Weapons|Armor|Misc.txt:type; Weapons|Armor|Misc.txt:type2（空 ⇒ wclass）; …:invwidth; …:invheight; …:levelreq; …:level; …:reqstr; …:reqdex; …:mindam（两侧皆 0 ⇒ 回退 2handmindam）; …:maxdam（两侧皆 0 ⇒ 回退 2handmaxdam）; …:2handmindam; …:2handmaxdam; Weapons.txt:StrBonus（Armor/Misc 无此列 ⇒ 0）; Weapons.txt:DexBonus（Armor/Misc 无此列 ⇒ 0）; …:minmisdam; …:maxmisdam; …:minac; …:maxac; …:block; …:cost; …:stackable; …:minstack; …:maxstack; …:2handed; …:1or2handed; …:speed; …:gemsockets; …:belt; …:quest	client/Assets/StreamingAssets/Table/Item.tsv:34	公式求值相等
4546	tbl:Item(137 id)|id=34	Weapons|Armor|Misc.txt:code; 行来自哪张官方表（weap/armo/misc）; Weapons|Armor|Misc.txt:type; Weapons|Armor|Misc.txt:type2（空 ⇒ wclass）; …:invwidth; …:invheight; …:levelreq; …:level; …:reqstr; …:reqdex; …:mindam（两侧皆 0 ⇒ 回退 2handmindam）; …:maxdam（两侧皆 0 ⇒ 回退 2handmaxdam）; …:2handmindam; …:2handmaxdam; Weapons.txt:StrBonus（Armor/Misc 无此列 ⇒ 0）; Weapons.txt:DexBonus（Armor/Misc 无此列 ⇒ 0）; …:minmisdam; …:maxmisdam; …:minac; …:maxac; …:block; …:cost; …:stackable; …:minstack; …:maxstack; …:2handed; …:1or2handed; …:speed; …:gemsockets; …:belt; …:quest	client/Assets/StreamingAssets/Table/Item.tsv:35	公式求值相等
4547	tbl:Item(137 id)|id=35	Weapons|Armor|Misc.txt:code; 行来自哪张官方表（weap/armo/misc）; Weapons|Armor|Misc.txt:type; Weapons|Armor|Misc.txt:type2（空 ⇒ wclass）; …:invwidth; …:invheight; …:levelreq; …:level; …:reqstr; …:reqdex; …:mindam（两侧皆 0 ⇒ 回退 2handmindam）; …:maxdam（两侧皆 0 ⇒ 回退 2handmaxdam）; …:2handmindam; …:2handmaxdam; Weapons.txt:StrBonus（Armor/Misc 无此列 ⇒ 0）; Weapons.txt:DexBonus（Armor/Misc 无此列 ⇒ 0）; …:minmisdam; …:maxmisdam; …:minac; …:maxac; …:block; …:cost; …:stackable; …:minstack; …:maxstack; …:2handed; …:1or2handed; …:speed; …:gemsockets; …:belt; …:quest	client/Assets/StreamingAssets/Table/Item.tsv:36	公式求值相等
4548	tbl:Item(137 id)|id=36	Weapons|Armor|Misc.txt:code; 行来自哪张官方表（weap/armo/misc）; Weapons|Armor|Misc.txt:type; Weapons|Armor|Misc.txt:type2（空 ⇒ wclass）; …:invwidth; …:invheight; …:levelreq; …:level; …:reqstr; …:reqdex; …:mindam（两侧皆 0 ⇒ 回退 2handmindam）; …:maxdam（两侧皆 0 ⇒ 回退 2handmaxdam）; …:2handmindam; …:2handmaxdam; Weapons.txt:StrBonus（Armor/Misc 无此列 ⇒ 0）; Weapons.txt:DexBonus（Armor/Misc 无此列 ⇒ 0）; …:minmisdam; …:maxmisdam; …:minac; …:maxac; …:block; …:cost; …:stackable; …:minstack; …:maxstack; …:2handed; …:1or2handed; …:speed; …:gemsockets; …:belt; …:quest	client/Assets/StreamingAssets/Table/Item.tsv:37	公式求值相等
4549	tbl:Item(137 id)|id=37	Weapons|Armor|Misc.txt:code; 行来自哪张官方表（weap/armo/misc）; Weapons|Armor|Misc.txt:type; Weapons|Armor|Misc.txt:type2（空 ⇒ wclass）; …:invwidth; …:invheight; …:levelreq; …:level; …:reqstr; …:reqdex; …:mindam（两侧皆 0 ⇒ 回退 2handmindam）; …:maxdam（两侧皆 0 ⇒ 回退 2handmaxdam）; …:2handmindam; …:2handmaxdam; Weapons.txt:StrBonus（Armor/Misc 无此列 ⇒ 0）; Weapons.txt:DexBonus（Armor/Misc 无此列 ⇒ 0）; …:minmisdam; …:maxmisdam; …:minac; …:maxac; …:block; …:cost; …:stackable; …:minstack; …:maxstack; …:2handed; …:1or2handed; …:speed; …:gemsockets; …:belt; …:quest	client/Assets/StreamingAssets/Table/Item.tsv:38	公式求值相等
4550	tbl:Item(137 id)|id=38	Weapons|Armor|Misc.txt:code; 行来自哪张官方表（weap/armo/misc）; Weapons|Armor|Misc.txt:type; Weapons|Armor|Misc.txt:type2（空 ⇒ wclass）; …:invwidth; …:invheight; …:levelreq; …:level; …:reqstr; …:reqdex; …:mindam（两侧皆 0 ⇒ 回退 2handmindam）; …:maxdam（两侧皆 0 ⇒ 回退 2handmaxdam）; …:2handmindam; …:2handmaxdam; Weapons.txt:StrBonus（Armor/Misc 无此列 ⇒ 0）; Weapons.txt:DexBonus（Armor/Misc 无此列 ⇒ 0）; …:minmisdam; …:maxmisdam; …:minac; …:maxac; …:block; …:cost; …:stackable; …:minstack; …:maxstack; …:2handed; …:1or2handed; …:speed; …:gemsockets; …:belt; …:quest	client/Assets/StreamingAssets/Table/Item.tsv:39	公式求值相等
4551	tbl:Item(137 id)|id=39	Weapons|Armor|Misc.txt:code; 行来自哪张官方表（weap/armo/misc）; Weapons|Armor|Misc.txt:type; Weapons|Armor|Misc.txt:type2（空 ⇒ wclass）; …:invwidth; …:invheight; …:levelreq; …:level; …:reqstr; …:reqdex; …:mindam（两侧皆 0 ⇒ 回退 2handmindam）; …:maxdam（两侧皆 0 ⇒ 回退 2handmaxdam）; …:2handmindam; …:2handmaxdam; Weapons.txt:StrBonus（Armor/Misc 无此列 ⇒ 0）; Weapons.txt:DexBonus（Armor/Misc 无此列 ⇒ 0）; …:minmisdam; …:maxmisdam; …:minac; …:maxac; …:block; …:cost; …:stackable; …:minstack; …:maxstack; …:2handed; …:1or2handed; …:speed; …:gemsockets; …:belt; …:quest	client/Assets/StreamingAssets/Table/Item.tsv:40	公式求值相等
4552	tbl:Item(137 id)|id=40	Weapons|Armor|Misc.txt:code; 行来自哪张官方表（weap/armo/misc）; Weapons|Armor|Misc.txt:type; Weapons|Armor|Misc.txt:type2（空 ⇒ wclass）; …:invwidth; …:invheight; …:levelreq; …:level; …:reqstr; …:reqdex; …:mindam（两侧皆 0 ⇒ 回退 2handmindam）; …:maxdam（两侧皆 0 ⇒ 回退 2handmaxdam）; …:2handmindam; …:2handmaxdam; Weapons.txt:StrBonus（Armor/Misc 无此列 ⇒ 0）; Weapons.txt:DexBonus（Armor/Misc 无此列 ⇒ 0）; …:minmisdam; …:maxmisdam; …:minac; …:maxac; …:block; …:cost; …:stackable; …:minstack; …:maxstack; …:2handed; …:1or2handed; …:speed; …:gemsockets; …:belt; …:quest	client/Assets/StreamingAssets/Table/Item.tsv:41	公式求值相等
4553	tbl:Item(137 id)|id=41	Weapons|Armor|Misc.txt:code; 行来自哪张官方表（weap/armo/misc）; Weapons|Armor|Misc.txt:type; Weapons|Armor|Misc.txt:type2（空 ⇒ wclass）; …:invwidth; …:invheight; …:levelreq; …:level; …:reqstr; …:reqdex; …:mindam（两侧皆 0 ⇒ 回退 2handmindam）; …:maxdam（两侧皆 0 ⇒ 回退 2handmaxdam）; …:2handmindam; …:2handmaxdam; Weapons.txt:StrBonus（Armor/Misc 无此列 ⇒ 0）; Weapons.txt:DexBonus（Armor/Misc 无此列 ⇒ 0）; …:minmisdam; …:maxmisdam; …:minac; …:maxac; …:block; …:cost; …:stackable; …:minstack; …:maxstack; …:2handed; …:1or2handed; …:speed; …:gemsockets; …:belt; …:quest	client/Assets/StreamingAssets/Table/Item.tsv:42	公式求值相等
4554	tbl:Item(137 id)|id=42	Weapons|Armor|Misc.txt:code; 行来自哪张官方表（weap/armo/misc）; Weapons|Armor|Misc.txt:type; Weapons|Armor|Misc.txt:type2（空 ⇒ wclass）; …:invwidth; …:invheight; …:levelreq; …:level; …:reqstr; …:reqdex; …:mindam（两侧皆 0 ⇒ 回退 2handmindam）; …:maxdam（两侧皆 0 ⇒ 回退 2handmaxdam）; …:2handmindam; …:2handmaxdam; Weapons.txt:StrBonus（Armor/Misc 无此列 ⇒ 0）; Weapons.txt:DexBonus（Armor/Misc 无此列 ⇒ 0）; …:minmisdam; …:maxmisdam; …:minac; …:maxac; …:block; …:cost; …:stackable; …:minstack; …:maxstack; …:2handed; …:1or2handed; …:speed; …:gemsockets; …:belt; …:quest	client/Assets/StreamingAssets/Table/Item.tsv:43	公式求值相等
4555	tbl:Item(137 id)|id=43	Weapons|Armor|Misc.txt:code; 行来自哪张官方表（weap/armo/misc）; Weapons|Armor|Misc.txt:type; Weapons|Armor|Misc.txt:type2（空 ⇒ wclass）; …:invwidth; …:invheight; …:levelreq; …:level; …:reqstr; …:reqdex; …:mindam（两侧皆 0 ⇒ 回退 2handmindam）; …:maxdam（两侧皆 0 ⇒ 回退 2handmaxdam）; …:2handmindam; …:2handmaxdam; Weapons.txt:StrBonus（Armor/Misc 无此列 ⇒ 0）; Weapons.txt:DexBonus（Armor/Misc 无此列 ⇒ 0）; …:minmisdam; …:maxmisdam; …:minac; …:maxac; …:block; …:cost; …:stackable; …:minstack; …:maxstack; …:2handed; …:1or2handed; …:speed; …:gemsockets; …:belt; …:quest	client/Assets/StreamingAssets/Table/Item.tsv:44	公式求值相等
4556	tbl:Item(137 id)|id=44	Weapons|Armor|Misc.txt:code; 行来自哪张官方表（weap/armo/misc）; Weapons|Armor|Misc.txt:type; Weapons|Armor|Misc.txt:type2（空 ⇒ wclass）; …:invwidth; …:invheight; …:levelreq; …:level; …:reqstr; …:reqdex; …:mindam（两侧皆 0 ⇒ 回退 2handmindam）; …:maxdam（两侧皆 0 ⇒ 回退 2handmaxdam）; …:2handmindam; …:2handmaxdam; Weapons.txt:StrBonus（Armor/Misc 无此列 ⇒ 0）; Weapons.txt:DexBonus（Armor/Misc 无此列 ⇒ 0）; …:minmisdam; …:maxmisdam; …:minac; …:maxac; …:block; …:cost; …:stackable; …:minstack; …:maxstack; …:2handed; …:1or2handed; …:speed; …:gemsockets; …:belt; …:quest	client/Assets/StreamingAssets/Table/Item.tsv:45	公式求值相等
4557	tbl:Item(137 id)|id=45	Weapons|Armor|Misc.txt:code; 行来自哪张官方表（weap/armo/misc）; Weapons|Armor|Misc.txt:type; Weapons|Armor|Misc.txt:type2（空 ⇒ wclass）; …:invwidth; …:invheight; …:levelreq; …:level; …:reqstr; …:reqdex; …:mindam（两侧皆 0 ⇒ 回退 2handmindam）; …:maxdam（两侧皆 0 ⇒ 回退 2handmaxdam）; …:2handmindam; …:2handmaxdam; Weapons.txt:StrBonus（Armor/Misc 无此列 ⇒ 0）; Weapons.txt:DexBonus（Armor/Misc 无此列 ⇒ 0）; …:minmisdam; …:maxmisdam; …:minac; …:maxac; …:block; …:cost; …:stackable; …:minstack; …:maxstack; …:2handed; …:1or2handed; …:speed; …:gemsockets; …:belt; …:quest	client/Assets/StreamingAssets/Table/Item.tsv:46	公式求值相等
4558	tbl:Item(137 id)|id=46	Weapons|Armor|Misc.txt:code; 行来自哪张官方表（weap/armo/misc）; Weapons|Armor|Misc.txt:type; Weapons|Armor|Misc.txt:type2（空 ⇒ wclass）; …:invwidth; …:invheight; …:levelreq; …:level; …:reqstr; …:reqdex; …:mindam（两侧皆 0 ⇒ 回退 2handmindam）; …:maxdam（两侧皆 0 ⇒ 回退 2handmaxdam）; …:2handmindam; …:2handmaxdam; Weapons.txt:StrBonus（Armor/Misc 无此列 ⇒ 0）; Weapons.txt:DexBonus（Armor/Misc 无此列 ⇒ 0）; …:minmisdam; …:maxmisdam; …:minac; …:maxac; …:block; …:cost; …:stackable; …:minstack; …:maxstack; …:2handed; …:1or2handed; …:speed; …:gemsockets; …:belt; …:quest	client/Assets/StreamingAssets/Table/Item.tsv:47	公式求值相等
4559	tbl:Item(137 id)|id=47	Weapons|Armor|Misc.txt:code; 行来自哪张官方表（weap/armo/misc）; Weapons|Armor|Misc.txt:type; Weapons|Armor|Misc.txt:type2（空 ⇒ wclass）; …:invwidth; …:invheight; …:levelreq; …:level; …:reqstr; …:reqdex; …:mindam（两侧皆 0 ⇒ 回退 2handmindam）; …:maxdam（两侧皆 0 ⇒ 回退 2handmaxdam）; …:2handmindam; …:2handmaxdam; Weapons.txt:StrBonus（Armor/Misc 无此列 ⇒ 0）; Weapons.txt:DexBonus（Armor/Misc 无此列 ⇒ 0）; …:minmisdam; …:maxmisdam; …:minac; …:maxac; …:block; …:cost; …:stackable; …:minstack; …:maxstack; …:2handed; …:1or2handed; …:speed; …:gemsockets; …:belt; …:quest	client/Assets/StreamingAssets/Table/Item.tsv:48	公式求值相等
4560	tbl:Item(137 id)|id=48	Weapons|Armor|Misc.txt:code; 行来自哪张官方表（weap/armo/misc）; Weapons|Armor|Misc.txt:type; Weapons|Armor|Misc.txt:type2（空 ⇒ wclass）; …:invwidth; …:invheight; …:levelreq; …:level; …:reqstr; …:reqdex; …:mindam（两侧皆 0 ⇒ 回退 2handmindam）; …:maxdam（两侧皆 0 ⇒ 回退 2handmaxdam）; …:2handmindam; …:2handmaxdam; Weapons.txt:StrBonus（Armor/Misc 无此列 ⇒ 0）; Weapons.txt:DexBonus（Armor/Misc 无此列 ⇒ 0）; …:minmisdam; …:maxmisdam; …:minac; …:maxac; …:block; …:cost; …:stackable; …:minstack; …:maxstack; …:2handed; …:1or2handed; …:speed; …:gemsockets; …:belt; …:quest	client/Assets/StreamingAssets/Table/Item.tsv:49	公式求值相等
4561	tbl:Item(137 id)|id=49	Weapons|Armor|Misc.txt:code; 行来自哪张官方表（weap/armo/misc）; Weapons|Armor|Misc.txt:type; Weapons|Armor|Misc.txt:type2（空 ⇒ wclass）; …:invwidth; …:invheight; …:levelreq; …:level; …:reqstr; …:reqdex; …:mindam（两侧皆 0 ⇒ 回退 2handmindam）; …:maxdam（两侧皆 0 ⇒ 回退 2handmaxdam）; …:2handmindam; …:2handmaxdam; Weapons.txt:StrBonus（Armor/Misc 无此列 ⇒ 0）; Weapons.txt:DexBonus（Armor/Misc 无此列 ⇒ 0）; …:minmisdam; …:maxmisdam; …:minac; …:maxac; …:block; …:cost; …:stackable; …:minstack; …:maxstack; …:2handed; …:1or2handed; …:speed; …:gemsockets; …:belt; …:quest	client/Assets/StreamingAssets/Table/Item.tsv:50	公式求值相等
4562	tbl:Item(137 id)|id=50	Weapons|Armor|Misc.txt:code; 行来自哪张官方表（weap/armo/misc）; Weapons|Armor|Misc.txt:type; Weapons|Armor|Misc.txt:type2（空 ⇒ wclass）; …:invwidth; …:invheight; …:levelreq; …:level; …:reqstr; …:reqdex; …:mindam（两侧皆 0 ⇒ 回退 2handmindam）; …:maxdam（两侧皆 0 ⇒ 回退 2handmaxdam）; …:2handmindam; …:2handmaxdam; Weapons.txt:StrBonus（Armor/Misc 无此列 ⇒ 0）; Weapons.txt:DexBonus（Armor/Misc 无此列 ⇒ 0）; …:minmisdam; …:maxmisdam; …:minac; …:maxac; …:block; …:cost; …:stackable; …:minstack; …:maxstack; …:2handed; …:1or2handed; …:speed; …:gemsockets; …:belt; …:quest	client/Assets/StreamingAssets/Table/Item.tsv:51	公式求值相等
4563	tbl:Item(137 id)|id=51	Weapons|Armor|Misc.txt:code; 行来自哪张官方表（weap/armo/misc）; Weapons|Armor|Misc.txt:type; Weapons|Armor|Misc.txt:type2（空 ⇒ wclass）; …:invwidth; …:invheight; …:levelreq; …:level; …:reqstr; …:reqdex; …:mindam（两侧皆 0 ⇒ 回退 2handmindam）; …:maxdam（两侧皆 0 ⇒ 回退 2handmaxdam）; …:2handmindam; …:2handmaxdam; Weapons.txt:StrBonus（Armor/Misc 无此列 ⇒ 0）; Weapons.txt:DexBonus（Armor/Misc 无此列 ⇒ 0）; …:minmisdam; …:maxmisdam; …:minac; …:maxac; …:block; …:cost; …:stackable; …:minstack; …:maxstack; …:2handed; …:1or2handed; …:speed; …:gemsockets; …:belt; …:quest	client/Assets/StreamingAssets/Table/Item.tsv:52	公式求值相等
4564	tbl:Item(137 id)|id=52	Weapons|Armor|Misc.txt:code; 行来自哪张官方表（weap/armo/misc）; Weapons|Armor|Misc.txt:type; Weapons|Armor|Misc.txt:type2（空 ⇒ wclass）; …:invwidth; …:invheight; …:levelreq; …:level; …:reqstr; …:reqdex; …:mindam（两侧皆 0 ⇒ 回退 2handmindam）; …:maxdam（两侧皆 0 ⇒ 回退 2handmaxdam）; …:2handmindam; …:2handmaxdam; Weapons.txt:StrBonus（Armor/Misc 无此列 ⇒ 0）; Weapons.txt:DexBonus（Armor/Misc 无此列 ⇒ 0）; …:minmisdam; …:maxmisdam; …:minac; …:maxac; …:block; …:cost; …:stackable; …:minstack; …:maxstack; …:2handed; …:1or2handed; …:speed; …:gemsockets; …:belt; …:quest	client/Assets/StreamingAssets/Table/Item.tsv:53	公式求值相等
4565	tbl:Item(137 id)|id=53	Weapons|Armor|Misc.txt:code; 行来自哪张官方表（weap/armo/misc）; Weapons|Armor|Misc.txt:type; Weapons|Armor|Misc.txt:type2（空 ⇒ wclass）; …:invwidth; …:invheight; …:levelreq; …:level; …:reqstr; …:reqdex; …:mindam（两侧皆 0 ⇒ 回退 2handmindam）; …:maxdam（两侧皆 0 ⇒ 回退 2handmaxdam）; …:2handmindam; …:2handmaxdam; Weapons.txt:StrBonus（Armor/Misc 无此列 ⇒ 0）; Weapons.txt:DexBonus（Armor/Misc 无此列 ⇒ 0）; …:minmisdam; …:maxmisdam; …:minac; …:maxac; …:block; …:cost; …:stackable; …:minstack; …:maxstack; …:2handed; …:1or2handed; …:speed; …:gemsockets; …:belt; …:quest	client/Assets/StreamingAssets/Table/Item.tsv:54	公式求值相等
4566	tbl:Item(137 id)|id=54	Weapons|Armor|Misc.txt:code; 行来自哪张官方表（weap/armo/misc）; Weapons|Armor|Misc.txt:type; Weapons|Armor|Misc.txt:type2（空 ⇒ wclass）; …:invwidth; …:invheight; …:levelreq; …:level; …:reqstr; …:reqdex; …:mindam（两侧皆 0 ⇒ 回退 2handmindam）; …:maxdam（两侧皆 0 ⇒ 回退 2handmaxdam）; …:2handmindam; …:2handmaxdam; Weapons.txt:StrBonus（Armor/Misc 无此列 ⇒ 0）; Weapons.txt:DexBonus（Armor/Misc 无此列 ⇒ 0）; …:minmisdam; …:maxmisdam; …:minac; …:maxac; …:block; …:cost; …:stackable; …:minstack; …:maxstack; …:2handed; …:1or2handed; …:speed; …:gemsockets; …:belt; …:quest	client/Assets/StreamingAssets/Table/Item.tsv:55	公式求值相等
4567	tbl:Item(137 id)|id=55	Weapons|Armor|Misc.txt:code; 行来自哪张官方表（weap/armo/misc）; Weapons|Armor|Misc.txt:type; Weapons|Armor|Misc.txt:type2（空 ⇒ wclass）; …:invwidth; …:invheight; …:levelreq; …:level; …:reqstr; …:reqdex; …:mindam（两侧皆 0 ⇒ 回退 2handmindam）; …:maxdam（两侧皆 0 ⇒ 回退 2handmaxdam）; …:2handmindam; …:2handmaxdam; Weapons.txt:StrBonus（Armor/Misc 无此列 ⇒ 0）; Weapons.txt:DexBonus（Armor/Misc 无此列 ⇒ 0）; …:minmisdam; …:maxmisdam; …:minac; …:maxac; …:block; …:cost; …:stackable; …:minstack; …:maxstack; …:2handed; …:1or2handed; …:speed; …:gemsockets; …:belt; …:quest	client/Assets/StreamingAssets/Table/Item.tsv:56	公式求值相等
4568	tbl:Item(137 id)|id=56	Weapons|Armor|Misc.txt:code; 行来自哪张官方表（weap/armo/misc）; Weapons|Armor|Misc.txt:type; Weapons|Armor|Misc.txt:type2（空 ⇒ wclass）; …:invwidth; …:invheight; …:levelreq; …:level; …:reqstr; …:reqdex; …:mindam（两侧皆 0 ⇒ 回退 2handmindam）; …:maxdam（两侧皆 0 ⇒ 回退 2handmaxdam）; …:2handmindam; …:2handmaxdam; Weapons.txt:StrBonus（Armor/Misc 无此列 ⇒ 0）; Weapons.txt:DexBonus（Armor/Misc 无此列 ⇒ 0）; …:minmisdam; …:maxmisdam; …:minac; …:maxac; …:block; …:cost; …:stackable; …:minstack; …:maxstack; …:2handed; …:1or2handed; …:speed; …:gemsockets; …:belt; …:quest	client/Assets/StreamingAssets/Table/Item.tsv:57	公式求值相等
4569	tbl:Item(137 id)|id=57	Weapons|Armor|Misc.txt:code; 行来自哪张官方表（weap/armo/misc）; Weapons|Armor|Misc.txt:type; Weapons|Armor|Misc.txt:type2（空 ⇒ wclass）; …:invwidth; …:invheight; …:levelreq; …:level; …:reqstr; …:reqdex; …:mindam（两侧皆 0 ⇒ 回退 2handmindam）; …:maxdam（两侧皆 0 ⇒ 回退 2handmaxdam）; …:2handmindam; …:2handmaxdam; Weapons.txt:StrBonus（Armor/Misc 无此列 ⇒ 0）; Weapons.txt:DexBonus（Armor/Misc 无此列 ⇒ 0）; …:minmisdam; …:maxmisdam; …:minac; …:maxac; …:block; …:cost; …:stackable; …:minstack; …:maxstack; …:2handed; …:1or2handed; …:speed; …:gemsockets; …:belt; …:quest	client/Assets/StreamingAssets/Table/Item.tsv:58	公式求值相等
4570	tbl:Item(137 id)|id=58	Weapons|Armor|Misc.txt:code; 行来自哪张官方表（weap/armo/misc）; Weapons|Armor|Misc.txt:type; Weapons|Armor|Misc.txt:type2（空 ⇒ wclass）; …:invwidth; …:invheight; …:levelreq; …:level; …:reqstr; …:reqdex; …:mindam（两侧皆 0 ⇒ 回退 2handmindam）; …:maxdam（两侧皆 0 ⇒ 回退 2handmaxdam）; …:2handmindam; …:2handmaxdam; Weapons.txt:StrBonus（Armor/Misc 无此列 ⇒ 0）; Weapons.txt:DexBonus（Armor/Misc 无此列 ⇒ 0）; …:minmisdam; …:maxmisdam; …:minac; …:maxac; …:block; …:cost; …:stackable; …:minstack; …:maxstack; …:2handed; …:1or2handed; …:speed; …:gemsockets; …:belt; …:quest	client/Assets/StreamingAssets/Table/Item.tsv:59	公式求值相等
4571	tbl:Item(137 id)|id=59	Weapons|Armor|Misc.txt:code; 行来自哪张官方表（weap/armo/misc）; Weapons|Armor|Misc.txt:type; Weapons|Armor|Misc.txt:type2（空 ⇒ wclass）; …:invwidth; …:invheight; …:levelreq; …:level; …:reqstr; …:reqdex; …:mindam（两侧皆 0 ⇒ 回退 2handmindam）; …:maxdam（两侧皆 0 ⇒ 回退 2handmaxdam）; …:2handmindam; …:2handmaxdam; Weapons.txt:StrBonus（Armor/Misc 无此列 ⇒ 0）; Weapons.txt:DexBonus（Armor/Misc 无此列 ⇒ 0）; …:minmisdam; …:maxmisdam; …:minac; …:maxac; …:block; …:cost; …:stackable; …:minstack; …:maxstack; …:2handed; …:1or2handed; …:speed; …:gemsockets; …:belt; …:quest	client/Assets/StreamingAssets/Table/Item.tsv:60	公式求值相等
4572	tbl:Item(137 id)|id=60	Weapons|Armor|Misc.txt:code; 行来自哪张官方表（weap/armo/misc）; Weapons|Armor|Misc.txt:type; Weapons|Armor|Misc.txt:type2（空 ⇒ wclass）; …:invwidth; …:invheight; …:levelreq; …:level; …:reqstr; …:reqdex; …:mindam（两侧皆 0 ⇒ 回退 2handmindam）; …:maxdam（两侧皆 0 ⇒ 回退 2handmaxdam）; …:2handmindam; …:2handmaxdam; Weapons.txt:StrBonus（Armor/Misc 无此列 ⇒ 0）; Weapons.txt:DexBonus（Armor/Misc 无此列 ⇒ 0）; …:minmisdam; …:maxmisdam; …:minac; …:maxac; …:block; …:cost; …:stackable; …:minstack; …:maxstack; …:2handed; …:1or2handed; …:speed; …:gemsockets; …:belt; …:quest	client/Assets/StreamingAssets/Table/Item.tsv:61	公式求值相等
4573	tbl:Item(137 id)|id=61	Weapons|Armor|Misc.txt:code; 行来自哪张官方表（weap/armo/misc）; Weapons|Armor|Misc.txt:type; Weapons|Armor|Misc.txt:type2（空 ⇒ wclass）; …:invwidth; …:invheight; …:levelreq; …:level; …:reqstr; …:reqdex; …:mindam（两侧皆 0 ⇒ 回退 2handmindam）; …:maxdam（两侧皆 0 ⇒ 回退 2handmaxdam）; …:2handmindam; …:2handmaxdam; Weapons.txt:StrBonus（Armor/Misc 无此列 ⇒ 0）; Weapons.txt:DexBonus（Armor/Misc 无此列 ⇒ 0）; …:minmisdam; …:maxmisdam; …:minac; …:maxac; …:block; …:cost; …:stackable; …:minstack; …:maxstack; …:2handed; …:1or2handed; …:speed; …:gemsockets; …:belt; …:quest	client/Assets/StreamingAssets/Table/Item.tsv:62	公式求值相等
4574	tbl:Item(137 id)|id=62	Weapons|Armor|Misc.txt:code; 行来自哪张官方表（weap/armo/misc）; Weapons|Armor|Misc.txt:type; Weapons|Armor|Misc.txt:type2（空 ⇒ wclass）; …:invwidth; …:invheight; …:levelreq; …:level; …:reqstr; …:reqdex; …:mindam（两侧皆 0 ⇒ 回退 2handmindam）; …:maxdam（两侧皆 0 ⇒ 回退 2handmaxdam）; …:2handmindam; …:2handmaxdam; Weapons.txt:StrBonus（Armor/Misc 无此列 ⇒ 0）; Weapons.txt:DexBonus（Armor/Misc 无此列 ⇒ 0）; …:minmisdam; …:maxmisdam; …:minac; …:maxac; …:block; …:cost; …:stackable; …:minstack; …:maxstack; …:2handed; …:1or2handed; …:speed; …:gemsockets; …:belt; …:quest	client/Assets/StreamingAssets/Table/Item.tsv:63	公式求值相等
4575	tbl:Item(137 id)|id=63	Weapons|Armor|Misc.txt:code; 行来自哪张官方表（weap/armo/misc）; Weapons|Armor|Misc.txt:type; Weapons|Armor|Misc.txt:type2（空 ⇒ wclass）; …:invwidth; …:invheight; …:levelreq; …:level; …:reqstr; …:reqdex; …:mindam（两侧皆 0 ⇒ 回退 2handmindam）; …:maxdam（两侧皆 0 ⇒ 回退 2handmaxdam）; …:2handmindam; …:2handmaxdam; Weapons.txt:StrBonus（Armor/Misc 无此列 ⇒ 0）; Weapons.txt:DexBonus（Armor/Misc 无此列 ⇒ 0）; …:minmisdam; …:maxmisdam; …:minac; …:maxac; …:block; …:cost; …:stackable; …:minstack; …:maxstack; …:2handed; …:1or2handed; …:speed; …:gemsockets; …:belt; …:quest	client/Assets/StreamingAssets/Table/Item.tsv:64	公式求值相等
4576	tbl:Item(137 id)|id=64	Weapons|Armor|Misc.txt:code; 行来自哪张官方表（weap/armo/misc）; Weapons|Armor|Misc.txt:type; Weapons|Armor|Misc.txt:type2（空 ⇒ wclass）; …:invwidth; …:invheight; …:levelreq; …:level; …:reqstr; …:reqdex; …:mindam（两侧皆 0 ⇒ 回退 2handmindam）; …:maxdam（两侧皆 0 ⇒ 回退 2handmaxdam）; …:2handmindam; …:2handmaxdam; Weapons.txt:StrBonus（Armor/Misc 无此列 ⇒ 0）; Weapons.txt:DexBonus（Armor/Misc 无此列 ⇒ 0）; …:minmisdam; …:maxmisdam; …:minac; …:maxac; …:block; …:cost; …:stackable; …:minstack; …:maxstack; …:2handed; …:1or2handed; …:speed; …:gemsockets; …:belt; …:quest	client/Assets/StreamingAssets/Table/Item.tsv:65	公式求值相等
4577	tbl:Item(137 id)|id=65	Weapons|Armor|Misc.txt:code; 行来自哪张官方表（weap/armo/misc）; Weapons|Armor|Misc.txt:type; Weapons|Armor|Misc.txt:type2（空 ⇒ wclass）; …:invwidth; …:invheight; …:levelreq; …:level; …:reqstr; …:reqdex; …:mindam（两侧皆 0 ⇒ 回退 2handmindam）; …:maxdam（两侧皆 0 ⇒ 回退 2handmaxdam）; …:2handmindam; …:2handmaxdam; Weapons.txt:StrBonus（Armor/Misc 无此列 ⇒ 0）; Weapons.txt:DexBonus（Armor/Misc 无此列 ⇒ 0）; …:minmisdam; …:maxmisdam; …:minac; …:maxac; …:block; …:cost; …:stackable; …:minstack; …:maxstack; …:2handed; …:1or2handed; …:speed; …:gemsockets; …:belt; …:quest	client/Assets/StreamingAssets/Table/Item.tsv:66	公式求值相等
4578	tbl:Item(137 id)|id=66	Weapons|Armor|Misc.txt:code; 行来自哪张官方表（weap/armo/misc）; Weapons|Armor|Misc.txt:type; Weapons|Armor|Misc.txt:type2（空 ⇒ wclass）; …:invwidth; …:invheight; …:levelreq; …:level; …:reqstr; …:reqdex; …:mindam（两侧皆 0 ⇒ 回退 2handmindam）; …:maxdam（两侧皆 0 ⇒ 回退 2handmaxdam）; …:2handmindam; …:2handmaxdam; Weapons.txt:StrBonus（Armor/Misc 无此列 ⇒ 0）; Weapons.txt:DexBonus（Armor/Misc 无此列 ⇒ 0）; …:minmisdam; …:maxmisdam; …:minac; …:maxac; …:block; …:cost; …:stackable; …:minstack; …:maxstack; …:2handed; …:1or2handed; …:speed; …:gemsockets; …:belt; …:quest	client/Assets/StreamingAssets/Table/Item.tsv:67	公式求值相等
4579	tbl:Item(137 id)|id=67	Weapons|Armor|Misc.txt:code; 行来自哪张官方表（weap/armo/misc）; Weapons|Armor|Misc.txt:type; Weapons|Armor|Misc.txt:type2（空 ⇒ wclass）; …:invwidth; …:invheight; …:levelreq; …:level; …:reqstr; …:reqdex; …:mindam（两侧皆 0 ⇒ 回退 2handmindam）; …:maxdam（两侧皆 0 ⇒ 回退 2handmaxdam）; …:2handmindam; …:2handmaxdam; Weapons.txt:StrBonus（Armor/Misc 无此列 ⇒ 0）; Weapons.txt:DexBonus（Armor/Misc 无此列 ⇒ 0）; …:minmisdam; …:maxmisdam; …:minac; …:maxac; …:block; …:cost; …:stackable; …:minstack; …:maxstack; …:2handed; …:1or2handed; …:speed; …:gemsockets; …:belt; …:quest	client/Assets/StreamingAssets/Table/Item.tsv:68	公式求值相等
4580	tbl:Item(137 id)|id=68	Weapons|Armor|Misc.txt:code; 行来自哪张官方表（weap/armo/misc）; Weapons|Armor|Misc.txt:type; Weapons|Armor|Misc.txt:type2（空 ⇒ wclass）; …:invwidth; …:invheight; …:levelreq; …:level; …:reqstr; …:reqdex; …:mindam（两侧皆 0 ⇒ 回退 2handmindam）; …:maxdam（两侧皆 0 ⇒ 回退 2handmaxdam）; …:2handmindam; …:2handmaxdam; Weapons.txt:StrBonus（Armor/Misc 无此列 ⇒ 0）; Weapons.txt:DexBonus（Armor/Misc 无此列 ⇒ 0）; …:minmisdam; …:maxmisdam; …:minac; …:maxac; …:block; …:cost; …:stackable; …:minstack; …:maxstack; …:2handed; …:1or2handed; …:speed; …:gemsockets; …:belt; …:quest	client/Assets/StreamingAssets/Table/Item.tsv:69	公式求值相等
4581	tbl:Item(137 id)|id=69	Weapons|Armor|Misc.txt:code; 行来自哪张官方表（weap/armo/misc）; Weapons|Armor|Misc.txt:type; Weapons|Armor|Misc.txt:type2（空 ⇒ wclass）; …:invwidth; …:invheight; …:levelreq; …:level; …:reqstr; …:reqdex; …:mindam（两侧皆 0 ⇒ 回退 2handmindam）; …:maxdam（两侧皆 0 ⇒ 回退 2handmaxdam）; …:2handmindam; …:2handmaxdam; Weapons.txt:StrBonus（Armor/Misc 无此列 ⇒ 0）; Weapons.txt:DexBonus（Armor/Misc 无此列 ⇒ 0）; …:minmisdam; …:maxmisdam; …:minac; …:maxac; …:block; …:cost; …:stackable; …:minstack; …:maxstack; …:2handed; …:1or2handed; …:speed; …:gemsockets; …:belt; …:quest	client/Assets/StreamingAssets/Table/Item.tsv:70	公式求值相等
4582	tbl:Item(137 id)|id=70	Weapons|Armor|Misc.txt:code; 行来自哪张官方表（weap/armo/misc）; Weapons|Armor|Misc.txt:type; Weapons|Armor|Misc.txt:type2（空 ⇒ wclass）; …:invwidth; …:invheight; …:levelreq; …:level; …:reqstr; …:reqdex; …:mindam（两侧皆 0 ⇒ 回退 2handmindam）; …:maxdam（两侧皆 0 ⇒ 回退 2handmaxdam）; …:2handmindam; …:2handmaxdam; Weapons.txt:StrBonus（Armor/Misc 无此列 ⇒ 0）; Weapons.txt:DexBonus（Armor/Misc 无此列 ⇒ 0）; …:minmisdam; …:maxmisdam; …:minac; …:maxac; …:block; …:cost; …:stackable; …:minstack; …:maxstack; …:2handed; …:1or2handed; …:speed; …:gemsockets; …:belt; …:quest	client/Assets/StreamingAssets/Table/Item.tsv:71	公式求值相等
4583	tbl:Item(137 id)|id=71	Weapons|Armor|Misc.txt:code; 行来自哪张官方表（weap/armo/misc）; Weapons|Armor|Misc.txt:type; Weapons|Armor|Misc.txt:type2（空 ⇒ wclass）; …:invwidth; …:invheight; …:levelreq; …:level; …:reqstr; …:reqdex; …:mindam（两侧皆 0 ⇒ 回退 2handmindam）; …:maxdam（两侧皆 0 ⇒ 回退 2handmaxdam）; …:2handmindam; …:2handmaxdam; Weapons.txt:StrBonus（Armor/Misc 无此列 ⇒ 0）; Weapons.txt:DexBonus（Armor/Misc 无此列 ⇒ 0）; …:minmisdam; …:maxmisdam; …:minac; …:maxac; …:block; …:cost; …:stackable; …:minstack; …:maxstack; …:2handed; …:1or2handed; …:speed; …:gemsockets; …:belt; …:quest	client/Assets/StreamingAssets/Table/Item.tsv:72	公式求值相等
4584	tbl:Item(137 id)|id=72	Weapons|Armor|Misc.txt:code; 行来自哪张官方表（weap/armo/misc）; Weapons|Armor|Misc.txt:type; Weapons|Armor|Misc.txt:type2（空 ⇒ wclass）; …:invwidth; …:invheight; …:levelreq; …:level; …:reqstr; …:reqdex; …:mindam（两侧皆 0 ⇒ 回退 2handmindam）; …:maxdam（两侧皆 0 ⇒ 回退 2handmaxdam）; …:2handmindam; …:2handmaxdam; Weapons.txt:StrBonus（Armor/Misc 无此列 ⇒ 0）; Weapons.txt:DexBonus（Armor/Misc 无此列 ⇒ 0）; …:minmisdam; …:maxmisdam; …:minac; …:maxac; …:block; …:cost; …:stackable; …:minstack; …:maxstack; …:2handed; …:1or2handed; …:speed; …:gemsockets; …:belt; …:quest	client/Assets/StreamingAssets/Table/Item.tsv:73	公式求值相等
4585	tbl:Item(137 id)|id=73	Weapons|Armor|Misc.txt:code; 行来自哪张官方表（weap/armo/misc）; Weapons|Armor|Misc.txt:type; Weapons|Armor|Misc.txt:type2（空 ⇒ wclass）; …:invwidth; …:invheight; …:levelreq; …:level; …:reqstr; …:reqdex; …:mindam（两侧皆 0 ⇒ 回退 2handmindam）; …:maxdam（两侧皆 0 ⇒ 回退 2handmaxdam）; …:2handmindam; …:2handmaxdam; Weapons.txt:StrBonus（Armor/Misc 无此列 ⇒ 0）; Weapons.txt:DexBonus（Armor/Misc 无此列 ⇒ 0）; …:minmisdam; …:maxmisdam; …:minac; …:maxac; …:block; …:cost; …:stackable; …:minstack; …:maxstack; …:2handed; …:1or2handed; …:speed; …:gemsockets; …:belt; …:quest	client/Assets/StreamingAssets/Table/Item.tsv:74	公式求值相等
4586	tbl:Item(137 id)|id=74	Weapons|Armor|Misc.txt:code; 行来自哪张官方表（weap/armo/misc）; Weapons|Armor|Misc.txt:type; Weapons|Armor|Misc.txt:type2（空 ⇒ wclass）; …:invwidth; …:invheight; …:levelreq; …:level; …:reqstr; …:reqdex; …:mindam（两侧皆 0 ⇒ 回退 2handmindam）; …:maxdam（两侧皆 0 ⇒ 回退 2handmaxdam）; …:2handmindam; …:2handmaxdam; Weapons.txt:StrBonus（Armor/Misc 无此列 ⇒ 0）; Weapons.txt:DexBonus（Armor/Misc 无此列 ⇒ 0）; …:minmisdam; …:maxmisdam; …:minac; …:maxac; …:block; …:cost; …:stackable; …:minstack; …:maxstack; …:2handed; …:1or2handed; …:speed; …:gemsockets; …:belt; …:quest	client/Assets/StreamingAssets/Table/Item.tsv:75	公式求值相等
4587	tbl:Item(137 id)|id=75	Weapons|Armor|Misc.txt:code; 行来自哪张官方表（weap/armo/misc）; Weapons|Armor|Misc.txt:type; Weapons|Armor|Misc.txt:type2（空 ⇒ wclass）; …:invwidth; …:invheight; …:levelreq; …:level; …:reqstr; …:reqdex; …:mindam（两侧皆 0 ⇒ 回退 2handmindam）; …:maxdam（两侧皆 0 ⇒ 回退 2handmaxdam）; …:2handmindam; …:2handmaxdam; Weapons.txt:StrBonus（Armor/Misc 无此列 ⇒ 0）; Weapons.txt:DexBonus（Armor/Misc 无此列 ⇒ 0）; …:minmisdam; …:maxmisdam; …:minac; …:maxac; …:block; …:cost; …:stackable; …:minstack; …:maxstack; …:2handed; …:1or2handed; …:speed; …:gemsockets; …:belt; …:quest	client/Assets/StreamingAssets/Table/Item.tsv:76	公式求值相等
4588	tbl:Item(137 id)|id=76	Weapons|Armor|Misc.txt:code; 行来自哪张官方表（weap/armo/misc）; Weapons|Armor|Misc.txt:type; Weapons|Armor|Misc.txt:type2（空 ⇒ wclass）; …:invwidth; …:invheight; …:levelreq; …:level; …:reqstr; …:reqdex; …:mindam（两侧皆 0 ⇒ 回退 2handmindam）; …:maxdam（两侧皆 0 ⇒ 回退 2handmaxdam）; …:2handmindam; …:2handmaxdam; Weapons.txt:StrBonus（Armor/Misc 无此列 ⇒ 0）; Weapons.txt:DexBonus（Armor/Misc 无此列 ⇒ 0）; …:minmisdam; …:maxmisdam; …:minac; …:maxac; …:block; …:cost; …:stackable; …:minstack; …:maxstack; …:2handed; …:1or2handed; …:speed; …:gemsockets; …:belt; …:quest	client/Assets/StreamingAssets/Table/Item.tsv:77	公式求值相等
4589	tbl:Item(137 id)|id=77	Weapons|Armor|Misc.txt:code; 行来自哪张官方表（weap/armo/misc）; Weapons|Armor|Misc.txt:type; Weapons|Armor|Misc.txt:type2（空 ⇒ wclass）; …:invwidth; …:invheight; …:levelreq; …:level; …:reqstr; …:reqdex; …:mindam（两侧皆 0 ⇒ 回退 2handmindam）; …:maxdam（两侧皆 0 ⇒ 回退 2handmaxdam）; …:2handmindam; …:2handmaxdam; Weapons.txt:StrBonus（Armor/Misc 无此列 ⇒ 0）; Weapons.txt:DexBonus（Armor/Misc 无此列 ⇒ 0）; …:minmisdam; …:maxmisdam; …:minac; …:maxac; …:block; …:cost; …:stackable; …:minstack; …:maxstack; …:2handed; …:1or2handed; …:speed; …:gemsockets; …:belt; …:quest	client/Assets/StreamingAssets/Table/Item.tsv:78	公式求值相等
4590	tbl:Item(137 id)|id=78	Weapons|Armor|Misc.txt:code; 行来自哪张官方表（weap/armo/misc）; Weapons|Armor|Misc.txt:type; Weapons|Armor|Misc.txt:type2（空 ⇒ wclass）; …:invwidth; …:invheight; …:levelreq; …:level; …:reqstr; …:reqdex; …:mindam（两侧皆 0 ⇒ 回退 2handmindam）; …:maxdam（两侧皆 0 ⇒ 回退 2handmaxdam）; …:2handmindam; …:2handmaxdam; Weapons.txt:StrBonus（Armor/Misc 无此列 ⇒ 0）; Weapons.txt:DexBonus（Armor/Misc 无此列 ⇒ 0）; …:minmisdam; …:maxmisdam; …:minac; …:maxac; …:block; …:cost; …:stackable; …:minstack; …:maxstack; …:2handed; …:1or2handed; …:speed; …:gemsockets; …:belt; …:quest	client/Assets/StreamingAssets/Table/Item.tsv:79	公式求值相等
4591	tbl:Item(137 id)|id=79	Weapons|Armor|Misc.txt:code; 行来自哪张官方表（weap/armo/misc）; Weapons|Armor|Misc.txt:type; Weapons|Armor|Misc.txt:type2（空 ⇒ wclass）; …:invwidth; …:invheight; …:levelreq; …:level; …:reqstr; …:reqdex; …:mindam（两侧皆 0 ⇒ 回退 2handmindam）; …:maxdam（两侧皆 0 ⇒ 回退 2handmaxdam）; …:2handmindam; …:2handmaxdam; Weapons.txt:StrBonus（Armor/Misc 无此列 ⇒ 0）; Weapons.txt:DexBonus（Armor/Misc 无此列 ⇒ 0）; …:minmisdam; …:maxmisdam; …:minac; …:maxac; …:block; …:cost; …:stackable; …:minstack; …:maxstack; …:2handed; …:1or2handed; …:speed; …:gemsockets; …:belt; …:quest	client/Assets/StreamingAssets/Table/Item.tsv:80	公式求值相等
4592	tbl:Item(137 id)|id=80	Weapons|Armor|Misc.txt:code; 行来自哪张官方表（weap/armo/misc）; Weapons|Armor|Misc.txt:type; Weapons|Armor|Misc.txt:type2（空 ⇒ wclass）; …:invwidth; …:invheight; …:levelreq; …:level; …:reqstr; …:reqdex; …:mindam（两侧皆 0 ⇒ 回退 2handmindam）; …:maxdam（两侧皆 0 ⇒ 回退 2handmaxdam）; …:2handmindam; …:2handmaxdam; Weapons.txt:StrBonus（Armor/Misc 无此列 ⇒ 0）; Weapons.txt:DexBonus（Armor/Misc 无此列 ⇒ 0）; …:minmisdam; …:maxmisdam; …:minac; …:maxac; …:block; …:cost; …:stackable; …:minstack; …:maxstack; …:2handed; …:1or2handed; …:speed; …:gemsockets; …:belt; …:quest	client/Assets/StreamingAssets/Table/Item.tsv:81	公式求值相等
4593	tbl:Item(137 id)|id=81	Weapons|Armor|Misc.txt:code; 行来自哪张官方表（weap/armo/misc）; Weapons|Armor|Misc.txt:type; Weapons|Armor|Misc.txt:type2（空 ⇒ wclass）; …:invwidth; …:invheight; …:levelreq; …:level; …:reqstr; …:reqdex; …:mindam（两侧皆 0 ⇒ 回退 2handmindam）; …:maxdam（两侧皆 0 ⇒ 回退 2handmaxdam）; …:2handmindam; …:2handmaxdam; Weapons.txt:StrBonus（Armor/Misc 无此列 ⇒ 0）; Weapons.txt:DexBonus（Armor/Misc 无此列 ⇒ 0）; …:minmisdam; …:maxmisdam; …:minac; …:maxac; …:block; …:cost; …:stackable; …:minstack; …:maxstack; …:2handed; …:1or2handed; …:speed; …:gemsockets; …:belt; …:quest	client/Assets/StreamingAssets/Table/Item.tsv:82	公式求值相等
4594	tbl:Item(137 id)|id=82	Weapons|Armor|Misc.txt:code; 行来自哪张官方表（weap/armo/misc）; Weapons|Armor|Misc.txt:type; Weapons|Armor|Misc.txt:type2（空 ⇒ wclass）; …:invwidth; …:invheight; …:levelreq; …:level; …:reqstr; …:reqdex; …:mindam（两侧皆 0 ⇒ 回退 2handmindam）; …:maxdam（两侧皆 0 ⇒ 回退 2handmaxdam）; …:2handmindam; …:2handmaxdam; Weapons.txt:StrBonus（Armor/Misc 无此列 ⇒ 0）; Weapons.txt:DexBonus（Armor/Misc 无此列 ⇒ 0）; …:minmisdam; …:maxmisdam; …:minac; …:maxac; …:block; …:cost; …:stackable; …:minstack; …:maxstack; …:2handed; …:1or2handed; …:speed; …:gemsockets; …:belt; …:quest	client/Assets/StreamingAssets/Table/Item.tsv:83	公式求值相等
4595	tbl:Item(137 id)|id=83	Weapons|Armor|Misc.txt:code; 行来自哪张官方表（weap/armo/misc）; Weapons|Armor|Misc.txt:type; Weapons|Armor|Misc.txt:type2（空 ⇒ wclass）; …:invwidth; …:invheight; …:levelreq; …:level; …:reqstr; …:reqdex; …:mindam（两侧皆 0 ⇒ 回退 2handmindam）; …:maxdam（两侧皆 0 ⇒ 回退 2handmaxdam）; …:2handmindam; …:2handmaxdam; Weapons.txt:StrBonus（Armor/Misc 无此列 ⇒ 0）; Weapons.txt:DexBonus（Armor/Misc 无此列 ⇒ 0）; …:minmisdam; …:maxmisdam; …:minac; …:maxac; …:block; …:cost; …:stackable; …:minstack; …:maxstack; …:2handed; …:1or2handed; …:speed; …:gemsockets; …:belt; …:quest	client/Assets/StreamingAssets/Table/Item.tsv:84	公式求值相等
4596	tbl:Item(137 id)|id=84	Weapons|Armor|Misc.txt:code; 行来自哪张官方表（weap/armo/misc）; Weapons|Armor|Misc.txt:type; Weapons|Armor|Misc.txt:type2（空 ⇒ wclass）; …:invwidth; …:invheight; …:levelreq; …:level; …:reqstr; …:reqdex; …:mindam（两侧皆 0 ⇒ 回退 2handmindam）; …:maxdam（两侧皆 0 ⇒ 回退 2handmaxdam）; …:2handmindam; …:2handmaxdam; Weapons.txt:StrBonus（Armor/Misc 无此列 ⇒ 0）; Weapons.txt:DexBonus（Armor/Misc 无此列 ⇒ 0）; …:minmisdam; …:maxmisdam; …:minac; …:maxac; …:block; …:cost; …:stackable; …:minstack; …:maxstack; …:2handed; …:1or2handed; …:speed; …:gemsockets; …:belt; …:quest	client/Assets/StreamingAssets/Table/Item.tsv:85	公式求值相等
4597	tbl:Item(137 id)|id=85	Weapons|Armor|Misc.txt:code; 行来自哪张官方表（weap/armo/misc）; Weapons|Armor|Misc.txt:type; Weapons|Armor|Misc.txt:type2（空 ⇒ wclass）; …:invwidth; …:invheight; …:levelreq; …:level; …:reqstr; …:reqdex; …:mindam（两侧皆 0 ⇒ 回退 2handmindam）; …:maxdam（两侧皆 0 ⇒ 回退 2handmaxdam）; …:2handmindam; …:2handmaxdam; Weapons.txt:StrBonus（Armor/Misc 无此列 ⇒ 0）; Weapons.txt:DexBonus（Armor/Misc 无此列 ⇒ 0）; …:minmisdam; …:maxmisdam; …:minac; …:maxac; …:block; …:cost; …:stackable; …:minstack; …:maxstack; …:2handed; …:1or2handed; …:speed; …:gemsockets; …:belt; …:quest	client/Assets/StreamingAssets/Table/Item.tsv:86	公式求值相等
4598	tbl:Item(137 id)|id=86	Weapons|Armor|Misc.txt:code; 行来自哪张官方表（weap/armo/misc）; Weapons|Armor|Misc.txt:type; Weapons|Armor|Misc.txt:type2（空 ⇒ wclass）; …:invwidth; …:invheight; …:levelreq; …:level; …:reqstr; …:reqdex; …:mindam（两侧皆 0 ⇒ 回退 2handmindam）; …:maxdam（两侧皆 0 ⇒ 回退 2handmaxdam）; …:2handmindam; …:2handmaxdam; Weapons.txt:StrBonus（Armor/Misc 无此列 ⇒ 0）; Weapons.txt:DexBonus（Armor/Misc 无此列 ⇒ 0）; …:minmisdam; …:maxmisdam; …:minac; …:maxac; …:block; …:cost; …:stackable; …:minstack; …:maxstack; …:2handed; …:1or2handed; …:speed; …:gemsockets; …:belt; …:quest	client/Assets/StreamingAssets/Table/Item.tsv:87	公式求值相等
4599	tbl:Item(137 id)|id=87	Weapons|Armor|Misc.txt:code; 行来自哪张官方表（weap/armo/misc）; Weapons|Armor|Misc.txt:type; Weapons|Armor|Misc.txt:type2（空 ⇒ wclass）; …:invwidth; …:invheight; …:levelreq; …:level; …:reqstr; …:reqdex; …:mindam（两侧皆 0 ⇒ 回退 2handmindam）; …:maxdam（两侧皆 0 ⇒ 回退 2handmaxdam）; …:2handmindam; …:2handmaxdam; Weapons.txt:StrBonus（Armor/Misc 无此列 ⇒ 0）; Weapons.txt:DexBonus（Armor/Misc 无此列 ⇒ 0）; …:minmisdam; …:maxmisdam; …:minac; …:maxac; …:block; …:cost; …:stackable; …:minstack; …:maxstack; …:2handed; …:1or2handed; …:speed; …:gemsockets; …:belt; …:quest	client/Assets/StreamingAssets/Table/Item.tsv:88	公式求值相等
4600	tbl:Item(137 id)|id=88	Weapons|Armor|Misc.txt:code; 行来自哪张官方表（weap/armo/misc）; Weapons|Armor|Misc.txt:type; Weapons|Armor|Misc.txt:type2（空 ⇒ wclass）; …:invwidth; …:invheight; …:levelreq; …:level; …:reqstr; …:reqdex; …:mindam（两侧皆 0 ⇒ 回退 2handmindam）; …:maxdam（两侧皆 0 ⇒ 回退 2handmaxdam）; …:2handmindam; …:2handmaxdam; Weapons.txt:StrBonus（Armor/Misc 无此列 ⇒ 0）; Weapons.txt:DexBonus（Armor/Misc 无此列 ⇒ 0）; …:minmisdam; …:maxmisdam; …:minac; …:maxac; …:block; …:cost; …:stackable; …:minstack; …:maxstack; …:2handed; …:1or2handed; …:speed; …:gemsockets; …:belt; …:quest	client/Assets/StreamingAssets/Table/Item.tsv:89	公式求值相等
4601	tbl:Item(137 id)|id=89	Weapons|Armor|Misc.txt:code; 行来自哪张官方表（weap/armo/misc）; Weapons|Armor|Misc.txt:type; Weapons|Armor|Misc.txt:type2（空 ⇒ wclass）; …:invwidth; …:invheight; …:levelreq; …:level; …:reqstr; …:reqdex; …:mindam（两侧皆 0 ⇒ 回退 2handmindam）; …:maxdam（两侧皆 0 ⇒ 回退 2handmaxdam）; …:2handmindam; …:2handmaxdam; Weapons.txt:StrBonus（Armor/Misc 无此列 ⇒ 0）; Weapons.txt:DexBonus（Armor/Misc 无此列 ⇒ 0）; …:minmisdam; …:maxmisdam; …:minac; …:maxac; …:block; …:cost; …:stackable; …:minstack; …:maxstack; …:2handed; …:1or2handed; …:speed; …:gemsockets; …:belt; …:quest	client/Assets/StreamingAssets/Table/Item.tsv:90	公式求值相等
4602	tbl:Item(137 id)|id=90	Weapons|Armor|Misc.txt:code; 行来自哪张官方表（weap/armo/misc）; Weapons|Armor|Misc.txt:type; Weapons|Armor|Misc.txt:type2（空 ⇒ wclass）; …:invwidth; …:invheight; …:levelreq; …:level; …:reqstr; …:reqdex; …:mindam（两侧皆 0 ⇒ 回退 2handmindam）; …:maxdam（两侧皆 0 ⇒ 回退 2handmaxdam）; …:2handmindam; …:2handmaxdam; Weapons.txt:StrBonus（Armor/Misc 无此列 ⇒ 0）; Weapons.txt:DexBonus（Armor/Misc 无此列 ⇒ 0）; …:minmisdam; …:maxmisdam; …:minac; …:maxac; …:block; …:cost; …:stackable; …:minstack; …:maxstack; …:2handed; …:1or2handed; …:speed; …:gemsockets; …:belt; …:quest	client/Assets/StreamingAssets/Table/Item.tsv:91	公式求值相等
4603	tbl:Item(137 id)|id=91	Weapons|Armor|Misc.txt:code; 行来自哪张官方表（weap/armo/misc）; Weapons|Armor|Misc.txt:type; Weapons|Armor|Misc.txt:type2（空 ⇒ wclass）; …:invwidth; …:invheight; …:levelreq; …:level; …:reqstr; …:reqdex; …:mindam（两侧皆 0 ⇒ 回退 2handmindam）; …:maxdam（两侧皆 0 ⇒ 回退 2handmaxdam）; …:2handmindam; …:2handmaxdam; Weapons.txt:StrBonus（Armor/Misc 无此列 ⇒ 0）; Weapons.txt:DexBonus（Armor/Misc 无此列 ⇒ 0）; …:minmisdam; …:maxmisdam; …:minac; …:maxac; …:block; …:cost; …:stackable; …:minstack; …:maxstack; …:2handed; …:1or2handed; …:speed; …:gemsockets; …:belt; …:quest	client/Assets/StreamingAssets/Table/Item.tsv:92	公式求值相等
4604	tbl:Item(137 id)|id=92	Weapons|Armor|Misc.txt:code; 行来自哪张官方表（weap/armo/misc）; Weapons|Armor|Misc.txt:type; Weapons|Armor|Misc.txt:type2（空 ⇒ wclass）; …:invwidth; …:invheight; …:levelreq; …:level; …:reqstr; …:reqdex; …:mindam（两侧皆 0 ⇒ 回退 2handmindam）; …:maxdam（两侧皆 0 ⇒ 回退 2handmaxdam）; …:2handmindam; …:2handmaxdam; Weapons.txt:StrBonus（Armor/Misc 无此列 ⇒ 0）; Weapons.txt:DexBonus（Armor/Misc 无此列 ⇒ 0）; …:minmisdam; …:maxmisdam; …:minac; …:maxac; …:block; …:cost; …:stackable; …:minstack; …:maxstack; …:2handed; …:1or2handed; …:speed; …:gemsockets; …:belt; …:quest	client/Assets/StreamingAssets/Table/Item.tsv:93	公式求值相等
4605	tbl:Item(137 id)|id=93	Weapons|Armor|Misc.txt:code; 行来自哪张官方表（weap/armo/misc）; Weapons|Armor|Misc.txt:type; Weapons|Armor|Misc.txt:type2（空 ⇒ wclass）; …:invwidth; …:invheight; …:levelreq; …:level; …:reqstr; …:reqdex; …:mindam（两侧皆 0 ⇒ 回退 2handmindam）; …:maxdam（两侧皆 0 ⇒ 回退 2handmaxdam）; …:2handmindam; …:2handmaxdam; Weapons.txt:StrBonus（Armor/Misc 无此列 ⇒ 0）; Weapons.txt:DexBonus（Armor/Misc 无此列 ⇒ 0）; …:minmisdam; …:maxmisdam; …:minac; …:maxac; …:block; …:cost; …:stackable; …:minstack; …:maxstack; …:2handed; …:1or2handed; …:speed; …:gemsockets; …:belt; …:quest	client/Assets/StreamingAssets/Table/Item.tsv:94	公式求值相等
4606	tbl:Item(137 id)|id=94	Weapons|Armor|Misc.txt:code; 行来自哪张官方表（weap/armo/misc）; Weapons|Armor|Misc.txt:type; Weapons|Armor|Misc.txt:type2（空 ⇒ wclass）; …:invwidth; …:invheight; …:levelreq; …:level; …:reqstr; …:reqdex; …:mindam（两侧皆 0 ⇒ 回退 2handmindam）; …:maxdam（两侧皆 0 ⇒ 回退 2handmaxdam）; …:2handmindam; …:2handmaxdam; Weapons.txt:StrBonus（Armor/Misc 无此列 ⇒ 0）; Weapons.txt:DexBonus（Armor/Misc 无此列 ⇒ 0）; …:minmisdam; …:maxmisdam; …:minac; …:maxac; …:block; …:cost; …:stackable; …:minstack; …:maxstack; …:2handed; …:1or2handed; …:speed; …:gemsockets; …:belt; …:quest	client/Assets/StreamingAssets/Table/Item.tsv:95	公式求值相等
4607	tbl:Item(137 id)|id=95	Weapons|Armor|Misc.txt:code; 行来自哪张官方表（weap/armo/misc）; Weapons|Armor|Misc.txt:type; Weapons|Armor|Misc.txt:type2（空 ⇒ wclass）; …:invwidth; …:invheight; …:levelreq; …:level; …:reqstr; …:reqdex; …:mindam（两侧皆 0 ⇒ 回退 2handmindam）; …:maxdam（两侧皆 0 ⇒ 回退 2handmaxdam）; …:2handmindam; …:2handmaxdam; Weapons.txt:StrBonus（Armor/Misc 无此列 ⇒ 0）; Weapons.txt:DexBonus（Armor/Misc 无此列 ⇒ 0）; …:minmisdam; …:maxmisdam; …:minac; …:maxac; …:block; …:cost; …:stackable; …:minstack; …:maxstack; …:2handed; …:1or2handed; …:speed; …:gemsockets; …:belt; …:quest	client/Assets/StreamingAssets/Table/Item.tsv:96	公式求值相等
4608	tbl:Item(137 id)|id=96	Weapons|Armor|Misc.txt:code; 行来自哪张官方表（weap/armo/misc）; Weapons|Armor|Misc.txt:type; Weapons|Armor|Misc.txt:type2（空 ⇒ wclass）; …:invwidth; …:invheight; …:levelreq; …:level; …:reqstr; …:reqdex; …:mindam（两侧皆 0 ⇒ 回退 2handmindam）; …:maxdam（两侧皆 0 ⇒ 回退 2handmaxdam）; …:2handmindam; …:2handmaxdam; Weapons.txt:StrBonus（Armor/Misc 无此列 ⇒ 0）; Weapons.txt:DexBonus（Armor/Misc 无此列 ⇒ 0）; …:minmisdam; …:maxmisdam; …:minac; …:maxac; …:block; …:cost; …:stackable; …:minstack; …:maxstack; …:2handed; …:1or2handed; …:speed; …:gemsockets; …:belt; …:quest	client/Assets/StreamingAssets/Table/Item.tsv:97	公式求值相等
4609	tbl:Item(137 id)|id=97	Weapons|Armor|Misc.txt:code; 行来自哪张官方表（weap/armo/misc）; Weapons|Armor|Misc.txt:type; Weapons|Armor|Misc.txt:type2（空 ⇒ wclass）; …:invwidth; …:invheight; …:levelreq; …:level; …:reqstr; …:reqdex; …:mindam（两侧皆 0 ⇒ 回退 2handmindam）; …:maxdam（两侧皆 0 ⇒ 回退 2handmaxdam）; …:2handmindam; …:2handmaxdam; Weapons.txt:StrBonus（Armor/Misc 无此列 ⇒ 0）; Weapons.txt:DexBonus（Armor/Misc 无此列 ⇒ 0）; …:minmisdam; …:maxmisdam; …:minac; …:maxac; …:block; …:cost; …:stackable; …:minstack; …:maxstack; …:2handed; …:1or2handed; …:speed; …:gemsockets; …:belt; …:quest	client/Assets/StreamingAssets/Table/Item.tsv:98	公式求值相等
4610	tbl:Item(137 id)|id=98	Weapons|Armor|Misc.txt:code; 行来自哪张官方表（weap/armo/misc）; Weapons|Armor|Misc.txt:type; Weapons|Armor|Misc.txt:type2（空 ⇒ wclass）; …:invwidth; …:invheight; …:levelreq; …:level; …:reqstr; …:reqdex; …:mindam（两侧皆 0 ⇒ 回退 2handmindam）; …:maxdam（两侧皆 0 ⇒ 回退 2handmaxdam）; …:2handmindam; …:2handmaxdam; Weapons.txt:StrBonus（Armor/Misc 无此列 ⇒ 0）; Weapons.txt:DexBonus（Armor/Misc 无此列 ⇒ 0）; …:minmisdam; …:maxmisdam; …:minac; …:maxac; …:block; …:cost; …:stackable; …:minstack; …:maxstack; …:2handed; …:1or2handed; …:speed; …:gemsockets; …:belt; …:quest	client/Assets/StreamingAssets/Table/Item.tsv:99	公式求值相等
4611	tbl:Item(137 id)|id=99	Weapons|Armor|Misc.txt:code; 行来自哪张官方表（weap/armo/misc）; Weapons|Armor|Misc.txt:type; Weapons|Armor|Misc.txt:type2（空 ⇒ wclass）; …:invwidth; …:invheight; …:levelreq; …:level; …:reqstr; …:reqdex; …:mindam（两侧皆 0 ⇒ 回退 2handmindam）; …:maxdam（两侧皆 0 ⇒ 回退 2handmaxdam）; …:2handmindam; …:2handmaxdam; Weapons.txt:StrBonus（Armor/Misc 无此列 ⇒ 0）; Weapons.txt:DexBonus（Armor/Misc 无此列 ⇒ 0）; …:minmisdam; …:maxmisdam; …:minac; …:maxac; …:block; …:cost; …:stackable; …:minstack; …:maxstack; …:2handed; …:1or2handed; …:speed; …:gemsockets; …:belt; …:quest	client/Assets/StreamingAssets/Table/Item.tsv:100	公式求值相等
4612	tbl:Item(137 id)|id=100	Weapons|Armor|Misc.txt:code; 行来自哪张官方表（weap/armo/misc）; Weapons|Armor|Misc.txt:type; Weapons|Armor|Misc.txt:type2（空 ⇒ wclass）; …:invwidth; …:invheight; …:levelreq; …:level; …:reqstr; …:reqdex; …:mindam（两侧皆 0 ⇒ 回退 2handmindam）; …:maxdam（两侧皆 0 ⇒ 回退 2handmaxdam）; …:2handmindam; …:2handmaxdam; Weapons.txt:StrBonus（Armor/Misc 无此列 ⇒ 0）; Weapons.txt:DexBonus（Armor/Misc 无此列 ⇒ 0）; …:minmisdam; …:maxmisdam; …:minac; …:maxac; …:block; …:cost; …:stackable; …:minstack; …:maxstack; …:2handed; …:1or2handed; …:speed; …:gemsockets; …:belt; …:quest	client/Assets/StreamingAssets/Table/Item.tsv:101	公式求值相等
4613	tbl:Item(137 id)|id=101	Weapons|Armor|Misc.txt:code; 行来自哪张官方表（weap/armo/misc）; Weapons|Armor|Misc.txt:type; Weapons|Armor|Misc.txt:type2（空 ⇒ wclass）; …:invwidth; …:invheight; …:levelreq; …:level; …:reqstr; …:reqdex; …:mindam（两侧皆 0 ⇒ 回退 2handmindam）; …:maxdam（两侧皆 0 ⇒ 回退 2handmaxdam）; …:2handmindam; …:2handmaxdam; Weapons.txt:StrBonus（Armor/Misc 无此列 ⇒ 0）; Weapons.txt:DexBonus（Armor/Misc 无此列 ⇒ 0）; …:minmisdam; …:maxmisdam; …:minac; …:maxac; …:block; …:cost; …:stackable; …:minstack; …:maxstack; …:2handed; …:1or2handed; …:speed; …:gemsockets; …:belt; …:quest	client/Assets/StreamingAssets/Table/Item.tsv:102	公式求值相等
4614	tbl:Item(137 id)|id=102	Weapons|Armor|Misc.txt:code; 行来自哪张官方表（weap/armo/misc）; Weapons|Armor|Misc.txt:type; Weapons|Armor|Misc.txt:type2（空 ⇒ wclass）; …:invwidth; …:invheight; …:levelreq; …:level; …:reqstr; …:reqdex; …:mindam（两侧皆 0 ⇒ 回退 2handmindam）; …:maxdam（两侧皆 0 ⇒ 回退 2handmaxdam）; …:2handmindam; …:2handmaxdam; Weapons.txt:StrBonus（Armor/Misc 无此列 ⇒ 0）; Weapons.txt:DexBonus（Armor/Misc 无此列 ⇒ 0）; …:minmisdam; …:maxmisdam; …:minac; …:maxac; …:block; …:cost; …:stackable; …:minstack; …:maxstack; …:2handed; …:1or2handed; …:speed; …:gemsockets; …:belt; …:quest	client/Assets/StreamingAssets/Table/Item.tsv:103	公式求值相等
4615	tbl:Item(137 id)|id=103	Weapons|Armor|Misc.txt:code; 行来自哪张官方表（weap/armo/misc）; Weapons|Armor|Misc.txt:type; Weapons|Armor|Misc.txt:type2（空 ⇒ wclass）; …:invwidth; …:invheight; …:levelreq; …:level; …:reqstr; …:reqdex; …:mindam（两侧皆 0 ⇒ 回退 2handmindam）; …:maxdam（两侧皆 0 ⇒ 回退 2handmaxdam）; …:2handmindam; …:2handmaxdam; Weapons.txt:StrBonus（Armor/Misc 无此列 ⇒ 0）; Weapons.txt:DexBonus（Armor/Misc 无此列 ⇒ 0）; …:minmisdam; …:maxmisdam; …:minac; …:maxac; …:block; …:cost; …:stackable; …:minstack; …:maxstack; …:2handed; …:1or2handed; …:speed; …:gemsockets; …:belt; …:quest	client/Assets/StreamingAssets/Table/Item.tsv:104	公式求值相等
4616	tbl:Item(137 id)|id=104	Weapons|Armor|Misc.txt:code; 行来自哪张官方表（weap/armo/misc）; Weapons|Armor|Misc.txt:type; Weapons|Armor|Misc.txt:type2（空 ⇒ wclass）; …:invwidth; …:invheight; …:levelreq; …:level; …:reqstr; …:reqdex; …:mindam（两侧皆 0 ⇒ 回退 2handmindam）; …:maxdam（两侧皆 0 ⇒ 回退 2handmaxdam）; …:2handmindam; …:2handmaxdam; Weapons.txt:StrBonus（Armor/Misc 无此列 ⇒ 0）; Weapons.txt:DexBonus（Armor/Misc 无此列 ⇒ 0）; …:minmisdam; …:maxmisdam; …:minac; …:maxac; …:block; …:cost; …:stackable; …:minstack; …:maxstack; …:2handed; …:1or2handed; …:speed; …:gemsockets; …:belt; …:quest	client/Assets/StreamingAssets/Table/Item.tsv:105	公式求值相等
4617	tbl:Item(137 id)|id=105	Weapons|Armor|Misc.txt:code; 行来自哪张官方表（weap/armo/misc）; Weapons|Armor|Misc.txt:type; Weapons|Armor|Misc.txt:type2（空 ⇒ wclass）; …:invwidth; …:invheight; …:levelreq; …:level; …:reqstr; …:reqdex; …:mindam（两侧皆 0 ⇒ 回退 2handmindam）; …:maxdam（两侧皆 0 ⇒ 回退 2handmaxdam）; …:2handmindam; …:2handmaxdam; Weapons.txt:StrBonus（Armor/Misc 无此列 ⇒ 0）; Weapons.txt:DexBonus（Armor/Misc 无此列 ⇒ 0）; …:minmisdam; …:maxmisdam; …:minac; …:maxac; …:block; …:cost; …:stackable; …:minstack; …:maxstack; …:2handed; …:1or2handed; …:speed; …:gemsockets; …:belt; …:quest	client/Assets/StreamingAssets/Table/Item.tsv:106	公式求值相等
4618	tbl:Item(137 id)|id=106	Weapons|Armor|Misc.txt:code; 行来自哪张官方表（weap/armo/misc）; Weapons|Armor|Misc.txt:type; Weapons|Armor|Misc.txt:type2（空 ⇒ wclass）; …:invwidth; …:invheight; …:levelreq; …:level; …:reqstr; …:reqdex; …:mindam（两侧皆 0 ⇒ 回退 2handmindam）; …:maxdam（两侧皆 0 ⇒ 回退 2handmaxdam）; …:2handmindam; …:2handmaxdam; Weapons.txt:StrBonus（Armor/Misc 无此列 ⇒ 0）; Weapons.txt:DexBonus（Armor/Misc 无此列 ⇒ 0）; …:minmisdam; …:maxmisdam; …:minac; …:maxac; …:block; …:cost; …:stackable; …:minstack; …:maxstack; …:2handed; …:1or2handed; …:speed; …:gemsockets; …:belt; …:quest	client/Assets/StreamingAssets/Table/Item.tsv:107	公式求值相等
4619	tbl:Item(137 id)|id=107	Weapons|Armor|Misc.txt:code; 行来自哪张官方表（weap/armo/misc）; Weapons|Armor|Misc.txt:type; Weapons|Armor|Misc.txt:type2（空 ⇒ wclass）; …:invwidth; …:invheight; …:levelreq; …:level; …:reqstr; …:reqdex; …:mindam（两侧皆 0 ⇒ 回退 2handmindam）; …:maxdam（两侧皆 0 ⇒ 回退 2handmaxdam）; …:2handmindam; …:2handmaxdam; Weapons.txt:StrBonus（Armor/Misc 无此列 ⇒ 0）; Weapons.txt:DexBonus（Armor/Misc 无此列 ⇒ 0）; …:minmisdam; …:maxmisdam; …:minac; …:maxac; …:block; …:cost; …:stackable; …:minstack; …:maxstack; …:2handed; …:1or2handed; …:speed; …:gemsockets; …:belt; …:quest	client/Assets/StreamingAssets/Table/Item.tsv:108	公式求值相等
4620	tbl:Item(137 id)|id=108	Weapons|Armor|Misc.txt:code; 行来自哪张官方表（weap/armo/misc）; Weapons|Armor|Misc.txt:type; Weapons|Armor|Misc.txt:type2（空 ⇒ wclass）; …:invwidth; …:invheight; …:levelreq; …:level; …:reqstr; …:reqdex; …:mindam（两侧皆 0 ⇒ 回退 2handmindam）; …:maxdam（两侧皆 0 ⇒ 回退 2handmaxdam）; …:2handmindam; …:2handmaxdam; Weapons.txt:StrBonus（Armor/Misc 无此列 ⇒ 0）; Weapons.txt:DexBonus（Armor/Misc 无此列 ⇒ 0）; …:minmisdam; …:maxmisdam; …:minac; …:maxac; …:block; …:cost; …:stackable; …:minstack; …:maxstack; …:2handed; …:1or2handed; …:speed; …:gemsockets; …:belt; …:quest	client/Assets/StreamingAssets/Table/Item.tsv:109	公式求值相等
4621	tbl:Item(137 id)|id=109	Weapons|Armor|Misc.txt:code; 行来自哪张官方表（weap/armo/misc）; Weapons|Armor|Misc.txt:type; Weapons|Armor|Misc.txt:type2（空 ⇒ wclass）; …:invwidth; …:invheight; …:levelreq; …:level; …:reqstr; …:reqdex; …:mindam（两侧皆 0 ⇒ 回退 2handmindam）; …:maxdam（两侧皆 0 ⇒ 回退 2handmaxdam）; …:2handmindam; …:2handmaxdam; Weapons.txt:StrBonus（Armor/Misc 无此列 ⇒ 0）; Weapons.txt:DexBonus（Armor/Misc 无此列 ⇒ 0）; …:minmisdam; …:maxmisdam; …:minac; …:maxac; …:block; …:cost; …:stackable; …:minstack; …:maxstack; …:2handed; …:1or2handed; …:speed; …:gemsockets; …:belt; …:quest	client/Assets/StreamingAssets/Table/Item.tsv:110	公式求值相等
4622	tbl:Item(137 id)|id=110	Weapons|Armor|Misc.txt:code; 行来自哪张官方表（weap/armo/misc）; Weapons|Armor|Misc.txt:type; Weapons|Armor|Misc.txt:type2（空 ⇒ wclass）; …:invwidth; …:invheight; …:levelreq; …:level; …:reqstr; …:reqdex; …:mindam（两侧皆 0 ⇒ 回退 2handmindam）; …:maxdam（两侧皆 0 ⇒ 回退 2handmaxdam）; …:2handmindam; …:2handmaxdam; Weapons.txt:StrBonus（Armor/Misc 无此列 ⇒ 0）; Weapons.txt:DexBonus（Armor/Misc 无此列 ⇒ 0）; …:minmisdam; …:maxmisdam; …:minac; …:maxac; …:block; …:cost; …:stackable; …:minstack; …:maxstack; …:2handed; …:1or2handed; …:speed; …:gemsockets; …:belt; …:quest	client/Assets/StreamingAssets/Table/Item.tsv:111	公式求值相等
4623	tbl:Item(137 id)|id=111	Weapons|Armor|Misc.txt:code; 行来自哪张官方表（weap/armo/misc）; Weapons|Armor|Misc.txt:type; Weapons|Armor|Misc.txt:type2（空 ⇒ wclass）; …:invwidth; …:invheight; …:levelreq; …:level; …:reqstr; …:reqdex; …:mindam（两侧皆 0 ⇒ 回退 2handmindam）; …:maxdam（两侧皆 0 ⇒ 回退 2handmaxdam）; …:2handmindam; …:2handmaxdam; Weapons.txt:StrBonus（Armor/Misc 无此列 ⇒ 0）; Weapons.txt:DexBonus（Armor/Misc 无此列 ⇒ 0）; …:minmisdam; …:maxmisdam; …:minac; …:maxac; …:block; …:cost; …:stackable; …:minstack; …:maxstack; …:2handed; …:1or2handed; …:speed; …:gemsockets; …:belt; …:quest	client/Assets/StreamingAssets/Table/Item.tsv:112	公式求值相等
4624	tbl:Item(137 id)|id=112	Weapons|Armor|Misc.txt:code; 行来自哪张官方表（weap/armo/misc）; Weapons|Armor|Misc.txt:type; Weapons|Armor|Misc.txt:type2（空 ⇒ wclass）; …:invwidth; …:invheight; …:levelreq; …:level; …:reqstr; …:reqdex; …:mindam（两侧皆 0 ⇒ 回退 2handmindam）; …:maxdam（两侧皆 0 ⇒ 回退 2handmaxdam）; …:2handmindam; …:2handmaxdam; Weapons.txt:StrBonus（Armor/Misc 无此列 ⇒ 0）; Weapons.txt:DexBonus（Armor/Misc 无此列 ⇒ 0）; …:minmisdam; …:maxmisdam; …:minac; …:maxac; …:block; …:cost; …:stackable; …:minstack; …:maxstack; …:2handed; …:1or2handed; …:speed; …:gemsockets; …:belt; …:quest	client/Assets/StreamingAssets/Table/Item.tsv:113	公式求值相等
4625	tbl:Item(137 id)|id=113	Weapons|Armor|Misc.txt:code; 行来自哪张官方表（weap/armo/misc）; Weapons|Armor|Misc.txt:type; Weapons|Armor|Misc.txt:type2（空 ⇒ wclass）; …:invwidth; …:invheight; …:levelreq; …:level; …:reqstr; …:reqdex; …:mindam（两侧皆 0 ⇒ 回退 2handmindam）; …:maxdam（两侧皆 0 ⇒ 回退 2handmaxdam）; …:2handmindam; …:2handmaxdam; Weapons.txt:StrBonus（Armor/Misc 无此列 ⇒ 0）; Weapons.txt:DexBonus（Armor/Misc 无此列 ⇒ 0）; …:minmisdam; …:maxmisdam; …:minac; …:maxac; …:block; …:cost; …:stackable; …:minstack; …:maxstack; …:2handed; …:1or2handed; …:speed; …:gemsockets; …:belt; …:quest	client/Assets/StreamingAssets/Table/Item.tsv:114	公式求值相等
4626	tbl:Item(137 id)|id=114	Weapons|Armor|Misc.txt:code; 行来自哪张官方表（weap/armo/misc）; Weapons|Armor|Misc.txt:type; Weapons|Armor|Misc.txt:type2（空 ⇒ wclass）; …:invwidth; …:invheight; …:levelreq; …:level; …:reqstr; …:reqdex; …:mindam（两侧皆 0 ⇒ 回退 2handmindam）; …:maxdam（两侧皆 0 ⇒ 回退 2handmaxdam）; …:2handmindam; …:2handmaxdam; Weapons.txt:StrBonus（Armor/Misc 无此列 ⇒ 0）; Weapons.txt:DexBonus（Armor/Misc 无此列 ⇒ 0）; …:minmisdam; …:maxmisdam; …:minac; …:maxac; …:block; …:cost; …:stackable; …:minstack; …:maxstack; …:2handed; …:1or2handed; …:speed; …:gemsockets; …:belt; …:quest	client/Assets/StreamingAssets/Table/Item.tsv:115	公式求值相等
4627	tbl:Item(137 id)|id=115	Weapons|Armor|Misc.txt:code; 行来自哪张官方表（weap/armo/misc）; Weapons|Armor|Misc.txt:type; Weapons|Armor|Misc.txt:type2（空 ⇒ wclass）; …:invwidth; …:invheight; …:levelreq; …:level; …:reqstr; …:reqdex; …:mindam（两侧皆 0 ⇒ 回退 2handmindam）; …:maxdam（两侧皆 0 ⇒ 回退 2handmaxdam）; …:2handmindam; …:2handmaxdam; Weapons.txt:StrBonus（Armor/Misc 无此列 ⇒ 0）; Weapons.txt:DexBonus（Armor/Misc 无此列 ⇒ 0）; …:minmisdam; …:maxmisdam; …:minac; …:maxac; …:block; …:cost; …:stackable; …:minstack; …:maxstack; …:2handed; …:1or2handed; …:speed; …:gemsockets; …:belt; …:quest	client/Assets/StreamingAssets/Table/Item.tsv:116	公式求值相等
4628	tbl:Item(137 id)|id=116	Weapons|Armor|Misc.txt:code; 行来自哪张官方表（weap/armo/misc）; Weapons|Armor|Misc.txt:type; Weapons|Armor|Misc.txt:type2（空 ⇒ wclass）; …:invwidth; …:invheight; …:levelreq; …:level; …:reqstr; …:reqdex; …:mindam（两侧皆 0 ⇒ 回退 2handmindam）; …:maxdam（两侧皆 0 ⇒ 回退 2handmaxdam）; …:2handmindam; …:2handmaxdam; Weapons.txt:StrBonus（Armor/Misc 无此列 ⇒ 0）; Weapons.txt:DexBonus（Armor/Misc 无此列 ⇒ 0）; …:minmisdam; …:maxmisdam; …:minac; …:maxac; …:block; …:cost; …:stackable; …:minstack; …:maxstack; …:2handed; …:1or2handed; …:speed; …:gemsockets; …:belt; …:quest	client/Assets/StreamingAssets/Table/Item.tsv:117	公式求值相等
4629	tbl:Item(137 id)|id=117	Weapons|Armor|Misc.txt:code; 行来自哪张官方表（weap/armo/misc）; Weapons|Armor|Misc.txt:type; Weapons|Armor|Misc.txt:type2（空 ⇒ wclass）; …:invwidth; …:invheight; …:levelreq; …:level; …:reqstr; …:reqdex; …:mindam（两侧皆 0 ⇒ 回退 2handmindam）; …:maxdam（两侧皆 0 ⇒ 回退 2handmaxdam）; …:2handmindam; …:2handmaxdam; Weapons.txt:StrBonus（Armor/Misc 无此列 ⇒ 0）; Weapons.txt:DexBonus（Armor/Misc 无此列 ⇒ 0）; …:minmisdam; …:maxmisdam; …:minac; …:maxac; …:block; …:cost; …:stackable; …:minstack; …:maxstack; …:2handed; …:1or2handed; …:speed; …:gemsockets; …:belt; …:quest	client/Assets/StreamingAssets/Table/Item.tsv:118	公式求值相等
4630	tbl:Item(137 id)|id=118	Weapons|Armor|Misc.txt:code; 行来自哪张官方表（weap/armo/misc）; Weapons|Armor|Misc.txt:type; Weapons|Armor|Misc.txt:type2（空 ⇒ wclass）; …:invwidth; …:invheight; …:levelreq; …:level; …:reqstr; …:reqdex; …:mindam（两侧皆 0 ⇒ 回退 2handmindam）; …:maxdam（两侧皆 0 ⇒ 回退 2handmaxdam）; …:2handmindam; …:2handmaxdam; Weapons.txt:StrBonus（Armor/Misc 无此列 ⇒ 0）; Weapons.txt:DexBonus（Armor/Misc 无此列 ⇒ 0）; …:minmisdam; …:maxmisdam; …:minac; …:maxac; …:block; …:cost; …:stackable; …:minstack; …:maxstack; …:2handed; …:1or2handed; …:speed; …:gemsockets; …:belt; …:quest	client/Assets/StreamingAssets/Table/Item.tsv:119	公式求值相等
4631	tbl:Item(137 id)|id=119	Weapons|Armor|Misc.txt:code; 行来自哪张官方表（weap/armo/misc）; Weapons|Armor|Misc.txt:type; Weapons|Armor|Misc.txt:type2（空 ⇒ wclass）; …:invwidth; …:invheight; …:levelreq; …:level; …:reqstr; …:reqdex; …:mindam（两侧皆 0 ⇒ 回退 2handmindam）; …:maxdam（两侧皆 0 ⇒ 回退 2handmaxdam）; …:2handmindam; …:2handmaxdam; Weapons.txt:StrBonus（Armor/Misc 无此列 ⇒ 0）; Weapons.txt:DexBonus（Armor/Misc 无此列 ⇒ 0）; …:minmisdam; …:maxmisdam; …:minac; …:maxac; …:block; …:cost; …:stackable; …:minstack; …:maxstack; …:2handed; …:1or2handed; …:speed; …:gemsockets; …:belt; …:quest	client/Assets/StreamingAssets/Table/Item.tsv:120	公式求值相等
4632	tbl:Item(137 id)|id=120	Weapons|Armor|Misc.txt:code; 行来自哪张官方表（weap/armo/misc）; Weapons|Armor|Misc.txt:type; Weapons|Armor|Misc.txt:type2（空 ⇒ wclass）; …:invwidth; …:invheight; …:levelreq; …:level; …:reqstr; …:reqdex; …:mindam（两侧皆 0 ⇒ 回退 2handmindam）; …:maxdam（两侧皆 0 ⇒ 回退 2handmaxdam）; …:2handmindam; …:2handmaxdam; Weapons.txt:StrBonus（Armor/Misc 无此列 ⇒ 0）; Weapons.txt:DexBonus（Armor/Misc 无此列 ⇒ 0）; …:minmisdam; …:maxmisdam; …:minac; …:maxac; …:block; …:cost; …:stackable; …:minstack; …:maxstack; …:2handed; …:1or2handed; …:speed; …:gemsockets; …:belt; …:quest	client/Assets/StreamingAssets/Table/Item.tsv:121	公式求值相等
4633	tbl:Item(137 id)|id=121	Weapons|Armor|Misc.txt:code; 行来自哪张官方表（weap/armo/misc）; Weapons|Armor|Misc.txt:type; Weapons|Armor|Misc.txt:type2（空 ⇒ wclass）; …:invwidth; …:invheight; …:levelreq; …:level; …:reqstr; …:reqdex; …:mindam（两侧皆 0 ⇒ 回退 2handmindam）; …:maxdam（两侧皆 0 ⇒ 回退 2handmaxdam）; …:2handmindam; …:2handmaxdam; Weapons.txt:StrBonus（Armor/Misc 无此列 ⇒ 0）; Weapons.txt:DexBonus（Armor/Misc 无此列 ⇒ 0）; …:minmisdam; …:maxmisdam; …:minac; …:maxac; …:block; …:cost; …:stackable; …:minstack; …:maxstack; …:2handed; …:1or2handed; …:speed; …:gemsockets; …:belt; …:quest	client/Assets/StreamingAssets/Table/Item.tsv:122	公式求值相等
4634	tbl:Item(137 id)|id=122	Weapons|Armor|Misc.txt:code; 行来自哪张官方表（weap/armo/misc）; Weapons|Armor|Misc.txt:type; Weapons|Armor|Misc.txt:type2（空 ⇒ wclass）; …:invwidth; …:invheight; …:levelreq; …:level; …:reqstr; …:reqdex; …:mindam（两侧皆 0 ⇒ 回退 2handmindam）; …:maxdam（两侧皆 0 ⇒ 回退 2handmaxdam）; …:2handmindam; …:2handmaxdam; Weapons.txt:StrBonus（Armor/Misc 无此列 ⇒ 0）; Weapons.txt:DexBonus（Armor/Misc 无此列 ⇒ 0）; …:minmisdam; …:maxmisdam; …:minac; …:maxac; …:block; …:cost; …:stackable; …:minstack; …:maxstack; …:2handed; …:1or2handed; …:speed; …:gemsockets; …:belt; …:quest	client/Assets/StreamingAssets/Table/Item.tsv:123	公式求值相等
4635	tbl:Item(137 id)|id=123	Weapons|Armor|Misc.txt:code; 行来自哪张官方表（weap/armo/misc）; Weapons|Armor|Misc.txt:type; Weapons|Armor|Misc.txt:type2（空 ⇒ wclass）; …:invwidth; …:invheight; …:levelreq; …:level; …:reqstr; …:reqdex; …:mindam（两侧皆 0 ⇒ 回退 2handmindam）; …:maxdam（两侧皆 0 ⇒ 回退 2handmaxdam）; …:2handmindam; …:2handmaxdam; Weapons.txt:StrBonus（Armor/Misc 无此列 ⇒ 0）; Weapons.txt:DexBonus（Armor/Misc 无此列 ⇒ 0）; …:minmisdam; …:maxmisdam; …:minac; …:maxac; …:block; …:cost; …:stackable; …:minstack; …:maxstack; …:2handed; …:1or2handed; …:speed; …:gemsockets; …:belt; …:quest	client/Assets/StreamingAssets/Table/Item.tsv:124	公式求值相等
4636	tbl:Item(137 id)|id=124	Weapons|Armor|Misc.txt:code; 行来自哪张官方表（weap/armo/misc）; Weapons|Armor|Misc.txt:type; Weapons|Armor|Misc.txt:type2（空 ⇒ wclass）; …:invwidth; …:invheight; …:levelreq; …:level; …:reqstr; …:reqdex; …:mindam（两侧皆 0 ⇒ 回退 2handmindam）; …:maxdam（两侧皆 0 ⇒ 回退 2handmaxdam）; …:2handmindam; …:2handmaxdam; Weapons.txt:StrBonus（Armor/Misc 无此列 ⇒ 0）; Weapons.txt:DexBonus（Armor/Misc 无此列 ⇒ 0）; …:minmisdam; …:maxmisdam; …:minac; …:maxac; …:block; …:cost; …:stackable; …:minstack; …:maxstack; …:2handed; …:1or2handed; …:speed; …:gemsockets; …:belt; …:quest	client/Assets/StreamingAssets/Table/Item.tsv:125	公式求值相等
4637	tbl:Item(137 id)|id=125	Weapons|Armor|Misc.txt:code; 行来自哪张官方表（weap/armo/misc）; Weapons|Armor|Misc.txt:type; Weapons|Armor|Misc.txt:type2（空 ⇒ wclass）; …:invwidth; …:invheight; …:levelreq; …:level; …:reqstr; …:reqdex; …:mindam（两侧皆 0 ⇒ 回退 2handmindam）; …:maxdam（两侧皆 0 ⇒ 回退 2handmaxdam）; …:2handmindam; …:2handmaxdam; Weapons.txt:StrBonus（Armor/Misc 无此列 ⇒ 0）; Weapons.txt:DexBonus（Armor/Misc 无此列 ⇒ 0）; …:minmisdam; …:maxmisdam; …:minac; …:maxac; …:block; …:cost; …:stackable; …:minstack; …:maxstack; …:2handed; …:1or2handed; …:speed; …:gemsockets; …:belt; …:quest	client/Assets/StreamingAssets/Table/Item.tsv:126	公式求值相等
4638	tbl:Item(137 id)|id=126	Weapons|Armor|Misc.txt:code; 行来自哪张官方表（weap/armo/misc）; Weapons|Armor|Misc.txt:type; Weapons|Armor|Misc.txt:type2（空 ⇒ wclass）; …:invwidth; …:invheight; …:levelreq; …:level; …:reqstr; …:reqdex; …:mindam（两侧皆 0 ⇒ 回退 2handmindam）; …:maxdam（两侧皆 0 ⇒ 回退 2handmaxdam）; …:2handmindam; …:2handmaxdam; Weapons.txt:StrBonus（Armor/Misc 无此列 ⇒ 0）; Weapons.txt:DexBonus（Armor/Misc 无此列 ⇒ 0）; …:minmisdam; …:maxmisdam; …:minac; …:maxac; …:block; …:cost; …:stackable; …:minstack; …:maxstack; …:2handed; …:1or2handed; …:speed; …:gemsockets; …:belt; …:quest	client/Assets/StreamingAssets/Table/Item.tsv:127	公式求值相等
4639	tbl:Item(137 id)|id=127	Weapons|Armor|Misc.txt:code; 行来自哪张官方表（weap/armo/misc）; Weapons|Armor|Misc.txt:type; Weapons|Armor|Misc.txt:type2（空 ⇒ wclass）; …:invwidth; …:invheight; …:levelreq; …:level; …:reqstr; …:reqdex; …:mindam（两侧皆 0 ⇒ 回退 2handmindam）; …:maxdam（两侧皆 0 ⇒ 回退 2handmaxdam）; …:2handmindam; …:2handmaxdam; Weapons.txt:StrBonus（Armor/Misc 无此列 ⇒ 0）; Weapons.txt:DexBonus（Armor/Misc 无此列 ⇒ 0）; …:minmisdam; …:maxmisdam; …:minac; …:maxac; …:block; …:cost; …:stackable; …:minstack; …:maxstack; …:2handed; …:1or2handed; …:speed; …:gemsockets; …:belt; …:quest	client/Assets/StreamingAssets/Table/Item.tsv:128	公式求值相等
4640	tbl:Item(137 id)|id=128	Weapons|Armor|Misc.txt:code; 行来自哪张官方表（weap/armo/misc）; Weapons|Armor|Misc.txt:type; Weapons|Armor|Misc.txt:type2（空 ⇒ wclass）; …:invwidth; …:invheight; …:levelreq; …:level; …:reqstr; …:reqdex; …:mindam（两侧皆 0 ⇒ 回退 2handmindam）; …:maxdam（两侧皆 0 ⇒ 回退 2handmaxdam）; …:2handmindam; …:2handmaxdam; Weapons.txt:StrBonus（Armor/Misc 无此列 ⇒ 0）; Weapons.txt:DexBonus（Armor/Misc 无此列 ⇒ 0）; …:minmisdam; …:maxmisdam; …:minac; …:maxac; …:block; …:cost; …:stackable; …:minstack; …:maxstack; …:2handed; …:1or2handed; …:speed; …:gemsockets; …:belt; …:quest	client/Assets/StreamingAssets/Table/Item.tsv:129	公式求值相等
4641	tbl:Item(137 id)|id=129	Weapons|Armor|Misc.txt:code; 行来自哪张官方表（weap/armo/misc）; Weapons|Armor|Misc.txt:type; Weapons|Armor|Misc.txt:type2（空 ⇒ wclass）; …:invwidth; …:invheight; …:levelreq; …:level; …:reqstr; …:reqdex; …:mindam（两侧皆 0 ⇒ 回退 2handmindam）; …:maxdam（两侧皆 0 ⇒ 回退 2handmaxdam）; …:2handmindam; …:2handmaxdam; Weapons.txt:StrBonus（Armor/Misc 无此列 ⇒ 0）; Weapons.txt:DexBonus（Armor/Misc 无此列 ⇒ 0）; …:minmisdam; …:maxmisdam; …:minac; …:maxac; …:block; …:cost; …:stackable; …:minstack; …:maxstack; …:2handed; …:1or2handed; …:speed; …:gemsockets; …:belt; …:quest	client/Assets/StreamingAssets/Table/Item.tsv:130	公式求值相等
4642	tbl:Item(137 id)|id=130	Weapons|Armor|Misc.txt:code; 行来自哪张官方表（weap/armo/misc）; Weapons|Armor|Misc.txt:type; Weapons|Armor|Misc.txt:type2（空 ⇒ wclass）; …:invwidth; …:invheight; …:levelreq; …:level; …:reqstr; …:reqdex; …:mindam（两侧皆 0 ⇒ 回退 2handmindam）; …:maxdam（两侧皆 0 ⇒ 回退 2handmaxdam）; …:2handmindam; …:2handmaxdam; Weapons.txt:StrBonus（Armor/Misc 无此列 ⇒ 0）; Weapons.txt:DexBonus（Armor/Misc 无此列 ⇒ 0）; …:minmisdam; …:maxmisdam; …:minac; …:maxac; …:block; …:cost; …:stackable; …:minstack; …:maxstack; …:2handed; …:1or2handed; …:speed; …:gemsockets; …:belt; …:quest	client/Assets/StreamingAssets/Table/Item.tsv:131	公式求值相等
4643	tbl:Item(137 id)|id=131	Weapons|Armor|Misc.txt:code; 行来自哪张官方表（weap/armo/misc）; Weapons|Armor|Misc.txt:type; Weapons|Armor|Misc.txt:type2（空 ⇒ wclass）; …:invwidth; …:invheight; …:levelreq; …:level; …:reqstr; …:reqdex; …:mindam（两侧皆 0 ⇒ 回退 2handmindam）; …:maxdam（两侧皆 0 ⇒ 回退 2handmaxdam）; …:2handmindam; …:2handmaxdam; Weapons.txt:StrBonus（Armor/Misc 无此列 ⇒ 0）; Weapons.txt:DexBonus（Armor/Misc 无此列 ⇒ 0）; …:minmisdam; …:maxmisdam; …:minac; …:maxac; …:block; …:cost; …:stackable; …:minstack; …:maxstack; …:2handed; …:1or2handed; …:speed; …:gemsockets; …:belt; …:quest	client/Assets/StreamingAssets/Table/Item.tsv:132	公式求值相等
4644	tbl:Item(137 id)|id=132	Weapons|Armor|Misc.txt:code; 行来自哪张官方表（weap/armo/misc）; Weapons|Armor|Misc.txt:type; Weapons|Armor|Misc.txt:type2（空 ⇒ wclass）; …:invwidth; …:invheight; …:levelreq; …:level; …:reqstr; …:reqdex; …:mindam（两侧皆 0 ⇒ 回退 2handmindam）; …:maxdam（两侧皆 0 ⇒ 回退 2handmaxdam）; …:2handmindam; …:2handmaxdam; Weapons.txt:StrBonus（Armor/Misc 无此列 ⇒ 0）; Weapons.txt:DexBonus（Armor/Misc 无此列 ⇒ 0）; …:minmisdam; …:maxmisdam; …:minac; …:maxac; …:block; …:cost; …:stackable; …:minstack; …:maxstack; …:2handed; …:1or2handed; …:speed; …:gemsockets; …:belt; …:quest	client/Assets/StreamingAssets/Table/Item.tsv:133	公式求值相等
4645	tbl:Item(137 id)|id=133	Weapons|Armor|Misc.txt:code; 行来自哪张官方表（weap/armo/misc）; Weapons|Armor|Misc.txt:type; Weapons|Armor|Misc.txt:type2（空 ⇒ wclass）; …:invwidth; …:invheight; …:levelreq; …:level; …:reqstr; …:reqdex; …:mindam（两侧皆 0 ⇒ 回退 2handmindam）; …:maxdam（两侧皆 0 ⇒ 回退 2handmaxdam）; …:2handmindam; …:2handmaxdam; Weapons.txt:StrBonus（Armor/Misc 无此列 ⇒ 0）; Weapons.txt:DexBonus（Armor/Misc 无此列 ⇒ 0）; …:minmisdam; …:maxmisdam; …:minac; …:maxac; …:block; …:cost; …:stackable; …:minstack; …:maxstack; …:2handed; …:1or2handed; …:speed; …:gemsockets; …:belt; …:quest	client/Assets/StreamingAssets/Table/Item.tsv:134	公式求值相等
4646	tbl:Item(137 id)|id=134	Weapons|Armor|Misc.txt:code; 行来自哪张官方表（weap/armo/misc）; Weapons|Armor|Misc.txt:type; Weapons|Armor|Misc.txt:type2（空 ⇒ wclass）; …:invwidth; …:invheight; …:levelreq; …:level; …:reqstr; …:reqdex; …:mindam（两侧皆 0 ⇒ 回退 2handmindam）; …:maxdam（两侧皆 0 ⇒ 回退 2handmaxdam）; …:2handmindam; …:2handmaxdam; Weapons.txt:StrBonus（Armor/Misc 无此列 ⇒ 0）; Weapons.txt:DexBonus（Armor/Misc 无此列 ⇒ 0）; …:minmisdam; …:maxmisdam; …:minac; …:maxac; …:block; …:cost; …:stackable; …:minstack; …:maxstack; …:2handed; …:1or2handed; …:speed; …:gemsockets; …:belt; …:quest	client/Assets/StreamingAssets/Table/Item.tsv:135	公式求值相等
4647	tbl:Item(137 id)|id=135	Weapons|Armor|Misc.txt:code; 行来自哪张官方表（weap/armo/misc）; Weapons|Armor|Misc.txt:type; Weapons|Armor|Misc.txt:type2（空 ⇒ wclass）; …:invwidth; …:invheight; …:levelreq; …:level; …:reqstr; …:reqdex; …:mindam（两侧皆 0 ⇒ 回退 2handmindam）; …:maxdam（两侧皆 0 ⇒ 回退 2handmaxdam）; …:2handmindam; …:2handmaxdam; Weapons.txt:StrBonus（Armor/Misc 无此列 ⇒ 0）; Weapons.txt:DexBonus（Armor/Misc 无此列 ⇒ 0）; …:minmisdam; …:maxmisdam; …:minac; …:maxac; …:block; …:cost; …:stackable; …:minstack; …:maxstack; …:2handed; …:1or2handed; …:speed; …:gemsockets; …:belt; …:quest	client/Assets/StreamingAssets/Table/Item.tsv:136	公式求值相等
4648	tbl:Item(137 id)|id=136	Weapons|Armor|Misc.txt:code; 行来自哪张官方表（weap/armo/misc）; Weapons|Armor|Misc.txt:type; Weapons|Armor|Misc.txt:type2（空 ⇒ wclass）; …:invwidth; …:invheight; …:levelreq; …:level; …:reqstr; …:reqdex; …:mindam（两侧皆 0 ⇒ 回退 2handmindam）; …:maxdam（两侧皆 0 ⇒ 回退 2handmaxdam）; …:2handmindam; …:2handmaxdam; Weapons.txt:StrBonus（Armor/Misc 无此列 ⇒ 0）; Weapons.txt:DexBonus（Armor/Misc 无此列 ⇒ 0）; …:minmisdam; …:maxmisdam; …:minac; …:maxac; …:block; …:cost; …:stackable; …:minstack; …:maxstack; …:2handed; …:1or2handed; …:speed; …:gemsockets; …:belt; …:quest	client/Assets/StreamingAssets/Table/Item.tsv:137	公式求值相等
4649	tbl:Item(137 id)|id=137	Weapons|Armor|Misc.txt:code; 行来自哪张官方表（weap/armo/misc）; Weapons|Armor|Misc.txt:type; Weapons|Armor|Misc.txt:type2（空 ⇒ wclass）; …:invwidth; …:invheight; …:levelreq; …:level; …:reqstr; …:reqdex; …:mindam（两侧皆 0 ⇒ 回退 2handmindam）; …:maxdam（两侧皆 0 ⇒ 回退 2handmaxdam）; …:2handmindam; …:2handmaxdam; Weapons.txt:StrBonus（Armor/Misc 无此列 ⇒ 0）; Weapons.txt:DexBonus（Armor/Misc 无此列 ⇒ 0）; …:minmisdam; …:maxmisdam; …:minac; …:maxac; …:block; …:cost; …:stackable; …:minstack; …:maxstack; …:2handed; …:1or2handed; …:speed; …:gemsockets; …:belt; …:quest	client/Assets/StreamingAssets/Table/Item.tsv:138	公式求值相等
4652	tbl:Level(3 id)|id=1	Levels.txt:Name; Levels.txt:LevelName; Levels.txt:Id; Levels.txt:Act; Levels.txt:MonLvl1; Levels.txt:MonDen; Levels.txt:MonUMin; Levels.txt:MonUMax; Levels.txt:NumMon; Levels.txt:mon1..mon10 → 本项目怪物编号（MONSTER_IDX）; Levels.txt:SizeX; Levels.txt:SizeY; min(Levels.txt:SizeX, Levels.txt:SizeY); max(Levels.txt:SizeX, Levels.txt:SizeY); Levels.txt:DrlgType（==2 ⇒ 0，其余 1）; Levels.txt:DrlgType; Levels.txt:IsInside	client/Assets/StreamingAssets/Table/Level.tsv:2	公式求值相等
4653	tbl:Level(3 id)|id=2	Levels.txt:Name; Levels.txt:LevelName; Levels.txt:Id; Levels.txt:Act; Levels.txt:MonLvl1; Levels.txt:MonDen; Levels.txt:MonUMin; Levels.txt:MonUMax; Levels.txt:NumMon; Levels.txt:mon1..mon10 → 本项目怪物编号（MONSTER_IDX）; Levels.txt:SizeX; Levels.txt:SizeY; min(Levels.txt:SizeX, Levels.txt:SizeY); max(Levels.txt:SizeX, Levels.txt:SizeY); Levels.txt:DrlgType（==2 ⇒ 0，其余 1）; Levels.txt:DrlgType; Levels.txt:IsInside	client/Assets/StreamingAssets/Table/Level.tsv:3	公式求值相等
4654	tbl:Level(3 id)|id=3	Levels.txt:Name; Levels.txt:LevelName; Levels.txt:Id; Levels.txt:Act; Levels.txt:MonLvl1; Levels.txt:MonDen; Levels.txt:MonUMin; Levels.txt:MonUMax; Levels.txt:NumMon; Levels.txt:mon1..mon10 → 本项目怪物编号（MONSTER_IDX）; Levels.txt:SizeX; Levels.txt:SizeY; min(Levels.txt:SizeX, Levels.txt:SizeY); max(Levels.txt:SizeX, Levels.txt:SizeY); Levels.txt:DrlgType（==2 ⇒ 0，其余 1）; Levels.txt:DrlgType; Levels.txt:IsInside	client/Assets/StreamingAssets/Table/Level.tsv:4	公式求值相等
4657	tbl:Missile(42 id)|id=1	Missiles.txt:Missile; Missiles.txt:Id; Missiles.txt:Vel; Missiles.txt:MaxVel; Missiles.txt:Accel; Missiles.txt:Size; Missiles.txt:Range; Missiles.txt:MinDamage; Missiles.txt:MaxDamage; Missiles.txt:EMin; Missiles.txt:Emax; Missiles.txt:EType; Missiles.txt:Light; Missiles.txt:CelFile; Missiles.txt:CollideType; Missiles.txt:NextHit; Missiles.txt:NextDelay; Missiles.txt:SubMissile1; 引用来源（skills.txt:srvmissile/cltmissile + MonStats.txt:Miss*）	client/Assets/StreamingAssets/Table/Missile.tsv:2	公式求值相等
4658	tbl:Missile(42 id)|id=2	Missiles.txt:Missile; Missiles.txt:Id; Missiles.txt:Vel; Missiles.txt:MaxVel; Missiles.txt:Accel; Missiles.txt:Size; Missiles.txt:Range; Missiles.txt:MinDamage; Missiles.txt:MaxDamage; Missiles.txt:EMin; Missiles.txt:Emax; Missiles.txt:EType; Missiles.txt:Light; Missiles.txt:CelFile; Missiles.txt:CollideType; Missiles.txt:NextHit; Missiles.txt:NextDelay; Missiles.txt:SubMissile1; 引用来源（skills.txt:srvmissile/cltmissile + MonStats.txt:Miss*）	client/Assets/StreamingAssets/Table/Missile.tsv:3	公式求值相等
4659	tbl:Missile(42 id)|id=3	Missiles.txt:Missile; Missiles.txt:Id; Missiles.txt:Vel; Missiles.txt:MaxVel; Missiles.txt:Accel; Missiles.txt:Size; Missiles.txt:Range; Missiles.txt:MinDamage; Missiles.txt:MaxDamage; Missiles.txt:EMin; Missiles.txt:Emax; Missiles.txt:EType; Missiles.txt:Light; Missiles.txt:CelFile; Missiles.txt:CollideType; Missiles.txt:NextHit; Missiles.txt:NextDelay; Missiles.txt:SubMissile1; 引用来源（skills.txt:srvmissile/cltmissile + MonStats.txt:Miss*）	client/Assets/StreamingAssets/Table/Missile.tsv:4	公式求值相等
4660	tbl:Missile(42 id)|id=4	Missiles.txt:Missile; Missiles.txt:Id; Missiles.txt:Vel; Missiles.txt:MaxVel; Missiles.txt:Accel; Missiles.txt:Size; Missiles.txt:Range; Missiles.txt:MinDamage; Missiles.txt:MaxDamage; Missiles.txt:EMin; Missiles.txt:Emax; Missiles.txt:EType; Missiles.txt:Light; Missiles.txt:CelFile; Missiles.txt:CollideType; Missiles.txt:NextHit; Missiles.txt:NextDelay; Missiles.txt:SubMissile1; 引用来源（skills.txt:srvmissile/cltmissile + MonStats.txt:Miss*）	client/Assets/StreamingAssets/Table/Missile.tsv:5	公式求值相等
4661	tbl:Missile(42 id)|id=5	Missiles.txt:Missile; Missiles.txt:Id; Missiles.txt:Vel; Missiles.txt:MaxVel; Missiles.txt:Accel; Missiles.txt:Size; Missiles.txt:Range; Missiles.txt:MinDamage; Missiles.txt:MaxDamage; Missiles.txt:EMin; Missiles.txt:Emax; Missiles.txt:EType; Missiles.txt:Light; Missiles.txt:CelFile; Missiles.txt:CollideType; Missiles.txt:NextHit; Missiles.txt:NextDelay; Missiles.txt:SubMissile1; 引用来源（skills.txt:srvmissile/cltmissile + MonStats.txt:Miss*）	client/Assets/StreamingAssets/Table/Missile.tsv:6	公式求值相等
4662	tbl:Missile(42 id)|id=6	Missiles.txt:Missile; Missiles.txt:Id; Missiles.txt:Vel; Missiles.txt:MaxVel; Missiles.txt:Accel; Missiles.txt:Size; Missiles.txt:Range; Missiles.txt:MinDamage; Missiles.txt:MaxDamage; Missiles.txt:EMin; Missiles.txt:Emax; Missiles.txt:EType; Missiles.txt:Light; Missiles.txt:CelFile; Missiles.txt:CollideType; Missiles.txt:NextHit; Missiles.txt:NextDelay; Missiles.txt:SubMissile1; 引用来源（skills.txt:srvmissile/cltmissile + MonStats.txt:Miss*）	client/Assets/StreamingAssets/Table/Missile.tsv:7	公式求值相等
4663	tbl:Missile(42 id)|id=7	Missiles.txt:Missile; Missiles.txt:Id; Missiles.txt:Vel; Missiles.txt:MaxVel; Missiles.txt:Accel; Missiles.txt:Size; Missiles.txt:Range; Missiles.txt:MinDamage; Missiles.txt:MaxDamage; Missiles.txt:EMin; Missiles.txt:Emax; Missiles.txt:EType; Missiles.txt:Light; Missiles.txt:CelFile; Missiles.txt:CollideType; Missiles.txt:NextHit; Missiles.txt:NextDelay; Missiles.txt:SubMissile1; 引用来源（skills.txt:srvmissile/cltmissile + MonStats.txt:Miss*）	client/Assets/StreamingAssets/Table/Missile.tsv:8	公式求值相等
4664	tbl:Missile(42 id)|id=8	Missiles.txt:Missile; Missiles.txt:Id; Missiles.txt:Vel; Missiles.txt:MaxVel; Missiles.txt:Accel; Missiles.txt:Size; Missiles.txt:Range; Missiles.txt:MinDamage; Missiles.txt:MaxDamage; Missiles.txt:EMin; Missiles.txt:Emax; Missiles.txt:EType; Missiles.txt:Light; Missiles.txt:CelFile; Missiles.txt:CollideType; Missiles.txt:NextHit; Missiles.txt:NextDelay; Missiles.txt:SubMissile1; 引用来源（skills.txt:srvmissile/cltmissile + MonStats.txt:Miss*）	client/Assets/StreamingAssets/Table/Missile.tsv:9	公式求值相等
4665	tbl:Missile(42 id)|id=9	Missiles.txt:Missile; Missiles.txt:Id; Missiles.txt:Vel; Missiles.txt:MaxVel; Missiles.txt:Accel; Missiles.txt:Size; Missiles.txt:Range; Missiles.txt:MinDamage; Missiles.txt:MaxDamage; Missiles.txt:EMin; Missiles.txt:Emax; Missiles.txt:EType; Missiles.txt:Light; Missiles.txt:CelFile; Missiles.txt:CollideType; Missiles.txt:NextHit; Missiles.txt:NextDelay; Missiles.txt:SubMissile1; 引用来源（skills.txt:srvmissile/cltmissile + MonStats.txt:Miss*）	client/Assets/StreamingAssets/Table/Missile.tsv:10	公式求值相等
4666	tbl:Missile(42 id)|id=10	Missiles.txt:Missile; Missiles.txt:Id; Missiles.txt:Vel; Missiles.txt:MaxVel; Missiles.txt:Accel; Missiles.txt:Size; Missiles.txt:Range; Missiles.txt:MinDamage; Missiles.txt:MaxDamage; Missiles.txt:EMin; Missiles.txt:Emax; Missiles.txt:EType; Missiles.txt:Light; Missiles.txt:CelFile; Missiles.txt:CollideType; Missiles.txt:NextHit; Missiles.txt:NextDelay; Missiles.txt:SubMissile1; 引用来源（skills.txt:srvmissile/cltmissile + MonStats.txt:Miss*）	client/Assets/StreamingAssets/Table/Missile.tsv:11	公式求值相等
4667	tbl:Missile(42 id)|id=11	Missiles.txt:Missile; Missiles.txt:Id; Missiles.txt:Vel; Missiles.txt:MaxVel; Missiles.txt:Accel; Missiles.txt:Size; Missiles.txt:Range; Missiles.txt:MinDamage; Missiles.txt:MaxDamage; Missiles.txt:EMin; Missiles.txt:Emax; Missiles.txt:EType; Missiles.txt:Light; Missiles.txt:CelFile; Missiles.txt:CollideType; Missiles.txt:NextHit; Missiles.txt:NextDelay; Missiles.txt:SubMissile1; 引用来源（skills.txt:srvmissile/cltmissile + MonStats.txt:Miss*）	client/Assets/StreamingAssets/Table/Missile.tsv:12	公式求值相等
4668	tbl:Missile(42 id)|id=12	Missiles.txt:Missile; Missiles.txt:Id; Missiles.txt:Vel; Missiles.txt:MaxVel; Missiles.txt:Accel; Missiles.txt:Size; Missiles.txt:Range; Missiles.txt:MinDamage; Missiles.txt:MaxDamage; Missiles.txt:EMin; Missiles.txt:Emax; Missiles.txt:EType; Missiles.txt:Light; Missiles.txt:CelFile; Missiles.txt:CollideType; Missiles.txt:NextHit; Missiles.txt:NextDelay; Missiles.txt:SubMissile1; 引用来源（skills.txt:srvmissile/cltmissile + MonStats.txt:Miss*）	client/Assets/StreamingAssets/Table/Missile.tsv:13	公式求值相等
4669	tbl:Missile(42 id)|id=13	Missiles.txt:Missile; Missiles.txt:Id; Missiles.txt:Vel; Missiles.txt:MaxVel; Missiles.txt:Accel; Missiles.txt:Size; Missiles.txt:Range; Missiles.txt:MinDamage; Missiles.txt:MaxDamage; Missiles.txt:EMin; Missiles.txt:Emax; Missiles.txt:EType; Missiles.txt:Light; Missiles.txt:CelFile; Missiles.txt:CollideType; Missiles.txt:NextHit; Missiles.txt:NextDelay; Missiles.txt:SubMissile1; 引用来源（skills.txt:srvmissile/cltmissile + MonStats.txt:Miss*）	client/Assets/StreamingAssets/Table/Missile.tsv:14	公式求值相等
4670	tbl:Missile(42 id)|id=14	Missiles.txt:Missile; Missiles.txt:Id; Missiles.txt:Vel; Missiles.txt:MaxVel; Missiles.txt:Accel; Missiles.txt:Size; Missiles.txt:Range; Missiles.txt:MinDamage; Missiles.txt:MaxDamage; Missiles.txt:EMin; Missiles.txt:Emax; Missiles.txt:EType; Missiles.txt:Light; Missiles.txt:CelFile; Missiles.txt:CollideType; Missiles.txt:NextHit; Missiles.txt:NextDelay; Missiles.txt:SubMissile1; 引用来源（skills.txt:srvmissile/cltmissile + MonStats.txt:Miss*）	client/Assets/StreamingAssets/Table/Missile.tsv:15	公式求值相等
4671	tbl:Missile(42 id)|id=15	Missiles.txt:Missile; Missiles.txt:Id; Missiles.txt:Vel; Missiles.txt:MaxVel; Missiles.txt:Accel; Missiles.txt:Size; Missiles.txt:Range; Missiles.txt:MinDamage; Missiles.txt:MaxDamage; Missiles.txt:EMin; Missiles.txt:Emax; Missiles.txt:EType; Missiles.txt:Light; Missiles.txt:CelFile; Missiles.txt:CollideType; Missiles.txt:NextHit; Missiles.txt:NextDelay; Missiles.txt:SubMissile1; 引用来源（skills.txt:srvmissile/cltmissile + MonStats.txt:Miss*）	client/Assets/StreamingAssets/Table/Missile.tsv:16	公式求值相等
4672	tbl:Missile(42 id)|id=16	Missiles.txt:Missile; Missiles.txt:Id; Missiles.txt:Vel; Missiles.txt:MaxVel; Missiles.txt:Accel; Missiles.txt:Size; Missiles.txt:Range; Missiles.txt:MinDamage; Missiles.txt:MaxDamage; Missiles.txt:EMin; Missiles.txt:Emax; Missiles.txt:EType; Missiles.txt:Light; Missiles.txt:CelFile; Missiles.txt:CollideType; Missiles.txt:NextHit; Missiles.txt:NextDelay; Missiles.txt:SubMissile1; 引用来源（skills.txt:srvmissile/cltmissile + MonStats.txt:Miss*）	client/Assets/StreamingAssets/Table/Missile.tsv:17	公式求值相等
4673	tbl:Missile(42 id)|id=17	Missiles.txt:Missile; Missiles.txt:Id; Missiles.txt:Vel; Missiles.txt:MaxVel; Missiles.txt:Accel; Missiles.txt:Size; Missiles.txt:Range; Missiles.txt:MinDamage; Missiles.txt:MaxDamage; Missiles.txt:EMin; Missiles.txt:Emax; Missiles.txt:EType; Missiles.txt:Light; Missiles.txt:CelFile; Missiles.txt:CollideType; Missiles.txt:NextHit; Missiles.txt:NextDelay; Missiles.txt:SubMissile1; 引用来源（skills.txt:srvmissile/cltmissile + MonStats.txt:Miss*）	client/Assets/StreamingAssets/Table/Missile.tsv:18	公式求值相等
4674	tbl:Missile(42 id)|id=18	Missiles.txt:Missile; Missiles.txt:Id; Missiles.txt:Vel; Missiles.txt:MaxVel; Missiles.txt:Accel; Missiles.txt:Size; Missiles.txt:Range; Missiles.txt:MinDamage; Missiles.txt:MaxDamage; Missiles.txt:EMin; Missiles.txt:Emax; Missiles.txt:EType; Missiles.txt:Light; Missiles.txt:CelFile; Missiles.txt:CollideType; Missiles.txt:NextHit; Missiles.txt:NextDelay; Missiles.txt:SubMissile1; 引用来源（skills.txt:srvmissile/cltmissile + MonStats.txt:Miss*）	client/Assets/StreamingAssets/Table/Missile.tsv:19	公式求值相等
4675	tbl:Missile(42 id)|id=19	Missiles.txt:Missile; Missiles.txt:Id; Missiles.txt:Vel; Missiles.txt:MaxVel; Missiles.txt:Accel; Missiles.txt:Size; Missiles.txt:Range; Missiles.txt:MinDamage; Missiles.txt:MaxDamage; Missiles.txt:EMin; Missiles.txt:Emax; Missiles.txt:EType; Missiles.txt:Light; Missiles.txt:CelFile; Missiles.txt:CollideType; Missiles.txt:NextHit; Missiles.txt:NextDelay; Missiles.txt:SubMissile1; 引用来源（skills.txt:srvmissile/cltmissile + MonStats.txt:Miss*）	client/Assets/StreamingAssets/Table/Missile.tsv:20	公式求值相等
4676	tbl:Missile(42 id)|id=20	Missiles.txt:Missile; Missiles.txt:Id; Missiles.txt:Vel; Missiles.txt:MaxVel; Missiles.txt:Accel; Missiles.txt:Size; Missiles.txt:Range; Missiles.txt:MinDamage; Missiles.txt:MaxDamage; Missiles.txt:EMin; Missiles.txt:Emax; Missiles.txt:EType; Missiles.txt:Light; Missiles.txt:CelFile; Missiles.txt:CollideType; Missiles.txt:NextHit; Missiles.txt:NextDelay; Missiles.txt:SubMissile1; 引用来源（skills.txt:srvmissile/cltmissile + MonStats.txt:Miss*）	client/Assets/StreamingAssets/Table/Missile.tsv:21	公式求值相等
4677	tbl:Missile(42 id)|id=21	Missiles.txt:Missile; Missiles.txt:Id; Missiles.txt:Vel; Missiles.txt:MaxVel; Missiles.txt:Accel; Missiles.txt:Size; Missiles.txt:Range; Missiles.txt:MinDamage; Missiles.txt:MaxDamage; Missiles.txt:EMin; Missiles.txt:Emax; Missiles.txt:EType; Missiles.txt:Light; Missiles.txt:CelFile; Missiles.txt:CollideType; Missiles.txt:NextHit; Missiles.txt:NextDelay; Missiles.txt:SubMissile1; 引用来源（skills.txt:srvmissile/cltmissile + MonStats.txt:Miss*）	client/Assets/StreamingAssets/Table/Missile.tsv:22	公式求值相等
4678	tbl:Missile(42 id)|id=22	Missiles.txt:Missile; Missiles.txt:Id; Missiles.txt:Vel; Missiles.txt:MaxVel; Missiles.txt:Accel; Missiles.txt:Size; Missiles.txt:Range; Missiles.txt:MinDamage; Missiles.txt:MaxDamage; Missiles.txt:EMin; Missiles.txt:Emax; Missiles.txt:EType; Missiles.txt:Light; Missiles.txt:CelFile; Missiles.txt:CollideType; Missiles.txt:NextHit; Missiles.txt:NextDelay; Missiles.txt:SubMissile1; 引用来源（skills.txt:srvmissile/cltmissile + MonStats.txt:Miss*）	client/Assets/StreamingAssets/Table/Missile.tsv:23	公式求值相等
4679	tbl:Missile(42 id)|id=23	Missiles.txt:Missile; Missiles.txt:Id; Missiles.txt:Vel; Missiles.txt:MaxVel; Missiles.txt:Accel; Missiles.txt:Size; Missiles.txt:Range; Missiles.txt:MinDamage; Missiles.txt:MaxDamage; Missiles.txt:EMin; Missiles.txt:Emax; Missiles.txt:EType; Missiles.txt:Light; Missiles.txt:CelFile; Missiles.txt:CollideType; Missiles.txt:NextHit; Missiles.txt:NextDelay; Missiles.txt:SubMissile1; 引用来源（skills.txt:srvmissile/cltmissile + MonStats.txt:Miss*）	client/Assets/StreamingAssets/Table/Missile.tsv:24	公式求值相等
4680	tbl:Missile(42 id)|id=24	Missiles.txt:Missile; Missiles.txt:Id; Missiles.txt:Vel; Missiles.txt:MaxVel; Missiles.txt:Accel; Missiles.txt:Size; Missiles.txt:Range; Missiles.txt:MinDamage; Missiles.txt:MaxDamage; Missiles.txt:EMin; Missiles.txt:Emax; Missiles.txt:EType; Missiles.txt:Light; Missiles.txt:CelFile; Missiles.txt:CollideType; Missiles.txt:NextHit; Missiles.txt:NextDelay; Missiles.txt:SubMissile1; 引用来源（skills.txt:srvmissile/cltmissile + MonStats.txt:Miss*）	client/Assets/StreamingAssets/Table/Missile.tsv:25	公式求值相等
4681	tbl:Missile(42 id)|id=25	Missiles.txt:Missile; Missiles.txt:Id; Missiles.txt:Vel; Missiles.txt:MaxVel; Missiles.txt:Accel; Missiles.txt:Size; Missiles.txt:Range; Missiles.txt:MinDamage; Missiles.txt:MaxDamage; Missiles.txt:EMin; Missiles.txt:Emax; Missiles.txt:EType; Missiles.txt:Light; Missiles.txt:CelFile; Missiles.txt:CollideType; Missiles.txt:NextHit; Missiles.txt:NextDelay; Missiles.txt:SubMissile1; 引用来源（skills.txt:srvmissile/cltmissile + MonStats.txt:Miss*）	client/Assets/StreamingAssets/Table/Missile.tsv:26	公式求值相等
4682	tbl:Missile(42 id)|id=26	Missiles.txt:Missile; Missiles.txt:Id; Missiles.txt:Vel; Missiles.txt:MaxVel; Missiles.txt:Accel; Missiles.txt:Size; Missiles.txt:Range; Missiles.txt:MinDamage; Missiles.txt:MaxDamage; Missiles.txt:EMin; Missiles.txt:Emax; Missiles.txt:EType; Missiles.txt:Light; Missiles.txt:CelFile; Missiles.txt:CollideType; Missiles.txt:NextHit; Missiles.txt:NextDelay; Missiles.txt:SubMissile1; 引用来源（skills.txt:srvmissile/cltmissile + MonStats.txt:Miss*）	client/Assets/StreamingAssets/Table/Missile.tsv:27	公式求值相等
4683	tbl:Missile(42 id)|id=27	Missiles.txt:Missile; Missiles.txt:Id; Missiles.txt:Vel; Missiles.txt:MaxVel; Missiles.txt:Accel; Missiles.txt:Size; Missiles.txt:Range; Missiles.txt:MinDamage; Missiles.txt:MaxDamage; Missiles.txt:EMin; Missiles.txt:Emax; Missiles.txt:EType; Missiles.txt:Light; Missiles.txt:CelFile; Missiles.txt:CollideType; Missiles.txt:NextHit; Missiles.txt:NextDelay; Missiles.txt:SubMissile1; 引用来源（skills.txt:srvmissile/cltmissile + MonStats.txt:Miss*）	client/Assets/StreamingAssets/Table/Missile.tsv:28	公式求值相等
4684	tbl:Missile(42 id)|id=28	Missiles.txt:Missile; Missiles.txt:Id; Missiles.txt:Vel; Missiles.txt:MaxVel; Missiles.txt:Accel; Missiles.txt:Size; Missiles.txt:Range; Missiles.txt:MinDamage; Missiles.txt:MaxDamage; Missiles.txt:EMin; Missiles.txt:Emax; Missiles.txt:EType; Missiles.txt:Light; Missiles.txt:CelFile; Missiles.txt:CollideType; Missiles.txt:NextHit; Missiles.txt:NextDelay; Missiles.txt:SubMissile1; 引用来源（skills.txt:srvmissile/cltmissile + MonStats.txt:Miss*）	client/Assets/StreamingAssets/Table/Missile.tsv:29	公式求值相等
4685	tbl:Missile(42 id)|id=29	Missiles.txt:Missile; Missiles.txt:Id; Missiles.txt:Vel; Missiles.txt:MaxVel; Missiles.txt:Accel; Missiles.txt:Size; Missiles.txt:Range; Missiles.txt:MinDamage; Missiles.txt:MaxDamage; Missiles.txt:EMin; Missiles.txt:Emax; Missiles.txt:EType; Missiles.txt:Light; Missiles.txt:CelFile; Missiles.txt:CollideType; Missiles.txt:NextHit; Missiles.txt:NextDelay; Missiles.txt:SubMissile1; 引用来源（skills.txt:srvmissile/cltmissile + MonStats.txt:Miss*）	client/Assets/StreamingAssets/Table/Missile.tsv:30	公式求值相等
4686	tbl:Missile(42 id)|id=30	Missiles.txt:Missile; Missiles.txt:Id; Missiles.txt:Vel; Missiles.txt:MaxVel; Missiles.txt:Accel; Missiles.txt:Size; Missiles.txt:Range; Missiles.txt:MinDamage; Missiles.txt:MaxDamage; Missiles.txt:EMin; Missiles.txt:Emax; Missiles.txt:EType; Missiles.txt:Light; Missiles.txt:CelFile; Missiles.txt:CollideType; Missiles.txt:NextHit; Missiles.txt:NextDelay; Missiles.txt:SubMissile1; 引用来源（skills.txt:srvmissile/cltmissile + MonStats.txt:Miss*）	client/Assets/StreamingAssets/Table/Missile.tsv:31	公式求值相等
4687	tbl:Missile(42 id)|id=31	Missiles.txt:Missile; Missiles.txt:Id; Missiles.txt:Vel; Missiles.txt:MaxVel; Missiles.txt:Accel; Missiles.txt:Size; Missiles.txt:Range; Missiles.txt:MinDamage; Missiles.txt:MaxDamage; Missiles.txt:EMin; Missiles.txt:Emax; Missiles.txt:EType; Missiles.txt:Light; Missiles.txt:CelFile; Missiles.txt:CollideType; Missiles.txt:NextHit; Missiles.txt:NextDelay; Missiles.txt:SubMissile1; 引用来源（skills.txt:srvmissile/cltmissile + MonStats.txt:Miss*）	client/Assets/StreamingAssets/Table/Missile.tsv:32	公式求值相等
4688	tbl:Missile(42 id)|id=32	Missiles.txt:Missile; Missiles.txt:Id; Missiles.txt:Vel; Missiles.txt:MaxVel; Missiles.txt:Accel; Missiles.txt:Size; Missiles.txt:Range; Missiles.txt:MinDamage; Missiles.txt:MaxDamage; Missiles.txt:EMin; Missiles.txt:Emax; Missiles.txt:EType; Missiles.txt:Light; Missiles.txt:CelFile; Missiles.txt:CollideType; Missiles.txt:NextHit; Missiles.txt:NextDelay; Missiles.txt:SubMissile1; 引用来源（skills.txt:srvmissile/cltmissile + MonStats.txt:Miss*）	client/Assets/StreamingAssets/Table/Missile.tsv:33	公式求值相等
4689	tbl:Missile(42 id)|id=33	Missiles.txt:Missile; Missiles.txt:Id; Missiles.txt:Vel; Missiles.txt:MaxVel; Missiles.txt:Accel; Missiles.txt:Size; Missiles.txt:Range; Missiles.txt:MinDamage; Missiles.txt:MaxDamage; Missiles.txt:EMin; Missiles.txt:Emax; Missiles.txt:EType; Missiles.txt:Light; Missiles.txt:CelFile; Missiles.txt:CollideType; Missiles.txt:NextHit; Missiles.txt:NextDelay; Missiles.txt:SubMissile1; 引用来源（skills.txt:srvmissile/cltmissile + MonStats.txt:Miss*）	client/Assets/StreamingAssets/Table/Missile.tsv:34	公式求值相等
4690	tbl:Missile(42 id)|id=34	Missiles.txt:Missile; Missiles.txt:Id; Missiles.txt:Vel; Missiles.txt:MaxVel; Missiles.txt:Accel; Missiles.txt:Size; Missiles.txt:Range; Missiles.txt:MinDamage; Missiles.txt:MaxDamage; Missiles.txt:EMin; Missiles.txt:Emax; Missiles.txt:EType; Missiles.txt:Light; Missiles.txt:CelFile; Missiles.txt:CollideType; Missiles.txt:NextHit; Missiles.txt:NextDelay; Missiles.txt:SubMissile1; 引用来源（skills.txt:srvmissile/cltmissile + MonStats.txt:Miss*）	client/Assets/StreamingAssets/Table/Missile.tsv:35	公式求值相等
4691	tbl:Missile(42 id)|id=35	Missiles.txt:Missile; Missiles.txt:Id; Missiles.txt:Vel; Missiles.txt:MaxVel; Missiles.txt:Accel; Missiles.txt:Size; Missiles.txt:Range; Missiles.txt:MinDamage; Missiles.txt:MaxDamage; Missiles.txt:EMin; Missiles.txt:Emax; Missiles.txt:EType; Missiles.txt:Light; Missiles.txt:CelFile; Missiles.txt:CollideType; Missiles.txt:NextHit; Missiles.txt:NextDelay; Missiles.txt:SubMissile1; 引用来源（skills.txt:srvmissile/cltmissile + MonStats.txt:Miss*）	client/Assets/StreamingAssets/Table/Missile.tsv:36	公式求值相等
4692	tbl:Missile(42 id)|id=36	Missiles.txt:Missile; Missiles.txt:Id; Missiles.txt:Vel; Missiles.txt:MaxVel; Missiles.txt:Accel; Missiles.txt:Size; Missiles.txt:Range; Missiles.txt:MinDamage; Missiles.txt:MaxDamage; Missiles.txt:EMin; Missiles.txt:Emax; Missiles.txt:EType; Missiles.txt:Light; Missiles.txt:CelFile; Missiles.txt:CollideType; Missiles.txt:NextHit; Missiles.txt:NextDelay; Missiles.txt:SubMissile1; 引用来源（skills.txt:srvmissile/cltmissile + MonStats.txt:Miss*）	client/Assets/StreamingAssets/Table/Missile.tsv:37	公式求值相等
4693	tbl:Missile(42 id)|id=37	Missiles.txt:Missile; Missiles.txt:Id; Missiles.txt:Vel; Missiles.txt:MaxVel; Missiles.txt:Accel; Missiles.txt:Size; Missiles.txt:Range; Missiles.txt:MinDamage; Missiles.txt:MaxDamage; Missiles.txt:EMin; Missiles.txt:Emax; Missiles.txt:EType; Missiles.txt:Light; Missiles.txt:CelFile; Missiles.txt:CollideType; Missiles.txt:NextHit; Missiles.txt:NextDelay; Missiles.txt:SubMissile1; 引用来源（skills.txt:srvmissile/cltmissile + MonStats.txt:Miss*）	client/Assets/StreamingAssets/Table/Missile.tsv:38	公式求值相等
4694	tbl:Missile(42 id)|id=38	Missiles.txt:Missile; Missiles.txt:Id; Missiles.txt:Vel; Missiles.txt:MaxVel; Missiles.txt:Accel; Missiles.txt:Size; Missiles.txt:Range; Missiles.txt:MinDamage; Missiles.txt:MaxDamage; Missiles.txt:EMin; Missiles.txt:Emax; Missiles.txt:EType; Missiles.txt:Light; Missiles.txt:CelFile; Missiles.txt:CollideType; Missiles.txt:NextHit; Missiles.txt:NextDelay; Missiles.txt:SubMissile1; 引用来源（skills.txt:srvmissile/cltmissile + MonStats.txt:Miss*）	client/Assets/StreamingAssets/Table/Missile.tsv:39	公式求值相等
4695	tbl:Missile(42 id)|id=39	Missiles.txt:Missile; Missiles.txt:Id; Missiles.txt:Vel; Missiles.txt:MaxVel; Missiles.txt:Accel; Missiles.txt:Size; Missiles.txt:Range; Missiles.txt:MinDamage; Missiles.txt:MaxDamage; Missiles.txt:EMin; Missiles.txt:Emax; Missiles.txt:EType; Missiles.txt:Light; Missiles.txt:CelFile; Missiles.txt:CollideType; Missiles.txt:NextHit; Missiles.txt:NextDelay; Missiles.txt:SubMissile1; 引用来源（skills.txt:srvmissile/cltmissile + MonStats.txt:Miss*）	client/Assets/StreamingAssets/Table/Missile.tsv:40	公式求值相等
4696	tbl:Missile(42 id)|id=40	Missiles.txt:Missile; Missiles.txt:Id; Missiles.txt:Vel; Missiles.txt:MaxVel; Missiles.txt:Accel; Missiles.txt:Size; Missiles.txt:Range; Missiles.txt:MinDamage; Missiles.txt:MaxDamage; Missiles.txt:EMin; Missiles.txt:Emax; Missiles.txt:EType; Missiles.txt:Light; Missiles.txt:CelFile; Missiles.txt:CollideType; Missiles.txt:NextHit; Missiles.txt:NextDelay; Missiles.txt:SubMissile1; 引用来源（skills.txt:srvmissile/cltmissile + MonStats.txt:Miss*）	client/Assets/StreamingAssets/Table/Missile.tsv:41	公式求值相等
4697	tbl:Missile(42 id)|id=41	Missiles.txt:Missile; Missiles.txt:Id; Missiles.txt:Vel; Missiles.txt:MaxVel; Missiles.txt:Accel; Missiles.txt:Size; Missiles.txt:Range; Missiles.txt:MinDamage; Missiles.txt:MaxDamage; Missiles.txt:EMin; Missiles.txt:Emax; Missiles.txt:EType; Missiles.txt:Light; Missiles.txt:CelFile; Missiles.txt:CollideType; Missiles.txt:NextHit; Missiles.txt:NextDelay; Missiles.txt:SubMissile1; 引用来源（skills.txt:srvmissile/cltmissile + MonStats.txt:Miss*）	client/Assets/StreamingAssets/Table/Missile.tsv:42	公式求值相等
4698	tbl:Missile(42 id)|id=42	Missiles.txt:Missile; Missiles.txt:Id; Missiles.txt:Vel; Missiles.txt:MaxVel; Missiles.txt:Accel; Missiles.txt:Size; Missiles.txt:Range; Missiles.txt:MinDamage; Missiles.txt:MaxDamage; Missiles.txt:EMin; Missiles.txt:Emax; Missiles.txt:EType; Missiles.txt:Light; Missiles.txt:CelFile; Missiles.txt:CollideType; Missiles.txt:NextHit; Missiles.txt:NextDelay; Missiles.txt:SubMissile1; 引用来源（skills.txt:srvmissile/cltmissile + MonStats.txt:Miss*）	client/Assets/StreamingAssets/Table/Missile.tsv:43	公式求值相等
4701	tbl:Monster(8 id)|id=1	MonStats.txt:Id; MonStats.txt:NameStr; MonStats.txt:BaseId; Levels.txt:MonLvl1（区域等级常量 1）; MonStats.txt:Level; MonStats.txt:MinGrp; MonStats.txt:MaxGrp; MonStats.txt:Rarity; (trunc(minHP×HP%) + trunc(maxHP×HP%)) ÷ 2（整除）; trunc(MonStats.txt:minHP × MonLvl.txt:HP ÷100); trunc(MonStats.txt:maxHP × MonLvl.txt:HP ÷100); trunc(MonStats.txt:AC × MonLvl.txt:AC ÷100); trunc(MonStats.txt:A1TH × MonLvl.txt:TH ÷100); trunc(MonStats.txt:A1MinD × MonLvl.txt:DM ÷100); trunc(MonStats.txt:A1MaxD × MonLvl.txt:DM ÷100); trunc(MonStats.txt:Exp × MonLvl.txt:XP ÷100); MonStats.txt:AI; MonStats.txt:Velocity; MonStats.txt:Run; MonStats.txt:ResDm; MonStats.txt:ResMa; MonStats.txt:ResFi; MonStats.txt:ResLi; MonStats.txt:ResCo; MonStats.txt:ResPo; MonStats.txt:Code; MonStats2.txt:corpseSel; MonStats2.txt:revive; MonStats.txt:lUndead | hUndead; MonStats.txt:demon; MonStats.txt:flying; MonStats.txt:TreasureClass1	client/Assets/StreamingAssets/Table/Monster.tsv:2	公式求值相等
4702	tbl:Monster(8 id)|id=2	MonStats.txt:Id; MonStats.txt:NameStr; MonStats.txt:BaseId; Levels.txt:MonLvl1（区域等级常量 1）; MonStats.txt:Level; MonStats.txt:MinGrp; MonStats.txt:MaxGrp; MonStats.txt:Rarity; (trunc(minHP×HP%) + trunc(maxHP×HP%)) ÷ 2（整除）; trunc(MonStats.txt:minHP × MonLvl.txt:HP ÷100); trunc(MonStats.txt:maxHP × MonLvl.txt:HP ÷100); trunc(MonStats.txt:AC × MonLvl.txt:AC ÷100); trunc(MonStats.txt:A1TH × MonLvl.txt:TH ÷100); trunc(MonStats.txt:A1MinD × MonLvl.txt:DM ÷100); trunc(MonStats.txt:A1MaxD × MonLvl.txt:DM ÷100); trunc(MonStats.txt:Exp × MonLvl.txt:XP ÷100); MonStats.txt:AI; MonStats.txt:Velocity; MonStats.txt:Run; MonStats.txt:ResDm; MonStats.txt:ResMa; MonStats.txt:ResFi; MonStats.txt:ResLi; MonStats.txt:ResCo; MonStats.txt:ResPo; MonStats.txt:Code; MonStats2.txt:corpseSel; MonStats2.txt:revive; MonStats.txt:lUndead | hUndead; MonStats.txt:demon; MonStats.txt:flying; MonStats.txt:TreasureClass1	client/Assets/StreamingAssets/Table/Monster.tsv:3	公式求值相等
4703	tbl:Monster(8 id)|id=3	MonStats.txt:Id; MonStats.txt:NameStr; MonStats.txt:BaseId; Levels.txt:MonLvl1（区域等级常量 1）; MonStats.txt:Level; MonStats.txt:MinGrp; MonStats.txt:MaxGrp; MonStats.txt:Rarity; (trunc(minHP×HP%) + trunc(maxHP×HP%)) ÷ 2（整除）; trunc(MonStats.txt:minHP × MonLvl.txt:HP ÷100); trunc(MonStats.txt:maxHP × MonLvl.txt:HP ÷100); trunc(MonStats.txt:AC × MonLvl.txt:AC ÷100); trunc(MonStats.txt:A1TH × MonLvl.txt:TH ÷100); trunc(MonStats.txt:A1MinD × MonLvl.txt:DM ÷100); trunc(MonStats.txt:A1MaxD × MonLvl.txt:DM ÷100); trunc(MonStats.txt:Exp × MonLvl.txt:XP ÷100); MonStats.txt:AI; MonStats.txt:Velocity; MonStats.txt:Run; MonStats.txt:ResDm; MonStats.txt:ResMa; MonStats.txt:ResFi; MonStats.txt:ResLi; MonStats.txt:ResCo; MonStats.txt:ResPo; MonStats.txt:Code; MonStats2.txt:corpseSel; MonStats2.txt:revive; MonStats.txt:lUndead | hUndead; MonStats.txt:demon; MonStats.txt:flying; MonStats.txt:TreasureClass1	client/Assets/StreamingAssets/Table/Monster.tsv:4	公式求值相等
4704	tbl:Monster(8 id)|id=4	MonStats.txt:Id; MonStats.txt:NameStr; MonStats.txt:BaseId; Levels.txt:MonLvl1（区域等级常量 1）; MonStats.txt:Level; MonStats.txt:MinGrp; MonStats.txt:MaxGrp; MonStats.txt:Rarity; (trunc(minHP×HP%) + trunc(maxHP×HP%)) ÷ 2（整除）; trunc(MonStats.txt:minHP × MonLvl.txt:HP ÷100); trunc(MonStats.txt:maxHP × MonLvl.txt:HP ÷100); trunc(MonStats.txt:AC × MonLvl.txt:AC ÷100); trunc(MonStats.txt:A1TH × MonLvl.txt:TH ÷100); trunc(MonStats.txt:A1MinD × MonLvl.txt:DM ÷100); trunc(MonStats.txt:A1MaxD × MonLvl.txt:DM ÷100); trunc(MonStats.txt:Exp × MonLvl.txt:XP ÷100); MonStats.txt:AI; MonStats.txt:Velocity; MonStats.txt:Run; MonStats.txt:ResDm; MonStats.txt:ResMa; MonStats.txt:ResFi; MonStats.txt:ResLi; MonStats.txt:ResCo; MonStats.txt:ResPo; MonStats.txt:Code; MonStats2.txt:corpseSel; MonStats2.txt:revive; MonStats.txt:lUndead | hUndead; MonStats.txt:demon; MonStats.txt:flying; MonStats.txt:TreasureClass1	client/Assets/StreamingAssets/Table/Monster.tsv:5	公式求值相等
4705	tbl:Monster(8 id)|id=5	MonStats.txt:Id; MonStats.txt:NameStr; MonStats.txt:BaseId; Levels.txt:MonLvl1（区域等级常量 1）; MonStats.txt:Level; MonStats.txt:MinGrp; MonStats.txt:MaxGrp; MonStats.txt:Rarity; (trunc(minHP×HP%) + trunc(maxHP×HP%)) ÷ 2（整除）; trunc(MonStats.txt:minHP × MonLvl.txt:HP ÷100); trunc(MonStats.txt:maxHP × MonLvl.txt:HP ÷100); trunc(MonStats.txt:AC × MonLvl.txt:AC ÷100); trunc(MonStats.txt:A1TH × MonLvl.txt:TH ÷100); trunc(MonStats.txt:A1MinD × MonLvl.txt:DM ÷100); trunc(MonStats.txt:A1MaxD × MonLvl.txt:DM ÷100); trunc(MonStats.txt:Exp × MonLvl.txt:XP ÷100); MonStats.txt:AI; MonStats.txt:Velocity; MonStats.txt:Run; MonStats.txt:ResDm; MonStats.txt:ResMa; MonStats.txt:ResFi; MonStats.txt:ResLi; MonStats.txt:ResCo; MonStats.txt:ResPo; MonStats.txt:Code; MonStats2.txt:corpseSel; MonStats2.txt:revive; MonStats.txt:lUndead | hUndead; MonStats.txt:demon; MonStats.txt:flying; MonStats.txt:TreasureClass1	client/Assets/StreamingAssets/Table/Monster.tsv:6	公式求值相等
4706	tbl:Monster(8 id)|id=6	MonStats.txt:Id; MonStats.txt:NameStr; MonStats.txt:BaseId; Levels.txt:MonLvl1（区域等级常量 1）; MonStats.txt:Level; MonStats.txt:MinGrp; MonStats.txt:MaxGrp; MonStats.txt:Rarity; (trunc(minHP×HP%) + trunc(maxHP×HP%)) ÷ 2（整除）; trunc(MonStats.txt:minHP × MonLvl.txt:HP ÷100); trunc(MonStats.txt:maxHP × MonLvl.txt:HP ÷100); trunc(MonStats.txt:AC × MonLvl.txt:AC ÷100); trunc(MonStats.txt:A1TH × MonLvl.txt:TH ÷100); trunc(MonStats.txt:A1MinD × MonLvl.txt:DM ÷100); trunc(MonStats.txt:A1MaxD × MonLvl.txt:DM ÷100); trunc(MonStats.txt:Exp × MonLvl.txt:XP ÷100); MonStats.txt:AI; MonStats.txt:Velocity; MonStats.txt:Run; MonStats.txt:ResDm; MonStats.txt:ResMa; MonStats.txt:ResFi; MonStats.txt:ResLi; MonStats.txt:ResCo; MonStats.txt:ResPo; MonStats.txt:Code; MonStats2.txt:corpseSel; MonStats2.txt:revive; MonStats.txt:lUndead | hUndead; MonStats.txt:demon; MonStats.txt:flying; MonStats.txt:TreasureClass1	client/Assets/StreamingAssets/Table/Monster.tsv:7	公式求值相等
4707	tbl:Monster(8 id)|id=7	MonStats.txt:Id; MonStats.txt:NameStr; MonStats.txt:BaseId; Levels.txt:MonLvl1（区域等级常量 1）; MonStats.txt:Level; MonStats.txt:MinGrp; MonStats.txt:MaxGrp; MonStats.txt:Rarity; (trunc(minHP×HP%) + trunc(maxHP×HP%)) ÷ 2（整除）; trunc(MonStats.txt:minHP × MonLvl.txt:HP ÷100); trunc(MonStats.txt:maxHP × MonLvl.txt:HP ÷100); trunc(MonStats.txt:AC × MonLvl.txt:AC ÷100); trunc(MonStats.txt:A1TH × MonLvl.txt:TH ÷100); trunc(MonStats.txt:A1MinD × MonLvl.txt:DM ÷100); trunc(MonStats.txt:A1MaxD × MonLvl.txt:DM ÷100); trunc(MonStats.txt:Exp × MonLvl.txt:XP ÷100); MonStats.txt:AI; MonStats.txt:Velocity; MonStats.txt:Run; MonStats.txt:ResDm; MonStats.txt:ResMa; MonStats.txt:ResFi; MonStats.txt:ResLi; MonStats.txt:ResCo; MonStats.txt:ResPo; MonStats.txt:Code; MonStats2.txt:corpseSel; MonStats2.txt:revive; MonStats.txt:lUndead | hUndead; MonStats.txt:demon; MonStats.txt:flying; MonStats.txt:TreasureClass1	client/Assets/StreamingAssets/Table/Monster.tsv:8	公式求值相等
4708	tbl:Monster(8 id)|id=8	MonStats.txt:Id; MonStats.txt:NameStr; MonStats.txt:BaseId; Levels.txt:MonLvl1（区域等级常量 1）; MonStats.txt:Level; MonStats.txt:MinGrp; MonStats.txt:MaxGrp; MonStats.txt:Rarity; (trunc(minHP×HP%) + trunc(maxHP×HP%)) ÷ 2（整除）; trunc(MonStats.txt:minHP × MonLvl.txt:HP ÷100); trunc(MonStats.txt:maxHP × MonLvl.txt:HP ÷100); trunc(MonStats.txt:AC × MonLvl.txt:AC ÷100); trunc(MonStats.txt:A1TH × MonLvl.txt:TH ÷100); trunc(MonStats.txt:A1MinD × MonLvl.txt:DM ÷100); trunc(MonStats.txt:A1MaxD × MonLvl.txt:DM ÷100); trunc(MonStats.txt:Exp × MonLvl.txt:XP ÷100); MonStats.txt:AI; MonStats.txt:Velocity; MonStats.txt:Run; MonStats.txt:ResDm; MonStats.txt:ResMa; MonStats.txt:ResFi; MonStats.txt:ResLi; MonStats.txt:ResCo; MonStats.txt:ResPo; MonStats.txt:Code; MonStats2.txt:corpseSel; MonStats2.txt:revive; MonStats.txt:lUndead | hUndead; MonStats.txt:demon; MonStats.txt:flying; MonStats.txt:TreasureClass1	client/Assets/StreamingAssets/Table/Monster.tsv:9	公式求值相等
4711	tbl:Monumod(18 id)|id=1	MonUMod.txt:uniquemod; MonUMod.txt:champion（==1 ⇒ 0，否则 1）; MonUMod.txt:version; MonUMod.txt:constants（*constant desc = 'champion chance'）; 1 + constants('champion +hp%' | 'unique +hp%') ÷100; 1 + constants('champion +dmg%' | 'unique +dmg% (strong)') ÷100; constants('…+tohit%'); constants('…+elem min dmg%'); constants('…+elem max dmg%'); MonUMod.txt:cpick（空 ⇒ cpick (N) ⇒ cpick (H)）; MonUMod.txt:upick（空 ⇒ upick (N) ⇒ upick (H)）; MonUMod.txt:constants; MonUMod.txt:*constant desc	client/Assets/StreamingAssets/Table/Monumod.tsv:2	公式求值相等
4712	tbl:Monumod(18 id)|id=2	MonUMod.txt:uniquemod; MonUMod.txt:champion（==1 ⇒ 0，否则 1）; MonUMod.txt:version; MonUMod.txt:constants（*constant desc = 'champion chance'）; 1 + constants('champion +hp%' | 'unique +hp%') ÷100; 1 + constants('champion +dmg%' | 'unique +dmg% (strong)') ÷100; constants('…+tohit%'); constants('…+elem min dmg%'); constants('…+elem max dmg%'); MonUMod.txt:cpick（空 ⇒ cpick (N) ⇒ cpick (H)）; MonUMod.txt:upick（空 ⇒ upick (N) ⇒ upick (H)）; MonUMod.txt:constants; MonUMod.txt:*constant desc	client/Assets/StreamingAssets/Table/Monumod.tsv:3	公式求值相等
4713	tbl:Monumod(18 id)|id=3	MonUMod.txt:uniquemod; MonUMod.txt:champion（==1 ⇒ 0，否则 1）; MonUMod.txt:version; MonUMod.txt:constants（*constant desc = 'champion chance'）; 1 + constants('champion +hp%' | 'unique +hp%') ÷100; 1 + constants('champion +dmg%' | 'unique +dmg% (strong)') ÷100; constants('…+tohit%'); constants('…+elem min dmg%'); constants('…+elem max dmg%'); MonUMod.txt:cpick（空 ⇒ cpick (N) ⇒ cpick (H)）; MonUMod.txt:upick（空 ⇒ upick (N) ⇒ upick (H)）; MonUMod.txt:constants; MonUMod.txt:*constant desc	client/Assets/StreamingAssets/Table/Monumod.tsv:4	公式求值相等
4714	tbl:Monumod(18 id)|id=4	MonUMod.txt:uniquemod; MonUMod.txt:champion（==1 ⇒ 0，否则 1）; MonUMod.txt:version; MonUMod.txt:constants（*constant desc = 'champion chance'）; 1 + constants('champion +hp%' | 'unique +hp%') ÷100; 1 + constants('champion +dmg%' | 'unique +dmg% (strong)') ÷100; constants('…+tohit%'); constants('…+elem min dmg%'); constants('…+elem max dmg%'); MonUMod.txt:cpick（空 ⇒ cpick (N) ⇒ cpick (H)）; MonUMod.txt:upick（空 ⇒ upick (N) ⇒ upick (H)）; MonUMod.txt:constants; MonUMod.txt:*constant desc	client/Assets/StreamingAssets/Table/Monumod.tsv:5	公式求值相等
4715	tbl:Monumod(18 id)|id=5	MonUMod.txt:uniquemod; MonUMod.txt:champion（==1 ⇒ 0，否则 1）; MonUMod.txt:version; MonUMod.txt:constants（*constant desc = 'champion chance'）; 1 + constants('champion +hp%' | 'unique +hp%') ÷100; 1 + constants('champion +dmg%' | 'unique +dmg% (strong)') ÷100; constants('…+tohit%'); constants('…+elem min dmg%'); constants('…+elem max dmg%'); MonUMod.txt:cpick（空 ⇒ cpick (N) ⇒ cpick (H)）; MonUMod.txt:upick（空 ⇒ upick (N) ⇒ upick (H)）; MonUMod.txt:constants; MonUMod.txt:*constant desc	client/Assets/StreamingAssets/Table/Monumod.tsv:6	公式求值相等
4716	tbl:Monumod(18 id)|id=6	MonUMod.txt:uniquemod; MonUMod.txt:champion（==1 ⇒ 0，否则 1）; MonUMod.txt:version; MonUMod.txt:constants（*constant desc = 'champion chance'）; 1 + constants('champion +hp%' | 'unique +hp%') ÷100; 1 + constants('champion +dmg%' | 'unique +dmg% (strong)') ÷100; constants('…+tohit%'); constants('…+elem min dmg%'); constants('…+elem max dmg%'); MonUMod.txt:cpick（空 ⇒ cpick (N) ⇒ cpick (H)）; MonUMod.txt:upick（空 ⇒ upick (N) ⇒ upick (H)）; MonUMod.txt:constants; MonUMod.txt:*constant desc	client/Assets/StreamingAssets/Table/Monumod.tsv:7	公式求值相等
4717	tbl:Monumod(18 id)|id=7	MonUMod.txt:uniquemod; MonUMod.txt:champion（==1 ⇒ 0，否则 1）; MonUMod.txt:version; MonUMod.txt:constants（*constant desc = 'champion chance'）; 1 + constants('champion +hp%' | 'unique +hp%') ÷100; 1 + constants('champion +dmg%' | 'unique +dmg% (strong)') ÷100; constants('…+tohit%'); constants('…+elem min dmg%'); constants('…+elem max dmg%'); MonUMod.txt:cpick（空 ⇒ cpick (N) ⇒ cpick (H)）; MonUMod.txt:upick（空 ⇒ upick (N) ⇒ upick (H)）; MonUMod.txt:constants; MonUMod.txt:*constant desc	client/Assets/StreamingAssets/Table/Monumod.tsv:8	公式求值相等
4718	tbl:Monumod(18 id)|id=8	MonUMod.txt:uniquemod; MonUMod.txt:champion（==1 ⇒ 0，否则 1）; MonUMod.txt:version; MonUMod.txt:constants（*constant desc = 'champion chance'）; 1 + constants('champion +hp%' | 'unique +hp%') ÷100; 1 + constants('champion +dmg%' | 'unique +dmg% (strong)') ÷100; constants('…+tohit%'); constants('…+elem min dmg%'); constants('…+elem max dmg%'); MonUMod.txt:cpick（空 ⇒ cpick (N) ⇒ cpick (H)）; MonUMod.txt:upick（空 ⇒ upick (N) ⇒ upick (H)）; MonUMod.txt:constants; MonUMod.txt:*constant desc	client/Assets/StreamingAssets/Table/Monumod.tsv:9	公式求值相等
4719	tbl:Monumod(18 id)|id=9	MonUMod.txt:uniquemod; MonUMod.txt:champion（==1 ⇒ 0，否则 1）; MonUMod.txt:version; MonUMod.txt:constants（*constant desc = 'champion chance'）; 1 + constants('champion +hp%' | 'unique +hp%') ÷100; 1 + constants('champion +dmg%' | 'unique +dmg% (strong)') ÷100; constants('…+tohit%'); constants('…+elem min dmg%'); constants('…+elem max dmg%'); MonUMod.txt:cpick（空 ⇒ cpick (N) ⇒ cpick (H)）; MonUMod.txt:upick（空 ⇒ upick (N) ⇒ upick (H)）; MonUMod.txt:constants; MonUMod.txt:*constant desc	client/Assets/StreamingAssets/Table/Monumod.tsv:10	公式求值相等
4720	tbl:Monumod(18 id)|id=10	MonUMod.txt:uniquemod; MonUMod.txt:champion（==1 ⇒ 0，否则 1）; MonUMod.txt:version; MonUMod.txt:constants（*constant desc = 'champion chance'）; 1 + constants('champion +hp%' | 'unique +hp%') ÷100; 1 + constants('champion +dmg%' | 'unique +dmg% (strong)') ÷100; constants('…+tohit%'); constants('…+elem min dmg%'); constants('…+elem max dmg%'); MonUMod.txt:cpick（空 ⇒ cpick (N) ⇒ cpick (H)）; MonUMod.txt:upick（空 ⇒ upick (N) ⇒ upick (H)）; MonUMod.txt:constants; MonUMod.txt:*constant desc	client/Assets/StreamingAssets/Table/Monumod.tsv:11	公式求值相等
4721	tbl:Monumod(18 id)|id=11	MonUMod.txt:uniquemod; MonUMod.txt:champion（==1 ⇒ 0，否则 1）; MonUMod.txt:version; MonUMod.txt:constants（*constant desc = 'champion chance'）; 1 + constants('champion +hp%' | 'unique +hp%') ÷100; 1 + constants('champion +dmg%' | 'unique +dmg% (strong)') ÷100; constants('…+tohit%'); constants('…+elem min dmg%'); constants('…+elem max dmg%'); MonUMod.txt:cpick（空 ⇒ cpick (N) ⇒ cpick (H)）; MonUMod.txt:upick（空 ⇒ upick (N) ⇒ upick (H)）; MonUMod.txt:constants; MonUMod.txt:*constant desc	client/Assets/StreamingAssets/Table/Monumod.tsv:12	公式求值相等
4722	tbl:Monumod(18 id)|id=12	MonUMod.txt:uniquemod; MonUMod.txt:champion（==1 ⇒ 0，否则 1）; MonUMod.txt:version; MonUMod.txt:constants（*constant desc = 'champion chance'）; 1 + constants('champion +hp%' | 'unique +hp%') ÷100; 1 + constants('champion +dmg%' | 'unique +dmg% (strong)') ÷100; constants('…+tohit%'); constants('…+elem min dmg%'); constants('…+elem max dmg%'); MonUMod.txt:cpick（空 ⇒ cpick (N) ⇒ cpick (H)）; MonUMod.txt:upick（空 ⇒ upick (N) ⇒ upick (H)）; MonUMod.txt:constants; MonUMod.txt:*constant desc	client/Assets/StreamingAssets/Table/Monumod.tsv:13	公式求值相等
4723	tbl:Monumod(18 id)|id=13	MonUMod.txt:uniquemod; MonUMod.txt:champion（==1 ⇒ 0，否则 1）; MonUMod.txt:version; MonUMod.txt:constants（*constant desc = 'champion chance'）; 1 + constants('champion +hp%' | 'unique +hp%') ÷100; 1 + constants('champion +dmg%' | 'unique +dmg% (strong)') ÷100; constants('…+tohit%'); constants('…+elem min dmg%'); constants('…+elem max dmg%'); MonUMod.txt:cpick（空 ⇒ cpick (N) ⇒ cpick (H)）; MonUMod.txt:upick（空 ⇒ upick (N) ⇒ upick (H)）; MonUMod.txt:constants; MonUMod.txt:*constant desc	client/Assets/StreamingAssets/Table/Monumod.tsv:14	公式求值相等
4724	tbl:Monumod(18 id)|id=14	MonUMod.txt:uniquemod; MonUMod.txt:champion（==1 ⇒ 0，否则 1）; MonUMod.txt:version; MonUMod.txt:constants（*constant desc = 'champion chance'）; 1 + constants('champion +hp%' | 'unique +hp%') ÷100; 1 + constants('champion +dmg%' | 'unique +dmg% (strong)') ÷100; constants('…+tohit%'); constants('…+elem min dmg%'); constants('…+elem max dmg%'); MonUMod.txt:cpick（空 ⇒ cpick (N) ⇒ cpick (H)）; MonUMod.txt:upick（空 ⇒ upick (N) ⇒ upick (H)）; MonUMod.txt:constants; MonUMod.txt:*constant desc	client/Assets/StreamingAssets/Table/Monumod.tsv:15	公式求值相等
4725	tbl:Monumod(18 id)|id=15	MonUMod.txt:uniquemod; MonUMod.txt:champion（==1 ⇒ 0，否则 1）; MonUMod.txt:version; MonUMod.txt:constants（*constant desc = 'champion chance'）; 1 + constants('champion +hp%' | 'unique +hp%') ÷100; 1 + constants('champion +dmg%' | 'unique +dmg% (strong)') ÷100; constants('…+tohit%'); constants('…+elem min dmg%'); constants('…+elem max dmg%'); MonUMod.txt:cpick（空 ⇒ cpick (N) ⇒ cpick (H)）; MonUMod.txt:upick（空 ⇒ upick (N) ⇒ upick (H)）; MonUMod.txt:constants; MonUMod.txt:*constant desc	client/Assets/StreamingAssets/Table/Monumod.tsv:16	公式求值相等
4726	tbl:Monumod(18 id)|id=16	MonUMod.txt:uniquemod; MonUMod.txt:champion（==1 ⇒ 0，否则 1）; MonUMod.txt:version; MonUMod.txt:constants（*constant desc = 'champion chance'）; 1 + constants('champion +hp%' | 'unique +hp%') ÷100; 1 + constants('champion +dmg%' | 'unique +dmg% (strong)') ÷100; constants('…+tohit%'); constants('…+elem min dmg%'); constants('…+elem max dmg%'); MonUMod.txt:cpick（空 ⇒ cpick (N) ⇒ cpick (H)）; MonUMod.txt:upick（空 ⇒ upick (N) ⇒ upick (H)）; MonUMod.txt:constants; MonUMod.txt:*constant desc	client/Assets/StreamingAssets/Table/Monumod.tsv:17	公式求值相等
4727	tbl:Monumod(18 id)|id=17	MonUMod.txt:uniquemod; MonUMod.txt:champion（==1 ⇒ 0，否则 1）; MonUMod.txt:version; MonUMod.txt:constants（*constant desc = 'champion chance'）; 1 + constants('champion +hp%' | 'unique +hp%') ÷100; 1 + constants('champion +dmg%' | 'unique +dmg% (strong)') ÷100; constants('…+tohit%'); constants('…+elem min dmg%'); constants('…+elem max dmg%'); MonUMod.txt:cpick（空 ⇒ cpick (N) ⇒ cpick (H)）; MonUMod.txt:upick（空 ⇒ upick (N) ⇒ upick (H)）; MonUMod.txt:constants; MonUMod.txt:*constant desc	client/Assets/StreamingAssets/Table/Monumod.tsv:18	公式求值相等
4728	tbl:Monumod(18 id)|id=18	MonUMod.txt:uniquemod; MonUMod.txt:champion（==1 ⇒ 0，否则 1）; MonUMod.txt:version; MonUMod.txt:constants（*constant desc = 'champion chance'）; 1 + constants('champion +hp%' | 'unique +hp%') ÷100; 1 + constants('champion +dmg%' | 'unique +dmg% (strong)') ÷100; constants('…+tohit%'); constants('…+elem min dmg%'); constants('…+elem max dmg%'); MonUMod.txt:cpick（空 ⇒ cpick (N) ⇒ cpick (H)）; MonUMod.txt:upick（空 ⇒ upick (N) ⇒ upick (H)）; MonUMod.txt:constants; MonUMod.txt:*constant desc	client/Assets/StreamingAssets/Table/Monumod.tsv:19	公式求值相等
4731	tbl:Skill(150 id)|id=1	skills.txt:charclass → 本项目职业编号（CLASS_ORDER）; SkillDesc.txt:SkillPage（经 skills.txt:skilldesc 关联）; skills.txt:skill; skills.txt:Id; skills.txt:reqlevel; skills.txt:maxlvl; skills.txt:reqskill1 → 本项目技能编号（0=无）; skills.txt:skpoints; skills.txt:mana; skills.txt:lvlmana; rnd((skills.txt:MinDam + EMin) × 2^HitShift ÷ 256); rnd((skills.txt:MaxDam + EMax) × 2^HitShift ÷ 256); skills.txt:MinDam; skills.txt:MaxDam; skills.txt:EMin; skills.txt:EMax; skills.txt:MinLevDam1; skills.txt:MinLevDam2; skills.txt:MinLevDam3; skills.txt:MinLevDam4; skills.txt:MinLevDam5; skills.txt:MaxLevDam1; skills.txt:MaxLevDam2; skills.txt:MaxLevDam3; skills.txt:MaxLevDam4; skills.txt:MaxLevDam5; skills.txt:EMinLev1; skills.txt:EMinLev2; skills.txt:EMinLev3; skills.txt:EMinLev4; skills.txt:EMinLev5; skills.txt:EMaxLev1; skills.txt:EMaxLev2; skills.txt:EMaxLev3; skills.txt:EMaxLev4; skills.txt:EMaxLev5; skills.txt:HitShift; skills.txt:EType（空且有伤害 ⇒ phys）; skills.txt:passive; skills.txt:srvmissile（空 ⇒ cltmissile）; 按官方 EType/mana/lvlmana/reqlevel 拼装	client/Assets/StreamingAssets/Table/Skill.tsv:2	公式求值相等
4732	tbl:Skill(150 id)|id=2	skills.txt:charclass → 本项目职业编号（CLASS_ORDER）; SkillDesc.txt:SkillPage（经 skills.txt:skilldesc 关联）; skills.txt:skill; skills.txt:Id; skills.txt:reqlevel; skills.txt:maxlvl; skills.txt:reqskill1 → 本项目技能编号（0=无）; skills.txt:skpoints; skills.txt:mana; skills.txt:lvlmana; rnd((skills.txt:MinDam + EMin) × 2^HitShift ÷ 256); rnd((skills.txt:MaxDam + EMax) × 2^HitShift ÷ 256); skills.txt:MinDam; skills.txt:MaxDam; skills.txt:EMin; skills.txt:EMax; skills.txt:MinLevDam1; skills.txt:MinLevDam2; skills.txt:MinLevDam3; skills.txt:MinLevDam4; skills.txt:MinLevDam5; skills.txt:MaxLevDam1; skills.txt:MaxLevDam2; skills.txt:MaxLevDam3; skills.txt:MaxLevDam4; skills.txt:MaxLevDam5; skills.txt:EMinLev1; skills.txt:EMinLev2; skills.txt:EMinLev3; skills.txt:EMinLev4; skills.txt:EMinLev5; skills.txt:EMaxLev1; skills.txt:EMaxLev2; skills.txt:EMaxLev3; skills.txt:EMaxLev4; skills.txt:EMaxLev5; skills.txt:HitShift; skills.txt:EType（空且有伤害 ⇒ phys）; skills.txt:passive; skills.txt:srvmissile（空 ⇒ cltmissile）; 按官方 EType/mana/lvlmana/reqlevel 拼装	client/Assets/StreamingAssets/Table/Skill.tsv:3	公式求值相等
4733	tbl:Skill(150 id)|id=3	skills.txt:charclass → 本项目职业编号（CLASS_ORDER）; SkillDesc.txt:SkillPage（经 skills.txt:skilldesc 关联）; skills.txt:skill; skills.txt:Id; skills.txt:reqlevel; skills.txt:maxlvl; skills.txt:reqskill1 → 本项目技能编号（0=无）; skills.txt:skpoints; skills.txt:mana; skills.txt:lvlmana; rnd((skills.txt:MinDam + EMin) × 2^HitShift ÷ 256); rnd((skills.txt:MaxDam + EMax) × 2^HitShift ÷ 256); skills.txt:MinDam; skills.txt:MaxDam; skills.txt:EMin; skills.txt:EMax; skills.txt:MinLevDam1; skills.txt:MinLevDam2; skills.txt:MinLevDam3; skills.txt:MinLevDam4; skills.txt:MinLevDam5; skills.txt:MaxLevDam1; skills.txt:MaxLevDam2; skills.txt:MaxLevDam3; skills.txt:MaxLevDam4; skills.txt:MaxLevDam5; skills.txt:EMinLev1; skills.txt:EMinLev2; skills.txt:EMinLev3; skills.txt:EMinLev4; skills.txt:EMinLev5; skills.txt:EMaxLev1; skills.txt:EMaxLev2; skills.txt:EMaxLev3; skills.txt:EMaxLev4; skills.txt:EMaxLev5; skills.txt:HitShift; skills.txt:EType（空且有伤害 ⇒ phys）; skills.txt:passive; skills.txt:srvmissile（空 ⇒ cltmissile）; 按官方 EType/mana/lvlmana/reqlevel 拼装	client/Assets/StreamingAssets/Table/Skill.tsv:4	公式求值相等
4734	tbl:Skill(150 id)|id=4	skills.txt:charclass → 本项目职业编号（CLASS_ORDER）; SkillDesc.txt:SkillPage（经 skills.txt:skilldesc 关联）; skills.txt:skill; skills.txt:Id; skills.txt:reqlevel; skills.txt:maxlvl; skills.txt:reqskill1 → 本项目技能编号（0=无）; skills.txt:skpoints; skills.txt:mana; skills.txt:lvlmana; rnd((skills.txt:MinDam + EMin) × 2^HitShift ÷ 256); rnd((skills.txt:MaxDam + EMax) × 2^HitShift ÷ 256); skills.txt:MinDam; skills.txt:MaxDam; skills.txt:EMin; skills.txt:EMax; skills.txt:MinLevDam1; skills.txt:MinLevDam2; skills.txt:MinLevDam3; skills.txt:MinLevDam4; skills.txt:MinLevDam5; skills.txt:MaxLevDam1; skills.txt:MaxLevDam2; skills.txt:MaxLevDam3; skills.txt:MaxLevDam4; skills.txt:MaxLevDam5; skills.txt:EMinLev1; skills.txt:EMinLev2; skills.txt:EMinLev3; skills.txt:EMinLev4; skills.txt:EMinLev5; skills.txt:EMaxLev1; skills.txt:EMaxLev2; skills.txt:EMaxLev3; skills.txt:EMaxLev4; skills.txt:EMaxLev5; skills.txt:HitShift; skills.txt:EType（空且有伤害 ⇒ phys）; skills.txt:passive; skills.txt:srvmissile（空 ⇒ cltmissile）; 按官方 EType/mana/lvlmana/reqlevel 拼装	client/Assets/StreamingAssets/Table/Skill.tsv:5	公式求值相等
4735	tbl:Skill(150 id)|id=5	skills.txt:charclass → 本项目职业编号（CLASS_ORDER）; SkillDesc.txt:SkillPage（经 skills.txt:skilldesc 关联）; skills.txt:skill; skills.txt:Id; skills.txt:reqlevel; skills.txt:maxlvl; skills.txt:reqskill1 → 本项目技能编号（0=无）; skills.txt:skpoints; skills.txt:mana; skills.txt:lvlmana; rnd((skills.txt:MinDam + EMin) × 2^HitShift ÷ 256); rnd((skills.txt:MaxDam + EMax) × 2^HitShift ÷ 256); skills.txt:MinDam; skills.txt:MaxDam; skills.txt:EMin; skills.txt:EMax; skills.txt:MinLevDam1; skills.txt:MinLevDam2; skills.txt:MinLevDam3; skills.txt:MinLevDam4; skills.txt:MinLevDam5; skills.txt:MaxLevDam1; skills.txt:MaxLevDam2; skills.txt:MaxLevDam3; skills.txt:MaxLevDam4; skills.txt:MaxLevDam5; skills.txt:EMinLev1; skills.txt:EMinLev2; skills.txt:EMinLev3; skills.txt:EMinLev4; skills.txt:EMinLev5; skills.txt:EMaxLev1; skills.txt:EMaxLev2; skills.txt:EMaxLev3; skills.txt:EMaxLev4; skills.txt:EMaxLev5; skills.txt:HitShift; skills.txt:EType（空且有伤害 ⇒ phys）; skills.txt:passive; skills.txt:srvmissile（空 ⇒ cltmissile）; 按官方 EType/mana/lvlmana/reqlevel 拼装	client/Assets/StreamingAssets/Table/Skill.tsv:6	公式求值相等
4736	tbl:Skill(150 id)|id=6	skills.txt:charclass → 本项目职业编号（CLASS_ORDER）; SkillDesc.txt:SkillPage（经 skills.txt:skilldesc 关联）; skills.txt:skill; skills.txt:Id; skills.txt:reqlevel; skills.txt:maxlvl; skills.txt:reqskill1 → 本项目技能编号（0=无）; skills.txt:skpoints; skills.txt:mana; skills.txt:lvlmana; rnd((skills.txt:MinDam + EMin) × 2^HitShift ÷ 256); rnd((skills.txt:MaxDam + EMax) × 2^HitShift ÷ 256); skills.txt:MinDam; skills.txt:MaxDam; skills.txt:EMin; skills.txt:EMax; skills.txt:MinLevDam1; skills.txt:MinLevDam2; skills.txt:MinLevDam3; skills.txt:MinLevDam4; skills.txt:MinLevDam5; skills.txt:MaxLevDam1; skills.txt:MaxLevDam2; skills.txt:MaxLevDam3; skills.txt:MaxLevDam4; skills.txt:MaxLevDam5; skills.txt:EMinLev1; skills.txt:EMinLev2; skills.txt:EMinLev3; skills.txt:EMinLev4; skills.txt:EMinLev5; skills.txt:EMaxLev1; skills.txt:EMaxLev2; skills.txt:EMaxLev3; skills.txt:EMaxLev4; skills.txt:EMaxLev5; skills.txt:HitShift; skills.txt:EType（空且有伤害 ⇒ phys）; skills.txt:passive; skills.txt:srvmissile（空 ⇒ cltmissile）; 按官方 EType/mana/lvlmana/reqlevel 拼装	client/Assets/StreamingAssets/Table/Skill.tsv:7	公式求值相等
4737	tbl:Skill(150 id)|id=7	skills.txt:charclass → 本项目职业编号（CLASS_ORDER）; SkillDesc.txt:SkillPage（经 skills.txt:skilldesc 关联）; skills.txt:skill; skills.txt:Id; skills.txt:reqlevel; skills.txt:maxlvl; skills.txt:reqskill1 → 本项目技能编号（0=无）; skills.txt:skpoints; skills.txt:mana; skills.txt:lvlmana; rnd((skills.txt:MinDam + EMin) × 2^HitShift ÷ 256); rnd((skills.txt:MaxDam + EMax) × 2^HitShift ÷ 256); skills.txt:MinDam; skills.txt:MaxDam; skills.txt:EMin; skills.txt:EMax; skills.txt:MinLevDam1; skills.txt:MinLevDam2; skills.txt:MinLevDam3; skills.txt:MinLevDam4; skills.txt:MinLevDam5; skills.txt:MaxLevDam1; skills.txt:MaxLevDam2; skills.txt:MaxLevDam3; skills.txt:MaxLevDam4; skills.txt:MaxLevDam5; skills.txt:EMinLev1; skills.txt:EMinLev2; skills.txt:EMinLev3; skills.txt:EMinLev4; skills.txt:EMinLev5; skills.txt:EMaxLev1; skills.txt:EMaxLev2; skills.txt:EMaxLev3; skills.txt:EMaxLev4; skills.txt:EMaxLev5; skills.txt:HitShift; skills.txt:EType（空且有伤害 ⇒ phys）; skills.txt:passive; skills.txt:srvmissile（空 ⇒ cltmissile）; 按官方 EType/mana/lvlmana/reqlevel 拼装	client/Assets/StreamingAssets/Table/Skill.tsv:8	公式求值相等
4738	tbl:Skill(150 id)|id=8	skills.txt:charclass → 本项目职业编号（CLASS_ORDER）; SkillDesc.txt:SkillPage（经 skills.txt:skilldesc 关联）; skills.txt:skill; skills.txt:Id; skills.txt:reqlevel; skills.txt:maxlvl; skills.txt:reqskill1 → 本项目技能编号（0=无）; skills.txt:skpoints; skills.txt:mana; skills.txt:lvlmana; rnd((skills.txt:MinDam + EMin) × 2^HitShift ÷ 256); rnd((skills.txt:MaxDam + EMax) × 2^HitShift ÷ 256); skills.txt:MinDam; skills.txt:MaxDam; skills.txt:EMin; skills.txt:EMax; skills.txt:MinLevDam1; skills.txt:MinLevDam2; skills.txt:MinLevDam3; skills.txt:MinLevDam4; skills.txt:MinLevDam5; skills.txt:MaxLevDam1; skills.txt:MaxLevDam2; skills.txt:MaxLevDam3; skills.txt:MaxLevDam4; skills.txt:MaxLevDam5; skills.txt:EMinLev1; skills.txt:EMinLev2; skills.txt:EMinLev3; skills.txt:EMinLev4; skills.txt:EMinLev5; skills.txt:EMaxLev1; skills.txt:EMaxLev2; skills.txt:EMaxLev3; skills.txt:EMaxLev4; skills.txt:EMaxLev5; skills.txt:HitShift; skills.txt:EType（空且有伤害 ⇒ phys）; skills.txt:passive; skills.txt:srvmissile（空 ⇒ cltmissile）; 按官方 EType/mana/lvlmana/reqlevel 拼装	client/Assets/StreamingAssets/Table/Skill.tsv:9	公式求值相等
4739	tbl:Skill(150 id)|id=9	skills.txt:charclass → 本项目职业编号（CLASS_ORDER）; SkillDesc.txt:SkillPage（经 skills.txt:skilldesc 关联）; skills.txt:skill; skills.txt:Id; skills.txt:reqlevel; skills.txt:maxlvl; skills.txt:reqskill1 → 本项目技能编号（0=无）; skills.txt:skpoints; skills.txt:mana; skills.txt:lvlmana; rnd((skills.txt:MinDam + EMin) × 2^HitShift ÷ 256); rnd((skills.txt:MaxDam + EMax) × 2^HitShift ÷ 256); skills.txt:MinDam; skills.txt:MaxDam; skills.txt:EMin; skills.txt:EMax; skills.txt:MinLevDam1; skills.txt:MinLevDam2; skills.txt:MinLevDam3; skills.txt:MinLevDam4; skills.txt:MinLevDam5; skills.txt:MaxLevDam1; skills.txt:MaxLevDam2; skills.txt:MaxLevDam3; skills.txt:MaxLevDam4; skills.txt:MaxLevDam5; skills.txt:EMinLev1; skills.txt:EMinLev2; skills.txt:EMinLev3; skills.txt:EMinLev4; skills.txt:EMinLev5; skills.txt:EMaxLev1; skills.txt:EMaxLev2; skills.txt:EMaxLev3; skills.txt:EMaxLev4; skills.txt:EMaxLev5; skills.txt:HitShift; skills.txt:EType（空且有伤害 ⇒ phys）; skills.txt:passive; skills.txt:srvmissile（空 ⇒ cltmissile）; 按官方 EType/mana/lvlmana/reqlevel 拼装	client/Assets/StreamingAssets/Table/Skill.tsv:10	公式求值相等
4740	tbl:Skill(150 id)|id=10	skills.txt:charclass → 本项目职业编号（CLASS_ORDER）; SkillDesc.txt:SkillPage（经 skills.txt:skilldesc 关联）; skills.txt:skill; skills.txt:Id; skills.txt:reqlevel; skills.txt:maxlvl; skills.txt:reqskill1 → 本项目技能编号（0=无）; skills.txt:skpoints; skills.txt:mana; skills.txt:lvlmana; rnd((skills.txt:MinDam + EMin) × 2^HitShift ÷ 256); rnd((skills.txt:MaxDam + EMax) × 2^HitShift ÷ 256); skills.txt:MinDam; skills.txt:MaxDam; skills.txt:EMin; skills.txt:EMax; skills.txt:MinLevDam1; skills.txt:MinLevDam2; skills.txt:MinLevDam3; skills.txt:MinLevDam4; skills.txt:MinLevDam5; skills.txt:MaxLevDam1; skills.txt:MaxLevDam2; skills.txt:MaxLevDam3; skills.txt:MaxLevDam4; skills.txt:MaxLevDam5; skills.txt:EMinLev1; skills.txt:EMinLev2; skills.txt:EMinLev3; skills.txt:EMinLev4; skills.txt:EMinLev5; skills.txt:EMaxLev1; skills.txt:EMaxLev2; skills.txt:EMaxLev3; skills.txt:EMaxLev4; skills.txt:EMaxLev5; skills.txt:HitShift; skills.txt:EType（空且有伤害 ⇒ phys）; skills.txt:passive; skills.txt:srvmissile（空 ⇒ cltmissile）; 按官方 EType/mana/lvlmana/reqlevel 拼装	client/Assets/StreamingAssets/Table/Skill.tsv:11	公式求值相等
4741	tbl:Skill(150 id)|id=11	skills.txt:charclass → 本项目职业编号（CLASS_ORDER）; SkillDesc.txt:SkillPage（经 skills.txt:skilldesc 关联）; skills.txt:skill; skills.txt:Id; skills.txt:reqlevel; skills.txt:maxlvl; skills.txt:reqskill1 → 本项目技能编号（0=无）; skills.txt:skpoints; skills.txt:mana; skills.txt:lvlmana; rnd((skills.txt:MinDam + EMin) × 2^HitShift ÷ 256); rnd((skills.txt:MaxDam + EMax) × 2^HitShift ÷ 256); skills.txt:MinDam; skills.txt:MaxDam; skills.txt:EMin; skills.txt:EMax; skills.txt:MinLevDam1; skills.txt:MinLevDam2; skills.txt:MinLevDam3; skills.txt:MinLevDam4; skills.txt:MinLevDam5; skills.txt:MaxLevDam1; skills.txt:MaxLevDam2; skills.txt:MaxLevDam3; skills.txt:MaxLevDam4; skills.txt:MaxLevDam5; skills.txt:EMinLev1; skills.txt:EMinLev2; skills.txt:EMinLev3; skills.txt:EMinLev4; skills.txt:EMinLev5; skills.txt:EMaxLev1; skills.txt:EMaxLev2; skills.txt:EMaxLev3; skills.txt:EMaxLev4; skills.txt:EMaxLev5; skills.txt:HitShift; skills.txt:EType（空且有伤害 ⇒ phys）; skills.txt:passive; skills.txt:srvmissile（空 ⇒ cltmissile）; 按官方 EType/mana/lvlmana/reqlevel 拼装	client/Assets/StreamingAssets/Table/Skill.tsv:12	公式求值相等
4742	tbl:Skill(150 id)|id=12	skills.txt:charclass → 本项目职业编号（CLASS_ORDER）; SkillDesc.txt:SkillPage（经 skills.txt:skilldesc 关联）; skills.txt:skill; skills.txt:Id; skills.txt:reqlevel; skills.txt:maxlvl; skills.txt:reqskill1 → 本项目技能编号（0=无）; skills.txt:skpoints; skills.txt:mana; skills.txt:lvlmana; rnd((skills.txt:MinDam + EMin) × 2^HitShift ÷ 256); rnd((skills.txt:MaxDam + EMax) × 2^HitShift ÷ 256); skills.txt:MinDam; skills.txt:MaxDam; skills.txt:EMin; skills.txt:EMax; skills.txt:MinLevDam1; skills.txt:MinLevDam2; skills.txt:MinLevDam3; skills.txt:MinLevDam4; skills.txt:MinLevDam5; skills.txt:MaxLevDam1; skills.txt:MaxLevDam2; skills.txt:MaxLevDam3; skills.txt:MaxLevDam4; skills.txt:MaxLevDam5; skills.txt:EMinLev1; skills.txt:EMinLev2; skills.txt:EMinLev3; skills.txt:EMinLev4; skills.txt:EMinLev5; skills.txt:EMaxLev1; skills.txt:EMaxLev2; skills.txt:EMaxLev3; skills.txt:EMaxLev4; skills.txt:EMaxLev5; skills.txt:HitShift; skills.txt:EType（空且有伤害 ⇒ phys）; skills.txt:passive; skills.txt:srvmissile（空 ⇒ cltmissile）; 按官方 EType/mana/lvlmana/reqlevel 拼装	client/Assets/StreamingAssets/Table/Skill.tsv:13	公式求值相等
4743	tbl:Skill(150 id)|id=13	skills.txt:charclass → 本项目职业编号（CLASS_ORDER）; SkillDesc.txt:SkillPage（经 skills.txt:skilldesc 关联）; skills.txt:skill; skills.txt:Id; skills.txt:reqlevel; skills.txt:maxlvl; skills.txt:reqskill1 → 本项目技能编号（0=无）; skills.txt:skpoints; skills.txt:mana; skills.txt:lvlmana; rnd((skills.txt:MinDam + EMin) × 2^HitShift ÷ 256); rnd((skills.txt:MaxDam + EMax) × 2^HitShift ÷ 256); skills.txt:MinDam; skills.txt:MaxDam; skills.txt:EMin; skills.txt:EMax; skills.txt:MinLevDam1; skills.txt:MinLevDam2; skills.txt:MinLevDam3; skills.txt:MinLevDam4; skills.txt:MinLevDam5; skills.txt:MaxLevDam1; skills.txt:MaxLevDam2; skills.txt:MaxLevDam3; skills.txt:MaxLevDam4; skills.txt:MaxLevDam5; skills.txt:EMinLev1; skills.txt:EMinLev2; skills.txt:EMinLev3; skills.txt:EMinLev4; skills.txt:EMinLev5; skills.txt:EMaxLev1; skills.txt:EMaxLev2; skills.txt:EMaxLev3; skills.txt:EMaxLev4; skills.txt:EMaxLev5; skills.txt:HitShift; skills.txt:EType（空且有伤害 ⇒ phys）; skills.txt:passive; skills.txt:srvmissile（空 ⇒ cltmissile）; 按官方 EType/mana/lvlmana/reqlevel 拼装	client/Assets/StreamingAssets/Table/Skill.tsv:14	公式求值相等
4744	tbl:Skill(150 id)|id=14	skills.txt:charclass → 本项目职业编号（CLASS_ORDER）; SkillDesc.txt:SkillPage（经 skills.txt:skilldesc 关联）; skills.txt:skill; skills.txt:Id; skills.txt:reqlevel; skills.txt:maxlvl; skills.txt:reqskill1 → 本项目技能编号（0=无）; skills.txt:skpoints; skills.txt:mana; skills.txt:lvlmana; rnd((skills.txt:MinDam + EMin) × 2^HitShift ÷ 256); rnd((skills.txt:MaxDam + EMax) × 2^HitShift ÷ 256); skills.txt:MinDam; skills.txt:MaxDam; skills.txt:EMin; skills.txt:EMax; skills.txt:MinLevDam1; skills.txt:MinLevDam2; skills.txt:MinLevDam3; skills.txt:MinLevDam4; skills.txt:MinLevDam5; skills.txt:MaxLevDam1; skills.txt:MaxLevDam2; skills.txt:MaxLevDam3; skills.txt:MaxLevDam4; skills.txt:MaxLevDam5; skills.txt:EMinLev1; skills.txt:EMinLev2; skills.txt:EMinLev3; skills.txt:EMinLev4; skills.txt:EMinLev5; skills.txt:EMaxLev1; skills.txt:EMaxLev2; skills.txt:EMaxLev3; skills.txt:EMaxLev4; skills.txt:EMaxLev5; skills.txt:HitShift; skills.txt:EType（空且有伤害 ⇒ phys）; skills.txt:passive; skills.txt:srvmissile（空 ⇒ cltmissile）; 按官方 EType/mana/lvlmana/reqlevel 拼装	client/Assets/StreamingAssets/Table/Skill.tsv:15	公式求值相等
4745	tbl:Skill(150 id)|id=15	skills.txt:charclass → 本项目职业编号（CLASS_ORDER）; SkillDesc.txt:SkillPage（经 skills.txt:skilldesc 关联）; skills.txt:skill; skills.txt:Id; skills.txt:reqlevel; skills.txt:maxlvl; skills.txt:reqskill1 → 本项目技能编号（0=无）; skills.txt:skpoints; skills.txt:mana; skills.txt:lvlmana; rnd((skills.txt:MinDam + EMin) × 2^HitShift ÷ 256); rnd((skills.txt:MaxDam + EMax) × 2^HitShift ÷ 256); skills.txt:MinDam; skills.txt:MaxDam; skills.txt:EMin; skills.txt:EMax; skills.txt:MinLevDam1; skills.txt:MinLevDam2; skills.txt:MinLevDam3; skills.txt:MinLevDam4; skills.txt:MinLevDam5; skills.txt:MaxLevDam1; skills.txt:MaxLevDam2; skills.txt:MaxLevDam3; skills.txt:MaxLevDam4; skills.txt:MaxLevDam5; skills.txt:EMinLev1; skills.txt:EMinLev2; skills.txt:EMinLev3; skills.txt:EMinLev4; skills.txt:EMinLev5; skills.txt:EMaxLev1; skills.txt:EMaxLev2; skills.txt:EMaxLev3; skills.txt:EMaxLev4; skills.txt:EMaxLev5; skills.txt:HitShift; skills.txt:EType（空且有伤害 ⇒ phys）; skills.txt:passive; skills.txt:srvmissile（空 ⇒ cltmissile）; 按官方 EType/mana/lvlmana/reqlevel 拼装	client/Assets/StreamingAssets/Table/Skill.tsv:16	公式求值相等
4746	tbl:Skill(150 id)|id=16	skills.txt:charclass → 本项目职业编号（CLASS_ORDER）; SkillDesc.txt:SkillPage（经 skills.txt:skilldesc 关联）; skills.txt:skill; skills.txt:Id; skills.txt:reqlevel; skills.txt:maxlvl; skills.txt:reqskill1 → 本项目技能编号（0=无）; skills.txt:skpoints; skills.txt:mana; skills.txt:lvlmana; rnd((skills.txt:MinDam + EMin) × 2^HitShift ÷ 256); rnd((skills.txt:MaxDam + EMax) × 2^HitShift ÷ 256); skills.txt:MinDam; skills.txt:MaxDam; skills.txt:EMin; skills.txt:EMax; skills.txt:MinLevDam1; skills.txt:MinLevDam2; skills.txt:MinLevDam3; skills.txt:MinLevDam4; skills.txt:MinLevDam5; skills.txt:MaxLevDam1; skills.txt:MaxLevDam2; skills.txt:MaxLevDam3; skills.txt:MaxLevDam4; skills.txt:MaxLevDam5; skills.txt:EMinLev1; skills.txt:EMinLev2; skills.txt:EMinLev3; skills.txt:EMinLev4; skills.txt:EMinLev5; skills.txt:EMaxLev1; skills.txt:EMaxLev2; skills.txt:EMaxLev3; skills.txt:EMaxLev4; skills.txt:EMaxLev5; skills.txt:HitShift; skills.txt:EType（空且有伤害 ⇒ phys）; skills.txt:passive; skills.txt:srvmissile（空 ⇒ cltmissile）; 按官方 EType/mana/lvlmana/reqlevel 拼装	client/Assets/StreamingAssets/Table/Skill.tsv:17	公式求值相等
4747	tbl:Skill(150 id)|id=17	skills.txt:charclass → 本项目职业编号（CLASS_ORDER）; SkillDesc.txt:SkillPage（经 skills.txt:skilldesc 关联）; skills.txt:skill; skills.txt:Id; skills.txt:reqlevel; skills.txt:maxlvl; skills.txt:reqskill1 → 本项目技能编号（0=无）; skills.txt:skpoints; skills.txt:mana; skills.txt:lvlmana; rnd((skills.txt:MinDam + EMin) × 2^HitShift ÷ 256); rnd((skills.txt:MaxDam + EMax) × 2^HitShift ÷ 256); skills.txt:MinDam; skills.txt:MaxDam; skills.txt:EMin; skills.txt:EMax; skills.txt:MinLevDam1; skills.txt:MinLevDam2; skills.txt:MinLevDam3; skills.txt:MinLevDam4; skills.txt:MinLevDam5; skills.txt:MaxLevDam1; skills.txt:MaxLevDam2; skills.txt:MaxLevDam3; skills.txt:MaxLevDam4; skills.txt:MaxLevDam5; skills.txt:EMinLev1; skills.txt:EMinLev2; skills.txt:EMinLev3; skills.txt:EMinLev4; skills.txt:EMinLev5; skills.txt:EMaxLev1; skills.txt:EMaxLev2; skills.txt:EMaxLev3; skills.txt:EMaxLev4; skills.txt:EMaxLev5; skills.txt:HitShift; skills.txt:EType（空且有伤害 ⇒ phys）; skills.txt:passive; skills.txt:srvmissile（空 ⇒ cltmissile）; 按官方 EType/mana/lvlmana/reqlevel 拼装	client/Assets/StreamingAssets/Table/Skill.tsv:18	公式求值相等
4748	tbl:Skill(150 id)|id=18	skills.txt:charclass → 本项目职业编号（CLASS_ORDER）; SkillDesc.txt:SkillPage（经 skills.txt:skilldesc 关联）; skills.txt:skill; skills.txt:Id; skills.txt:reqlevel; skills.txt:maxlvl; skills.txt:reqskill1 → 本项目技能编号（0=无）; skills.txt:skpoints; skills.txt:mana; skills.txt:lvlmana; rnd((skills.txt:MinDam + EMin) × 2^HitShift ÷ 256); rnd((skills.txt:MaxDam + EMax) × 2^HitShift ÷ 256); skills.txt:MinDam; skills.txt:MaxDam; skills.txt:EMin; skills.txt:EMax; skills.txt:MinLevDam1; skills.txt:MinLevDam2; skills.txt:MinLevDam3; skills.txt:MinLevDam4; skills.txt:MinLevDam5; skills.txt:MaxLevDam1; skills.txt:MaxLevDam2; skills.txt:MaxLevDam3; skills.txt:MaxLevDam4; skills.txt:MaxLevDam5; skills.txt:EMinLev1; skills.txt:EMinLev2; skills.txt:EMinLev3; skills.txt:EMinLev4; skills.txt:EMinLev5; skills.txt:EMaxLev1; skills.txt:EMaxLev2; skills.txt:EMaxLev3; skills.txt:EMaxLev4; skills.txt:EMaxLev5; skills.txt:HitShift; skills.txt:EType（空且有伤害 ⇒ phys）; skills.txt:passive; skills.txt:srvmissile（空 ⇒ cltmissile）; 按官方 EType/mana/lvlmana/reqlevel 拼装	client/Assets/StreamingAssets/Table/Skill.tsv:19	公式求值相等
4749	tbl:Skill(150 id)|id=19	skills.txt:charclass → 本项目职业编号（CLASS_ORDER）; SkillDesc.txt:SkillPage（经 skills.txt:skilldesc 关联）; skills.txt:skill; skills.txt:Id; skills.txt:reqlevel; skills.txt:maxlvl; skills.txt:reqskill1 → 本项目技能编号（0=无）; skills.txt:skpoints; skills.txt:mana; skills.txt:lvlmana; rnd((skills.txt:MinDam + EMin) × 2^HitShift ÷ 256); rnd((skills.txt:MaxDam + EMax) × 2^HitShift ÷ 256); skills.txt:MinDam; skills.txt:MaxDam; skills.txt:EMin; skills.txt:EMax; skills.txt:MinLevDam1; skills.txt:MinLevDam2; skills.txt:MinLevDam3; skills.txt:MinLevDam4; skills.txt:MinLevDam5; skills.txt:MaxLevDam1; skills.txt:MaxLevDam2; skills.txt:MaxLevDam3; skills.txt:MaxLevDam4; skills.txt:MaxLevDam5; skills.txt:EMinLev1; skills.txt:EMinLev2; skills.txt:EMinLev3; skills.txt:EMinLev4; skills.txt:EMinLev5; skills.txt:EMaxLev1; skills.txt:EMaxLev2; skills.txt:EMaxLev3; skills.txt:EMaxLev4; skills.txt:EMaxLev5; skills.txt:HitShift; skills.txt:EType（空且有伤害 ⇒ phys）; skills.txt:passive; skills.txt:srvmissile（空 ⇒ cltmissile）; 按官方 EType/mana/lvlmana/reqlevel 拼装	client/Assets/StreamingAssets/Table/Skill.tsv:20	公式求值相等
4750	tbl:Skill(150 id)|id=20	skills.txt:charclass → 本项目职业编号（CLASS_ORDER）; SkillDesc.txt:SkillPage（经 skills.txt:skilldesc 关联）; skills.txt:skill; skills.txt:Id; skills.txt:reqlevel; skills.txt:maxlvl; skills.txt:reqskill1 → 本项目技能编号（0=无）; skills.txt:skpoints; skills.txt:mana; skills.txt:lvlmana; rnd((skills.txt:MinDam + EMin) × 2^HitShift ÷ 256); rnd((skills.txt:MaxDam + EMax) × 2^HitShift ÷ 256); skills.txt:MinDam; skills.txt:MaxDam; skills.txt:EMin; skills.txt:EMax; skills.txt:MinLevDam1; skills.txt:MinLevDam2; skills.txt:MinLevDam3; skills.txt:MinLevDam4; skills.txt:MinLevDam5; skills.txt:MaxLevDam1; skills.txt:MaxLevDam2; skills.txt:MaxLevDam3; skills.txt:MaxLevDam4; skills.txt:MaxLevDam5; skills.txt:EMinLev1; skills.txt:EMinLev2; skills.txt:EMinLev3; skills.txt:EMinLev4; skills.txt:EMinLev5; skills.txt:EMaxLev1; skills.txt:EMaxLev2; skills.txt:EMaxLev3; skills.txt:EMaxLev4; skills.txt:EMaxLev5; skills.txt:HitShift; skills.txt:EType（空且有伤害 ⇒ phys）; skills.txt:passive; skills.txt:srvmissile（空 ⇒ cltmissile）; 按官方 EType/mana/lvlmana/reqlevel 拼装	client/Assets/StreamingAssets/Table/Skill.tsv:21	公式求值相等
4751	tbl:Skill(150 id)|id=21	skills.txt:charclass → 本项目职业编号（CLASS_ORDER）; SkillDesc.txt:SkillPage（经 skills.txt:skilldesc 关联）; skills.txt:skill; skills.txt:Id; skills.txt:reqlevel; skills.txt:maxlvl; skills.txt:reqskill1 → 本项目技能编号（0=无）; skills.txt:skpoints; skills.txt:mana; skills.txt:lvlmana; rnd((skills.txt:MinDam + EMin) × 2^HitShift ÷ 256); rnd((skills.txt:MaxDam + EMax) × 2^HitShift ÷ 256); skills.txt:MinDam; skills.txt:MaxDam; skills.txt:EMin; skills.txt:EMax; skills.txt:MinLevDam1; skills.txt:MinLevDam2; skills.txt:MinLevDam3; skills.txt:MinLevDam4; skills.txt:MinLevDam5; skills.txt:MaxLevDam1; skills.txt:MaxLevDam2; skills.txt:MaxLevDam3; skills.txt:MaxLevDam4; skills.txt:MaxLevDam5; skills.txt:EMinLev1; skills.txt:EMinLev2; skills.txt:EMinLev3; skills.txt:EMinLev4; skills.txt:EMinLev5; skills.txt:EMaxLev1; skills.txt:EMaxLev2; skills.txt:EMaxLev3; skills.txt:EMaxLev4; skills.txt:EMaxLev5; skills.txt:HitShift; skills.txt:EType（空且有伤害 ⇒ phys）; skills.txt:passive; skills.txt:srvmissile（空 ⇒ cltmissile）; 按官方 EType/mana/lvlmana/reqlevel 拼装	client/Assets/StreamingAssets/Table/Skill.tsv:22	公式求值相等
4752	tbl:Skill(150 id)|id=22	skills.txt:charclass → 本项目职业编号（CLASS_ORDER）; SkillDesc.txt:SkillPage（经 skills.txt:skilldesc 关联）; skills.txt:skill; skills.txt:Id; skills.txt:reqlevel; skills.txt:maxlvl; skills.txt:reqskill1 → 本项目技能编号（0=无）; skills.txt:skpoints; skills.txt:mana; skills.txt:lvlmana; rnd((skills.txt:MinDam + EMin) × 2^HitShift ÷ 256); rnd((skills.txt:MaxDam + EMax) × 2^HitShift ÷ 256); skills.txt:MinDam; skills.txt:MaxDam; skills.txt:EMin; skills.txt:EMax; skills.txt:MinLevDam1; skills.txt:MinLevDam2; skills.txt:MinLevDam3; skills.txt:MinLevDam4; skills.txt:MinLevDam5; skills.txt:MaxLevDam1; skills.txt:MaxLevDam2; skills.txt:MaxLevDam3; skills.txt:MaxLevDam4; skills.txt:MaxLevDam5; skills.txt:EMinLev1; skills.txt:EMinLev2; skills.txt:EMinLev3; skills.txt:EMinLev4; skills.txt:EMinLev5; skills.txt:EMaxLev1; skills.txt:EMaxLev2; skills.txt:EMaxLev3; skills.txt:EMaxLev4; skills.txt:EMaxLev5; skills.txt:HitShift; skills.txt:EType（空且有伤害 ⇒ phys）; skills.txt:passive; skills.txt:srvmissile（空 ⇒ cltmissile）; 按官方 EType/mana/lvlmana/reqlevel 拼装	client/Assets/StreamingAssets/Table/Skill.tsv:23	公式求值相等
4753	tbl:Skill(150 id)|id=23	skills.txt:charclass → 本项目职业编号（CLASS_ORDER）; SkillDesc.txt:SkillPage（经 skills.txt:skilldesc 关联）; skills.txt:skill; skills.txt:Id; skills.txt:reqlevel; skills.txt:maxlvl; skills.txt:reqskill1 → 本项目技能编号（0=无）; skills.txt:skpoints; skills.txt:mana; skills.txt:lvlmana; rnd((skills.txt:MinDam + EMin) × 2^HitShift ÷ 256); rnd((skills.txt:MaxDam + EMax) × 2^HitShift ÷ 256); skills.txt:MinDam; skills.txt:MaxDam; skills.txt:EMin; skills.txt:EMax; skills.txt:MinLevDam1; skills.txt:MinLevDam2; skills.txt:MinLevDam3; skills.txt:MinLevDam4; skills.txt:MinLevDam5; skills.txt:MaxLevDam1; skills.txt:MaxLevDam2; skills.txt:MaxLevDam3; skills.txt:MaxLevDam4; skills.txt:MaxLevDam5; skills.txt:EMinLev1; skills.txt:EMinLev2; skills.txt:EMinLev3; skills.txt:EMinLev4; skills.txt:EMinLev5; skills.txt:EMaxLev1; skills.txt:EMaxLev2; skills.txt:EMaxLev3; skills.txt:EMaxLev4; skills.txt:EMaxLev5; skills.txt:HitShift; skills.txt:EType（空且有伤害 ⇒ phys）; skills.txt:passive; skills.txt:srvmissile（空 ⇒ cltmissile）; 按官方 EType/mana/lvlmana/reqlevel 拼装	client/Assets/StreamingAssets/Table/Skill.tsv:24	公式求值相等
4754	tbl:Skill(150 id)|id=24	skills.txt:charclass → 本项目职业编号（CLASS_ORDER）; SkillDesc.txt:SkillPage（经 skills.txt:skilldesc 关联）; skills.txt:skill; skills.txt:Id; skills.txt:reqlevel; skills.txt:maxlvl; skills.txt:reqskill1 → 本项目技能编号（0=无）; skills.txt:skpoints; skills.txt:mana; skills.txt:lvlmana; rnd((skills.txt:MinDam + EMin) × 2^HitShift ÷ 256); rnd((skills.txt:MaxDam + EMax) × 2^HitShift ÷ 256); skills.txt:MinDam; skills.txt:MaxDam; skills.txt:EMin; skills.txt:EMax; skills.txt:MinLevDam1; skills.txt:MinLevDam2; skills.txt:MinLevDam3; skills.txt:MinLevDam4; skills.txt:MinLevDam5; skills.txt:MaxLevDam1; skills.txt:MaxLevDam2; skills.txt:MaxLevDam3; skills.txt:MaxLevDam4; skills.txt:MaxLevDam5; skills.txt:EMinLev1; skills.txt:EMinLev2; skills.txt:EMinLev3; skills.txt:EMinLev4; skills.txt:EMinLev5; skills.txt:EMaxLev1; skills.txt:EMaxLev2; skills.txt:EMaxLev3; skills.txt:EMaxLev4; skills.txt:EMaxLev5; skills.txt:HitShift; skills.txt:EType（空且有伤害 ⇒ phys）; skills.txt:passive; skills.txt:srvmissile（空 ⇒ cltmissile）; 按官方 EType/mana/lvlmana/reqlevel 拼装	client/Assets/StreamingAssets/Table/Skill.tsv:25	公式求值相等
4755	tbl:Skill(150 id)|id=25	skills.txt:charclass → 本项目职业编号（CLASS_ORDER）; SkillDesc.txt:SkillPage（经 skills.txt:skilldesc 关联）; skills.txt:skill; skills.txt:Id; skills.txt:reqlevel; skills.txt:maxlvl; skills.txt:reqskill1 → 本项目技能编号（0=无）; skills.txt:skpoints; skills.txt:mana; skills.txt:lvlmana; rnd((skills.txt:MinDam + EMin) × 2^HitShift ÷ 256); rnd((skills.txt:MaxDam + EMax) × 2^HitShift ÷ 256); skills.txt:MinDam; skills.txt:MaxDam; skills.txt:EMin; skills.txt:EMax; skills.txt:MinLevDam1; skills.txt:MinLevDam2; skills.txt:MinLevDam3; skills.txt:MinLevDam4; skills.txt:MinLevDam5; skills.txt:MaxLevDam1; skills.txt:MaxLevDam2; skills.txt:MaxLevDam3; skills.txt:MaxLevDam4; skills.txt:MaxLevDam5; skills.txt:EMinLev1; skills.txt:EMinLev2; skills.txt:EMinLev3; skills.txt:EMinLev4; skills.txt:EMinLev5; skills.txt:EMaxLev1; skills.txt:EMaxLev2; skills.txt:EMaxLev3; skills.txt:EMaxLev4; skills.txt:EMaxLev5; skills.txt:HitShift; skills.txt:EType（空且有伤害 ⇒ phys）; skills.txt:passive; skills.txt:srvmissile（空 ⇒ cltmissile）; 按官方 EType/mana/lvlmana/reqlevel 拼装	client/Assets/StreamingAssets/Table/Skill.tsv:26	公式求值相等
4756	tbl:Skill(150 id)|id=26	skills.txt:charclass → 本项目职业编号（CLASS_ORDER）; SkillDesc.txt:SkillPage（经 skills.txt:skilldesc 关联）; skills.txt:skill; skills.txt:Id; skills.txt:reqlevel; skills.txt:maxlvl; skills.txt:reqskill1 → 本项目技能编号（0=无）; skills.txt:skpoints; skills.txt:mana; skills.txt:lvlmana; rnd((skills.txt:MinDam + EMin) × 2^HitShift ÷ 256); rnd((skills.txt:MaxDam + EMax) × 2^HitShift ÷ 256); skills.txt:MinDam; skills.txt:MaxDam; skills.txt:EMin; skills.txt:EMax; skills.txt:MinLevDam1; skills.txt:MinLevDam2; skills.txt:MinLevDam3; skills.txt:MinLevDam4; skills.txt:MinLevDam5; skills.txt:MaxLevDam1; skills.txt:MaxLevDam2; skills.txt:MaxLevDam3; skills.txt:MaxLevDam4; skills.txt:MaxLevDam5; skills.txt:EMinLev1; skills.txt:EMinLev2; skills.txt:EMinLev3; skills.txt:EMinLev4; skills.txt:EMinLev5; skills.txt:EMaxLev1; skills.txt:EMaxLev2; skills.txt:EMaxLev3; skills.txt:EMaxLev4; skills.txt:EMaxLev5; skills.txt:HitShift; skills.txt:EType（空且有伤害 ⇒ phys）; skills.txt:passive; skills.txt:srvmissile（空 ⇒ cltmissile）; 按官方 EType/mana/lvlmana/reqlevel 拼装	client/Assets/StreamingAssets/Table/Skill.tsv:27	公式求值相等
4757	tbl:Skill(150 id)|id=27	skills.txt:charclass → 本项目职业编号（CLASS_ORDER）; SkillDesc.txt:SkillPage（经 skills.txt:skilldesc 关联）; skills.txt:skill; skills.txt:Id; skills.txt:reqlevel; skills.txt:maxlvl; skills.txt:reqskill1 → 本项目技能编号（0=无）; skills.txt:skpoints; skills.txt:mana; skills.txt:lvlmana; rnd((skills.txt:MinDam + EMin) × 2^HitShift ÷ 256); rnd((skills.txt:MaxDam + EMax) × 2^HitShift ÷ 256); skills.txt:MinDam; skills.txt:MaxDam; skills.txt:EMin; skills.txt:EMax; skills.txt:MinLevDam1; skills.txt:MinLevDam2; skills.txt:MinLevDam3; skills.txt:MinLevDam4; skills.txt:MinLevDam5; skills.txt:MaxLevDam1; skills.txt:MaxLevDam2; skills.txt:MaxLevDam3; skills.txt:MaxLevDam4; skills.txt:MaxLevDam5; skills.txt:EMinLev1; skills.txt:EMinLev2; skills.txt:EMinLev3; skills.txt:EMinLev4; skills.txt:EMinLev5; skills.txt:EMaxLev1; skills.txt:EMaxLev2; skills.txt:EMaxLev3; skills.txt:EMaxLev4; skills.txt:EMaxLev5; skills.txt:HitShift; skills.txt:EType（空且有伤害 ⇒ phys）; skills.txt:passive; skills.txt:srvmissile（空 ⇒ cltmissile）; 按官方 EType/mana/lvlmana/reqlevel 拼装	client/Assets/StreamingAssets/Table/Skill.tsv:28	公式求值相等
4758	tbl:Skill(150 id)|id=28	skills.txt:charclass → 本项目职业编号（CLASS_ORDER）; SkillDesc.txt:SkillPage（经 skills.txt:skilldesc 关联）; skills.txt:skill; skills.txt:Id; skills.txt:reqlevel; skills.txt:maxlvl; skills.txt:reqskill1 → 本项目技能编号（0=无）; skills.txt:skpoints; skills.txt:mana; skills.txt:lvlmana; rnd((skills.txt:MinDam + EMin) × 2^HitShift ÷ 256); rnd((skills.txt:MaxDam + EMax) × 2^HitShift ÷ 256); skills.txt:MinDam; skills.txt:MaxDam; skills.txt:EMin; skills.txt:EMax; skills.txt:MinLevDam1; skills.txt:MinLevDam2; skills.txt:MinLevDam3; skills.txt:MinLevDam4; skills.txt:MinLevDam5; skills.txt:MaxLevDam1; skills.txt:MaxLevDam2; skills.txt:MaxLevDam3; skills.txt:MaxLevDam4; skills.txt:MaxLevDam5; skills.txt:EMinLev1; skills.txt:EMinLev2; skills.txt:EMinLev3; skills.txt:EMinLev4; skills.txt:EMinLev5; skills.txt:EMaxLev1; skills.txt:EMaxLev2; skills.txt:EMaxLev3; skills.txt:EMaxLev4; skills.txt:EMaxLev5; skills.txt:HitShift; skills.txt:EType（空且有伤害 ⇒ phys）; skills.txt:passive; skills.txt:srvmissile（空 ⇒ cltmissile）; 按官方 EType/mana/lvlmana/reqlevel 拼装	client/Assets/StreamingAssets/Table/Skill.tsv:29	公式求值相等
4759	tbl:Skill(150 id)|id=29	skills.txt:charclass → 本项目职业编号（CLASS_ORDER）; SkillDesc.txt:SkillPage（经 skills.txt:skilldesc 关联）; skills.txt:skill; skills.txt:Id; skills.txt:reqlevel; skills.txt:maxlvl; skills.txt:reqskill1 → 本项目技能编号（0=无）; skills.txt:skpoints; skills.txt:mana; skills.txt:lvlmana; rnd((skills.txt:MinDam + EMin) × 2^HitShift ÷ 256); rnd((skills.txt:MaxDam + EMax) × 2^HitShift ÷ 256); skills.txt:MinDam; skills.txt:MaxDam; skills.txt:EMin; skills.txt:EMax; skills.txt:MinLevDam1; skills.txt:MinLevDam2; skills.txt:MinLevDam3; skills.txt:MinLevDam4; skills.txt:MinLevDam5; skills.txt:MaxLevDam1; skills.txt:MaxLevDam2; skills.txt:MaxLevDam3; skills.txt:MaxLevDam4; skills.txt:MaxLevDam5; skills.txt:EMinLev1; skills.txt:EMinLev2; skills.txt:EMinLev3; skills.txt:EMinLev4; skills.txt:EMinLev5; skills.txt:EMaxLev1; skills.txt:EMaxLev2; skills.txt:EMaxLev3; skills.txt:EMaxLev4; skills.txt:EMaxLev5; skills.txt:HitShift; skills.txt:EType（空且有伤害 ⇒ phys）; skills.txt:passive; skills.txt:srvmissile（空 ⇒ cltmissile）; 按官方 EType/mana/lvlmana/reqlevel 拼装	client/Assets/StreamingAssets/Table/Skill.tsv:30	公式求值相等
4760	tbl:Skill(150 id)|id=30	skills.txt:charclass → 本项目职业编号（CLASS_ORDER）; SkillDesc.txt:SkillPage（经 skills.txt:skilldesc 关联）; skills.txt:skill; skills.txt:Id; skills.txt:reqlevel; skills.txt:maxlvl; skills.txt:reqskill1 → 本项目技能编号（0=无）; skills.txt:skpoints; skills.txt:mana; skills.txt:lvlmana; rnd((skills.txt:MinDam + EMin) × 2^HitShift ÷ 256); rnd((skills.txt:MaxDam + EMax) × 2^HitShift ÷ 256); skills.txt:MinDam; skills.txt:MaxDam; skills.txt:EMin; skills.txt:EMax; skills.txt:MinLevDam1; skills.txt:MinLevDam2; skills.txt:MinLevDam3; skills.txt:MinLevDam4; skills.txt:MinLevDam5; skills.txt:MaxLevDam1; skills.txt:MaxLevDam2; skills.txt:MaxLevDam3; skills.txt:MaxLevDam4; skills.txt:MaxLevDam5; skills.txt:EMinLev1; skills.txt:EMinLev2; skills.txt:EMinLev3; skills.txt:EMinLev4; skills.txt:EMinLev5; skills.txt:EMaxLev1; skills.txt:EMaxLev2; skills.txt:EMaxLev3; skills.txt:EMaxLev4; skills.txt:EMaxLev5; skills.txt:HitShift; skills.txt:EType（空且有伤害 ⇒ phys）; skills.txt:passive; skills.txt:srvmissile（空 ⇒ cltmissile）; 按官方 EType/mana/lvlmana/reqlevel 拼装	client/Assets/StreamingAssets/Table/Skill.tsv:31	公式求值相等
4761	tbl:Skill(150 id)|id=31	skills.txt:charclass → 本项目职业编号（CLASS_ORDER）; SkillDesc.txt:SkillPage（经 skills.txt:skilldesc 关联）; skills.txt:skill; skills.txt:Id; skills.txt:reqlevel; skills.txt:maxlvl; skills.txt:reqskill1 → 本项目技能编号（0=无）; skills.txt:skpoints; skills.txt:mana; skills.txt:lvlmana; rnd((skills.txt:MinDam + EMin) × 2^HitShift ÷ 256); rnd((skills.txt:MaxDam + EMax) × 2^HitShift ÷ 256); skills.txt:MinDam; skills.txt:MaxDam; skills.txt:EMin; skills.txt:EMax; skills.txt:MinLevDam1; skills.txt:MinLevDam2; skills.txt:MinLevDam3; skills.txt:MinLevDam4; skills.txt:MinLevDam5; skills.txt:MaxLevDam1; skills.txt:MaxLevDam2; skills.txt:MaxLevDam3; skills.txt:MaxLevDam4; skills.txt:MaxLevDam5; skills.txt:EMinLev1; skills.txt:EMinLev2; skills.txt:EMinLev3; skills.txt:EMinLev4; skills.txt:EMinLev5; skills.txt:EMaxLev1; skills.txt:EMaxLev2; skills.txt:EMaxLev3; skills.txt:EMaxLev4; skills.txt:EMaxLev5; skills.txt:HitShift; skills.txt:EType（空且有伤害 ⇒ phys）; skills.txt:passive; skills.txt:srvmissile（空 ⇒ cltmissile）; 按官方 EType/mana/lvlmana/reqlevel 拼装	client/Assets/StreamingAssets/Table/Skill.tsv:32	公式求值相等
4762	tbl:Skill(150 id)|id=32	skills.txt:charclass → 本项目职业编号（CLASS_ORDER）; SkillDesc.txt:SkillPage（经 skills.txt:skilldesc 关联）; skills.txt:skill; skills.txt:Id; skills.txt:reqlevel; skills.txt:maxlvl; skills.txt:reqskill1 → 本项目技能编号（0=无）; skills.txt:skpoints; skills.txt:mana; skills.txt:lvlmana; rnd((skills.txt:MinDam + EMin) × 2^HitShift ÷ 256); rnd((skills.txt:MaxDam + EMax) × 2^HitShift ÷ 256); skills.txt:MinDam; skills.txt:MaxDam; skills.txt:EMin; skills.txt:EMax; skills.txt:MinLevDam1; skills.txt:MinLevDam2; skills.txt:MinLevDam3; skills.txt:MinLevDam4; skills.txt:MinLevDam5; skills.txt:MaxLevDam1; skills.txt:MaxLevDam2; skills.txt:MaxLevDam3; skills.txt:MaxLevDam4; skills.txt:MaxLevDam5; skills.txt:EMinLev1; skills.txt:EMinLev2; skills.txt:EMinLev3; skills.txt:EMinLev4; skills.txt:EMinLev5; skills.txt:EMaxLev1; skills.txt:EMaxLev2; skills.txt:EMaxLev3; skills.txt:EMaxLev4; skills.txt:EMaxLev5; skills.txt:HitShift; skills.txt:EType（空且有伤害 ⇒ phys）; skills.txt:passive; skills.txt:srvmissile（空 ⇒ cltmissile）; 按官方 EType/mana/lvlmana/reqlevel 拼装	client/Assets/StreamingAssets/Table/Skill.tsv:33	公式求值相等
4763	tbl:Skill(150 id)|id=33	skills.txt:charclass → 本项目职业编号（CLASS_ORDER）; SkillDesc.txt:SkillPage（经 skills.txt:skilldesc 关联）; skills.txt:skill; skills.txt:Id; skills.txt:reqlevel; skills.txt:maxlvl; skills.txt:reqskill1 → 本项目技能编号（0=无）; skills.txt:skpoints; skills.txt:mana; skills.txt:lvlmana; rnd((skills.txt:MinDam + EMin) × 2^HitShift ÷ 256); rnd((skills.txt:MaxDam + EMax) × 2^HitShift ÷ 256); skills.txt:MinDam; skills.txt:MaxDam; skills.txt:EMin; skills.txt:EMax; skills.txt:MinLevDam1; skills.txt:MinLevDam2; skills.txt:MinLevDam3; skills.txt:MinLevDam4; skills.txt:MinLevDam5; skills.txt:MaxLevDam1; skills.txt:MaxLevDam2; skills.txt:MaxLevDam3; skills.txt:MaxLevDam4; skills.txt:MaxLevDam5; skills.txt:EMinLev1; skills.txt:EMinLev2; skills.txt:EMinLev3; skills.txt:EMinLev4; skills.txt:EMinLev5; skills.txt:EMaxLev1; skills.txt:EMaxLev2; skills.txt:EMaxLev3; skills.txt:EMaxLev4; skills.txt:EMaxLev5; skills.txt:HitShift; skills.txt:EType（空且有伤害 ⇒ phys）; skills.txt:passive; skills.txt:srvmissile（空 ⇒ cltmissile）; 按官方 EType/mana/lvlmana/reqlevel 拼装	client/Assets/StreamingAssets/Table/Skill.tsv:34	公式求值相等
4764	tbl:Skill(150 id)|id=34	skills.txt:charclass → 本项目职业编号（CLASS_ORDER）; SkillDesc.txt:SkillPage（经 skills.txt:skilldesc 关联）; skills.txt:skill; skills.txt:Id; skills.txt:reqlevel; skills.txt:maxlvl; skills.txt:reqskill1 → 本项目技能编号（0=无）; skills.txt:skpoints; skills.txt:mana; skills.txt:lvlmana; rnd((skills.txt:MinDam + EMin) × 2^HitShift ÷ 256); rnd((skills.txt:MaxDam + EMax) × 2^HitShift ÷ 256); skills.txt:MinDam; skills.txt:MaxDam; skills.txt:EMin; skills.txt:EMax; skills.txt:MinLevDam1; skills.txt:MinLevDam2; skills.txt:MinLevDam3; skills.txt:MinLevDam4; skills.txt:MinLevDam5; skills.txt:MaxLevDam1; skills.txt:MaxLevDam2; skills.txt:MaxLevDam3; skills.txt:MaxLevDam4; skills.txt:MaxLevDam5; skills.txt:EMinLev1; skills.txt:EMinLev2; skills.txt:EMinLev3; skills.txt:EMinLev4; skills.txt:EMinLev5; skills.txt:EMaxLev1; skills.txt:EMaxLev2; skills.txt:EMaxLev3; skills.txt:EMaxLev4; skills.txt:EMaxLev5; skills.txt:HitShift; skills.txt:EType（空且有伤害 ⇒ phys）; skills.txt:passive; skills.txt:srvmissile（空 ⇒ cltmissile）; 按官方 EType/mana/lvlmana/reqlevel 拼装	client/Assets/StreamingAssets/Table/Skill.tsv:35	公式求值相等
4765	tbl:Skill(150 id)|id=35	skills.txt:charclass → 本项目职业编号（CLASS_ORDER）; SkillDesc.txt:SkillPage（经 skills.txt:skilldesc 关联）; skills.txt:skill; skills.txt:Id; skills.txt:reqlevel; skills.txt:maxlvl; skills.txt:reqskill1 → 本项目技能编号（0=无）; skills.txt:skpoints; skills.txt:mana; skills.txt:lvlmana; rnd((skills.txt:MinDam + EMin) × 2^HitShift ÷ 256); rnd((skills.txt:MaxDam + EMax) × 2^HitShift ÷ 256); skills.txt:MinDam; skills.txt:MaxDam; skills.txt:EMin; skills.txt:EMax; skills.txt:MinLevDam1; skills.txt:MinLevDam2; skills.txt:MinLevDam3; skills.txt:MinLevDam4; skills.txt:MinLevDam5; skills.txt:MaxLevDam1; skills.txt:MaxLevDam2; skills.txt:MaxLevDam3; skills.txt:MaxLevDam4; skills.txt:MaxLevDam5; skills.txt:EMinLev1; skills.txt:EMinLev2; skills.txt:EMinLev3; skills.txt:EMinLev4; skills.txt:EMinLev5; skills.txt:EMaxLev1; skills.txt:EMaxLev2; skills.txt:EMaxLev3; skills.txt:EMaxLev4; skills.txt:EMaxLev5; skills.txt:HitShift; skills.txt:EType（空且有伤害 ⇒ phys）; skills.txt:passive; skills.txt:srvmissile（空 ⇒ cltmissile）; 按官方 EType/mana/lvlmana/reqlevel 拼装	client/Assets/StreamingAssets/Table/Skill.tsv:36	公式求值相等
4766	tbl:Skill(150 id)|id=36	skills.txt:charclass → 本项目职业编号（CLASS_ORDER）; SkillDesc.txt:SkillPage（经 skills.txt:skilldesc 关联）; skills.txt:skill; skills.txt:Id; skills.txt:reqlevel; skills.txt:maxlvl; skills.txt:reqskill1 → 本项目技能编号（0=无）; skills.txt:skpoints; skills.txt:mana; skills.txt:lvlmana; rnd((skills.txt:MinDam + EMin) × 2^HitShift ÷ 256); rnd((skills.txt:MaxDam + EMax) × 2^HitShift ÷ 256); skills.txt:MinDam; skills.txt:MaxDam; skills.txt:EMin; skills.txt:EMax; skills.txt:MinLevDam1; skills.txt:MinLevDam2; skills.txt:MinLevDam3; skills.txt:MinLevDam4; skills.txt:MinLevDam5; skills.txt:MaxLevDam1; skills.txt:MaxLevDam2; skills.txt:MaxLevDam3; skills.txt:MaxLevDam4; skills.txt:MaxLevDam5; skills.txt:EMinLev1; skills.txt:EMinLev2; skills.txt:EMinLev3; skills.txt:EMinLev4; skills.txt:EMinLev5; skills.txt:EMaxLev1; skills.txt:EMaxLev2; skills.txt:EMaxLev3; skills.txt:EMaxLev4; skills.txt:EMaxLev5; skills.txt:HitShift; skills.txt:EType（空且有伤害 ⇒ phys）; skills.txt:passive; skills.txt:srvmissile（空 ⇒ cltmissile）; 按官方 EType/mana/lvlmana/reqlevel 拼装	client/Assets/StreamingAssets/Table/Skill.tsv:37	公式求值相等
4767	tbl:Skill(150 id)|id=37	skills.txt:charclass → 本项目职业编号（CLASS_ORDER）; SkillDesc.txt:SkillPage（经 skills.txt:skilldesc 关联）; skills.txt:skill; skills.txt:Id; skills.txt:reqlevel; skills.txt:maxlvl; skills.txt:reqskill1 → 本项目技能编号（0=无）; skills.txt:skpoints; skills.txt:mana; skills.txt:lvlmana; rnd((skills.txt:MinDam + EMin) × 2^HitShift ÷ 256); rnd((skills.txt:MaxDam + EMax) × 2^HitShift ÷ 256); skills.txt:MinDam; skills.txt:MaxDam; skills.txt:EMin; skills.txt:EMax; skills.txt:MinLevDam1; skills.txt:MinLevDam2; skills.txt:MinLevDam3; skills.txt:MinLevDam4; skills.txt:MinLevDam5; skills.txt:MaxLevDam1; skills.txt:MaxLevDam2; skills.txt:MaxLevDam3; skills.txt:MaxLevDam4; skills.txt:MaxLevDam5; skills.txt:EMinLev1; skills.txt:EMinLev2; skills.txt:EMinLev3; skills.txt:EMinLev4; skills.txt:EMinLev5; skills.txt:EMaxLev1; skills.txt:EMaxLev2; skills.txt:EMaxLev3; skills.txt:EMaxLev4; skills.txt:EMaxLev5; skills.txt:HitShift; skills.txt:EType（空且有伤害 ⇒ phys）; skills.txt:passive; skills.txt:srvmissile（空 ⇒ cltmissile）; 按官方 EType/mana/lvlmana/reqlevel 拼装	client/Assets/StreamingAssets/Table/Skill.tsv:38	公式求值相等
4768	tbl:Skill(150 id)|id=38	skills.txt:charclass → 本项目职业编号（CLASS_ORDER）; SkillDesc.txt:SkillPage（经 skills.txt:skilldesc 关联）; skills.txt:skill; skills.txt:Id; skills.txt:reqlevel; skills.txt:maxlvl; skills.txt:reqskill1 → 本项目技能编号（0=无）; skills.txt:skpoints; skills.txt:mana; skills.txt:lvlmana; rnd((skills.txt:MinDam + EMin) × 2^HitShift ÷ 256); rnd((skills.txt:MaxDam + EMax) × 2^HitShift ÷ 256); skills.txt:MinDam; skills.txt:MaxDam; skills.txt:EMin; skills.txt:EMax; skills.txt:MinLevDam1; skills.txt:MinLevDam2; skills.txt:MinLevDam3; skills.txt:MinLevDam4; skills.txt:MinLevDam5; skills.txt:MaxLevDam1; skills.txt:MaxLevDam2; skills.txt:MaxLevDam3; skills.txt:MaxLevDam4; skills.txt:MaxLevDam5; skills.txt:EMinLev1; skills.txt:EMinLev2; skills.txt:EMinLev3; skills.txt:EMinLev4; skills.txt:EMinLev5; skills.txt:EMaxLev1; skills.txt:EMaxLev2; skills.txt:EMaxLev3; skills.txt:EMaxLev4; skills.txt:EMaxLev5; skills.txt:HitShift; skills.txt:EType（空且有伤害 ⇒ phys）; skills.txt:passive; skills.txt:srvmissile（空 ⇒ cltmissile）; 按官方 EType/mana/lvlmana/reqlevel 拼装	client/Assets/StreamingAssets/Table/Skill.tsv:39	公式求值相等
4769	tbl:Skill(150 id)|id=39	skills.txt:charclass → 本项目职业编号（CLASS_ORDER）; SkillDesc.txt:SkillPage（经 skills.txt:skilldesc 关联）; skills.txt:skill; skills.txt:Id; skills.txt:reqlevel; skills.txt:maxlvl; skills.txt:reqskill1 → 本项目技能编号（0=无）; skills.txt:skpoints; skills.txt:mana; skills.txt:lvlmana; rnd((skills.txt:MinDam + EMin) × 2^HitShift ÷ 256); rnd((skills.txt:MaxDam + EMax) × 2^HitShift ÷ 256); skills.txt:MinDam; skills.txt:MaxDam; skills.txt:EMin; skills.txt:EMax; skills.txt:MinLevDam1; skills.txt:MinLevDam2; skills.txt:MinLevDam3; skills.txt:MinLevDam4; skills.txt:MinLevDam5; skills.txt:MaxLevDam1; skills.txt:MaxLevDam2; skills.txt:MaxLevDam3; skills.txt:MaxLevDam4; skills.txt:MaxLevDam5; skills.txt:EMinLev1; skills.txt:EMinLev2; skills.txt:EMinLev3; skills.txt:EMinLev4; skills.txt:EMinLev5; skills.txt:EMaxLev1; skills.txt:EMaxLev2; skills.txt:EMaxLev3; skills.txt:EMaxLev4; skills.txt:EMaxLev5; skills.txt:HitShift; skills.txt:EType（空且有伤害 ⇒ phys）; skills.txt:passive; skills.txt:srvmissile（空 ⇒ cltmissile）; 按官方 EType/mana/lvlmana/reqlevel 拼装	client/Assets/StreamingAssets/Table/Skill.tsv:40	公式求值相等
4770	tbl:Skill(150 id)|id=40	skills.txt:charclass → 本项目职业编号（CLASS_ORDER）; SkillDesc.txt:SkillPage（经 skills.txt:skilldesc 关联）; skills.txt:skill; skills.txt:Id; skills.txt:reqlevel; skills.txt:maxlvl; skills.txt:reqskill1 → 本项目技能编号（0=无）; skills.txt:skpoints; skills.txt:mana; skills.txt:lvlmana; rnd((skills.txt:MinDam + EMin) × 2^HitShift ÷ 256); rnd((skills.txt:MaxDam + EMax) × 2^HitShift ÷ 256); skills.txt:MinDam; skills.txt:MaxDam; skills.txt:EMin; skills.txt:EMax; skills.txt:MinLevDam1; skills.txt:MinLevDam2; skills.txt:MinLevDam3; skills.txt:MinLevDam4; skills.txt:MinLevDam5; skills.txt:MaxLevDam1; skills.txt:MaxLevDam2; skills.txt:MaxLevDam3; skills.txt:MaxLevDam4; skills.txt:MaxLevDam5; skills.txt:EMinLev1; skills.txt:EMinLev2; skills.txt:EMinLev3; skills.txt:EMinLev4; skills.txt:EMinLev5; skills.txt:EMaxLev1; skills.txt:EMaxLev2; skills.txt:EMaxLev3; skills.txt:EMaxLev4; skills.txt:EMaxLev5; skills.txt:HitShift; skills.txt:EType（空且有伤害 ⇒ phys）; skills.txt:passive; skills.txt:srvmissile（空 ⇒ cltmissile）; 按官方 EType/mana/lvlmana/reqlevel 拼装	client/Assets/StreamingAssets/Table/Skill.tsv:41	公式求值相等
4771	tbl:Skill(150 id)|id=41	skills.txt:charclass → 本项目职业编号（CLASS_ORDER）; SkillDesc.txt:SkillPage（经 skills.txt:skilldesc 关联）; skills.txt:skill; skills.txt:Id; skills.txt:reqlevel; skills.txt:maxlvl; skills.txt:reqskill1 → 本项目技能编号（0=无）; skills.txt:skpoints; skills.txt:mana; skills.txt:lvlmana; rnd((skills.txt:MinDam + EMin) × 2^HitShift ÷ 256); rnd((skills.txt:MaxDam + EMax) × 2^HitShift ÷ 256); skills.txt:MinDam; skills.txt:MaxDam; skills.txt:EMin; skills.txt:EMax; skills.txt:MinLevDam1; skills.txt:MinLevDam2; skills.txt:MinLevDam3; skills.txt:MinLevDam4; skills.txt:MinLevDam5; skills.txt:MaxLevDam1; skills.txt:MaxLevDam2; skills.txt:MaxLevDam3; skills.txt:MaxLevDam4; skills.txt:MaxLevDam5; skills.txt:EMinLev1; skills.txt:EMinLev2; skills.txt:EMinLev3; skills.txt:EMinLev4; skills.txt:EMinLev5; skills.txt:EMaxLev1; skills.txt:EMaxLev2; skills.txt:EMaxLev3; skills.txt:EMaxLev4; skills.txt:EMaxLev5; skills.txt:HitShift; skills.txt:EType（空且有伤害 ⇒ phys）; skills.txt:passive; skills.txt:srvmissile（空 ⇒ cltmissile）; 按官方 EType/mana/lvlmana/reqlevel 拼装	client/Assets/StreamingAssets/Table/Skill.tsv:42	公式求值相等
4772	tbl:Skill(150 id)|id=42	skills.txt:charclass → 本项目职业编号（CLASS_ORDER）; SkillDesc.txt:SkillPage（经 skills.txt:skilldesc 关联）; skills.txt:skill; skills.txt:Id; skills.txt:reqlevel; skills.txt:maxlvl; skills.txt:reqskill1 → 本项目技能编号（0=无）; skills.txt:skpoints; skills.txt:mana; skills.txt:lvlmana; rnd((skills.txt:MinDam + EMin) × 2^HitShift ÷ 256); rnd((skills.txt:MaxDam + EMax) × 2^HitShift ÷ 256); skills.txt:MinDam; skills.txt:MaxDam; skills.txt:EMin; skills.txt:EMax; skills.txt:MinLevDam1; skills.txt:MinLevDam2; skills.txt:MinLevDam3; skills.txt:MinLevDam4; skills.txt:MinLevDam5; skills.txt:MaxLevDam1; skills.txt:MaxLevDam2; skills.txt:MaxLevDam3; skills.txt:MaxLevDam4; skills.txt:MaxLevDam5; skills.txt:EMinLev1; skills.txt:EMinLev2; skills.txt:EMinLev3; skills.txt:EMinLev4; skills.txt:EMinLev5; skills.txt:EMaxLev1; skills.txt:EMaxLev2; skills.txt:EMaxLev3; skills.txt:EMaxLev4; skills.txt:EMaxLev5; skills.txt:HitShift; skills.txt:EType（空且有伤害 ⇒ phys）; skills.txt:passive; skills.txt:srvmissile（空 ⇒ cltmissile）; 按官方 EType/mana/lvlmana/reqlevel 拼装	client/Assets/StreamingAssets/Table/Skill.tsv:43	公式求值相等
4773	tbl:Skill(150 id)|id=43	skills.txt:charclass → 本项目职业编号（CLASS_ORDER）; SkillDesc.txt:SkillPage（经 skills.txt:skilldesc 关联）; skills.txt:skill; skills.txt:Id; skills.txt:reqlevel; skills.txt:maxlvl; skills.txt:reqskill1 → 本项目技能编号（0=无）; skills.txt:skpoints; skills.txt:mana; skills.txt:lvlmana; rnd((skills.txt:MinDam + EMin) × 2^HitShift ÷ 256); rnd((skills.txt:MaxDam + EMax) × 2^HitShift ÷ 256); skills.txt:MinDam; skills.txt:MaxDam; skills.txt:EMin; skills.txt:EMax; skills.txt:MinLevDam1; skills.txt:MinLevDam2; skills.txt:MinLevDam3; skills.txt:MinLevDam4; skills.txt:MinLevDam5; skills.txt:MaxLevDam1; skills.txt:MaxLevDam2; skills.txt:MaxLevDam3; skills.txt:MaxLevDam4; skills.txt:MaxLevDam5; skills.txt:EMinLev1; skills.txt:EMinLev2; skills.txt:EMinLev3; skills.txt:EMinLev4; skills.txt:EMinLev5; skills.txt:EMaxLev1; skills.txt:EMaxLev2; skills.txt:EMaxLev3; skills.txt:EMaxLev4; skills.txt:EMaxLev5; skills.txt:HitShift; skills.txt:EType（空且有伤害 ⇒ phys）; skills.txt:passive; skills.txt:srvmissile（空 ⇒ cltmissile）; 按官方 EType/mana/lvlmana/reqlevel 拼装	client/Assets/StreamingAssets/Table/Skill.tsv:44	公式求值相等
4774	tbl:Skill(150 id)|id=44	skills.txt:charclass → 本项目职业编号（CLASS_ORDER）; SkillDesc.txt:SkillPage（经 skills.txt:skilldesc 关联）; skills.txt:skill; skills.txt:Id; skills.txt:reqlevel; skills.txt:maxlvl; skills.txt:reqskill1 → 本项目技能编号（0=无）; skills.txt:skpoints; skills.txt:mana; skills.txt:lvlmana; rnd((skills.txt:MinDam + EMin) × 2^HitShift ÷ 256); rnd((skills.txt:MaxDam + EMax) × 2^HitShift ÷ 256); skills.txt:MinDam; skills.txt:MaxDam; skills.txt:EMin; skills.txt:EMax; skills.txt:MinLevDam1; skills.txt:MinLevDam2; skills.txt:MinLevDam3; skills.txt:MinLevDam4; skills.txt:MinLevDam5; skills.txt:MaxLevDam1; skills.txt:MaxLevDam2; skills.txt:MaxLevDam3; skills.txt:MaxLevDam4; skills.txt:MaxLevDam5; skills.txt:EMinLev1; skills.txt:EMinLev2; skills.txt:EMinLev3; skills.txt:EMinLev4; skills.txt:EMinLev5; skills.txt:EMaxLev1; skills.txt:EMaxLev2; skills.txt:EMaxLev3; skills.txt:EMaxLev4; skills.txt:EMaxLev5; skills.txt:HitShift; skills.txt:EType（空且有伤害 ⇒ phys）; skills.txt:passive; skills.txt:srvmissile（空 ⇒ cltmissile）; 按官方 EType/mana/lvlmana/reqlevel 拼装	client/Assets/StreamingAssets/Table/Skill.tsv:45	公式求值相等
4775	tbl:Skill(150 id)|id=45	skills.txt:charclass → 本项目职业编号（CLASS_ORDER）; SkillDesc.txt:SkillPage（经 skills.txt:skilldesc 关联）; skills.txt:skill; skills.txt:Id; skills.txt:reqlevel; skills.txt:maxlvl; skills.txt:reqskill1 → 本项目技能编号（0=无）; skills.txt:skpoints; skills.txt:mana; skills.txt:lvlmana; rnd((skills.txt:MinDam + EMin) × 2^HitShift ÷ 256); rnd((skills.txt:MaxDam + EMax) × 2^HitShift ÷ 256); skills.txt:MinDam; skills.txt:MaxDam; skills.txt:EMin; skills.txt:EMax; skills.txt:MinLevDam1; skills.txt:MinLevDam2; skills.txt:MinLevDam3; skills.txt:MinLevDam4; skills.txt:MinLevDam5; skills.txt:MaxLevDam1; skills.txt:MaxLevDam2; skills.txt:MaxLevDam3; skills.txt:MaxLevDam4; skills.txt:MaxLevDam5; skills.txt:EMinLev1; skills.txt:EMinLev2; skills.txt:EMinLev3; skills.txt:EMinLev4; skills.txt:EMinLev5; skills.txt:EMaxLev1; skills.txt:EMaxLev2; skills.txt:EMaxLev3; skills.txt:EMaxLev4; skills.txt:EMaxLev5; skills.txt:HitShift; skills.txt:EType（空且有伤害 ⇒ phys）; skills.txt:passive; skills.txt:srvmissile（空 ⇒ cltmissile）; 按官方 EType/mana/lvlmana/reqlevel 拼装	client/Assets/StreamingAssets/Table/Skill.tsv:46	公式求值相等
4776	tbl:Skill(150 id)|id=46	skills.txt:charclass → 本项目职业编号（CLASS_ORDER）; SkillDesc.txt:SkillPage（经 skills.txt:skilldesc 关联）; skills.txt:skill; skills.txt:Id; skills.txt:reqlevel; skills.txt:maxlvl; skills.txt:reqskill1 → 本项目技能编号（0=无）; skills.txt:skpoints; skills.txt:mana; skills.txt:lvlmana; rnd((skills.txt:MinDam + EMin) × 2^HitShift ÷ 256); rnd((skills.txt:MaxDam + EMax) × 2^HitShift ÷ 256); skills.txt:MinDam; skills.txt:MaxDam; skills.txt:EMin; skills.txt:EMax; skills.txt:MinLevDam1; skills.txt:MinLevDam2; skills.txt:MinLevDam3; skills.txt:MinLevDam4; skills.txt:MinLevDam5; skills.txt:MaxLevDam1; skills.txt:MaxLevDam2; skills.txt:MaxLevDam3; skills.txt:MaxLevDam4; skills.txt:MaxLevDam5; skills.txt:EMinLev1; skills.txt:EMinLev2; skills.txt:EMinLev3; skills.txt:EMinLev4; skills.txt:EMinLev5; skills.txt:EMaxLev1; skills.txt:EMaxLev2; skills.txt:EMaxLev3; skills.txt:EMaxLev4; skills.txt:EMaxLev5; skills.txt:HitShift; skills.txt:EType（空且有伤害 ⇒ phys）; skills.txt:passive; skills.txt:srvmissile（空 ⇒ cltmissile）; 按官方 EType/mana/lvlmana/reqlevel 拼装	client/Assets/StreamingAssets/Table/Skill.tsv:47	公式求值相等
4777	tbl:Skill(150 id)|id=47	skills.txt:charclass → 本项目职业编号（CLASS_ORDER）; SkillDesc.txt:SkillPage（经 skills.txt:skilldesc 关联）; skills.txt:skill; skills.txt:Id; skills.txt:reqlevel; skills.txt:maxlvl; skills.txt:reqskill1 → 本项目技能编号（0=无）; skills.txt:skpoints; skills.txt:mana; skills.txt:lvlmana; rnd((skills.txt:MinDam + EMin) × 2^HitShift ÷ 256); rnd((skills.txt:MaxDam + EMax) × 2^HitShift ÷ 256); skills.txt:MinDam; skills.txt:MaxDam; skills.txt:EMin; skills.txt:EMax; skills.txt:MinLevDam1; skills.txt:MinLevDam2; skills.txt:MinLevDam3; skills.txt:MinLevDam4; skills.txt:MinLevDam5; skills.txt:MaxLevDam1; skills.txt:MaxLevDam2; skills.txt:MaxLevDam3; skills.txt:MaxLevDam4; skills.txt:MaxLevDam5; skills.txt:EMinLev1; skills.txt:EMinLev2; skills.txt:EMinLev3; skills.txt:EMinLev4; skills.txt:EMinLev5; skills.txt:EMaxLev1; skills.txt:EMaxLev2; skills.txt:EMaxLev3; skills.txt:EMaxLev4; skills.txt:EMaxLev5; skills.txt:HitShift; skills.txt:EType（空且有伤害 ⇒ phys）; skills.txt:passive; skills.txt:srvmissile（空 ⇒ cltmissile）; 按官方 EType/mana/lvlmana/reqlevel 拼装	client/Assets/StreamingAssets/Table/Skill.tsv:48	公式求值相等
4778	tbl:Skill(150 id)|id=48	skills.txt:charclass → 本项目职业编号（CLASS_ORDER）; SkillDesc.txt:SkillPage（经 skills.txt:skilldesc 关联）; skills.txt:skill; skills.txt:Id; skills.txt:reqlevel; skills.txt:maxlvl; skills.txt:reqskill1 → 本项目技能编号（0=无）; skills.txt:skpoints; skills.txt:mana; skills.txt:lvlmana; rnd((skills.txt:MinDam + EMin) × 2^HitShift ÷ 256); rnd((skills.txt:MaxDam + EMax) × 2^HitShift ÷ 256); skills.txt:MinDam; skills.txt:MaxDam; skills.txt:EMin; skills.txt:EMax; skills.txt:MinLevDam1; skills.txt:MinLevDam2; skills.txt:MinLevDam3; skills.txt:MinLevDam4; skills.txt:MinLevDam5; skills.txt:MaxLevDam1; skills.txt:MaxLevDam2; skills.txt:MaxLevDam3; skills.txt:MaxLevDam4; skills.txt:MaxLevDam5; skills.txt:EMinLev1; skills.txt:EMinLev2; skills.txt:EMinLev3; skills.txt:EMinLev4; skills.txt:EMinLev5; skills.txt:EMaxLev1; skills.txt:EMaxLev2; skills.txt:EMaxLev3; skills.txt:EMaxLev4; skills.txt:EMaxLev5; skills.txt:HitShift; skills.txt:EType（空且有伤害 ⇒ phys）; skills.txt:passive; skills.txt:srvmissile（空 ⇒ cltmissile）; 按官方 EType/mana/lvlmana/reqlevel 拼装	client/Assets/StreamingAssets/Table/Skill.tsv:49	公式求值相等
4779	tbl:Skill(150 id)|id=49	skills.txt:charclass → 本项目职业编号（CLASS_ORDER）; SkillDesc.txt:SkillPage（经 skills.txt:skilldesc 关联）; skills.txt:skill; skills.txt:Id; skills.txt:reqlevel; skills.txt:maxlvl; skills.txt:reqskill1 → 本项目技能编号（0=无）; skills.txt:skpoints; skills.txt:mana; skills.txt:lvlmana; rnd((skills.txt:MinDam + EMin) × 2^HitShift ÷ 256); rnd((skills.txt:MaxDam + EMax) × 2^HitShift ÷ 256); skills.txt:MinDam; skills.txt:MaxDam; skills.txt:EMin; skills.txt:EMax; skills.txt:MinLevDam1; skills.txt:MinLevDam2; skills.txt:MinLevDam3; skills.txt:MinLevDam4; skills.txt:MinLevDam5; skills.txt:MaxLevDam1; skills.txt:MaxLevDam2; skills.txt:MaxLevDam3; skills.txt:MaxLevDam4; skills.txt:MaxLevDam5; skills.txt:EMinLev1; skills.txt:EMinLev2; skills.txt:EMinLev3; skills.txt:EMinLev4; skills.txt:EMinLev5; skills.txt:EMaxLev1; skills.txt:EMaxLev2; skills.txt:EMaxLev3; skills.txt:EMaxLev4; skills.txt:EMaxLev5; skills.txt:HitShift; skills.txt:EType（空且有伤害 ⇒ phys）; skills.txt:passive; skills.txt:srvmissile（空 ⇒ cltmissile）; 按官方 EType/mana/lvlmana/reqlevel 拼装	client/Assets/StreamingAssets/Table/Skill.tsv:50	公式求值相等
4780	tbl:Skill(150 id)|id=50	skills.txt:charclass → 本项目职业编号（CLASS_ORDER）; SkillDesc.txt:SkillPage（经 skills.txt:skilldesc 关联）; skills.txt:skill; skills.txt:Id; skills.txt:reqlevel; skills.txt:maxlvl; skills.txt:reqskill1 → 本项目技能编号（0=无）; skills.txt:skpoints; skills.txt:mana; skills.txt:lvlmana; rnd((skills.txt:MinDam + EMin) × 2^HitShift ÷ 256); rnd((skills.txt:MaxDam + EMax) × 2^HitShift ÷ 256); skills.txt:MinDam; skills.txt:MaxDam; skills.txt:EMin; skills.txt:EMax; skills.txt:MinLevDam1; skills.txt:MinLevDam2; skills.txt:MinLevDam3; skills.txt:MinLevDam4; skills.txt:MinLevDam5; skills.txt:MaxLevDam1; skills.txt:MaxLevDam2; skills.txt:MaxLevDam3; skills.txt:MaxLevDam4; skills.txt:MaxLevDam5; skills.txt:EMinLev1; skills.txt:EMinLev2; skills.txt:EMinLev3; skills.txt:EMinLev4; skills.txt:EMinLev5; skills.txt:EMaxLev1; skills.txt:EMaxLev2; skills.txt:EMaxLev3; skills.txt:EMaxLev4; skills.txt:EMaxLev5; skills.txt:HitShift; skills.txt:EType（空且有伤害 ⇒ phys）; skills.txt:passive; skills.txt:srvmissile（空 ⇒ cltmissile）; 按官方 EType/mana/lvlmana/reqlevel 拼装	client/Assets/StreamingAssets/Table/Skill.tsv:51	公式求值相等
4781	tbl:Skill(150 id)|id=51	skills.txt:charclass → 本项目职业编号（CLASS_ORDER）; SkillDesc.txt:SkillPage（经 skills.txt:skilldesc 关联）; skills.txt:skill; skills.txt:Id; skills.txt:reqlevel; skills.txt:maxlvl; skills.txt:reqskill1 → 本项目技能编号（0=无）; skills.txt:skpoints; skills.txt:mana; skills.txt:lvlmana; rnd((skills.txt:MinDam + EMin) × 2^HitShift ÷ 256); rnd((skills.txt:MaxDam + EMax) × 2^HitShift ÷ 256); skills.txt:MinDam; skills.txt:MaxDam; skills.txt:EMin; skills.txt:EMax; skills.txt:MinLevDam1; skills.txt:MinLevDam2; skills.txt:MinLevDam3; skills.txt:MinLevDam4; skills.txt:MinLevDam5; skills.txt:MaxLevDam1; skills.txt:MaxLevDam2; skills.txt:MaxLevDam3; skills.txt:MaxLevDam4; skills.txt:MaxLevDam5; skills.txt:EMinLev1; skills.txt:EMinLev2; skills.txt:EMinLev3; skills.txt:EMinLev4; skills.txt:EMinLev5; skills.txt:EMaxLev1; skills.txt:EMaxLev2; skills.txt:EMaxLev3; skills.txt:EMaxLev4; skills.txt:EMaxLev5; skills.txt:HitShift; skills.txt:EType（空且有伤害 ⇒ phys）; skills.txt:passive; skills.txt:srvmissile（空 ⇒ cltmissile）; 按官方 EType/mana/lvlmana/reqlevel 拼装	client/Assets/StreamingAssets/Table/Skill.tsv:52	公式求值相等
4782	tbl:Skill(150 id)|id=52	skills.txt:charclass → 本项目职业编号（CLASS_ORDER）; SkillDesc.txt:SkillPage（经 skills.txt:skilldesc 关联）; skills.txt:skill; skills.txt:Id; skills.txt:reqlevel; skills.txt:maxlvl; skills.txt:reqskill1 → 本项目技能编号（0=无）; skills.txt:skpoints; skills.txt:mana; skills.txt:lvlmana; rnd((skills.txt:MinDam + EMin) × 2^HitShift ÷ 256); rnd((skills.txt:MaxDam + EMax) × 2^HitShift ÷ 256); skills.txt:MinDam; skills.txt:MaxDam; skills.txt:EMin; skills.txt:EMax; skills.txt:MinLevDam1; skills.txt:MinLevDam2; skills.txt:MinLevDam3; skills.txt:MinLevDam4; skills.txt:MinLevDam5; skills.txt:MaxLevDam1; skills.txt:MaxLevDam2; skills.txt:MaxLevDam3; skills.txt:MaxLevDam4; skills.txt:MaxLevDam5; skills.txt:EMinLev1; skills.txt:EMinLev2; skills.txt:EMinLev3; skills.txt:EMinLev4; skills.txt:EMinLev5; skills.txt:EMaxLev1; skills.txt:EMaxLev2; skills.txt:EMaxLev3; skills.txt:EMaxLev4; skills.txt:EMaxLev5; skills.txt:HitShift; skills.txt:EType（空且有伤害 ⇒ phys）; skills.txt:passive; skills.txt:srvmissile（空 ⇒ cltmissile）; 按官方 EType/mana/lvlmana/reqlevel 拼装	client/Assets/StreamingAssets/Table/Skill.tsv:53	公式求值相等
4783	tbl:Skill(150 id)|id=53	skills.txt:charclass → 本项目职业编号（CLASS_ORDER）; SkillDesc.txt:SkillPage（经 skills.txt:skilldesc 关联）; skills.txt:skill; skills.txt:Id; skills.txt:reqlevel; skills.txt:maxlvl; skills.txt:reqskill1 → 本项目技能编号（0=无）; skills.txt:skpoints; skills.txt:mana; skills.txt:lvlmana; rnd((skills.txt:MinDam + EMin) × 2^HitShift ÷ 256); rnd((skills.txt:MaxDam + EMax) × 2^HitShift ÷ 256); skills.txt:MinDam; skills.txt:MaxDam; skills.txt:EMin; skills.txt:EMax; skills.txt:MinLevDam1; skills.txt:MinLevDam2; skills.txt:MinLevDam3; skills.txt:MinLevDam4; skills.txt:MinLevDam5; skills.txt:MaxLevDam1; skills.txt:MaxLevDam2; skills.txt:MaxLevDam3; skills.txt:MaxLevDam4; skills.txt:MaxLevDam5; skills.txt:EMinLev1; skills.txt:EMinLev2; skills.txt:EMinLev3; skills.txt:EMinLev4; skills.txt:EMinLev5; skills.txt:EMaxLev1; skills.txt:EMaxLev2; skills.txt:EMaxLev3; skills.txt:EMaxLev4; skills.txt:EMaxLev5; skills.txt:HitShift; skills.txt:EType（空且有伤害 ⇒ phys）; skills.txt:passive; skills.txt:srvmissile（空 ⇒ cltmissile）; 按官方 EType/mana/lvlmana/reqlevel 拼装	client/Assets/StreamingAssets/Table/Skill.tsv:54	公式求值相等
4784	tbl:Skill(150 id)|id=54	skills.txt:charclass → 本项目职业编号（CLASS_ORDER）; SkillDesc.txt:SkillPage（经 skills.txt:skilldesc 关联）; skills.txt:skill; skills.txt:Id; skills.txt:reqlevel; skills.txt:maxlvl; skills.txt:reqskill1 → 本项目技能编号（0=无）; skills.txt:skpoints; skills.txt:mana; skills.txt:lvlmana; rnd((skills.txt:MinDam + EMin) × 2^HitShift ÷ 256); rnd((skills.txt:MaxDam + EMax) × 2^HitShift ÷ 256); skills.txt:MinDam; skills.txt:MaxDam; skills.txt:EMin; skills.txt:EMax; skills.txt:MinLevDam1; skills.txt:MinLevDam2; skills.txt:MinLevDam3; skills.txt:MinLevDam4; skills.txt:MinLevDam5; skills.txt:MaxLevDam1; skills.txt:MaxLevDam2; skills.txt:MaxLevDam3; skills.txt:MaxLevDam4; skills.txt:MaxLevDam5; skills.txt:EMinLev1; skills.txt:EMinLev2; skills.txt:EMinLev3; skills.txt:EMinLev4; skills.txt:EMinLev5; skills.txt:EMaxLev1; skills.txt:EMaxLev2; skills.txt:EMaxLev3; skills.txt:EMaxLev4; skills.txt:EMaxLev5; skills.txt:HitShift; skills.txt:EType（空且有伤害 ⇒ phys）; skills.txt:passive; skills.txt:srvmissile（空 ⇒ cltmissile）; 按官方 EType/mana/lvlmana/reqlevel 拼装	client/Assets/StreamingAssets/Table/Skill.tsv:55	公式求值相等
4785	tbl:Skill(150 id)|id=55	skills.txt:charclass → 本项目职业编号（CLASS_ORDER）; SkillDesc.txt:SkillPage（经 skills.txt:skilldesc 关联）; skills.txt:skill; skills.txt:Id; skills.txt:reqlevel; skills.txt:maxlvl; skills.txt:reqskill1 → 本项目技能编号（0=无）; skills.txt:skpoints; skills.txt:mana; skills.txt:lvlmana; rnd((skills.txt:MinDam + EMin) × 2^HitShift ÷ 256); rnd((skills.txt:MaxDam + EMax) × 2^HitShift ÷ 256); skills.txt:MinDam; skills.txt:MaxDam; skills.txt:EMin; skills.txt:EMax; skills.txt:MinLevDam1; skills.txt:MinLevDam2; skills.txt:MinLevDam3; skills.txt:MinLevDam4; skills.txt:MinLevDam5; skills.txt:MaxLevDam1; skills.txt:MaxLevDam2; skills.txt:MaxLevDam3; skills.txt:MaxLevDam4; skills.txt:MaxLevDam5; skills.txt:EMinLev1; skills.txt:EMinLev2; skills.txt:EMinLev3; skills.txt:EMinLev4; skills.txt:EMinLev5; skills.txt:EMaxLev1; skills.txt:EMaxLev2; skills.txt:EMaxLev3; skills.txt:EMaxLev4; skills.txt:EMaxLev5; skills.txt:HitShift; skills.txt:EType（空且有伤害 ⇒ phys）; skills.txt:passive; skills.txt:srvmissile（空 ⇒ cltmissile）; 按官方 EType/mana/lvlmana/reqlevel 拼装	client/Assets/StreamingAssets/Table/Skill.tsv:56	公式求值相等
4786	tbl:Skill(150 id)|id=56	skills.txt:charclass → 本项目职业编号（CLASS_ORDER）; SkillDesc.txt:SkillPage（经 skills.txt:skilldesc 关联）; skills.txt:skill; skills.txt:Id; skills.txt:reqlevel; skills.txt:maxlvl; skills.txt:reqskill1 → 本项目技能编号（0=无）; skills.txt:skpoints; skills.txt:mana; skills.txt:lvlmana; rnd((skills.txt:MinDam + EMin) × 2^HitShift ÷ 256); rnd((skills.txt:MaxDam + EMax) × 2^HitShift ÷ 256); skills.txt:MinDam; skills.txt:MaxDam; skills.txt:EMin; skills.txt:EMax; skills.txt:MinLevDam1; skills.txt:MinLevDam2; skills.txt:MinLevDam3; skills.txt:MinLevDam4; skills.txt:MinLevDam5; skills.txt:MaxLevDam1; skills.txt:MaxLevDam2; skills.txt:MaxLevDam3; skills.txt:MaxLevDam4; skills.txt:MaxLevDam5; skills.txt:EMinLev1; skills.txt:EMinLev2; skills.txt:EMinLev3; skills.txt:EMinLev4; skills.txt:EMinLev5; skills.txt:EMaxLev1; skills.txt:EMaxLev2; skills.txt:EMaxLev3; skills.txt:EMaxLev4; skills.txt:EMaxLev5; skills.txt:HitShift; skills.txt:EType（空且有伤害 ⇒ phys）; skills.txt:passive; skills.txt:srvmissile（空 ⇒ cltmissile）; 按官方 EType/mana/lvlmana/reqlevel 拼装	client/Assets/StreamingAssets/Table/Skill.tsv:57	公式求值相等
4787	tbl:Skill(150 id)|id=57	skills.txt:charclass → 本项目职业编号（CLASS_ORDER）; SkillDesc.txt:SkillPage（经 skills.txt:skilldesc 关联）; skills.txt:skill; skills.txt:Id; skills.txt:reqlevel; skills.txt:maxlvl; skills.txt:reqskill1 → 本项目技能编号（0=无）; skills.txt:skpoints; skills.txt:mana; skills.txt:lvlmana; rnd((skills.txt:MinDam + EMin) × 2^HitShift ÷ 256); rnd((skills.txt:MaxDam + EMax) × 2^HitShift ÷ 256); skills.txt:MinDam; skills.txt:MaxDam; skills.txt:EMin; skills.txt:EMax; skills.txt:MinLevDam1; skills.txt:MinLevDam2; skills.txt:MinLevDam3; skills.txt:MinLevDam4; skills.txt:MinLevDam5; skills.txt:MaxLevDam1; skills.txt:MaxLevDam2; skills.txt:MaxLevDam3; skills.txt:MaxLevDam4; skills.txt:MaxLevDam5; skills.txt:EMinLev1; skills.txt:EMinLev2; skills.txt:EMinLev3; skills.txt:EMinLev4; skills.txt:EMinLev5; skills.txt:EMaxLev1; skills.txt:EMaxLev2; skills.txt:EMaxLev3; skills.txt:EMaxLev4; skills.txt:EMaxLev5; skills.txt:HitShift; skills.txt:EType（空且有伤害 ⇒ phys）; skills.txt:passive; skills.txt:srvmissile（空 ⇒ cltmissile）; 按官方 EType/mana/lvlmana/reqlevel 拼装	client/Assets/StreamingAssets/Table/Skill.tsv:58	公式求值相等
4788	tbl:Skill(150 id)|id=58	skills.txt:charclass → 本项目职业编号（CLASS_ORDER）; SkillDesc.txt:SkillPage（经 skills.txt:skilldesc 关联）; skills.txt:skill; skills.txt:Id; skills.txt:reqlevel; skills.txt:maxlvl; skills.txt:reqskill1 → 本项目技能编号（0=无）; skills.txt:skpoints; skills.txt:mana; skills.txt:lvlmana; rnd((skills.txt:MinDam + EMin) × 2^HitShift ÷ 256); rnd((skills.txt:MaxDam + EMax) × 2^HitShift ÷ 256); skills.txt:MinDam; skills.txt:MaxDam; skills.txt:EMin; skills.txt:EMax; skills.txt:MinLevDam1; skills.txt:MinLevDam2; skills.txt:MinLevDam3; skills.txt:MinLevDam4; skills.txt:MinLevDam5; skills.txt:MaxLevDam1; skills.txt:MaxLevDam2; skills.txt:MaxLevDam3; skills.txt:MaxLevDam4; skills.txt:MaxLevDam5; skills.txt:EMinLev1; skills.txt:EMinLev2; skills.txt:EMinLev3; skills.txt:EMinLev4; skills.txt:EMinLev5; skills.txt:EMaxLev1; skills.txt:EMaxLev2; skills.txt:EMaxLev3; skills.txt:EMaxLev4; skills.txt:EMaxLev5; skills.txt:HitShift; skills.txt:EType（空且有伤害 ⇒ phys）; skills.txt:passive; skills.txt:srvmissile（空 ⇒ cltmissile）; 按官方 EType/mana/lvlmana/reqlevel 拼装	client/Assets/StreamingAssets/Table/Skill.tsv:59	公式求值相等
4789	tbl:Skill(150 id)|id=59	skills.txt:charclass → 本项目职业编号（CLASS_ORDER）; SkillDesc.txt:SkillPage（经 skills.txt:skilldesc 关联）; skills.txt:skill; skills.txt:Id; skills.txt:reqlevel; skills.txt:maxlvl; skills.txt:reqskill1 → 本项目技能编号（0=无）; skills.txt:skpoints; skills.txt:mana; skills.txt:lvlmana; rnd((skills.txt:MinDam + EMin) × 2^HitShift ÷ 256); rnd((skills.txt:MaxDam + EMax) × 2^HitShift ÷ 256); skills.txt:MinDam; skills.txt:MaxDam; skills.txt:EMin; skills.txt:EMax; skills.txt:MinLevDam1; skills.txt:MinLevDam2; skills.txt:MinLevDam3; skills.txt:MinLevDam4; skills.txt:MinLevDam5; skills.txt:MaxLevDam1; skills.txt:MaxLevDam2; skills.txt:MaxLevDam3; skills.txt:MaxLevDam4; skills.txt:MaxLevDam5; skills.txt:EMinLev1; skills.txt:EMinLev2; skills.txt:EMinLev3; skills.txt:EMinLev4; skills.txt:EMinLev5; skills.txt:EMaxLev1; skills.txt:EMaxLev2; skills.txt:EMaxLev3; skills.txt:EMaxLev4; skills.txt:EMaxLev5; skills.txt:HitShift; skills.txt:EType（空且有伤害 ⇒ phys）; skills.txt:passive; skills.txt:srvmissile（空 ⇒ cltmissile）; 按官方 EType/mana/lvlmana/reqlevel 拼装	client/Assets/StreamingAssets/Table/Skill.tsv:60	公式求值相等
4790	tbl:Skill(150 id)|id=60	skills.txt:charclass → 本项目职业编号（CLASS_ORDER）; SkillDesc.txt:SkillPage（经 skills.txt:skilldesc 关联）; skills.txt:skill; skills.txt:Id; skills.txt:reqlevel; skills.txt:maxlvl; skills.txt:reqskill1 → 本项目技能编号（0=无）; skills.txt:skpoints; skills.txt:mana; skills.txt:lvlmana; rnd((skills.txt:MinDam + EMin) × 2^HitShift ÷ 256); rnd((skills.txt:MaxDam + EMax) × 2^HitShift ÷ 256); skills.txt:MinDam; skills.txt:MaxDam; skills.txt:EMin; skills.txt:EMax; skills.txt:MinLevDam1; skills.txt:MinLevDam2; skills.txt:MinLevDam3; skills.txt:MinLevDam4; skills.txt:MinLevDam5; skills.txt:MaxLevDam1; skills.txt:MaxLevDam2; skills.txt:MaxLevDam3; skills.txt:MaxLevDam4; skills.txt:MaxLevDam5; skills.txt:EMinLev1; skills.txt:EMinLev2; skills.txt:EMinLev3; skills.txt:EMinLev4; skills.txt:EMinLev5; skills.txt:EMaxLev1; skills.txt:EMaxLev2; skills.txt:EMaxLev3; skills.txt:EMaxLev4; skills.txt:EMaxLev5; skills.txt:HitShift; skills.txt:EType（空且有伤害 ⇒ phys）; skills.txt:passive; skills.txt:srvmissile（空 ⇒ cltmissile）; 按官方 EType/mana/lvlmana/reqlevel 拼装	client/Assets/StreamingAssets/Table/Skill.tsv:61	公式求值相等
4791	tbl:Skill(150 id)|id=61	skills.txt:charclass → 本项目职业编号（CLASS_ORDER）; SkillDesc.txt:SkillPage（经 skills.txt:skilldesc 关联）; skills.txt:skill; skills.txt:Id; skills.txt:reqlevel; skills.txt:maxlvl; skills.txt:reqskill1 → 本项目技能编号（0=无）; skills.txt:skpoints; skills.txt:mana; skills.txt:lvlmana; rnd((skills.txt:MinDam + EMin) × 2^HitShift ÷ 256); rnd((skills.txt:MaxDam + EMax) × 2^HitShift ÷ 256); skills.txt:MinDam; skills.txt:MaxDam; skills.txt:EMin; skills.txt:EMax; skills.txt:MinLevDam1; skills.txt:MinLevDam2; skills.txt:MinLevDam3; skills.txt:MinLevDam4; skills.txt:MinLevDam5; skills.txt:MaxLevDam1; skills.txt:MaxLevDam2; skills.txt:MaxLevDam3; skills.txt:MaxLevDam4; skills.txt:MaxLevDam5; skills.txt:EMinLev1; skills.txt:EMinLev2; skills.txt:EMinLev3; skills.txt:EMinLev4; skills.txt:EMinLev5; skills.txt:EMaxLev1; skills.txt:EMaxLev2; skills.txt:EMaxLev3; skills.txt:EMaxLev4; skills.txt:EMaxLev5; skills.txt:HitShift; skills.txt:EType（空且有伤害 ⇒ phys）; skills.txt:passive; skills.txt:srvmissile（空 ⇒ cltmissile）; 按官方 EType/mana/lvlmana/reqlevel 拼装	client/Assets/StreamingAssets/Table/Skill.tsv:62	公式求值相等
4792	tbl:Skill(150 id)|id=62	skills.txt:charclass → 本项目职业编号（CLASS_ORDER）; SkillDesc.txt:SkillPage（经 skills.txt:skilldesc 关联）; skills.txt:skill; skills.txt:Id; skills.txt:reqlevel; skills.txt:maxlvl; skills.txt:reqskill1 → 本项目技能编号（0=无）; skills.txt:skpoints; skills.txt:mana; skills.txt:lvlmana; rnd((skills.txt:MinDam + EMin) × 2^HitShift ÷ 256); rnd((skills.txt:MaxDam + EMax) × 2^HitShift ÷ 256); skills.txt:MinDam; skills.txt:MaxDam; skills.txt:EMin; skills.txt:EMax; skills.txt:MinLevDam1; skills.txt:MinLevDam2; skills.txt:MinLevDam3; skills.txt:MinLevDam4; skills.txt:MinLevDam5; skills.txt:MaxLevDam1; skills.txt:MaxLevDam2; skills.txt:MaxLevDam3; skills.txt:MaxLevDam4; skills.txt:MaxLevDam5; skills.txt:EMinLev1; skills.txt:EMinLev2; skills.txt:EMinLev3; skills.txt:EMinLev4; skills.txt:EMinLev5; skills.txt:EMaxLev1; skills.txt:EMaxLev2; skills.txt:EMaxLev3; skills.txt:EMaxLev4; skills.txt:EMaxLev5; skills.txt:HitShift; skills.txt:EType（空且有伤害 ⇒ phys）; skills.txt:passive; skills.txt:srvmissile（空 ⇒ cltmissile）; 按官方 EType/mana/lvlmana/reqlevel 拼装	client/Assets/StreamingAssets/Table/Skill.tsv:63	公式求值相等
4793	tbl:Skill(150 id)|id=63	skills.txt:charclass → 本项目职业编号（CLASS_ORDER）; SkillDesc.txt:SkillPage（经 skills.txt:skilldesc 关联）; skills.txt:skill; skills.txt:Id; skills.txt:reqlevel; skills.txt:maxlvl; skills.txt:reqskill1 → 本项目技能编号（0=无）; skills.txt:skpoints; skills.txt:mana; skills.txt:lvlmana; rnd((skills.txt:MinDam + EMin) × 2^HitShift ÷ 256); rnd((skills.txt:MaxDam + EMax) × 2^HitShift ÷ 256); skills.txt:MinDam; skills.txt:MaxDam; skills.txt:EMin; skills.txt:EMax; skills.txt:MinLevDam1; skills.txt:MinLevDam2; skills.txt:MinLevDam3; skills.txt:MinLevDam4; skills.txt:MinLevDam5; skills.txt:MaxLevDam1; skills.txt:MaxLevDam2; skills.txt:MaxLevDam3; skills.txt:MaxLevDam4; skills.txt:MaxLevDam5; skills.txt:EMinLev1; skills.txt:EMinLev2; skills.txt:EMinLev3; skills.txt:EMinLev4; skills.txt:EMinLev5; skills.txt:EMaxLev1; skills.txt:EMaxLev2; skills.txt:EMaxLev3; skills.txt:EMaxLev4; skills.txt:EMaxLev5; skills.txt:HitShift; skills.txt:EType（空且有伤害 ⇒ phys）; skills.txt:passive; skills.txt:srvmissile（空 ⇒ cltmissile）; 按官方 EType/mana/lvlmana/reqlevel 拼装	client/Assets/StreamingAssets/Table/Skill.tsv:64	公式求值相等
4794	tbl:Skill(150 id)|id=64	skills.txt:charclass → 本项目职业编号（CLASS_ORDER）; SkillDesc.txt:SkillPage（经 skills.txt:skilldesc 关联）; skills.txt:skill; skills.txt:Id; skills.txt:reqlevel; skills.txt:maxlvl; skills.txt:reqskill1 → 本项目技能编号（0=无）; skills.txt:skpoints; skills.txt:mana; skills.txt:lvlmana; rnd((skills.txt:MinDam + EMin) × 2^HitShift ÷ 256); rnd((skills.txt:MaxDam + EMax) × 2^HitShift ÷ 256); skills.txt:MinDam; skills.txt:MaxDam; skills.txt:EMin; skills.txt:EMax; skills.txt:MinLevDam1; skills.txt:MinLevDam2; skills.txt:MinLevDam3; skills.txt:MinLevDam4; skills.txt:MinLevDam5; skills.txt:MaxLevDam1; skills.txt:MaxLevDam2; skills.txt:MaxLevDam3; skills.txt:MaxLevDam4; skills.txt:MaxLevDam5; skills.txt:EMinLev1; skills.txt:EMinLev2; skills.txt:EMinLev3; skills.txt:EMinLev4; skills.txt:EMinLev5; skills.txt:EMaxLev1; skills.txt:EMaxLev2; skills.txt:EMaxLev3; skills.txt:EMaxLev4; skills.txt:EMaxLev5; skills.txt:HitShift; skills.txt:EType（空且有伤害 ⇒ phys）; skills.txt:passive; skills.txt:srvmissile（空 ⇒ cltmissile）; 按官方 EType/mana/lvlmana/reqlevel 拼装	client/Assets/StreamingAssets/Table/Skill.tsv:65	公式求值相等
4795	tbl:Skill(150 id)|id=65	skills.txt:charclass → 本项目职业编号（CLASS_ORDER）; SkillDesc.txt:SkillPage（经 skills.txt:skilldesc 关联）; skills.txt:skill; skills.txt:Id; skills.txt:reqlevel; skills.txt:maxlvl; skills.txt:reqskill1 → 本项目技能编号（0=无）; skills.txt:skpoints; skills.txt:mana; skills.txt:lvlmana; rnd((skills.txt:MinDam + EMin) × 2^HitShift ÷ 256); rnd((skills.txt:MaxDam + EMax) × 2^HitShift ÷ 256); skills.txt:MinDam; skills.txt:MaxDam; skills.txt:EMin; skills.txt:EMax; skills.txt:MinLevDam1; skills.txt:MinLevDam2; skills.txt:MinLevDam3; skills.txt:MinLevDam4; skills.txt:MinLevDam5; skills.txt:MaxLevDam1; skills.txt:MaxLevDam2; skills.txt:MaxLevDam3; skills.txt:MaxLevDam4; skills.txt:MaxLevDam5; skills.txt:EMinLev1; skills.txt:EMinLev2; skills.txt:EMinLev3; skills.txt:EMinLev4; skills.txt:EMinLev5; skills.txt:EMaxLev1; skills.txt:EMaxLev2; skills.txt:EMaxLev3; skills.txt:EMaxLev4; skills.txt:EMaxLev5; skills.txt:HitShift; skills.txt:EType（空且有伤害 ⇒ phys）; skills.txt:passive; skills.txt:srvmissile（空 ⇒ cltmissile）; 按官方 EType/mana/lvlmana/reqlevel 拼装	client/Assets/StreamingAssets/Table/Skill.tsv:66	公式求值相等
4796	tbl:Skill(150 id)|id=66	skills.txt:charclass → 本项目职业编号（CLASS_ORDER）; SkillDesc.txt:SkillPage（经 skills.txt:skilldesc 关联）; skills.txt:skill; skills.txt:Id; skills.txt:reqlevel; skills.txt:maxlvl; skills.txt:reqskill1 → 本项目技能编号（0=无）; skills.txt:skpoints; skills.txt:mana; skills.txt:lvlmana; rnd((skills.txt:MinDam + EMin) × 2^HitShift ÷ 256); rnd((skills.txt:MaxDam + EMax) × 2^HitShift ÷ 256); skills.txt:MinDam; skills.txt:MaxDam; skills.txt:EMin; skills.txt:EMax; skills.txt:MinLevDam1; skills.txt:MinLevDam2; skills.txt:MinLevDam3; skills.txt:MinLevDam4; skills.txt:MinLevDam5; skills.txt:MaxLevDam1; skills.txt:MaxLevDam2; skills.txt:MaxLevDam3; skills.txt:MaxLevDam4; skills.txt:MaxLevDam5; skills.txt:EMinLev1; skills.txt:EMinLev2; skills.txt:EMinLev3; skills.txt:EMinLev4; skills.txt:EMinLev5; skills.txt:EMaxLev1; skills.txt:EMaxLev2; skills.txt:EMaxLev3; skills.txt:EMaxLev4; skills.txt:EMaxLev5; skills.txt:HitShift; skills.txt:EType（空且有伤害 ⇒ phys）; skills.txt:passive; skills.txt:srvmissile（空 ⇒ cltmissile）; 按官方 EType/mana/lvlmana/reqlevel 拼装	client/Assets/StreamingAssets/Table/Skill.tsv:67	公式求值相等
4797	tbl:Skill(150 id)|id=67	skills.txt:charclass → 本项目职业编号（CLASS_ORDER）; SkillDesc.txt:SkillPage（经 skills.txt:skilldesc 关联）; skills.txt:skill; skills.txt:Id; skills.txt:reqlevel; skills.txt:maxlvl; skills.txt:reqskill1 → 本项目技能编号（0=无）; skills.txt:skpoints; skills.txt:mana; skills.txt:lvlmana; rnd((skills.txt:MinDam + EMin) × 2^HitShift ÷ 256); rnd((skills.txt:MaxDam + EMax) × 2^HitShift ÷ 256); skills.txt:MinDam; skills.txt:MaxDam; skills.txt:EMin; skills.txt:EMax; skills.txt:MinLevDam1; skills.txt:MinLevDam2; skills.txt:MinLevDam3; skills.txt:MinLevDam4; skills.txt:MinLevDam5; skills.txt:MaxLevDam1; skills.txt:MaxLevDam2; skills.txt:MaxLevDam3; skills.txt:MaxLevDam4; skills.txt:MaxLevDam5; skills.txt:EMinLev1; skills.txt:EMinLev2; skills.txt:EMinLev3; skills.txt:EMinLev4; skills.txt:EMinLev5; skills.txt:EMaxLev1; skills.txt:EMaxLev2; skills.txt:EMaxLev3; skills.txt:EMaxLev4; skills.txt:EMaxLev5; skills.txt:HitShift; skills.txt:EType（空且有伤害 ⇒ phys）; skills.txt:passive; skills.txt:srvmissile（空 ⇒ cltmissile）; 按官方 EType/mana/lvlmana/reqlevel 拼装	client/Assets/StreamingAssets/Table/Skill.tsv:68	公式求值相等
4798	tbl:Skill(150 id)|id=68	skills.txt:charclass → 本项目职业编号（CLASS_ORDER）; SkillDesc.txt:SkillPage（经 skills.txt:skilldesc 关联）; skills.txt:skill; skills.txt:Id; skills.txt:reqlevel; skills.txt:maxlvl; skills.txt:reqskill1 → 本项目技能编号（0=无）; skills.txt:skpoints; skills.txt:mana; skills.txt:lvlmana; rnd((skills.txt:MinDam + EMin) × 2^HitShift ÷ 256); rnd((skills.txt:MaxDam + EMax) × 2^HitShift ÷ 256); skills.txt:MinDam; skills.txt:MaxDam; skills.txt:EMin; skills.txt:EMax; skills.txt:MinLevDam1; skills.txt:MinLevDam2; skills.txt:MinLevDam3; skills.txt:MinLevDam4; skills.txt:MinLevDam5; skills.txt:MaxLevDam1; skills.txt:MaxLevDam2; skills.txt:MaxLevDam3; skills.txt:MaxLevDam4; skills.txt:MaxLevDam5; skills.txt:EMinLev1; skills.txt:EMinLev2; skills.txt:EMinLev3; skills.txt:EMinLev4; skills.txt:EMinLev5; skills.txt:EMaxLev1; skills.txt:EMaxLev2; skills.txt:EMaxLev3; skills.txt:EMaxLev4; skills.txt:EMaxLev5; skills.txt:HitShift; skills.txt:EType（空且有伤害 ⇒ phys）; skills.txt:passive; skills.txt:srvmissile（空 ⇒ cltmissile）; 按官方 EType/mana/lvlmana/reqlevel 拼装	client/Assets/StreamingAssets/Table/Skill.tsv:69	公式求值相等
4799	tbl:Skill(150 id)|id=69	skills.txt:charclass → 本项目职业编号（CLASS_ORDER）; SkillDesc.txt:SkillPage（经 skills.txt:skilldesc 关联）; skills.txt:skill; skills.txt:Id; skills.txt:reqlevel; skills.txt:maxlvl; skills.txt:reqskill1 → 本项目技能编号（0=无）; skills.txt:skpoints; skills.txt:mana; skills.txt:lvlmana; rnd((skills.txt:MinDam + EMin) × 2^HitShift ÷ 256); rnd((skills.txt:MaxDam + EMax) × 2^HitShift ÷ 256); skills.txt:MinDam; skills.txt:MaxDam; skills.txt:EMin; skills.txt:EMax; skills.txt:MinLevDam1; skills.txt:MinLevDam2; skills.txt:MinLevDam3; skills.txt:MinLevDam4; skills.txt:MinLevDam5; skills.txt:MaxLevDam1; skills.txt:MaxLevDam2; skills.txt:MaxLevDam3; skills.txt:MaxLevDam4; skills.txt:MaxLevDam5; skills.txt:EMinLev1; skills.txt:EMinLev2; skills.txt:EMinLev3; skills.txt:EMinLev4; skills.txt:EMinLev5; skills.txt:EMaxLev1; skills.txt:EMaxLev2; skills.txt:EMaxLev3; skills.txt:EMaxLev4; skills.txt:EMaxLev5; skills.txt:HitShift; skills.txt:EType（空且有伤害 ⇒ phys）; skills.txt:passive; skills.txt:srvmissile（空 ⇒ cltmissile）; 按官方 EType/mana/lvlmana/reqlevel 拼装	client/Assets/StreamingAssets/Table/Skill.tsv:70	公式求值相等
4800	tbl:Skill(150 id)|id=70	skills.txt:charclass → 本项目职业编号（CLASS_ORDER）; SkillDesc.txt:SkillPage（经 skills.txt:skilldesc 关联）; skills.txt:skill; skills.txt:Id; skills.txt:reqlevel; skills.txt:maxlvl; skills.txt:reqskill1 → 本项目技能编号（0=无）; skills.txt:skpoints; skills.txt:mana; skills.txt:lvlmana; rnd((skills.txt:MinDam + EMin) × 2^HitShift ÷ 256); rnd((skills.txt:MaxDam + EMax) × 2^HitShift ÷ 256); skills.txt:MinDam; skills.txt:MaxDam; skills.txt:EMin; skills.txt:EMax; skills.txt:MinLevDam1; skills.txt:MinLevDam2; skills.txt:MinLevDam3; skills.txt:MinLevDam4; skills.txt:MinLevDam5; skills.txt:MaxLevDam1; skills.txt:MaxLevDam2; skills.txt:MaxLevDam3; skills.txt:MaxLevDam4; skills.txt:MaxLevDam5; skills.txt:EMinLev1; skills.txt:EMinLev2; skills.txt:EMinLev3; skills.txt:EMinLev4; skills.txt:EMinLev5; skills.txt:EMaxLev1; skills.txt:EMaxLev2; skills.txt:EMaxLev3; skills.txt:EMaxLev4; skills.txt:EMaxLev5; skills.txt:HitShift; skills.txt:EType（空且有伤害 ⇒ phys）; skills.txt:passive; skills.txt:srvmissile（空 ⇒ cltmissile）; 按官方 EType/mana/lvlmana/reqlevel 拼装	client/Assets/StreamingAssets/Table/Skill.tsv:71	公式求值相等
4801	tbl:Skill(150 id)|id=71	skills.txt:charclass → 本项目职业编号（CLASS_ORDER）; SkillDesc.txt:SkillPage（经 skills.txt:skilldesc 关联）; skills.txt:skill; skills.txt:Id; skills.txt:reqlevel; skills.txt:maxlvl; skills.txt:reqskill1 → 本项目技能编号（0=无）; skills.txt:skpoints; skills.txt:mana; skills.txt:lvlmana; rnd((skills.txt:MinDam + EMin) × 2^HitShift ÷ 256); rnd((skills.txt:MaxDam + EMax) × 2^HitShift ÷ 256); skills.txt:MinDam; skills.txt:MaxDam; skills.txt:EMin; skills.txt:EMax; skills.txt:MinLevDam1; skills.txt:MinLevDam2; skills.txt:MinLevDam3; skills.txt:MinLevDam4; skills.txt:MinLevDam5; skills.txt:MaxLevDam1; skills.txt:MaxLevDam2; skills.txt:MaxLevDam3; skills.txt:MaxLevDam4; skills.txt:MaxLevDam5; skills.txt:EMinLev1; skills.txt:EMinLev2; skills.txt:EMinLev3; skills.txt:EMinLev4; skills.txt:EMinLev5; skills.txt:EMaxLev1; skills.txt:EMaxLev2; skills.txt:EMaxLev3; skills.txt:EMaxLev4; skills.txt:EMaxLev5; skills.txt:HitShift; skills.txt:EType（空且有伤害 ⇒ phys）; skills.txt:passive; skills.txt:srvmissile（空 ⇒ cltmissile）; 按官方 EType/mana/lvlmana/reqlevel 拼装	client/Assets/StreamingAssets/Table/Skill.tsv:72	公式求值相等
4802	tbl:Skill(150 id)|id=72	skills.txt:charclass → 本项目职业编号（CLASS_ORDER）; SkillDesc.txt:SkillPage（经 skills.txt:skilldesc 关联）; skills.txt:skill; skills.txt:Id; skills.txt:reqlevel; skills.txt:maxlvl; skills.txt:reqskill1 → 本项目技能编号（0=无）; skills.txt:skpoints; skills.txt:mana; skills.txt:lvlmana; rnd((skills.txt:MinDam + EMin) × 2^HitShift ÷ 256); rnd((skills.txt:MaxDam + EMax) × 2^HitShift ÷ 256); skills.txt:MinDam; skills.txt:MaxDam; skills.txt:EMin; skills.txt:EMax; skills.txt:MinLevDam1; skills.txt:MinLevDam2; skills.txt:MinLevDam3; skills.txt:MinLevDam4; skills.txt:MinLevDam5; skills.txt:MaxLevDam1; skills.txt:MaxLevDam2; skills.txt:MaxLevDam3; skills.txt:MaxLevDam4; skills.txt:MaxLevDam5; skills.txt:EMinLev1; skills.txt:EMinLev2; skills.txt:EMinLev3; skills.txt:EMinLev4; skills.txt:EMinLev5; skills.txt:EMaxLev1; skills.txt:EMaxLev2; skills.txt:EMaxLev3; skills.txt:EMaxLev4; skills.txt:EMaxLev5; skills.txt:HitShift; skills.txt:EType（空且有伤害 ⇒ phys）; skills.txt:passive; skills.txt:srvmissile（空 ⇒ cltmissile）; 按官方 EType/mana/lvlmana/reqlevel 拼装	client/Assets/StreamingAssets/Table/Skill.tsv:73	公式求值相等
4803	tbl:Skill(150 id)|id=73	skills.txt:charclass → 本项目职业编号（CLASS_ORDER）; SkillDesc.txt:SkillPage（经 skills.txt:skilldesc 关联）; skills.txt:skill; skills.txt:Id; skills.txt:reqlevel; skills.txt:maxlvl; skills.txt:reqskill1 → 本项目技能编号（0=无）; skills.txt:skpoints; skills.txt:mana; skills.txt:lvlmana; rnd((skills.txt:MinDam + EMin) × 2^HitShift ÷ 256); rnd((skills.txt:MaxDam + EMax) × 2^HitShift ÷ 256); skills.txt:MinDam; skills.txt:MaxDam; skills.txt:EMin; skills.txt:EMax; skills.txt:MinLevDam1; skills.txt:MinLevDam2; skills.txt:MinLevDam3; skills.txt:MinLevDam4; skills.txt:MinLevDam5; skills.txt:MaxLevDam1; skills.txt:MaxLevDam2; skills.txt:MaxLevDam3; skills.txt:MaxLevDam4; skills.txt:MaxLevDam5; skills.txt:EMinLev1; skills.txt:EMinLev2; skills.txt:EMinLev3; skills.txt:EMinLev4; skills.txt:EMinLev5; skills.txt:EMaxLev1; skills.txt:EMaxLev2; skills.txt:EMaxLev3; skills.txt:EMaxLev4; skills.txt:EMaxLev5; skills.txt:HitShift; skills.txt:EType（空且有伤害 ⇒ phys）; skills.txt:passive; skills.txt:srvmissile（空 ⇒ cltmissile）; 按官方 EType/mana/lvlmana/reqlevel 拼装	client/Assets/StreamingAssets/Table/Skill.tsv:74	公式求值相等
4804	tbl:Skill(150 id)|id=74	skills.txt:charclass → 本项目职业编号（CLASS_ORDER）; SkillDesc.txt:SkillPage（经 skills.txt:skilldesc 关联）; skills.txt:skill; skills.txt:Id; skills.txt:reqlevel; skills.txt:maxlvl; skills.txt:reqskill1 → 本项目技能编号（0=无）; skills.txt:skpoints; skills.txt:mana; skills.txt:lvlmana; rnd((skills.txt:MinDam + EMin) × 2^HitShift ÷ 256); rnd((skills.txt:MaxDam + EMax) × 2^HitShift ÷ 256); skills.txt:MinDam; skills.txt:MaxDam; skills.txt:EMin; skills.txt:EMax; skills.txt:MinLevDam1; skills.txt:MinLevDam2; skills.txt:MinLevDam3; skills.txt:MinLevDam4; skills.txt:MinLevDam5; skills.txt:MaxLevDam1; skills.txt:MaxLevDam2; skills.txt:MaxLevDam3; skills.txt:MaxLevDam4; skills.txt:MaxLevDam5; skills.txt:EMinLev1; skills.txt:EMinLev2; skills.txt:EMinLev3; skills.txt:EMinLev4; skills.txt:EMinLev5; skills.txt:EMaxLev1; skills.txt:EMaxLev2; skills.txt:EMaxLev3; skills.txt:EMaxLev4; skills.txt:EMaxLev5; skills.txt:HitShift; skills.txt:EType（空且有伤害 ⇒ phys）; skills.txt:passive; skills.txt:srvmissile（空 ⇒ cltmissile）; 按官方 EType/mana/lvlmana/reqlevel 拼装	client/Assets/StreamingAssets/Table/Skill.tsv:75	公式求值相等
4805	tbl:Skill(150 id)|id=75	skills.txt:charclass → 本项目职业编号（CLASS_ORDER）; SkillDesc.txt:SkillPage（经 skills.txt:skilldesc 关联）; skills.txt:skill; skills.txt:Id; skills.txt:reqlevel; skills.txt:maxlvl; skills.txt:reqskill1 → 本项目技能编号（0=无）; skills.txt:skpoints; skills.txt:mana; skills.txt:lvlmana; rnd((skills.txt:MinDam + EMin) × 2^HitShift ÷ 256); rnd((skills.txt:MaxDam + EMax) × 2^HitShift ÷ 256); skills.txt:MinDam; skills.txt:MaxDam; skills.txt:EMin; skills.txt:EMax; skills.txt:MinLevDam1; skills.txt:MinLevDam2; skills.txt:MinLevDam3; skills.txt:MinLevDam4; skills.txt:MinLevDam5; skills.txt:MaxLevDam1; skills.txt:MaxLevDam2; skills.txt:MaxLevDam3; skills.txt:MaxLevDam4; skills.txt:MaxLevDam5; skills.txt:EMinLev1; skills.txt:EMinLev2; skills.txt:EMinLev3; skills.txt:EMinLev4; skills.txt:EMinLev5; skills.txt:EMaxLev1; skills.txt:EMaxLev2; skills.txt:EMaxLev3; skills.txt:EMaxLev4; skills.txt:EMaxLev5; skills.txt:HitShift; skills.txt:EType（空且有伤害 ⇒ phys）; skills.txt:passive; skills.txt:srvmissile（空 ⇒ cltmissile）; 按官方 EType/mana/lvlmana/reqlevel 拼装	client/Assets/StreamingAssets/Table/Skill.tsv:76	公式求值相等
4806	tbl:Skill(150 id)|id=76	skills.txt:charclass → 本项目职业编号（CLASS_ORDER）; SkillDesc.txt:SkillPage（经 skills.txt:skilldesc 关联）; skills.txt:skill; skills.txt:Id; skills.txt:reqlevel; skills.txt:maxlvl; skills.txt:reqskill1 → 本项目技能编号（0=无）; skills.txt:skpoints; skills.txt:mana; skills.txt:lvlmana; rnd((skills.txt:MinDam + EMin) × 2^HitShift ÷ 256); rnd((skills.txt:MaxDam + EMax) × 2^HitShift ÷ 256); skills.txt:MinDam; skills.txt:MaxDam; skills.txt:EMin; skills.txt:EMax; skills.txt:MinLevDam1; skills.txt:MinLevDam2; skills.txt:MinLevDam3; skills.txt:MinLevDam4; skills.txt:MinLevDam5; skills.txt:MaxLevDam1; skills.txt:MaxLevDam2; skills.txt:MaxLevDam3; skills.txt:MaxLevDam4; skills.txt:MaxLevDam5; skills.txt:EMinLev1; skills.txt:EMinLev2; skills.txt:EMinLev3; skills.txt:EMinLev4; skills.txt:EMinLev5; skills.txt:EMaxLev1; skills.txt:EMaxLev2; skills.txt:EMaxLev3; skills.txt:EMaxLev4; skills.txt:EMaxLev5; skills.txt:HitShift; skills.txt:EType（空且有伤害 ⇒ phys）; skills.txt:passive; skills.txt:srvmissile（空 ⇒ cltmissile）; 按官方 EType/mana/lvlmana/reqlevel 拼装	client/Assets/StreamingAssets/Table/Skill.tsv:77	公式求值相等
4807	tbl:Skill(150 id)|id=77	skills.txt:charclass → 本项目职业编号（CLASS_ORDER）; SkillDesc.txt:SkillPage（经 skills.txt:skilldesc 关联）; skills.txt:skill; skills.txt:Id; skills.txt:reqlevel; skills.txt:maxlvl; skills.txt:reqskill1 → 本项目技能编号（0=无）; skills.txt:skpoints; skills.txt:mana; skills.txt:lvlmana; rnd((skills.txt:MinDam + EMin) × 2^HitShift ÷ 256); rnd((skills.txt:MaxDam + EMax) × 2^HitShift ÷ 256); skills.txt:MinDam; skills.txt:MaxDam; skills.txt:EMin; skills.txt:EMax; skills.txt:MinLevDam1; skills.txt:MinLevDam2; skills.txt:MinLevDam3; skills.txt:MinLevDam4; skills.txt:MinLevDam5; skills.txt:MaxLevDam1; skills.txt:MaxLevDam2; skills.txt:MaxLevDam3; skills.txt:MaxLevDam4; skills.txt:MaxLevDam5; skills.txt:EMinLev1; skills.txt:EMinLev2; skills.txt:EMinLev3; skills.txt:EMinLev4; skills.txt:EMinLev5; skills.txt:EMaxLev1; skills.txt:EMaxLev2; skills.txt:EMaxLev3; skills.txt:EMaxLev4; skills.txt:EMaxLev5; skills.txt:HitShift; skills.txt:EType（空且有伤害 ⇒ phys）; skills.txt:passive; skills.txt:srvmissile（空 ⇒ cltmissile）; 按官方 EType/mana/lvlmana/reqlevel 拼装	client/Assets/StreamingAssets/Table/Skill.tsv:78	公式求值相等
4808	tbl:Skill(150 id)|id=78	skills.txt:charclass → 本项目职业编号（CLASS_ORDER）; SkillDesc.txt:SkillPage（经 skills.txt:skilldesc 关联）; skills.txt:skill; skills.txt:Id; skills.txt:reqlevel; skills.txt:maxlvl; skills.txt:reqskill1 → 本项目技能编号（0=无）; skills.txt:skpoints; skills.txt:mana; skills.txt:lvlmana; rnd((skills.txt:MinDam + EMin) × 2^HitShift ÷ 256); rnd((skills.txt:MaxDam + EMax) × 2^HitShift ÷ 256); skills.txt:MinDam; skills.txt:MaxDam; skills.txt:EMin; skills.txt:EMax; skills.txt:MinLevDam1; skills.txt:MinLevDam2; skills.txt:MinLevDam3; skills.txt:MinLevDam4; skills.txt:MinLevDam5; skills.txt:MaxLevDam1; skills.txt:MaxLevDam2; skills.txt:MaxLevDam3; skills.txt:MaxLevDam4; skills.txt:MaxLevDam5; skills.txt:EMinLev1; skills.txt:EMinLev2; skills.txt:EMinLev3; skills.txt:EMinLev4; skills.txt:EMinLev5; skills.txt:EMaxLev1; skills.txt:EMaxLev2; skills.txt:EMaxLev3; skills.txt:EMaxLev4; skills.txt:EMaxLev5; skills.txt:HitShift; skills.txt:EType（空且有伤害 ⇒ phys）; skills.txt:passive; skills.txt:srvmissile（空 ⇒ cltmissile）; 按官方 EType/mana/lvlmana/reqlevel 拼装	client/Assets/StreamingAssets/Table/Skill.tsv:79	公式求值相等
4809	tbl:Skill(150 id)|id=79	skills.txt:charclass → 本项目职业编号（CLASS_ORDER）; SkillDesc.txt:SkillPage（经 skills.txt:skilldesc 关联）; skills.txt:skill; skills.txt:Id; skills.txt:reqlevel; skills.txt:maxlvl; skills.txt:reqskill1 → 本项目技能编号（0=无）; skills.txt:skpoints; skills.txt:mana; skills.txt:lvlmana; rnd((skills.txt:MinDam + EMin) × 2^HitShift ÷ 256); rnd((skills.txt:MaxDam + EMax) × 2^HitShift ÷ 256); skills.txt:MinDam; skills.txt:MaxDam; skills.txt:EMin; skills.txt:EMax; skills.txt:MinLevDam1; skills.txt:MinLevDam2; skills.txt:MinLevDam3; skills.txt:MinLevDam4; skills.txt:MinLevDam5; skills.txt:MaxLevDam1; skills.txt:MaxLevDam2; skills.txt:MaxLevDam3; skills.txt:MaxLevDam4; skills.txt:MaxLevDam5; skills.txt:EMinLev1; skills.txt:EMinLev2; skills.txt:EMinLev3; skills.txt:EMinLev4; skills.txt:EMinLev5; skills.txt:EMaxLev1; skills.txt:EMaxLev2; skills.txt:EMaxLev3; skills.txt:EMaxLev4; skills.txt:EMaxLev5; skills.txt:HitShift; skills.txt:EType（空且有伤害 ⇒ phys）; skills.txt:passive; skills.txt:srvmissile（空 ⇒ cltmissile）; 按官方 EType/mana/lvlmana/reqlevel 拼装	client/Assets/StreamingAssets/Table/Skill.tsv:80	公式求值相等
4810	tbl:Skill(150 id)|id=80	skills.txt:charclass → 本项目职业编号（CLASS_ORDER）; SkillDesc.txt:SkillPage（经 skills.txt:skilldesc 关联）; skills.txt:skill; skills.txt:Id; skills.txt:reqlevel; skills.txt:maxlvl; skills.txt:reqskill1 → 本项目技能编号（0=无）; skills.txt:skpoints; skills.txt:mana; skills.txt:lvlmana; rnd((skills.txt:MinDam + EMin) × 2^HitShift ÷ 256); rnd((skills.txt:MaxDam + EMax) × 2^HitShift ÷ 256); skills.txt:MinDam; skills.txt:MaxDam; skills.txt:EMin; skills.txt:EMax; skills.txt:MinLevDam1; skills.txt:MinLevDam2; skills.txt:MinLevDam3; skills.txt:MinLevDam4; skills.txt:MinLevDam5; skills.txt:MaxLevDam1; skills.txt:MaxLevDam2; skills.txt:MaxLevDam3; skills.txt:MaxLevDam4; skills.txt:MaxLevDam5; skills.txt:EMinLev1; skills.txt:EMinLev2; skills.txt:EMinLev3; skills.txt:EMinLev4; skills.txt:EMinLev5; skills.txt:EMaxLev1; skills.txt:EMaxLev2; skills.txt:EMaxLev3; skills.txt:EMaxLev4; skills.txt:EMaxLev5; skills.txt:HitShift; skills.txt:EType（空且有伤害 ⇒ phys）; skills.txt:passive; skills.txt:srvmissile（空 ⇒ cltmissile）; 按官方 EType/mana/lvlmana/reqlevel 拼装	client/Assets/StreamingAssets/Table/Skill.tsv:81	公式求值相等
4811	tbl:Skill(150 id)|id=81	skills.txt:charclass → 本项目职业编号（CLASS_ORDER）; SkillDesc.txt:SkillPage（经 skills.txt:skilldesc 关联）; skills.txt:skill; skills.txt:Id; skills.txt:reqlevel; skills.txt:maxlvl; skills.txt:reqskill1 → 本项目技能编号（0=无）; skills.txt:skpoints; skills.txt:mana; skills.txt:lvlmana; rnd((skills.txt:MinDam + EMin) × 2^HitShift ÷ 256); rnd((skills.txt:MaxDam + EMax) × 2^HitShift ÷ 256); skills.txt:MinDam; skills.txt:MaxDam; skills.txt:EMin; skills.txt:EMax; skills.txt:MinLevDam1; skills.txt:MinLevDam2; skills.txt:MinLevDam3; skills.txt:MinLevDam4; skills.txt:MinLevDam5; skills.txt:MaxLevDam1; skills.txt:MaxLevDam2; skills.txt:MaxLevDam3; skills.txt:MaxLevDam4; skills.txt:MaxLevDam5; skills.txt:EMinLev1; skills.txt:EMinLev2; skills.txt:EMinLev3; skills.txt:EMinLev4; skills.txt:EMinLev5; skills.txt:EMaxLev1; skills.txt:EMaxLev2; skills.txt:EMaxLev3; skills.txt:EMaxLev4; skills.txt:EMaxLev5; skills.txt:HitShift; skills.txt:EType（空且有伤害 ⇒ phys）; skills.txt:passive; skills.txt:srvmissile（空 ⇒ cltmissile）; 按官方 EType/mana/lvlmana/reqlevel 拼装	client/Assets/StreamingAssets/Table/Skill.tsv:82	公式求值相等
4812	tbl:Skill(150 id)|id=82	skills.txt:charclass → 本项目职业编号（CLASS_ORDER）; SkillDesc.txt:SkillPage（经 skills.txt:skilldesc 关联）; skills.txt:skill; skills.txt:Id; skills.txt:reqlevel; skills.txt:maxlvl; skills.txt:reqskill1 → 本项目技能编号（0=无）; skills.txt:skpoints; skills.txt:mana; skills.txt:lvlmana; rnd((skills.txt:MinDam + EMin) × 2^HitShift ÷ 256); rnd((skills.txt:MaxDam + EMax) × 2^HitShift ÷ 256); skills.txt:MinDam; skills.txt:MaxDam; skills.txt:EMin; skills.txt:EMax; skills.txt:MinLevDam1; skills.txt:MinLevDam2; skills.txt:MinLevDam3; skills.txt:MinLevDam4; skills.txt:MinLevDam5; skills.txt:MaxLevDam1; skills.txt:MaxLevDam2; skills.txt:MaxLevDam3; skills.txt:MaxLevDam4; skills.txt:MaxLevDam5; skills.txt:EMinLev1; skills.txt:EMinLev2; skills.txt:EMinLev3; skills.txt:EMinLev4; skills.txt:EMinLev5; skills.txt:EMaxLev1; skills.txt:EMaxLev2; skills.txt:EMaxLev3; skills.txt:EMaxLev4; skills.txt:EMaxLev5; skills.txt:HitShift; skills.txt:EType（空且有伤害 ⇒ phys）; skills.txt:passive; skills.txt:srvmissile（空 ⇒ cltmissile）; 按官方 EType/mana/lvlmana/reqlevel 拼装	client/Assets/StreamingAssets/Table/Skill.tsv:83	公式求值相等
4813	tbl:Skill(150 id)|id=83	skills.txt:charclass → 本项目职业编号（CLASS_ORDER）; SkillDesc.txt:SkillPage（经 skills.txt:skilldesc 关联）; skills.txt:skill; skills.txt:Id; skills.txt:reqlevel; skills.txt:maxlvl; skills.txt:reqskill1 → 本项目技能编号（0=无）; skills.txt:skpoints; skills.txt:mana; skills.txt:lvlmana; rnd((skills.txt:MinDam + EMin) × 2^HitShift ÷ 256); rnd((skills.txt:MaxDam + EMax) × 2^HitShift ÷ 256); skills.txt:MinDam; skills.txt:MaxDam; skills.txt:EMin; skills.txt:EMax; skills.txt:MinLevDam1; skills.txt:MinLevDam2; skills.txt:MinLevDam3; skills.txt:MinLevDam4; skills.txt:MinLevDam5; skills.txt:MaxLevDam1; skills.txt:MaxLevDam2; skills.txt:MaxLevDam3; skills.txt:MaxLevDam4; skills.txt:MaxLevDam5; skills.txt:EMinLev1; skills.txt:EMinLev2; skills.txt:EMinLev3; skills.txt:EMinLev4; skills.txt:EMinLev5; skills.txt:EMaxLev1; skills.txt:EMaxLev2; skills.txt:EMaxLev3; skills.txt:EMaxLev4; skills.txt:EMaxLev5; skills.txt:HitShift; skills.txt:EType（空且有伤害 ⇒ phys）; skills.txt:passive; skills.txt:srvmissile（空 ⇒ cltmissile）; 按官方 EType/mana/lvlmana/reqlevel 拼装	client/Assets/StreamingAssets/Table/Skill.tsv:84	公式求值相等
4814	tbl:Skill(150 id)|id=84	skills.txt:charclass → 本项目职业编号（CLASS_ORDER）; SkillDesc.txt:SkillPage（经 skills.txt:skilldesc 关联）; skills.txt:skill; skills.txt:Id; skills.txt:reqlevel; skills.txt:maxlvl; skills.txt:reqskill1 → 本项目技能编号（0=无）; skills.txt:skpoints; skills.txt:mana; skills.txt:lvlmana; rnd((skills.txt:MinDam + EMin) × 2^HitShift ÷ 256); rnd((skills.txt:MaxDam + EMax) × 2^HitShift ÷ 256); skills.txt:MinDam; skills.txt:MaxDam; skills.txt:EMin; skills.txt:EMax; skills.txt:MinLevDam1; skills.txt:MinLevDam2; skills.txt:MinLevDam3; skills.txt:MinLevDam4; skills.txt:MinLevDam5; skills.txt:MaxLevDam1; skills.txt:MaxLevDam2; skills.txt:MaxLevDam3; skills.txt:MaxLevDam4; skills.txt:MaxLevDam5; skills.txt:EMinLev1; skills.txt:EMinLev2; skills.txt:EMinLev3; skills.txt:EMinLev4; skills.txt:EMinLev5; skills.txt:EMaxLev1; skills.txt:EMaxLev2; skills.txt:EMaxLev3; skills.txt:EMaxLev4; skills.txt:EMaxLev5; skills.txt:HitShift; skills.txt:EType（空且有伤害 ⇒ phys）; skills.txt:passive; skills.txt:srvmissile（空 ⇒ cltmissile）; 按官方 EType/mana/lvlmana/reqlevel 拼装	client/Assets/StreamingAssets/Table/Skill.tsv:85	公式求值相等
4815	tbl:Skill(150 id)|id=85	skills.txt:charclass → 本项目职业编号（CLASS_ORDER）; SkillDesc.txt:SkillPage（经 skills.txt:skilldesc 关联）; skills.txt:skill; skills.txt:Id; skills.txt:reqlevel; skills.txt:maxlvl; skills.txt:reqskill1 → 本项目技能编号（0=无）; skills.txt:skpoints; skills.txt:mana; skills.txt:lvlmana; rnd((skills.txt:MinDam + EMin) × 2^HitShift ÷ 256); rnd((skills.txt:MaxDam + EMax) × 2^HitShift ÷ 256); skills.txt:MinDam; skills.txt:MaxDam; skills.txt:EMin; skills.txt:EMax; skills.txt:MinLevDam1; skills.txt:MinLevDam2; skills.txt:MinLevDam3; skills.txt:MinLevDam4; skills.txt:MinLevDam5; skills.txt:MaxLevDam1; skills.txt:MaxLevDam2; skills.txt:MaxLevDam3; skills.txt:MaxLevDam4; skills.txt:MaxLevDam5; skills.txt:EMinLev1; skills.txt:EMinLev2; skills.txt:EMinLev3; skills.txt:EMinLev4; skills.txt:EMinLev5; skills.txt:EMaxLev1; skills.txt:EMaxLev2; skills.txt:EMaxLev3; skills.txt:EMaxLev4; skills.txt:EMaxLev5; skills.txt:HitShift; skills.txt:EType（空且有伤害 ⇒ phys）; skills.txt:passive; skills.txt:srvmissile（空 ⇒ cltmissile）; 按官方 EType/mana/lvlmana/reqlevel 拼装	client/Assets/StreamingAssets/Table/Skill.tsv:86	公式求值相等
4816	tbl:Skill(150 id)|id=86	skills.txt:charclass → 本项目职业编号（CLASS_ORDER）; SkillDesc.txt:SkillPage（经 skills.txt:skilldesc 关联）; skills.txt:skill; skills.txt:Id; skills.txt:reqlevel; skills.txt:maxlvl; skills.txt:reqskill1 → 本项目技能编号（0=无）; skills.txt:skpoints; skills.txt:mana; skills.txt:lvlmana; rnd((skills.txt:MinDam + EMin) × 2^HitShift ÷ 256); rnd((skills.txt:MaxDam + EMax) × 2^HitShift ÷ 256); skills.txt:MinDam; skills.txt:MaxDam; skills.txt:EMin; skills.txt:EMax; skills.txt:MinLevDam1; skills.txt:MinLevDam2; skills.txt:MinLevDam3; skills.txt:MinLevDam4; skills.txt:MinLevDam5; skills.txt:MaxLevDam1; skills.txt:MaxLevDam2; skills.txt:MaxLevDam3; skills.txt:MaxLevDam4; skills.txt:MaxLevDam5; skills.txt:EMinLev1; skills.txt:EMinLev2; skills.txt:EMinLev3; skills.txt:EMinLev4; skills.txt:EMinLev5; skills.txt:EMaxLev1; skills.txt:EMaxLev2; skills.txt:EMaxLev3; skills.txt:EMaxLev4; skills.txt:EMaxLev5; skills.txt:HitShift; skills.txt:EType（空且有伤害 ⇒ phys）; skills.txt:passive; skills.txt:srvmissile（空 ⇒ cltmissile）; 按官方 EType/mana/lvlmana/reqlevel 拼装	client/Assets/StreamingAssets/Table/Skill.tsv:87	公式求值相等
4817	tbl:Skill(150 id)|id=87	skills.txt:charclass → 本项目职业编号（CLASS_ORDER）; SkillDesc.txt:SkillPage（经 skills.txt:skilldesc 关联）; skills.txt:skill; skills.txt:Id; skills.txt:reqlevel; skills.txt:maxlvl; skills.txt:reqskill1 → 本项目技能编号（0=无）; skills.txt:skpoints; skills.txt:mana; skills.txt:lvlmana; rnd((skills.txt:MinDam + EMin) × 2^HitShift ÷ 256); rnd((skills.txt:MaxDam + EMax) × 2^HitShift ÷ 256); skills.txt:MinDam; skills.txt:MaxDam; skills.txt:EMin; skills.txt:EMax; skills.txt:MinLevDam1; skills.txt:MinLevDam2; skills.txt:MinLevDam3; skills.txt:MinLevDam4; skills.txt:MinLevDam5; skills.txt:MaxLevDam1; skills.txt:MaxLevDam2; skills.txt:MaxLevDam3; skills.txt:MaxLevDam4; skills.txt:MaxLevDam5; skills.txt:EMinLev1; skills.txt:EMinLev2; skills.txt:EMinLev3; skills.txt:EMinLev4; skills.txt:EMinLev5; skills.txt:EMaxLev1; skills.txt:EMaxLev2; skills.txt:EMaxLev3; skills.txt:EMaxLev4; skills.txt:EMaxLev5; skills.txt:HitShift; skills.txt:EType（空且有伤害 ⇒ phys）; skills.txt:passive; skills.txt:srvmissile（空 ⇒ cltmissile）; 按官方 EType/mana/lvlmana/reqlevel 拼装	client/Assets/StreamingAssets/Table/Skill.tsv:88	公式求值相等
4818	tbl:Skill(150 id)|id=88	skills.txt:charclass → 本项目职业编号（CLASS_ORDER）; SkillDesc.txt:SkillPage（经 skills.txt:skilldesc 关联）; skills.txt:skill; skills.txt:Id; skills.txt:reqlevel; skills.txt:maxlvl; skills.txt:reqskill1 → 本项目技能编号（0=无）; skills.txt:skpoints; skills.txt:mana; skills.txt:lvlmana; rnd((skills.txt:MinDam + EMin) × 2^HitShift ÷ 256); rnd((skills.txt:MaxDam + EMax) × 2^HitShift ÷ 256); skills.txt:MinDam; skills.txt:MaxDam; skills.txt:EMin; skills.txt:EMax; skills.txt:MinLevDam1; skills.txt:MinLevDam2; skills.txt:MinLevDam3; skills.txt:MinLevDam4; skills.txt:MinLevDam5; skills.txt:MaxLevDam1; skills.txt:MaxLevDam2; skills.txt:MaxLevDam3; skills.txt:MaxLevDam4; skills.txt:MaxLevDam5; skills.txt:EMinLev1; skills.txt:EMinLev2; skills.txt:EMinLev3; skills.txt:EMinLev4; skills.txt:EMinLev5; skills.txt:EMaxLev1; skills.txt:EMaxLev2; skills.txt:EMaxLev3; skills.txt:EMaxLev4; skills.txt:EMaxLev5; skills.txt:HitShift; skills.txt:EType（空且有伤害 ⇒ phys）; skills.txt:passive; skills.txt:srvmissile（空 ⇒ cltmissile）; 按官方 EType/mana/lvlmana/reqlevel 拼装	client/Assets/StreamingAssets/Table/Skill.tsv:89	公式求值相等
4819	tbl:Skill(150 id)|id=89	skills.txt:charclass → 本项目职业编号（CLASS_ORDER）; SkillDesc.txt:SkillPage（经 skills.txt:skilldesc 关联）; skills.txt:skill; skills.txt:Id; skills.txt:reqlevel; skills.txt:maxlvl; skills.txt:reqskill1 → 本项目技能编号（0=无）; skills.txt:skpoints; skills.txt:mana; skills.txt:lvlmana; rnd((skills.txt:MinDam + EMin) × 2^HitShift ÷ 256); rnd((skills.txt:MaxDam + EMax) × 2^HitShift ÷ 256); skills.txt:MinDam; skills.txt:MaxDam; skills.txt:EMin; skills.txt:EMax; skills.txt:MinLevDam1; skills.txt:MinLevDam2; skills.txt:MinLevDam3; skills.txt:MinLevDam4; skills.txt:MinLevDam5; skills.txt:MaxLevDam1; skills.txt:MaxLevDam2; skills.txt:MaxLevDam3; skills.txt:MaxLevDam4; skills.txt:MaxLevDam5; skills.txt:EMinLev1; skills.txt:EMinLev2; skills.txt:EMinLev3; skills.txt:EMinLev4; skills.txt:EMinLev5; skills.txt:EMaxLev1; skills.txt:EMaxLev2; skills.txt:EMaxLev3; skills.txt:EMaxLev4; skills.txt:EMaxLev5; skills.txt:HitShift; skills.txt:EType（空且有伤害 ⇒ phys）; skills.txt:passive; skills.txt:srvmissile（空 ⇒ cltmissile）; 按官方 EType/mana/lvlmana/reqlevel 拼装	client/Assets/StreamingAssets/Table/Skill.tsv:90	公式求值相等
4820	tbl:Skill(150 id)|id=90	skills.txt:charclass → 本项目职业编号（CLASS_ORDER）; SkillDesc.txt:SkillPage（经 skills.txt:skilldesc 关联）; skills.txt:skill; skills.txt:Id; skills.txt:reqlevel; skills.txt:maxlvl; skills.txt:reqskill1 → 本项目技能编号（0=无）; skills.txt:skpoints; skills.txt:mana; skills.txt:lvlmana; rnd((skills.txt:MinDam + EMin) × 2^HitShift ÷ 256); rnd((skills.txt:MaxDam + EMax) × 2^HitShift ÷ 256); skills.txt:MinDam; skills.txt:MaxDam; skills.txt:EMin; skills.txt:EMax; skills.txt:MinLevDam1; skills.txt:MinLevDam2; skills.txt:MinLevDam3; skills.txt:MinLevDam4; skills.txt:MinLevDam5; skills.txt:MaxLevDam1; skills.txt:MaxLevDam2; skills.txt:MaxLevDam3; skills.txt:MaxLevDam4; skills.txt:MaxLevDam5; skills.txt:EMinLev1; skills.txt:EMinLev2; skills.txt:EMinLev3; skills.txt:EMinLev4; skills.txt:EMinLev5; skills.txt:EMaxLev1; skills.txt:EMaxLev2; skills.txt:EMaxLev3; skills.txt:EMaxLev4; skills.txt:EMaxLev5; skills.txt:HitShift; skills.txt:EType（空且有伤害 ⇒ phys）; skills.txt:passive; skills.txt:srvmissile（空 ⇒ cltmissile）; 按官方 EType/mana/lvlmana/reqlevel 拼装	client/Assets/StreamingAssets/Table/Skill.tsv:91	公式求值相等
4821	tbl:Skill(150 id)|id=91	skills.txt:charclass → 本项目职业编号（CLASS_ORDER）; SkillDesc.txt:SkillPage（经 skills.txt:skilldesc 关联）; skills.txt:skill; skills.txt:Id; skills.txt:reqlevel; skills.txt:maxlvl; skills.txt:reqskill1 → 本项目技能编号（0=无）; skills.txt:skpoints; skills.txt:mana; skills.txt:lvlmana; rnd((skills.txt:MinDam + EMin) × 2^HitShift ÷ 256); rnd((skills.txt:MaxDam + EMax) × 2^HitShift ÷ 256); skills.txt:MinDam; skills.txt:MaxDam; skills.txt:EMin; skills.txt:EMax; skills.txt:MinLevDam1; skills.txt:MinLevDam2; skills.txt:MinLevDam3; skills.txt:MinLevDam4; skills.txt:MinLevDam5; skills.txt:MaxLevDam1; skills.txt:MaxLevDam2; skills.txt:MaxLevDam3; skills.txt:MaxLevDam4; skills.txt:MaxLevDam5; skills.txt:EMinLev1; skills.txt:EMinLev2; skills.txt:EMinLev3; skills.txt:EMinLev4; skills.txt:EMinLev5; skills.txt:EMaxLev1; skills.txt:EMaxLev2; skills.txt:EMaxLev3; skills.txt:EMaxLev4; skills.txt:EMaxLev5; skills.txt:HitShift; skills.txt:EType（空且有伤害 ⇒ phys）; skills.txt:passive; skills.txt:srvmissile（空 ⇒ cltmissile）; 按官方 EType/mana/lvlmana/reqlevel 拼装	client/Assets/StreamingAssets/Table/Skill.tsv:92	公式求值相等
4822	tbl:Skill(150 id)|id=92	skills.txt:charclass → 本项目职业编号（CLASS_ORDER）; SkillDesc.txt:SkillPage（经 skills.txt:skilldesc 关联）; skills.txt:skill; skills.txt:Id; skills.txt:reqlevel; skills.txt:maxlvl; skills.txt:reqskill1 → 本项目技能编号（0=无）; skills.txt:skpoints; skills.txt:mana; skills.txt:lvlmana; rnd((skills.txt:MinDam + EMin) × 2^HitShift ÷ 256); rnd((skills.txt:MaxDam + EMax) × 2^HitShift ÷ 256); skills.txt:MinDam; skills.txt:MaxDam; skills.txt:EMin; skills.txt:EMax; skills.txt:MinLevDam1; skills.txt:MinLevDam2; skills.txt:MinLevDam3; skills.txt:MinLevDam4; skills.txt:MinLevDam5; skills.txt:MaxLevDam1; skills.txt:MaxLevDam2; skills.txt:MaxLevDam3; skills.txt:MaxLevDam4; skills.txt:MaxLevDam5; skills.txt:EMinLev1; skills.txt:EMinLev2; skills.txt:EMinLev3; skills.txt:EMinLev4; skills.txt:EMinLev5; skills.txt:EMaxLev1; skills.txt:EMaxLev2; skills.txt:EMaxLev3; skills.txt:EMaxLev4; skills.txt:EMaxLev5; skills.txt:HitShift; skills.txt:EType（空且有伤害 ⇒ phys）; skills.txt:passive; skills.txt:srvmissile（空 ⇒ cltmissile）; 按官方 EType/mana/lvlmana/reqlevel 拼装	client/Assets/StreamingAssets/Table/Skill.tsv:93	公式求值相等
4823	tbl:Skill(150 id)|id=93	skills.txt:charclass → 本项目职业编号（CLASS_ORDER）; SkillDesc.txt:SkillPage（经 skills.txt:skilldesc 关联）; skills.txt:skill; skills.txt:Id; skills.txt:reqlevel; skills.txt:maxlvl; skills.txt:reqskill1 → 本项目技能编号（0=无）; skills.txt:skpoints; skills.txt:mana; skills.txt:lvlmana; rnd((skills.txt:MinDam + EMin) × 2^HitShift ÷ 256); rnd((skills.txt:MaxDam + EMax) × 2^HitShift ÷ 256); skills.txt:MinDam; skills.txt:MaxDam; skills.txt:EMin; skills.txt:EMax; skills.txt:MinLevDam1; skills.txt:MinLevDam2; skills.txt:MinLevDam3; skills.txt:MinLevDam4; skills.txt:MinLevDam5; skills.txt:MaxLevDam1; skills.txt:MaxLevDam2; skills.txt:MaxLevDam3; skills.txt:MaxLevDam4; skills.txt:MaxLevDam5; skills.txt:EMinLev1; skills.txt:EMinLev2; skills.txt:EMinLev3; skills.txt:EMinLev4; skills.txt:EMinLev5; skills.txt:EMaxLev1; skills.txt:EMaxLev2; skills.txt:EMaxLev3; skills.txt:EMaxLev4; skills.txt:EMaxLev5; skills.txt:HitShift; skills.txt:EType（空且有伤害 ⇒ phys）; skills.txt:passive; skills.txt:srvmissile（空 ⇒ cltmissile）; 按官方 EType/mana/lvlmana/reqlevel 拼装	client/Assets/StreamingAssets/Table/Skill.tsv:94	公式求值相等
4824	tbl:Skill(150 id)|id=94	skills.txt:charclass → 本项目职业编号（CLASS_ORDER）; SkillDesc.txt:SkillPage（经 skills.txt:skilldesc 关联）; skills.txt:skill; skills.txt:Id; skills.txt:reqlevel; skills.txt:maxlvl; skills.txt:reqskill1 → 本项目技能编号（0=无）; skills.txt:skpoints; skills.txt:mana; skills.txt:lvlmana; rnd((skills.txt:MinDam + EMin) × 2^HitShift ÷ 256); rnd((skills.txt:MaxDam + EMax) × 2^HitShift ÷ 256); skills.txt:MinDam; skills.txt:MaxDam; skills.txt:EMin; skills.txt:EMax; skills.txt:MinLevDam1; skills.txt:MinLevDam2; skills.txt:MinLevDam3; skills.txt:MinLevDam4; skills.txt:MinLevDam5; skills.txt:MaxLevDam1; skills.txt:MaxLevDam2; skills.txt:MaxLevDam3; skills.txt:MaxLevDam4; skills.txt:MaxLevDam5; skills.txt:EMinLev1; skills.txt:EMinLev2; skills.txt:EMinLev3; skills.txt:EMinLev4; skills.txt:EMinLev5; skills.txt:EMaxLev1; skills.txt:EMaxLev2; skills.txt:EMaxLev3; skills.txt:EMaxLev4; skills.txt:EMaxLev5; skills.txt:HitShift; skills.txt:EType（空且有伤害 ⇒ phys）; skills.txt:passive; skills.txt:srvmissile（空 ⇒ cltmissile）; 按官方 EType/mana/lvlmana/reqlevel 拼装	client/Assets/StreamingAssets/Table/Skill.tsv:95	公式求值相等
4825	tbl:Skill(150 id)|id=95	skills.txt:charclass → 本项目职业编号（CLASS_ORDER）; SkillDesc.txt:SkillPage（经 skills.txt:skilldesc 关联）; skills.txt:skill; skills.txt:Id; skills.txt:reqlevel; skills.txt:maxlvl; skills.txt:reqskill1 → 本项目技能编号（0=无）; skills.txt:skpoints; skills.txt:mana; skills.txt:lvlmana; rnd((skills.txt:MinDam + EMin) × 2^HitShift ÷ 256); rnd((skills.txt:MaxDam + EMax) × 2^HitShift ÷ 256); skills.txt:MinDam; skills.txt:MaxDam; skills.txt:EMin; skills.txt:EMax; skills.txt:MinLevDam1; skills.txt:MinLevDam2; skills.txt:MinLevDam3; skills.txt:MinLevDam4; skills.txt:MinLevDam5; skills.txt:MaxLevDam1; skills.txt:MaxLevDam2; skills.txt:MaxLevDam3; skills.txt:MaxLevDam4; skills.txt:MaxLevDam5; skills.txt:EMinLev1; skills.txt:EMinLev2; skills.txt:EMinLev3; skills.txt:EMinLev4; skills.txt:EMinLev5; skills.txt:EMaxLev1; skills.txt:EMaxLev2; skills.txt:EMaxLev3; skills.txt:EMaxLev4; skills.txt:EMaxLev5; skills.txt:HitShift; skills.txt:EType（空且有伤害 ⇒ phys）; skills.txt:passive; skills.txt:srvmissile（空 ⇒ cltmissile）; 按官方 EType/mana/lvlmana/reqlevel 拼装	client/Assets/StreamingAssets/Table/Skill.tsv:96	公式求值相等
4826	tbl:Skill(150 id)|id=96	skills.txt:charclass → 本项目职业编号（CLASS_ORDER）; SkillDesc.txt:SkillPage（经 skills.txt:skilldesc 关联）; skills.txt:skill; skills.txt:Id; skills.txt:reqlevel; skills.txt:maxlvl; skills.txt:reqskill1 → 本项目技能编号（0=无）; skills.txt:skpoints; skills.txt:mana; skills.txt:lvlmana; rnd((skills.txt:MinDam + EMin) × 2^HitShift ÷ 256); rnd((skills.txt:MaxDam + EMax) × 2^HitShift ÷ 256); skills.txt:MinDam; skills.txt:MaxDam; skills.txt:EMin; skills.txt:EMax; skills.txt:MinLevDam1; skills.txt:MinLevDam2; skills.txt:MinLevDam3; skills.txt:MinLevDam4; skills.txt:MinLevDam5; skills.txt:MaxLevDam1; skills.txt:MaxLevDam2; skills.txt:MaxLevDam3; skills.txt:MaxLevDam4; skills.txt:MaxLevDam5; skills.txt:EMinLev1; skills.txt:EMinLev2; skills.txt:EMinLev3; skills.txt:EMinLev4; skills.txt:EMinLev5; skills.txt:EMaxLev1; skills.txt:EMaxLev2; skills.txt:EMaxLev3; skills.txt:EMaxLev4; skills.txt:EMaxLev5; skills.txt:HitShift; skills.txt:EType（空且有伤害 ⇒ phys）; skills.txt:passive; skills.txt:srvmissile（空 ⇒ cltmissile）; 按官方 EType/mana/lvlmana/reqlevel 拼装	client/Assets/StreamingAssets/Table/Skill.tsv:97	公式求值相等
4827	tbl:Skill(150 id)|id=97	skills.txt:charclass → 本项目职业编号（CLASS_ORDER）; SkillDesc.txt:SkillPage（经 skills.txt:skilldesc 关联）; skills.txt:skill; skills.txt:Id; skills.txt:reqlevel; skills.txt:maxlvl; skills.txt:reqskill1 → 本项目技能编号（0=无）; skills.txt:skpoints; skills.txt:mana; skills.txt:lvlmana; rnd((skills.txt:MinDam + EMin) × 2^HitShift ÷ 256); rnd((skills.txt:MaxDam + EMax) × 2^HitShift ÷ 256); skills.txt:MinDam; skills.txt:MaxDam; skills.txt:EMin; skills.txt:EMax; skills.txt:MinLevDam1; skills.txt:MinLevDam2; skills.txt:MinLevDam3; skills.txt:MinLevDam4; skills.txt:MinLevDam5; skills.txt:MaxLevDam1; skills.txt:MaxLevDam2; skills.txt:MaxLevDam3; skills.txt:MaxLevDam4; skills.txt:MaxLevDam5; skills.txt:EMinLev1; skills.txt:EMinLev2; skills.txt:EMinLev3; skills.txt:EMinLev4; skills.txt:EMinLev5; skills.txt:EMaxLev1; skills.txt:EMaxLev2; skills.txt:EMaxLev3; skills.txt:EMaxLev4; skills.txt:EMaxLev5; skills.txt:HitShift; skills.txt:EType（空且有伤害 ⇒ phys）; skills.txt:passive; skills.txt:srvmissile（空 ⇒ cltmissile）; 按官方 EType/mana/lvlmana/reqlevel 拼装	client/Assets/StreamingAssets/Table/Skill.tsv:98	公式求值相等
4828	tbl:Skill(150 id)|id=98	skills.txt:charclass → 本项目职业编号（CLASS_ORDER）; SkillDesc.txt:SkillPage（经 skills.txt:skilldesc 关联）; skills.txt:skill; skills.txt:Id; skills.txt:reqlevel; skills.txt:maxlvl; skills.txt:reqskill1 → 本项目技能编号（0=无）; skills.txt:skpoints; skills.txt:mana; skills.txt:lvlmana; rnd((skills.txt:MinDam + EMin) × 2^HitShift ÷ 256); rnd((skills.txt:MaxDam + EMax) × 2^HitShift ÷ 256); skills.txt:MinDam; skills.txt:MaxDam; skills.txt:EMin; skills.txt:EMax; skills.txt:MinLevDam1; skills.txt:MinLevDam2; skills.txt:MinLevDam3; skills.txt:MinLevDam4; skills.txt:MinLevDam5; skills.txt:MaxLevDam1; skills.txt:MaxLevDam2; skills.txt:MaxLevDam3; skills.txt:MaxLevDam4; skills.txt:MaxLevDam5; skills.txt:EMinLev1; skills.txt:EMinLev2; skills.txt:EMinLev3; skills.txt:EMinLev4; skills.txt:EMinLev5; skills.txt:EMaxLev1; skills.txt:EMaxLev2; skills.txt:EMaxLev3; skills.txt:EMaxLev4; skills.txt:EMaxLev5; skills.txt:HitShift; skills.txt:EType（空且有伤害 ⇒ phys）; skills.txt:passive; skills.txt:srvmissile（空 ⇒ cltmissile）; 按官方 EType/mana/lvlmana/reqlevel 拼装	client/Assets/StreamingAssets/Table/Skill.tsv:99	公式求值相等
4829	tbl:Skill(150 id)|id=99	skills.txt:charclass → 本项目职业编号（CLASS_ORDER）; SkillDesc.txt:SkillPage（经 skills.txt:skilldesc 关联）; skills.txt:skill; skills.txt:Id; skills.txt:reqlevel; skills.txt:maxlvl; skills.txt:reqskill1 → 本项目技能编号（0=无）; skills.txt:skpoints; skills.txt:mana; skills.txt:lvlmana; rnd((skills.txt:MinDam + EMin) × 2^HitShift ÷ 256); rnd((skills.txt:MaxDam + EMax) × 2^HitShift ÷ 256); skills.txt:MinDam; skills.txt:MaxDam; skills.txt:EMin; skills.txt:EMax; skills.txt:MinLevDam1; skills.txt:MinLevDam2; skills.txt:MinLevDam3; skills.txt:MinLevDam4; skills.txt:MinLevDam5; skills.txt:MaxLevDam1; skills.txt:MaxLevDam2; skills.txt:MaxLevDam3; skills.txt:MaxLevDam4; skills.txt:MaxLevDam5; skills.txt:EMinLev1; skills.txt:EMinLev2; skills.txt:EMinLev3; skills.txt:EMinLev4; skills.txt:EMinLev5; skills.txt:EMaxLev1; skills.txt:EMaxLev2; skills.txt:EMaxLev3; skills.txt:EMaxLev4; skills.txt:EMaxLev5; skills.txt:HitShift; skills.txt:EType（空且有伤害 ⇒ phys）; skills.txt:passive; skills.txt:srvmissile（空 ⇒ cltmissile）; 按官方 EType/mana/lvlmana/reqlevel 拼装	client/Assets/StreamingAssets/Table/Skill.tsv:100	公式求值相等
4830	tbl:Skill(150 id)|id=100	skills.txt:charclass → 本项目职业编号（CLASS_ORDER）; SkillDesc.txt:SkillPage（经 skills.txt:skilldesc 关联）; skills.txt:skill; skills.txt:Id; skills.txt:reqlevel; skills.txt:maxlvl; skills.txt:reqskill1 → 本项目技能编号（0=无）; skills.txt:skpoints; skills.txt:mana; skills.txt:lvlmana; rnd((skills.txt:MinDam + EMin) × 2^HitShift ÷ 256); rnd((skills.txt:MaxDam + EMax) × 2^HitShift ÷ 256); skills.txt:MinDam; skills.txt:MaxDam; skills.txt:EMin; skills.txt:EMax; skills.txt:MinLevDam1; skills.txt:MinLevDam2; skills.txt:MinLevDam3; skills.txt:MinLevDam4; skills.txt:MinLevDam5; skills.txt:MaxLevDam1; skills.txt:MaxLevDam2; skills.txt:MaxLevDam3; skills.txt:MaxLevDam4; skills.txt:MaxLevDam5; skills.txt:EMinLev1; skills.txt:EMinLev2; skills.txt:EMinLev3; skills.txt:EMinLev4; skills.txt:EMinLev5; skills.txt:EMaxLev1; skills.txt:EMaxLev2; skills.txt:EMaxLev3; skills.txt:EMaxLev4; skills.txt:EMaxLev5; skills.txt:HitShift; skills.txt:EType（空且有伤害 ⇒ phys）; skills.txt:passive; skills.txt:srvmissile（空 ⇒ cltmissile）; 按官方 EType/mana/lvlmana/reqlevel 拼装	client/Assets/StreamingAssets/Table/Skill.tsv:101	公式求值相等
4831	tbl:Skill(150 id)|id=101	skills.txt:charclass → 本项目职业编号（CLASS_ORDER）; SkillDesc.txt:SkillPage（经 skills.txt:skilldesc 关联）; skills.txt:skill; skills.txt:Id; skills.txt:reqlevel; skills.txt:maxlvl; skills.txt:reqskill1 → 本项目技能编号（0=无）; skills.txt:skpoints; skills.txt:mana; skills.txt:lvlmana; rnd((skills.txt:MinDam + EMin) × 2^HitShift ÷ 256); rnd((skills.txt:MaxDam + EMax) × 2^HitShift ÷ 256); skills.txt:MinDam; skills.txt:MaxDam; skills.txt:EMin; skills.txt:EMax; skills.txt:MinLevDam1; skills.txt:MinLevDam2; skills.txt:MinLevDam3; skills.txt:MinLevDam4; skills.txt:MinLevDam5; skills.txt:MaxLevDam1; skills.txt:MaxLevDam2; skills.txt:MaxLevDam3; skills.txt:MaxLevDam4; skills.txt:MaxLevDam5; skills.txt:EMinLev1; skills.txt:EMinLev2; skills.txt:EMinLev3; skills.txt:EMinLev4; skills.txt:EMinLev5; skills.txt:EMaxLev1; skills.txt:EMaxLev2; skills.txt:EMaxLev3; skills.txt:EMaxLev4; skills.txt:EMaxLev5; skills.txt:HitShift; skills.txt:EType（空且有伤害 ⇒ phys）; skills.txt:passive; skills.txt:srvmissile（空 ⇒ cltmissile）; 按官方 EType/mana/lvlmana/reqlevel 拼装	client/Assets/StreamingAssets/Table/Skill.tsv:102	公式求值相等
4832	tbl:Skill(150 id)|id=102	skills.txt:charclass → 本项目职业编号（CLASS_ORDER）; SkillDesc.txt:SkillPage（经 skills.txt:skilldesc 关联）; skills.txt:skill; skills.txt:Id; skills.txt:reqlevel; skills.txt:maxlvl; skills.txt:reqskill1 → 本项目技能编号（0=无）; skills.txt:skpoints; skills.txt:mana; skills.txt:lvlmana; rnd((skills.txt:MinDam + EMin) × 2^HitShift ÷ 256); rnd((skills.txt:MaxDam + EMax) × 2^HitShift ÷ 256); skills.txt:MinDam; skills.txt:MaxDam; skills.txt:EMin; skills.txt:EMax; skills.txt:MinLevDam1; skills.txt:MinLevDam2; skills.txt:MinLevDam3; skills.txt:MinLevDam4; skills.txt:MinLevDam5; skills.txt:MaxLevDam1; skills.txt:MaxLevDam2; skills.txt:MaxLevDam3; skills.txt:MaxLevDam4; skills.txt:MaxLevDam5; skills.txt:EMinLev1; skills.txt:EMinLev2; skills.txt:EMinLev3; skills.txt:EMinLev4; skills.txt:EMinLev5; skills.txt:EMaxLev1; skills.txt:EMaxLev2; skills.txt:EMaxLev3; skills.txt:EMaxLev4; skills.txt:EMaxLev5; skills.txt:HitShift; skills.txt:EType（空且有伤害 ⇒ phys）; skills.txt:passive; skills.txt:srvmissile（空 ⇒ cltmissile）; 按官方 EType/mana/lvlmana/reqlevel 拼装	client/Assets/StreamingAssets/Table/Skill.tsv:103	公式求值相等
4833	tbl:Skill(150 id)|id=103	skills.txt:charclass → 本项目职业编号（CLASS_ORDER）; SkillDesc.txt:SkillPage（经 skills.txt:skilldesc 关联）; skills.txt:skill; skills.txt:Id; skills.txt:reqlevel; skills.txt:maxlvl; skills.txt:reqskill1 → 本项目技能编号（0=无）; skills.txt:skpoints; skills.txt:mana; skills.txt:lvlmana; rnd((skills.txt:MinDam + EMin) × 2^HitShift ÷ 256); rnd((skills.txt:MaxDam + EMax) × 2^HitShift ÷ 256); skills.txt:MinDam; skills.txt:MaxDam; skills.txt:EMin; skills.txt:EMax; skills.txt:MinLevDam1; skills.txt:MinLevDam2; skills.txt:MinLevDam3; skills.txt:MinLevDam4; skills.txt:MinLevDam5; skills.txt:MaxLevDam1; skills.txt:MaxLevDam2; skills.txt:MaxLevDam3; skills.txt:MaxLevDam4; skills.txt:MaxLevDam5; skills.txt:EMinLev1; skills.txt:EMinLev2; skills.txt:EMinLev3; skills.txt:EMinLev4; skills.txt:EMinLev5; skills.txt:EMaxLev1; skills.txt:EMaxLev2; skills.txt:EMaxLev3; skills.txt:EMaxLev4; skills.txt:EMaxLev5; skills.txt:HitShift; skills.txt:EType（空且有伤害 ⇒ phys）; skills.txt:passive; skills.txt:srvmissile（空 ⇒ cltmissile）; 按官方 EType/mana/lvlmana/reqlevel 拼装	client/Assets/StreamingAssets/Table/Skill.tsv:104	公式求值相等
4834	tbl:Skill(150 id)|id=104	skills.txt:charclass → 本项目职业编号（CLASS_ORDER）; SkillDesc.txt:SkillPage（经 skills.txt:skilldesc 关联）; skills.txt:skill; skills.txt:Id; skills.txt:reqlevel; skills.txt:maxlvl; skills.txt:reqskill1 → 本项目技能编号（0=无）; skills.txt:skpoints; skills.txt:mana; skills.txt:lvlmana; rnd((skills.txt:MinDam + EMin) × 2^HitShift ÷ 256); rnd((skills.txt:MaxDam + EMax) × 2^HitShift ÷ 256); skills.txt:MinDam; skills.txt:MaxDam; skills.txt:EMin; skills.txt:EMax; skills.txt:MinLevDam1; skills.txt:MinLevDam2; skills.txt:MinLevDam3; skills.txt:MinLevDam4; skills.txt:MinLevDam5; skills.txt:MaxLevDam1; skills.txt:MaxLevDam2; skills.txt:MaxLevDam3; skills.txt:MaxLevDam4; skills.txt:MaxLevDam5; skills.txt:EMinLev1; skills.txt:EMinLev2; skills.txt:EMinLev3; skills.txt:EMinLev4; skills.txt:EMinLev5; skills.txt:EMaxLev1; skills.txt:EMaxLev2; skills.txt:EMaxLev3; skills.txt:EMaxLev4; skills.txt:EMaxLev5; skills.txt:HitShift; skills.txt:EType（空且有伤害 ⇒ phys）; skills.txt:passive; skills.txt:srvmissile（空 ⇒ cltmissile）; 按官方 EType/mana/lvlmana/reqlevel 拼装	client/Assets/StreamingAssets/Table/Skill.tsv:105	公式求值相等
4835	tbl:Skill(150 id)|id=105	skills.txt:charclass → 本项目职业编号（CLASS_ORDER）; SkillDesc.txt:SkillPage（经 skills.txt:skilldesc 关联）; skills.txt:skill; skills.txt:Id; skills.txt:reqlevel; skills.txt:maxlvl; skills.txt:reqskill1 → 本项目技能编号（0=无）; skills.txt:skpoints; skills.txt:mana; skills.txt:lvlmana; rnd((skills.txt:MinDam + EMin) × 2^HitShift ÷ 256); rnd((skills.txt:MaxDam + EMax) × 2^HitShift ÷ 256); skills.txt:MinDam; skills.txt:MaxDam; skills.txt:EMin; skills.txt:EMax; skills.txt:MinLevDam1; skills.txt:MinLevDam2; skills.txt:MinLevDam3; skills.txt:MinLevDam4; skills.txt:MinLevDam5; skills.txt:MaxLevDam1; skills.txt:MaxLevDam2; skills.txt:MaxLevDam3; skills.txt:MaxLevDam4; skills.txt:MaxLevDam5; skills.txt:EMinLev1; skills.txt:EMinLev2; skills.txt:EMinLev3; skills.txt:EMinLev4; skills.txt:EMinLev5; skills.txt:EMaxLev1; skills.txt:EMaxLev2; skills.txt:EMaxLev3; skills.txt:EMaxLev4; skills.txt:EMaxLev5; skills.txt:HitShift; skills.txt:EType（空且有伤害 ⇒ phys）; skills.txt:passive; skills.txt:srvmissile（空 ⇒ cltmissile）; 按官方 EType/mana/lvlmana/reqlevel 拼装	client/Assets/StreamingAssets/Table/Skill.tsv:106	公式求值相等
4836	tbl:Skill(150 id)|id=106	skills.txt:charclass → 本项目职业编号（CLASS_ORDER）; SkillDesc.txt:SkillPage（经 skills.txt:skilldesc 关联）; skills.txt:skill; skills.txt:Id; skills.txt:reqlevel; skills.txt:maxlvl; skills.txt:reqskill1 → 本项目技能编号（0=无）; skills.txt:skpoints; skills.txt:mana; skills.txt:lvlmana; rnd((skills.txt:MinDam + EMin) × 2^HitShift ÷ 256); rnd((skills.txt:MaxDam + EMax) × 2^HitShift ÷ 256); skills.txt:MinDam; skills.txt:MaxDam; skills.txt:EMin; skills.txt:EMax; skills.txt:MinLevDam1; skills.txt:MinLevDam2; skills.txt:MinLevDam3; skills.txt:MinLevDam4; skills.txt:MinLevDam5; skills.txt:MaxLevDam1; skills.txt:MaxLevDam2; skills.txt:MaxLevDam3; skills.txt:MaxLevDam4; skills.txt:MaxLevDam5; skills.txt:EMinLev1; skills.txt:EMinLev2; skills.txt:EMinLev3; skills.txt:EMinLev4; skills.txt:EMinLev5; skills.txt:EMaxLev1; skills.txt:EMaxLev2; skills.txt:EMaxLev3; skills.txt:EMaxLev4; skills.txt:EMaxLev5; skills.txt:HitShift; skills.txt:EType（空且有伤害 ⇒ phys）; skills.txt:passive; skills.txt:srvmissile（空 ⇒ cltmissile）; 按官方 EType/mana/lvlmana/reqlevel 拼装	client/Assets/StreamingAssets/Table/Skill.tsv:107	公式求值相等
4837	tbl:Skill(150 id)|id=107	skills.txt:charclass → 本项目职业编号（CLASS_ORDER）; SkillDesc.txt:SkillPage（经 skills.txt:skilldesc 关联）; skills.txt:skill; skills.txt:Id; skills.txt:reqlevel; skills.txt:maxlvl; skills.txt:reqskill1 → 本项目技能编号（0=无）; skills.txt:skpoints; skills.txt:mana; skills.txt:lvlmana; rnd((skills.txt:MinDam + EMin) × 2^HitShift ÷ 256); rnd((skills.txt:MaxDam + EMax) × 2^HitShift ÷ 256); skills.txt:MinDam; skills.txt:MaxDam; skills.txt:EMin; skills.txt:EMax; skills.txt:MinLevDam1; skills.txt:MinLevDam2; skills.txt:MinLevDam3; skills.txt:MinLevDam4; skills.txt:MinLevDam5; skills.txt:MaxLevDam1; skills.txt:MaxLevDam2; skills.txt:MaxLevDam3; skills.txt:MaxLevDam4; skills.txt:MaxLevDam5; skills.txt:EMinLev1; skills.txt:EMinLev2; skills.txt:EMinLev3; skills.txt:EMinLev4; skills.txt:EMinLev5; skills.txt:EMaxLev1; skills.txt:EMaxLev2; skills.txt:EMaxLev3; skills.txt:EMaxLev4; skills.txt:EMaxLev5; skills.txt:HitShift; skills.txt:EType（空且有伤害 ⇒ phys）; skills.txt:passive; skills.txt:srvmissile（空 ⇒ cltmissile）; 按官方 EType/mana/lvlmana/reqlevel 拼装	client/Assets/StreamingAssets/Table/Skill.tsv:108	公式求值相等
4838	tbl:Skill(150 id)|id=108	skills.txt:charclass → 本项目职业编号（CLASS_ORDER）; SkillDesc.txt:SkillPage（经 skills.txt:skilldesc 关联）; skills.txt:skill; skills.txt:Id; skills.txt:reqlevel; skills.txt:maxlvl; skills.txt:reqskill1 → 本项目技能编号（0=无）; skills.txt:skpoints; skills.txt:mana; skills.txt:lvlmana; rnd((skills.txt:MinDam + EMin) × 2^HitShift ÷ 256); rnd((skills.txt:MaxDam + EMax) × 2^HitShift ÷ 256); skills.txt:MinDam; skills.txt:MaxDam; skills.txt:EMin; skills.txt:EMax; skills.txt:MinLevDam1; skills.txt:MinLevDam2; skills.txt:MinLevDam3; skills.txt:MinLevDam4; skills.txt:MinLevDam5; skills.txt:MaxLevDam1; skills.txt:MaxLevDam2; skills.txt:MaxLevDam3; skills.txt:MaxLevDam4; skills.txt:MaxLevDam5; skills.txt:EMinLev1; skills.txt:EMinLev2; skills.txt:EMinLev3; skills.txt:EMinLev4; skills.txt:EMinLev5; skills.txt:EMaxLev1; skills.txt:EMaxLev2; skills.txt:EMaxLev3; skills.txt:EMaxLev4; skills.txt:EMaxLev5; skills.txt:HitShift; skills.txt:EType（空且有伤害 ⇒ phys）; skills.txt:passive; skills.txt:srvmissile（空 ⇒ cltmissile）; 按官方 EType/mana/lvlmana/reqlevel 拼装	client/Assets/StreamingAssets/Table/Skill.tsv:109	公式求值相等
4839	tbl:Skill(150 id)|id=109	skills.txt:charclass → 本项目职业编号（CLASS_ORDER）; SkillDesc.txt:SkillPage（经 skills.txt:skilldesc 关联）; skills.txt:skill; skills.txt:Id; skills.txt:reqlevel; skills.txt:maxlvl; skills.txt:reqskill1 → 本项目技能编号（0=无）; skills.txt:skpoints; skills.txt:mana; skills.txt:lvlmana; rnd((skills.txt:MinDam + EMin) × 2^HitShift ÷ 256); rnd((skills.txt:MaxDam + EMax) × 2^HitShift ÷ 256); skills.txt:MinDam; skills.txt:MaxDam; skills.txt:EMin; skills.txt:EMax; skills.txt:MinLevDam1; skills.txt:MinLevDam2; skills.txt:MinLevDam3; skills.txt:MinLevDam4; skills.txt:MinLevDam5; skills.txt:MaxLevDam1; skills.txt:MaxLevDam2; skills.txt:MaxLevDam3; skills.txt:MaxLevDam4; skills.txt:MaxLevDam5; skills.txt:EMinLev1; skills.txt:EMinLev2; skills.txt:EMinLev3; skills.txt:EMinLev4; skills.txt:EMinLev5; skills.txt:EMaxLev1; skills.txt:EMaxLev2; skills.txt:EMaxLev3; skills.txt:EMaxLev4; skills.txt:EMaxLev5; skills.txt:HitShift; skills.txt:EType（空且有伤害 ⇒ phys）; skills.txt:passive; skills.txt:srvmissile（空 ⇒ cltmissile）; 按官方 EType/mana/lvlmana/reqlevel 拼装	client/Assets/StreamingAssets/Table/Skill.tsv:110	公式求值相等
4840	tbl:Skill(150 id)|id=110	skills.txt:charclass → 本项目职业编号（CLASS_ORDER）; SkillDesc.txt:SkillPage（经 skills.txt:skilldesc 关联）; skills.txt:skill; skills.txt:Id; skills.txt:reqlevel; skills.txt:maxlvl; skills.txt:reqskill1 → 本项目技能编号（0=无）; skills.txt:skpoints; skills.txt:mana; skills.txt:lvlmana; rnd((skills.txt:MinDam + EMin) × 2^HitShift ÷ 256); rnd((skills.txt:MaxDam + EMax) × 2^HitShift ÷ 256); skills.txt:MinDam; skills.txt:MaxDam; skills.txt:EMin; skills.txt:EMax; skills.txt:MinLevDam1; skills.txt:MinLevDam2; skills.txt:MinLevDam3; skills.txt:MinLevDam4; skills.txt:MinLevDam5; skills.txt:MaxLevDam1; skills.txt:MaxLevDam2; skills.txt:MaxLevDam3; skills.txt:MaxLevDam4; skills.txt:MaxLevDam5; skills.txt:EMinLev1; skills.txt:EMinLev2; skills.txt:EMinLev3; skills.txt:EMinLev4; skills.txt:EMinLev5; skills.txt:EMaxLev1; skills.txt:EMaxLev2; skills.txt:EMaxLev3; skills.txt:EMaxLev4; skills.txt:EMaxLev5; skills.txt:HitShift; skills.txt:EType（空且有伤害 ⇒ phys）; skills.txt:passive; skills.txt:srvmissile（空 ⇒ cltmissile）; 按官方 EType/mana/lvlmana/reqlevel 拼装	client/Assets/StreamingAssets/Table/Skill.tsv:111	公式求值相等
4841	tbl:Skill(150 id)|id=111	skills.txt:charclass → 本项目职业编号（CLASS_ORDER）; SkillDesc.txt:SkillPage（经 skills.txt:skilldesc 关联）; skills.txt:skill; skills.txt:Id; skills.txt:reqlevel; skills.txt:maxlvl; skills.txt:reqskill1 → 本项目技能编号（0=无）; skills.txt:skpoints; skills.txt:mana; skills.txt:lvlmana; rnd((skills.txt:MinDam + EMin) × 2^HitShift ÷ 256); rnd((skills.txt:MaxDam + EMax) × 2^HitShift ÷ 256); skills.txt:MinDam; skills.txt:MaxDam; skills.txt:EMin; skills.txt:EMax; skills.txt:MinLevDam1; skills.txt:MinLevDam2; skills.txt:MinLevDam3; skills.txt:MinLevDam4; skills.txt:MinLevDam5; skills.txt:MaxLevDam1; skills.txt:MaxLevDam2; skills.txt:MaxLevDam3; skills.txt:MaxLevDam4; skills.txt:MaxLevDam5; skills.txt:EMinLev1; skills.txt:EMinLev2; skills.txt:EMinLev3; skills.txt:EMinLev4; skills.txt:EMinLev5; skills.txt:EMaxLev1; skills.txt:EMaxLev2; skills.txt:EMaxLev3; skills.txt:EMaxLev4; skills.txt:EMaxLev5; skills.txt:HitShift; skills.txt:EType（空且有伤害 ⇒ phys）; skills.txt:passive; skills.txt:srvmissile（空 ⇒ cltmissile）; 按官方 EType/mana/lvlmana/reqlevel 拼装	client/Assets/StreamingAssets/Table/Skill.tsv:112	公式求值相等
4842	tbl:Skill(150 id)|id=112	skills.txt:charclass → 本项目职业编号（CLASS_ORDER）; SkillDesc.txt:SkillPage（经 skills.txt:skilldesc 关联）; skills.txt:skill; skills.txt:Id; skills.txt:reqlevel; skills.txt:maxlvl; skills.txt:reqskill1 → 本项目技能编号（0=无）; skills.txt:skpoints; skills.txt:mana; skills.txt:lvlmana; rnd((skills.txt:MinDam + EMin) × 2^HitShift ÷ 256); rnd((skills.txt:MaxDam + EMax) × 2^HitShift ÷ 256); skills.txt:MinDam; skills.txt:MaxDam; skills.txt:EMin; skills.txt:EMax; skills.txt:MinLevDam1; skills.txt:MinLevDam2; skills.txt:MinLevDam3; skills.txt:MinLevDam4; skills.txt:MinLevDam5; skills.txt:MaxLevDam1; skills.txt:MaxLevDam2; skills.txt:MaxLevDam3; skills.txt:MaxLevDam4; skills.txt:MaxLevDam5; skills.txt:EMinLev1; skills.txt:EMinLev2; skills.txt:EMinLev3; skills.txt:EMinLev4; skills.txt:EMinLev5; skills.txt:EMaxLev1; skills.txt:EMaxLev2; skills.txt:EMaxLev3; skills.txt:EMaxLev4; skills.txt:EMaxLev5; skills.txt:HitShift; skills.txt:EType（空且有伤害 ⇒ phys）; skills.txt:passive; skills.txt:srvmissile（空 ⇒ cltmissile）; 按官方 EType/mana/lvlmana/reqlevel 拼装	client/Assets/StreamingAssets/Table/Skill.tsv:113	公式求值相等
4843	tbl:Skill(150 id)|id=113	skills.txt:charclass → 本项目职业编号（CLASS_ORDER）; SkillDesc.txt:SkillPage（经 skills.txt:skilldesc 关联）; skills.txt:skill; skills.txt:Id; skills.txt:reqlevel; skills.txt:maxlvl; skills.txt:reqskill1 → 本项目技能编号（0=无）; skills.txt:skpoints; skills.txt:mana; skills.txt:lvlmana; rnd((skills.txt:MinDam + EMin) × 2^HitShift ÷ 256); rnd((skills.txt:MaxDam + EMax) × 2^HitShift ÷ 256); skills.txt:MinDam; skills.txt:MaxDam; skills.txt:EMin; skills.txt:EMax; skills.txt:MinLevDam1; skills.txt:MinLevDam2; skills.txt:MinLevDam3; skills.txt:MinLevDam4; skills.txt:MinLevDam5; skills.txt:MaxLevDam1; skills.txt:MaxLevDam2; skills.txt:MaxLevDam3; skills.txt:MaxLevDam4; skills.txt:MaxLevDam5; skills.txt:EMinLev1; skills.txt:EMinLev2; skills.txt:EMinLev3; skills.txt:EMinLev4; skills.txt:EMinLev5; skills.txt:EMaxLev1; skills.txt:EMaxLev2; skills.txt:EMaxLev3; skills.txt:EMaxLev4; skills.txt:EMaxLev5; skills.txt:HitShift; skills.txt:EType（空且有伤害 ⇒ phys）; skills.txt:passive; skills.txt:srvmissile（空 ⇒ cltmissile）; 按官方 EType/mana/lvlmana/reqlevel 拼装	client/Assets/StreamingAssets/Table/Skill.tsv:114	公式求值相等
4844	tbl:Skill(150 id)|id=114	skills.txt:charclass → 本项目职业编号（CLASS_ORDER）; SkillDesc.txt:SkillPage（经 skills.txt:skilldesc 关联）; skills.txt:skill; skills.txt:Id; skills.txt:reqlevel; skills.txt:maxlvl; skills.txt:reqskill1 → 本项目技能编号（0=无）; skills.txt:skpoints; skills.txt:mana; skills.txt:lvlmana; rnd((skills.txt:MinDam + EMin) × 2^HitShift ÷ 256); rnd((skills.txt:MaxDam + EMax) × 2^HitShift ÷ 256); skills.txt:MinDam; skills.txt:MaxDam; skills.txt:EMin; skills.txt:EMax; skills.txt:MinLevDam1; skills.txt:MinLevDam2; skills.txt:MinLevDam3; skills.txt:MinLevDam4; skills.txt:MinLevDam5; skills.txt:MaxLevDam1; skills.txt:MaxLevDam2; skills.txt:MaxLevDam3; skills.txt:MaxLevDam4; skills.txt:MaxLevDam5; skills.txt:EMinLev1; skills.txt:EMinLev2; skills.txt:EMinLev3; skills.txt:EMinLev4; skills.txt:EMinLev5; skills.txt:EMaxLev1; skills.txt:EMaxLev2; skills.txt:EMaxLev3; skills.txt:EMaxLev4; skills.txt:EMaxLev5; skills.txt:HitShift; skills.txt:EType（空且有伤害 ⇒ phys）; skills.txt:passive; skills.txt:srvmissile（空 ⇒ cltmissile）; 按官方 EType/mana/lvlmana/reqlevel 拼装	client/Assets/StreamingAssets/Table/Skill.tsv:115	公式求值相等
4845	tbl:Skill(150 id)|id=115	skills.txt:charclass → 本项目职业编号（CLASS_ORDER）; SkillDesc.txt:SkillPage（经 skills.txt:skilldesc 关联）; skills.txt:skill; skills.txt:Id; skills.txt:reqlevel; skills.txt:maxlvl; skills.txt:reqskill1 → 本项目技能编号（0=无）; skills.txt:skpoints; skills.txt:mana; skills.txt:lvlmana; rnd((skills.txt:MinDam + EMin) × 2^HitShift ÷ 256); rnd((skills.txt:MaxDam + EMax) × 2^HitShift ÷ 256); skills.txt:MinDam; skills.txt:MaxDam; skills.txt:EMin; skills.txt:EMax; skills.txt:MinLevDam1; skills.txt:MinLevDam2; skills.txt:MinLevDam3; skills.txt:MinLevDam4; skills.txt:MinLevDam5; skills.txt:MaxLevDam1; skills.txt:MaxLevDam2; skills.txt:MaxLevDam3; skills.txt:MaxLevDam4; skills.txt:MaxLevDam5; skills.txt:EMinLev1; skills.txt:EMinLev2; skills.txt:EMinLev3; skills.txt:EMinLev4; skills.txt:EMinLev5; skills.txt:EMaxLev1; skills.txt:EMaxLev2; skills.txt:EMaxLev3; skills.txt:EMaxLev4; skills.txt:EMaxLev5; skills.txt:HitShift; skills.txt:EType（空且有伤害 ⇒ phys）; skills.txt:passive; skills.txt:srvmissile（空 ⇒ cltmissile）; 按官方 EType/mana/lvlmana/reqlevel 拼装	client/Assets/StreamingAssets/Table/Skill.tsv:116	公式求值相等
4846	tbl:Skill(150 id)|id=116	skills.txt:charclass → 本项目职业编号（CLASS_ORDER）; SkillDesc.txt:SkillPage（经 skills.txt:skilldesc 关联）; skills.txt:skill; skills.txt:Id; skills.txt:reqlevel; skills.txt:maxlvl; skills.txt:reqskill1 → 本项目技能编号（0=无）; skills.txt:skpoints; skills.txt:mana; skills.txt:lvlmana; rnd((skills.txt:MinDam + EMin) × 2^HitShift ÷ 256); rnd((skills.txt:MaxDam + EMax) × 2^HitShift ÷ 256); skills.txt:MinDam; skills.txt:MaxDam; skills.txt:EMin; skills.txt:EMax; skills.txt:MinLevDam1; skills.txt:MinLevDam2; skills.txt:MinLevDam3; skills.txt:MinLevDam4; skills.txt:MinLevDam5; skills.txt:MaxLevDam1; skills.txt:MaxLevDam2; skills.txt:MaxLevDam3; skills.txt:MaxLevDam4; skills.txt:MaxLevDam5; skills.txt:EMinLev1; skills.txt:EMinLev2; skills.txt:EMinLev3; skills.txt:EMinLev4; skills.txt:EMinLev5; skills.txt:EMaxLev1; skills.txt:EMaxLev2; skills.txt:EMaxLev3; skills.txt:EMaxLev4; skills.txt:EMaxLev5; skills.txt:HitShift; skills.txt:EType（空且有伤害 ⇒ phys）; skills.txt:passive; skills.txt:srvmissile（空 ⇒ cltmissile）; 按官方 EType/mana/lvlmana/reqlevel 拼装	client/Assets/StreamingAssets/Table/Skill.tsv:117	公式求值相等
4847	tbl:Skill(150 id)|id=117	skills.txt:charclass → 本项目职业编号（CLASS_ORDER）; SkillDesc.txt:SkillPage（经 skills.txt:skilldesc 关联）; skills.txt:skill; skills.txt:Id; skills.txt:reqlevel; skills.txt:maxlvl; skills.txt:reqskill1 → 本项目技能编号（0=无）; skills.txt:skpoints; skills.txt:mana; skills.txt:lvlmana; rnd((skills.txt:MinDam + EMin) × 2^HitShift ÷ 256); rnd((skills.txt:MaxDam + EMax) × 2^HitShift ÷ 256); skills.txt:MinDam; skills.txt:MaxDam; skills.txt:EMin; skills.txt:EMax; skills.txt:MinLevDam1; skills.txt:MinLevDam2; skills.txt:MinLevDam3; skills.txt:MinLevDam4; skills.txt:MinLevDam5; skills.txt:MaxLevDam1; skills.txt:MaxLevDam2; skills.txt:MaxLevDam3; skills.txt:MaxLevDam4; skills.txt:MaxLevDam5; skills.txt:EMinLev1; skills.txt:EMinLev2; skills.txt:EMinLev3; skills.txt:EMinLev4; skills.txt:EMinLev5; skills.txt:EMaxLev1; skills.txt:EMaxLev2; skills.txt:EMaxLev3; skills.txt:EMaxLev4; skills.txt:EMaxLev5; skills.txt:HitShift; skills.txt:EType（空且有伤害 ⇒ phys）; skills.txt:passive; skills.txt:srvmissile（空 ⇒ cltmissile）; 按官方 EType/mana/lvlmana/reqlevel 拼装	client/Assets/StreamingAssets/Table/Skill.tsv:118	公式求值相等
4848	tbl:Skill(150 id)|id=118	skills.txt:charclass → 本项目职业编号（CLASS_ORDER）; SkillDesc.txt:SkillPage（经 skills.txt:skilldesc 关联）; skills.txt:skill; skills.txt:Id; skills.txt:reqlevel; skills.txt:maxlvl; skills.txt:reqskill1 → 本项目技能编号（0=无）; skills.txt:skpoints; skills.txt:mana; skills.txt:lvlmana; rnd((skills.txt:MinDam + EMin) × 2^HitShift ÷ 256); rnd((skills.txt:MaxDam + EMax) × 2^HitShift ÷ 256); skills.txt:MinDam; skills.txt:MaxDam; skills.txt:EMin; skills.txt:EMax; skills.txt:MinLevDam1; skills.txt:MinLevDam2; skills.txt:MinLevDam3; skills.txt:MinLevDam4; skills.txt:MinLevDam5; skills.txt:MaxLevDam1; skills.txt:MaxLevDam2; skills.txt:MaxLevDam3; skills.txt:MaxLevDam4; skills.txt:MaxLevDam5; skills.txt:EMinLev1; skills.txt:EMinLev2; skills.txt:EMinLev3; skills.txt:EMinLev4; skills.txt:EMinLev5; skills.txt:EMaxLev1; skills.txt:EMaxLev2; skills.txt:EMaxLev3; skills.txt:EMaxLev4; skills.txt:EMaxLev5; skills.txt:HitShift; skills.txt:EType（空且有伤害 ⇒ phys）; skills.txt:passive; skills.txt:srvmissile（空 ⇒ cltmissile）; 按官方 EType/mana/lvlmana/reqlevel 拼装	client/Assets/StreamingAssets/Table/Skill.tsv:119	公式求值相等
4849	tbl:Skill(150 id)|id=119	skills.txt:charclass → 本项目职业编号（CLASS_ORDER）; SkillDesc.txt:SkillPage（经 skills.txt:skilldesc 关联）; skills.txt:skill; skills.txt:Id; skills.txt:reqlevel; skills.txt:maxlvl; skills.txt:reqskill1 → 本项目技能编号（0=无）; skills.txt:skpoints; skills.txt:mana; skills.txt:lvlmana; rnd((skills.txt:MinDam + EMin) × 2^HitShift ÷ 256); rnd((skills.txt:MaxDam + EMax) × 2^HitShift ÷ 256); skills.txt:MinDam; skills.txt:MaxDam; skills.txt:EMin; skills.txt:EMax; skills.txt:MinLevDam1; skills.txt:MinLevDam2; skills.txt:MinLevDam3; skills.txt:MinLevDam4; skills.txt:MinLevDam5; skills.txt:MaxLevDam1; skills.txt:MaxLevDam2; skills.txt:MaxLevDam3; skills.txt:MaxLevDam4; skills.txt:MaxLevDam5; skills.txt:EMinLev1; skills.txt:EMinLev2; skills.txt:EMinLev3; skills.txt:EMinLev4; skills.txt:EMinLev5; skills.txt:EMaxLev1; skills.txt:EMaxLev2; skills.txt:EMaxLev3; skills.txt:EMaxLev4; skills.txt:EMaxLev5; skills.txt:HitShift; skills.txt:EType（空且有伤害 ⇒ phys）; skills.txt:passive; skills.txt:srvmissile（空 ⇒ cltmissile）; 按官方 EType/mana/lvlmana/reqlevel 拼装	client/Assets/StreamingAssets/Table/Skill.tsv:120	公式求值相等
4850	tbl:Skill(150 id)|id=120	skills.txt:charclass → 本项目职业编号（CLASS_ORDER）; SkillDesc.txt:SkillPage（经 skills.txt:skilldesc 关联）; skills.txt:skill; skills.txt:Id; skills.txt:reqlevel; skills.txt:maxlvl; skills.txt:reqskill1 → 本项目技能编号（0=无）; skills.txt:skpoints; skills.txt:mana; skills.txt:lvlmana; rnd((skills.txt:MinDam + EMin) × 2^HitShift ÷ 256); rnd((skills.txt:MaxDam + EMax) × 2^HitShift ÷ 256); skills.txt:MinDam; skills.txt:MaxDam; skills.txt:EMin; skills.txt:EMax; skills.txt:MinLevDam1; skills.txt:MinLevDam2; skills.txt:MinLevDam3; skills.txt:MinLevDam4; skills.txt:MinLevDam5; skills.txt:MaxLevDam1; skills.txt:MaxLevDam2; skills.txt:MaxLevDam3; skills.txt:MaxLevDam4; skills.txt:MaxLevDam5; skills.txt:EMinLev1; skills.txt:EMinLev2; skills.txt:EMinLev3; skills.txt:EMinLev4; skills.txt:EMinLev5; skills.txt:EMaxLev1; skills.txt:EMaxLev2; skills.txt:EMaxLev3; skills.txt:EMaxLev4; skills.txt:EMaxLev5; skills.txt:HitShift; skills.txt:EType（空且有伤害 ⇒ phys）; skills.txt:passive; skills.txt:srvmissile（空 ⇒ cltmissile）; 按官方 EType/mana/lvlmana/reqlevel 拼装	client/Assets/StreamingAssets/Table/Skill.tsv:121	公式求值相等
4851	tbl:Skill(150 id)|id=121	skills.txt:charclass → 本项目职业编号（CLASS_ORDER）; SkillDesc.txt:SkillPage（经 skills.txt:skilldesc 关联）; skills.txt:skill; skills.txt:Id; skills.txt:reqlevel; skills.txt:maxlvl; skills.txt:reqskill1 → 本项目技能编号（0=无）; skills.txt:skpoints; skills.txt:mana; skills.txt:lvlmana; rnd((skills.txt:MinDam + EMin) × 2^HitShift ÷ 256); rnd((skills.txt:MaxDam + EMax) × 2^HitShift ÷ 256); skills.txt:MinDam; skills.txt:MaxDam; skills.txt:EMin; skills.txt:EMax; skills.txt:MinLevDam1; skills.txt:MinLevDam2; skills.txt:MinLevDam3; skills.txt:MinLevDam4; skills.txt:MinLevDam5; skills.txt:MaxLevDam1; skills.txt:MaxLevDam2; skills.txt:MaxLevDam3; skills.txt:MaxLevDam4; skills.txt:MaxLevDam5; skills.txt:EMinLev1; skills.txt:EMinLev2; skills.txt:EMinLev3; skills.txt:EMinLev4; skills.txt:EMinLev5; skills.txt:EMaxLev1; skills.txt:EMaxLev2; skills.txt:EMaxLev3; skills.txt:EMaxLev4; skills.txt:EMaxLev5; skills.txt:HitShift; skills.txt:EType（空且有伤害 ⇒ phys）; skills.txt:passive; skills.txt:srvmissile（空 ⇒ cltmissile）; 按官方 EType/mana/lvlmana/reqlevel 拼装	client/Assets/StreamingAssets/Table/Skill.tsv:122	公式求值相等
4852	tbl:Skill(150 id)|id=122	skills.txt:charclass → 本项目职业编号（CLASS_ORDER）; SkillDesc.txt:SkillPage（经 skills.txt:skilldesc 关联）; skills.txt:skill; skills.txt:Id; skills.txt:reqlevel; skills.txt:maxlvl; skills.txt:reqskill1 → 本项目技能编号（0=无）; skills.txt:skpoints; skills.txt:mana; skills.txt:lvlmana; rnd((skills.txt:MinDam + EMin) × 2^HitShift ÷ 256); rnd((skills.txt:MaxDam + EMax) × 2^HitShift ÷ 256); skills.txt:MinDam; skills.txt:MaxDam; skills.txt:EMin; skills.txt:EMax; skills.txt:MinLevDam1; skills.txt:MinLevDam2; skills.txt:MinLevDam3; skills.txt:MinLevDam4; skills.txt:MinLevDam5; skills.txt:MaxLevDam1; skills.txt:MaxLevDam2; skills.txt:MaxLevDam3; skills.txt:MaxLevDam4; skills.txt:MaxLevDam5; skills.txt:EMinLev1; skills.txt:EMinLev2; skills.txt:EMinLev3; skills.txt:EMinLev4; skills.txt:EMinLev5; skills.txt:EMaxLev1; skills.txt:EMaxLev2; skills.txt:EMaxLev3; skills.txt:EMaxLev4; skills.txt:EMaxLev5; skills.txt:HitShift; skills.txt:EType（空且有伤害 ⇒ phys）; skills.txt:passive; skills.txt:srvmissile（空 ⇒ cltmissile）; 按官方 EType/mana/lvlmana/reqlevel 拼装	client/Assets/StreamingAssets/Table/Skill.tsv:123	公式求值相等
4853	tbl:Skill(150 id)|id=123	skills.txt:charclass → 本项目职业编号（CLASS_ORDER）; SkillDesc.txt:SkillPage（经 skills.txt:skilldesc 关联）; skills.txt:skill; skills.txt:Id; skills.txt:reqlevel; skills.txt:maxlvl; skills.txt:reqskill1 → 本项目技能编号（0=无）; skills.txt:skpoints; skills.txt:mana; skills.txt:lvlmana; rnd((skills.txt:MinDam + EMin) × 2^HitShift ÷ 256); rnd((skills.txt:MaxDam + EMax) × 2^HitShift ÷ 256); skills.txt:MinDam; skills.txt:MaxDam; skills.txt:EMin; skills.txt:EMax; skills.txt:MinLevDam1; skills.txt:MinLevDam2; skills.txt:MinLevDam3; skills.txt:MinLevDam4; skills.txt:MinLevDam5; skills.txt:MaxLevDam1; skills.txt:MaxLevDam2; skills.txt:MaxLevDam3; skills.txt:MaxLevDam4; skills.txt:MaxLevDam5; skills.txt:EMinLev1; skills.txt:EMinLev2; skills.txt:EMinLev3; skills.txt:EMinLev4; skills.txt:EMinLev5; skills.txt:EMaxLev1; skills.txt:EMaxLev2; skills.txt:EMaxLev3; skills.txt:EMaxLev4; skills.txt:EMaxLev5; skills.txt:HitShift; skills.txt:EType（空且有伤害 ⇒ phys）; skills.txt:passive; skills.txt:srvmissile（空 ⇒ cltmissile）; 按官方 EType/mana/lvlmana/reqlevel 拼装	client/Assets/StreamingAssets/Table/Skill.tsv:124	公式求值相等
4854	tbl:Skill(150 id)|id=124	skills.txt:charclass → 本项目职业编号（CLASS_ORDER）; SkillDesc.txt:SkillPage（经 skills.txt:skilldesc 关联）; skills.txt:skill; skills.txt:Id; skills.txt:reqlevel; skills.txt:maxlvl; skills.txt:reqskill1 → 本项目技能编号（0=无）; skills.txt:skpoints; skills.txt:mana; skills.txt:lvlmana; rnd((skills.txt:MinDam + EMin) × 2^HitShift ÷ 256); rnd((skills.txt:MaxDam + EMax) × 2^HitShift ÷ 256); skills.txt:MinDam; skills.txt:MaxDam; skills.txt:EMin; skills.txt:EMax; skills.txt:MinLevDam1; skills.txt:MinLevDam2; skills.txt:MinLevDam3; skills.txt:MinLevDam4; skills.txt:MinLevDam5; skills.txt:MaxLevDam1; skills.txt:MaxLevDam2; skills.txt:MaxLevDam3; skills.txt:MaxLevDam4; skills.txt:MaxLevDam5; skills.txt:EMinLev1; skills.txt:EMinLev2; skills.txt:EMinLev3; skills.txt:EMinLev4; skills.txt:EMinLev5; skills.txt:EMaxLev1; skills.txt:EMaxLev2; skills.txt:EMaxLev3; skills.txt:EMaxLev4; skills.txt:EMaxLev5; skills.txt:HitShift; skills.txt:EType（空且有伤害 ⇒ phys）; skills.txt:passive; skills.txt:srvmissile（空 ⇒ cltmissile）; 按官方 EType/mana/lvlmana/reqlevel 拼装	client/Assets/StreamingAssets/Table/Skill.tsv:125	公式求值相等
4855	tbl:Skill(150 id)|id=125	skills.txt:charclass → 本项目职业编号（CLASS_ORDER）; SkillDesc.txt:SkillPage（经 skills.txt:skilldesc 关联）; skills.txt:skill; skills.txt:Id; skills.txt:reqlevel; skills.txt:maxlvl; skills.txt:reqskill1 → 本项目技能编号（0=无）; skills.txt:skpoints; skills.txt:mana; skills.txt:lvlmana; rnd((skills.txt:MinDam + EMin) × 2^HitShift ÷ 256); rnd((skills.txt:MaxDam + EMax) × 2^HitShift ÷ 256); skills.txt:MinDam; skills.txt:MaxDam; skills.txt:EMin; skills.txt:EMax; skills.txt:MinLevDam1; skills.txt:MinLevDam2; skills.txt:MinLevDam3; skills.txt:MinLevDam4; skills.txt:MinLevDam5; skills.txt:MaxLevDam1; skills.txt:MaxLevDam2; skills.txt:MaxLevDam3; skills.txt:MaxLevDam4; skills.txt:MaxLevDam5; skills.txt:EMinLev1; skills.txt:EMinLev2; skills.txt:EMinLev3; skills.txt:EMinLev4; skills.txt:EMinLev5; skills.txt:EMaxLev1; skills.txt:EMaxLev2; skills.txt:EMaxLev3; skills.txt:EMaxLev4; skills.txt:EMaxLev5; skills.txt:HitShift; skills.txt:EType（空且有伤害 ⇒ phys）; skills.txt:passive; skills.txt:srvmissile（空 ⇒ cltmissile）; 按官方 EType/mana/lvlmana/reqlevel 拼装	client/Assets/StreamingAssets/Table/Skill.tsv:126	公式求值相等
4856	tbl:Skill(150 id)|id=126	skills.txt:charclass → 本项目职业编号（CLASS_ORDER）; SkillDesc.txt:SkillPage（经 skills.txt:skilldesc 关联）; skills.txt:skill; skills.txt:Id; skills.txt:reqlevel; skills.txt:maxlvl; skills.txt:reqskill1 → 本项目技能编号（0=无）; skills.txt:skpoints; skills.txt:mana; skills.txt:lvlmana; rnd((skills.txt:MinDam + EMin) × 2^HitShift ÷ 256); rnd((skills.txt:MaxDam + EMax) × 2^HitShift ÷ 256); skills.txt:MinDam; skills.txt:MaxDam; skills.txt:EMin; skills.txt:EMax; skills.txt:MinLevDam1; skills.txt:MinLevDam2; skills.txt:MinLevDam3; skills.txt:MinLevDam4; skills.txt:MinLevDam5; skills.txt:MaxLevDam1; skills.txt:MaxLevDam2; skills.txt:MaxLevDam3; skills.txt:MaxLevDam4; skills.txt:MaxLevDam5; skills.txt:EMinLev1; skills.txt:EMinLev2; skills.txt:EMinLev3; skills.txt:EMinLev4; skills.txt:EMinLev5; skills.txt:EMaxLev1; skills.txt:EMaxLev2; skills.txt:EMaxLev3; skills.txt:EMaxLev4; skills.txt:EMaxLev5; skills.txt:HitShift; skills.txt:EType（空且有伤害 ⇒ phys）; skills.txt:passive; skills.txt:srvmissile（空 ⇒ cltmissile）; 按官方 EType/mana/lvlmana/reqlevel 拼装	client/Assets/StreamingAssets/Table/Skill.tsv:127	公式求值相等
4857	tbl:Skill(150 id)|id=127	skills.txt:charclass → 本项目职业编号（CLASS_ORDER）; SkillDesc.txt:SkillPage（经 skills.txt:skilldesc 关联）; skills.txt:skill; skills.txt:Id; skills.txt:reqlevel; skills.txt:maxlvl; skills.txt:reqskill1 → 本项目技能编号（0=无）; skills.txt:skpoints; skills.txt:mana; skills.txt:lvlmana; rnd((skills.txt:MinDam + EMin) × 2^HitShift ÷ 256); rnd((skills.txt:MaxDam + EMax) × 2^HitShift ÷ 256); skills.txt:MinDam; skills.txt:MaxDam; skills.txt:EMin; skills.txt:EMax; skills.txt:MinLevDam1; skills.txt:MinLevDam2; skills.txt:MinLevDam3; skills.txt:MinLevDam4; skills.txt:MinLevDam5; skills.txt:MaxLevDam1; skills.txt:MaxLevDam2; skills.txt:MaxLevDam3; skills.txt:MaxLevDam4; skills.txt:MaxLevDam5; skills.txt:EMinLev1; skills.txt:EMinLev2; skills.txt:EMinLev3; skills.txt:EMinLev4; skills.txt:EMinLev5; skills.txt:EMaxLev1; skills.txt:EMaxLev2; skills.txt:EMaxLev3; skills.txt:EMaxLev4; skills.txt:EMaxLev5; skills.txt:HitShift; skills.txt:EType（空且有伤害 ⇒ phys）; skills.txt:passive; skills.txt:srvmissile（空 ⇒ cltmissile）; 按官方 EType/mana/lvlmana/reqlevel 拼装	client/Assets/StreamingAssets/Table/Skill.tsv:128	公式求值相等
4858	tbl:Skill(150 id)|id=128	skills.txt:charclass → 本项目职业编号（CLASS_ORDER）; SkillDesc.txt:SkillPage（经 skills.txt:skilldesc 关联）; skills.txt:skill; skills.txt:Id; skills.txt:reqlevel; skills.txt:maxlvl; skills.txt:reqskill1 → 本项目技能编号（0=无）; skills.txt:skpoints; skills.txt:mana; skills.txt:lvlmana; rnd((skills.txt:MinDam + EMin) × 2^HitShift ÷ 256); rnd((skills.txt:MaxDam + EMax) × 2^HitShift ÷ 256); skills.txt:MinDam; skills.txt:MaxDam; skills.txt:EMin; skills.txt:EMax; skills.txt:MinLevDam1; skills.txt:MinLevDam2; skills.txt:MinLevDam3; skills.txt:MinLevDam4; skills.txt:MinLevDam5; skills.txt:MaxLevDam1; skills.txt:MaxLevDam2; skills.txt:MaxLevDam3; skills.txt:MaxLevDam4; skills.txt:MaxLevDam5; skills.txt:EMinLev1; skills.txt:EMinLev2; skills.txt:EMinLev3; skills.txt:EMinLev4; skills.txt:EMinLev5; skills.txt:EMaxLev1; skills.txt:EMaxLev2; skills.txt:EMaxLev3; skills.txt:EMaxLev4; skills.txt:EMaxLev5; skills.txt:HitShift; skills.txt:EType（空且有伤害 ⇒ phys）; skills.txt:passive; skills.txt:srvmissile（空 ⇒ cltmissile）; 按官方 EType/mana/lvlmana/reqlevel 拼装	client/Assets/StreamingAssets/Table/Skill.tsv:129	公式求值相等
4859	tbl:Skill(150 id)|id=129	skills.txt:charclass → 本项目职业编号（CLASS_ORDER）; SkillDesc.txt:SkillPage（经 skills.txt:skilldesc 关联）; skills.txt:skill; skills.txt:Id; skills.txt:reqlevel; skills.txt:maxlvl; skills.txt:reqskill1 → 本项目技能编号（0=无）; skills.txt:skpoints; skills.txt:mana; skills.txt:lvlmana; rnd((skills.txt:MinDam + EMin) × 2^HitShift ÷ 256); rnd((skills.txt:MaxDam + EMax) × 2^HitShift ÷ 256); skills.txt:MinDam; skills.txt:MaxDam; skills.txt:EMin; skills.txt:EMax; skills.txt:MinLevDam1; skills.txt:MinLevDam2; skills.txt:MinLevDam3; skills.txt:MinLevDam4; skills.txt:MinLevDam5; skills.txt:MaxLevDam1; skills.txt:MaxLevDam2; skills.txt:MaxLevDam3; skills.txt:MaxLevDam4; skills.txt:MaxLevDam5; skills.txt:EMinLev1; skills.txt:EMinLev2; skills.txt:EMinLev3; skills.txt:EMinLev4; skills.txt:EMinLev5; skills.txt:EMaxLev1; skills.txt:EMaxLev2; skills.txt:EMaxLev3; skills.txt:EMaxLev4; skills.txt:EMaxLev5; skills.txt:HitShift; skills.txt:EType（空且有伤害 ⇒ phys）; skills.txt:passive; skills.txt:srvmissile（空 ⇒ cltmissile）; 按官方 EType/mana/lvlmana/reqlevel 拼装	client/Assets/StreamingAssets/Table/Skill.tsv:130	公式求值相等
4860	tbl:Skill(150 id)|id=130	skills.txt:charclass → 本项目职业编号（CLASS_ORDER）; SkillDesc.txt:SkillPage（经 skills.txt:skilldesc 关联）; skills.txt:skill; skills.txt:Id; skills.txt:reqlevel; skills.txt:maxlvl; skills.txt:reqskill1 → 本项目技能编号（0=无）; skills.txt:skpoints; skills.txt:mana; skills.txt:lvlmana; rnd((skills.txt:MinDam + EMin) × 2^HitShift ÷ 256); rnd((skills.txt:MaxDam + EMax) × 2^HitShift ÷ 256); skills.txt:MinDam; skills.txt:MaxDam; skills.txt:EMin; skills.txt:EMax; skills.txt:MinLevDam1; skills.txt:MinLevDam2; skills.txt:MinLevDam3; skills.txt:MinLevDam4; skills.txt:MinLevDam5; skills.txt:MaxLevDam1; skills.txt:MaxLevDam2; skills.txt:MaxLevDam3; skills.txt:MaxLevDam4; skills.txt:MaxLevDam5; skills.txt:EMinLev1; skills.txt:EMinLev2; skills.txt:EMinLev3; skills.txt:EMinLev4; skills.txt:EMinLev5; skills.txt:EMaxLev1; skills.txt:EMaxLev2; skills.txt:EMaxLev3; skills.txt:EMaxLev4; skills.txt:EMaxLev5; skills.txt:HitShift; skills.txt:EType（空且有伤害 ⇒ phys）; skills.txt:passive; skills.txt:srvmissile（空 ⇒ cltmissile）; 按官方 EType/mana/lvlmana/reqlevel 拼装	client/Assets/StreamingAssets/Table/Skill.tsv:131	公式求值相等
4861	tbl:Skill(150 id)|id=131	skills.txt:charclass → 本项目职业编号（CLASS_ORDER）; SkillDesc.txt:SkillPage（经 skills.txt:skilldesc 关联）; skills.txt:skill; skills.txt:Id; skills.txt:reqlevel; skills.txt:maxlvl; skills.txt:reqskill1 → 本项目技能编号（0=无）; skills.txt:skpoints; skills.txt:mana; skills.txt:lvlmana; rnd((skills.txt:MinDam + EMin) × 2^HitShift ÷ 256); rnd((skills.txt:MaxDam + EMax) × 2^HitShift ÷ 256); skills.txt:MinDam; skills.txt:MaxDam; skills.txt:EMin; skills.txt:EMax; skills.txt:MinLevDam1; skills.txt:MinLevDam2; skills.txt:MinLevDam3; skills.txt:MinLevDam4; skills.txt:MinLevDam5; skills.txt:MaxLevDam1; skills.txt:MaxLevDam2; skills.txt:MaxLevDam3; skills.txt:MaxLevDam4; skills.txt:MaxLevDam5; skills.txt:EMinLev1; skills.txt:EMinLev2; skills.txt:EMinLev3; skills.txt:EMinLev4; skills.txt:EMinLev5; skills.txt:EMaxLev1; skills.txt:EMaxLev2; skills.txt:EMaxLev3; skills.txt:EMaxLev4; skills.txt:EMaxLev5; skills.txt:HitShift; skills.txt:EType（空且有伤害 ⇒ phys）; skills.txt:passive; skills.txt:srvmissile（空 ⇒ cltmissile）; 按官方 EType/mana/lvlmana/reqlevel 拼装	client/Assets/StreamingAssets/Table/Skill.tsv:132	公式求值相等
4862	tbl:Skill(150 id)|id=132	skills.txt:charclass → 本项目职业编号（CLASS_ORDER）; SkillDesc.txt:SkillPage（经 skills.txt:skilldesc 关联）; skills.txt:skill; skills.txt:Id; skills.txt:reqlevel; skills.txt:maxlvl; skills.txt:reqskill1 → 本项目技能编号（0=无）; skills.txt:skpoints; skills.txt:mana; skills.txt:lvlmana; rnd((skills.txt:MinDam + EMin) × 2^HitShift ÷ 256); rnd((skills.txt:MaxDam + EMax) × 2^HitShift ÷ 256); skills.txt:MinDam; skills.txt:MaxDam; skills.txt:EMin; skills.txt:EMax; skills.txt:MinLevDam1; skills.txt:MinLevDam2; skills.txt:MinLevDam3; skills.txt:MinLevDam4; skills.txt:MinLevDam5; skills.txt:MaxLevDam1; skills.txt:MaxLevDam2; skills.txt:MaxLevDam3; skills.txt:MaxLevDam4; skills.txt:MaxLevDam5; skills.txt:EMinLev1; skills.txt:EMinLev2; skills.txt:EMinLev3; skills.txt:EMinLev4; skills.txt:EMinLev5; skills.txt:EMaxLev1; skills.txt:EMaxLev2; skills.txt:EMaxLev3; skills.txt:EMaxLev4; skills.txt:EMaxLev5; skills.txt:HitShift; skills.txt:EType（空且有伤害 ⇒ phys）; skills.txt:passive; skills.txt:srvmissile（空 ⇒ cltmissile）; 按官方 EType/mana/lvlmana/reqlevel 拼装	client/Assets/StreamingAssets/Table/Skill.tsv:133	公式求值相等
4863	tbl:Skill(150 id)|id=133	skills.txt:charclass → 本项目职业编号（CLASS_ORDER）; SkillDesc.txt:SkillPage（经 skills.txt:skilldesc 关联）; skills.txt:skill; skills.txt:Id; skills.txt:reqlevel; skills.txt:maxlvl; skills.txt:reqskill1 → 本项目技能编号（0=无）; skills.txt:skpoints; skills.txt:mana; skills.txt:lvlmana; rnd((skills.txt:MinDam + EMin) × 2^HitShift ÷ 256); rnd((skills.txt:MaxDam + EMax) × 2^HitShift ÷ 256); skills.txt:MinDam; skills.txt:MaxDam; skills.txt:EMin; skills.txt:EMax; skills.txt:MinLevDam1; skills.txt:MinLevDam2; skills.txt:MinLevDam3; skills.txt:MinLevDam4; skills.txt:MinLevDam5; skills.txt:MaxLevDam1; skills.txt:MaxLevDam2; skills.txt:MaxLevDam3; skills.txt:MaxLevDam4; skills.txt:MaxLevDam5; skills.txt:EMinLev1; skills.txt:EMinLev2; skills.txt:EMinLev3; skills.txt:EMinLev4; skills.txt:EMinLev5; skills.txt:EMaxLev1; skills.txt:EMaxLev2; skills.txt:EMaxLev3; skills.txt:EMaxLev4; skills.txt:EMaxLev5; skills.txt:HitShift; skills.txt:EType（空且有伤害 ⇒ phys）; skills.txt:passive; skills.txt:srvmissile（空 ⇒ cltmissile）; 按官方 EType/mana/lvlmana/reqlevel 拼装	client/Assets/StreamingAssets/Table/Skill.tsv:134	公式求值相等
4864	tbl:Skill(150 id)|id=134	skills.txt:charclass → 本项目职业编号（CLASS_ORDER）; SkillDesc.txt:SkillPage（经 skills.txt:skilldesc 关联）; skills.txt:skill; skills.txt:Id; skills.txt:reqlevel; skills.txt:maxlvl; skills.txt:reqskill1 → 本项目技能编号（0=无）; skills.txt:skpoints; skills.txt:mana; skills.txt:lvlmana; rnd((skills.txt:MinDam + EMin) × 2^HitShift ÷ 256); rnd((skills.txt:MaxDam + EMax) × 2^HitShift ÷ 256); skills.txt:MinDam; skills.txt:MaxDam; skills.txt:EMin; skills.txt:EMax; skills.txt:MinLevDam1; skills.txt:MinLevDam2; skills.txt:MinLevDam3; skills.txt:MinLevDam4; skills.txt:MinLevDam5; skills.txt:MaxLevDam1; skills.txt:MaxLevDam2; skills.txt:MaxLevDam3; skills.txt:MaxLevDam4; skills.txt:MaxLevDam5; skills.txt:EMinLev1; skills.txt:EMinLev2; skills.txt:EMinLev3; skills.txt:EMinLev4; skills.txt:EMinLev5; skills.txt:EMaxLev1; skills.txt:EMaxLev2; skills.txt:EMaxLev3; skills.txt:EMaxLev4; skills.txt:EMaxLev5; skills.txt:HitShift; skills.txt:EType（空且有伤害 ⇒ phys）; skills.txt:passive; skills.txt:srvmissile（空 ⇒ cltmissile）; 按官方 EType/mana/lvlmana/reqlevel 拼装	client/Assets/StreamingAssets/Table/Skill.tsv:135	公式求值相等
4865	tbl:Skill(150 id)|id=135	skills.txt:charclass → 本项目职业编号（CLASS_ORDER）; SkillDesc.txt:SkillPage（经 skills.txt:skilldesc 关联）; skills.txt:skill; skills.txt:Id; skills.txt:reqlevel; skills.txt:maxlvl; skills.txt:reqskill1 → 本项目技能编号（0=无）; skills.txt:skpoints; skills.txt:mana; skills.txt:lvlmana; rnd((skills.txt:MinDam + EMin) × 2^HitShift ÷ 256); rnd((skills.txt:MaxDam + EMax) × 2^HitShift ÷ 256); skills.txt:MinDam; skills.txt:MaxDam; skills.txt:EMin; skills.txt:EMax; skills.txt:MinLevDam1; skills.txt:MinLevDam2; skills.txt:MinLevDam3; skills.txt:MinLevDam4; skills.txt:MinLevDam5; skills.txt:MaxLevDam1; skills.txt:MaxLevDam2; skills.txt:MaxLevDam3; skills.txt:MaxLevDam4; skills.txt:MaxLevDam5; skills.txt:EMinLev1; skills.txt:EMinLev2; skills.txt:EMinLev3; skills.txt:EMinLev4; skills.txt:EMinLev5; skills.txt:EMaxLev1; skills.txt:EMaxLev2; skills.txt:EMaxLev3; skills.txt:EMaxLev4; skills.txt:EMaxLev5; skills.txt:HitShift; skills.txt:EType（空且有伤害 ⇒ phys）; skills.txt:passive; skills.txt:srvmissile（空 ⇒ cltmissile）; 按官方 EType/mana/lvlmana/reqlevel 拼装	client/Assets/StreamingAssets/Table/Skill.tsv:136	公式求值相等
4866	tbl:Skill(150 id)|id=136	skills.txt:charclass → 本项目职业编号（CLASS_ORDER）; SkillDesc.txt:SkillPage（经 skills.txt:skilldesc 关联）; skills.txt:skill; skills.txt:Id; skills.txt:reqlevel; skills.txt:maxlvl; skills.txt:reqskill1 → 本项目技能编号（0=无）; skills.txt:skpoints; skills.txt:mana; skills.txt:lvlmana; rnd((skills.txt:MinDam + EMin) × 2^HitShift ÷ 256); rnd((skills.txt:MaxDam + EMax) × 2^HitShift ÷ 256); skills.txt:MinDam; skills.txt:MaxDam; skills.txt:EMin; skills.txt:EMax; skills.txt:MinLevDam1; skills.txt:MinLevDam2; skills.txt:MinLevDam3; skills.txt:MinLevDam4; skills.txt:MinLevDam5; skills.txt:MaxLevDam1; skills.txt:MaxLevDam2; skills.txt:MaxLevDam3; skills.txt:MaxLevDam4; skills.txt:MaxLevDam5; skills.txt:EMinLev1; skills.txt:EMinLev2; skills.txt:EMinLev3; skills.txt:EMinLev4; skills.txt:EMinLev5; skills.txt:EMaxLev1; skills.txt:EMaxLev2; skills.txt:EMaxLev3; skills.txt:EMaxLev4; skills.txt:EMaxLev5; skills.txt:HitShift; skills.txt:EType（空且有伤害 ⇒ phys）; skills.txt:passive; skills.txt:srvmissile（空 ⇒ cltmissile）; 按官方 EType/mana/lvlmana/reqlevel 拼装	client/Assets/StreamingAssets/Table/Skill.tsv:137	公式求值相等
4867	tbl:Skill(150 id)|id=137	skills.txt:charclass → 本项目职业编号（CLASS_ORDER）; SkillDesc.txt:SkillPage（经 skills.txt:skilldesc 关联）; skills.txt:skill; skills.txt:Id; skills.txt:reqlevel; skills.txt:maxlvl; skills.txt:reqskill1 → 本项目技能编号（0=无）; skills.txt:skpoints; skills.txt:mana; skills.txt:lvlmana; rnd((skills.txt:MinDam + EMin) × 2^HitShift ÷ 256); rnd((skills.txt:MaxDam + EMax) × 2^HitShift ÷ 256); skills.txt:MinDam; skills.txt:MaxDam; skills.txt:EMin; skills.txt:EMax; skills.txt:MinLevDam1; skills.txt:MinLevDam2; skills.txt:MinLevDam3; skills.txt:MinLevDam4; skills.txt:MinLevDam5; skills.txt:MaxLevDam1; skills.txt:MaxLevDam2; skills.txt:MaxLevDam3; skills.txt:MaxLevDam4; skills.txt:MaxLevDam5; skills.txt:EMinLev1; skills.txt:EMinLev2; skills.txt:EMinLev3; skills.txt:EMinLev4; skills.txt:EMinLev5; skills.txt:EMaxLev1; skills.txt:EMaxLev2; skills.txt:EMaxLev3; skills.txt:EMaxLev4; skills.txt:EMaxLev5; skills.txt:HitShift; skills.txt:EType（空且有伤害 ⇒ phys）; skills.txt:passive; skills.txt:srvmissile（空 ⇒ cltmissile）; 按官方 EType/mana/lvlmana/reqlevel 拼装	client/Assets/StreamingAssets/Table/Skill.tsv:138	公式求值相等
4868	tbl:Skill(150 id)|id=138	skills.txt:charclass → 本项目职业编号（CLASS_ORDER）; SkillDesc.txt:SkillPage（经 skills.txt:skilldesc 关联）; skills.txt:skill; skills.txt:Id; skills.txt:reqlevel; skills.txt:maxlvl; skills.txt:reqskill1 → 本项目技能编号（0=无）; skills.txt:skpoints; skills.txt:mana; skills.txt:lvlmana; rnd((skills.txt:MinDam + EMin) × 2^HitShift ÷ 256); rnd((skills.txt:MaxDam + EMax) × 2^HitShift ÷ 256); skills.txt:MinDam; skills.txt:MaxDam; skills.txt:EMin; skills.txt:EMax; skills.txt:MinLevDam1; skills.txt:MinLevDam2; skills.txt:MinLevDam3; skills.txt:MinLevDam4; skills.txt:MinLevDam5; skills.txt:MaxLevDam1; skills.txt:MaxLevDam2; skills.txt:MaxLevDam3; skills.txt:MaxLevDam4; skills.txt:MaxLevDam5; skills.txt:EMinLev1; skills.txt:EMinLev2; skills.txt:EMinLev3; skills.txt:EMinLev4; skills.txt:EMinLev5; skills.txt:EMaxLev1; skills.txt:EMaxLev2; skills.txt:EMaxLev3; skills.txt:EMaxLev4; skills.txt:EMaxLev5; skills.txt:HitShift; skills.txt:EType（空且有伤害 ⇒ phys）; skills.txt:passive; skills.txt:srvmissile（空 ⇒ cltmissile）; 按官方 EType/mana/lvlmana/reqlevel 拼装	client/Assets/StreamingAssets/Table/Skill.tsv:139	公式求值相等
4869	tbl:Skill(150 id)|id=139	skills.txt:charclass → 本项目职业编号（CLASS_ORDER）; SkillDesc.txt:SkillPage（经 skills.txt:skilldesc 关联）; skills.txt:skill; skills.txt:Id; skills.txt:reqlevel; skills.txt:maxlvl; skills.txt:reqskill1 → 本项目技能编号（0=无）; skills.txt:skpoints; skills.txt:mana; skills.txt:lvlmana; rnd((skills.txt:MinDam + EMin) × 2^HitShift ÷ 256); rnd((skills.txt:MaxDam + EMax) × 2^HitShift ÷ 256); skills.txt:MinDam; skills.txt:MaxDam; skills.txt:EMin; skills.txt:EMax; skills.txt:MinLevDam1; skills.txt:MinLevDam2; skills.txt:MinLevDam3; skills.txt:MinLevDam4; skills.txt:MinLevDam5; skills.txt:MaxLevDam1; skills.txt:MaxLevDam2; skills.txt:MaxLevDam3; skills.txt:MaxLevDam4; skills.txt:MaxLevDam5; skills.txt:EMinLev1; skills.txt:EMinLev2; skills.txt:EMinLev3; skills.txt:EMinLev4; skills.txt:EMinLev5; skills.txt:EMaxLev1; skills.txt:EMaxLev2; skills.txt:EMaxLev3; skills.txt:EMaxLev4; skills.txt:EMaxLev5; skills.txt:HitShift; skills.txt:EType（空且有伤害 ⇒ phys）; skills.txt:passive; skills.txt:srvmissile（空 ⇒ cltmissile）; 按官方 EType/mana/lvlmana/reqlevel 拼装	client/Assets/StreamingAssets/Table/Skill.tsv:140	公式求值相等
4870	tbl:Skill(150 id)|id=140	skills.txt:charclass → 本项目职业编号（CLASS_ORDER）; SkillDesc.txt:SkillPage（经 skills.txt:skilldesc 关联）; skills.txt:skill; skills.txt:Id; skills.txt:reqlevel; skills.txt:maxlvl; skills.txt:reqskill1 → 本项目技能编号（0=无）; skills.txt:skpoints; skills.txt:mana; skills.txt:lvlmana; rnd((skills.txt:MinDam + EMin) × 2^HitShift ÷ 256); rnd((skills.txt:MaxDam + EMax) × 2^HitShift ÷ 256); skills.txt:MinDam; skills.txt:MaxDam; skills.txt:EMin; skills.txt:EMax; skills.txt:MinLevDam1; skills.txt:MinLevDam2; skills.txt:MinLevDam3; skills.txt:MinLevDam4; skills.txt:MinLevDam5; skills.txt:MaxLevDam1; skills.txt:MaxLevDam2; skills.txt:MaxLevDam3; skills.txt:MaxLevDam4; skills.txt:MaxLevDam5; skills.txt:EMinLev1; skills.txt:EMinLev2; skills.txt:EMinLev3; skills.txt:EMinLev4; skills.txt:EMinLev5; skills.txt:EMaxLev1; skills.txt:EMaxLev2; skills.txt:EMaxLev3; skills.txt:EMaxLev4; skills.txt:EMaxLev5; skills.txt:HitShift; skills.txt:EType（空且有伤害 ⇒ phys）; skills.txt:passive; skills.txt:srvmissile（空 ⇒ cltmissile）; 按官方 EType/mana/lvlmana/reqlevel 拼装	client/Assets/StreamingAssets/Table/Skill.tsv:141	公式求值相等
4871	tbl:Skill(150 id)|id=141	skills.txt:charclass → 本项目职业编号（CLASS_ORDER）; SkillDesc.txt:SkillPage（经 skills.txt:skilldesc 关联）; skills.txt:skill; skills.txt:Id; skills.txt:reqlevel; skills.txt:maxlvl; skills.txt:reqskill1 → 本项目技能编号（0=无）; skills.txt:skpoints; skills.txt:mana; skills.txt:lvlmana; rnd((skills.txt:MinDam + EMin) × 2^HitShift ÷ 256); rnd((skills.txt:MaxDam + EMax) × 2^HitShift ÷ 256); skills.txt:MinDam; skills.txt:MaxDam; skills.txt:EMin; skills.txt:EMax; skills.txt:MinLevDam1; skills.txt:MinLevDam2; skills.txt:MinLevDam3; skills.txt:MinLevDam4; skills.txt:MinLevDam5; skills.txt:MaxLevDam1; skills.txt:MaxLevDam2; skills.txt:MaxLevDam3; skills.txt:MaxLevDam4; skills.txt:MaxLevDam5; skills.txt:EMinLev1; skills.txt:EMinLev2; skills.txt:EMinLev3; skills.txt:EMinLev4; skills.txt:EMinLev5; skills.txt:EMaxLev1; skills.txt:EMaxLev2; skills.txt:EMaxLev3; skills.txt:EMaxLev4; skills.txt:EMaxLev5; skills.txt:HitShift; skills.txt:EType（空且有伤害 ⇒ phys）; skills.txt:passive; skills.txt:srvmissile（空 ⇒ cltmissile）; 按官方 EType/mana/lvlmana/reqlevel 拼装	client/Assets/StreamingAssets/Table/Skill.tsv:142	公式求值相等
4872	tbl:Skill(150 id)|id=142	skills.txt:charclass → 本项目职业编号（CLASS_ORDER）; SkillDesc.txt:SkillPage（经 skills.txt:skilldesc 关联）; skills.txt:skill; skills.txt:Id; skills.txt:reqlevel; skills.txt:maxlvl; skills.txt:reqskill1 → 本项目技能编号（0=无）; skills.txt:skpoints; skills.txt:mana; skills.txt:lvlmana; rnd((skills.txt:MinDam + EMin) × 2^HitShift ÷ 256); rnd((skills.txt:MaxDam + EMax) × 2^HitShift ÷ 256); skills.txt:MinDam; skills.txt:MaxDam; skills.txt:EMin; skills.txt:EMax; skills.txt:MinLevDam1; skills.txt:MinLevDam2; skills.txt:MinLevDam3; skills.txt:MinLevDam4; skills.txt:MinLevDam5; skills.txt:MaxLevDam1; skills.txt:MaxLevDam2; skills.txt:MaxLevDam3; skills.txt:MaxLevDam4; skills.txt:MaxLevDam5; skills.txt:EMinLev1; skills.txt:EMinLev2; skills.txt:EMinLev3; skills.txt:EMinLev4; skills.txt:EMinLev5; skills.txt:EMaxLev1; skills.txt:EMaxLev2; skills.txt:EMaxLev3; skills.txt:EMaxLev4; skills.txt:EMaxLev5; skills.txt:HitShift; skills.txt:EType（空且有伤害 ⇒ phys）; skills.txt:passive; skills.txt:srvmissile（空 ⇒ cltmissile）; 按官方 EType/mana/lvlmana/reqlevel 拼装	client/Assets/StreamingAssets/Table/Skill.tsv:143	公式求值相等
4873	tbl:Skill(150 id)|id=143	skills.txt:charclass → 本项目职业编号（CLASS_ORDER）; SkillDesc.txt:SkillPage（经 skills.txt:skilldesc 关联）; skills.txt:skill; skills.txt:Id; skills.txt:reqlevel; skills.txt:maxlvl; skills.txt:reqskill1 → 本项目技能编号（0=无）; skills.txt:skpoints; skills.txt:mana; skills.txt:lvlmana; rnd((skills.txt:MinDam + EMin) × 2^HitShift ÷ 256); rnd((skills.txt:MaxDam + EMax) × 2^HitShift ÷ 256); skills.txt:MinDam; skills.txt:MaxDam; skills.txt:EMin; skills.txt:EMax; skills.txt:MinLevDam1; skills.txt:MinLevDam2; skills.txt:MinLevDam3; skills.txt:MinLevDam4; skills.txt:MinLevDam5; skills.txt:MaxLevDam1; skills.txt:MaxLevDam2; skills.txt:MaxLevDam3; skills.txt:MaxLevDam4; skills.txt:MaxLevDam5; skills.txt:EMinLev1; skills.txt:EMinLev2; skills.txt:EMinLev3; skills.txt:EMinLev4; skills.txt:EMinLev5; skills.txt:EMaxLev1; skills.txt:EMaxLev2; skills.txt:EMaxLev3; skills.txt:EMaxLev4; skills.txt:EMaxLev5; skills.txt:HitShift; skills.txt:EType（空且有伤害 ⇒ phys）; skills.txt:passive; skills.txt:srvmissile（空 ⇒ cltmissile）; 按官方 EType/mana/lvlmana/reqlevel 拼装	client/Assets/StreamingAssets/Table/Skill.tsv:144	公式求值相等
4874	tbl:Skill(150 id)|id=144	skills.txt:charclass → 本项目职业编号（CLASS_ORDER）; SkillDesc.txt:SkillPage（经 skills.txt:skilldesc 关联）; skills.txt:skill; skills.txt:Id; skills.txt:reqlevel; skills.txt:maxlvl; skills.txt:reqskill1 → 本项目技能编号（0=无）; skills.txt:skpoints; skills.txt:mana; skills.txt:lvlmana; rnd((skills.txt:MinDam + EMin) × 2^HitShift ÷ 256); rnd((skills.txt:MaxDam + EMax) × 2^HitShift ÷ 256); skills.txt:MinDam; skills.txt:MaxDam; skills.txt:EMin; skills.txt:EMax; skills.txt:MinLevDam1; skills.txt:MinLevDam2; skills.txt:MinLevDam3; skills.txt:MinLevDam4; skills.txt:MinLevDam5; skills.txt:MaxLevDam1; skills.txt:MaxLevDam2; skills.txt:MaxLevDam3; skills.txt:MaxLevDam4; skills.txt:MaxLevDam5; skills.txt:EMinLev1; skills.txt:EMinLev2; skills.txt:EMinLev3; skills.txt:EMinLev4; skills.txt:EMinLev5; skills.txt:EMaxLev1; skills.txt:EMaxLev2; skills.txt:EMaxLev3; skills.txt:EMaxLev4; skills.txt:EMaxLev5; skills.txt:HitShift; skills.txt:EType（空且有伤害 ⇒ phys）; skills.txt:passive; skills.txt:srvmissile（空 ⇒ cltmissile）; 按官方 EType/mana/lvlmana/reqlevel 拼装	client/Assets/StreamingAssets/Table/Skill.tsv:145	公式求值相等
4875	tbl:Skill(150 id)|id=145	skills.txt:charclass → 本项目职业编号（CLASS_ORDER）; SkillDesc.txt:SkillPage（经 skills.txt:skilldesc 关联）; skills.txt:skill; skills.txt:Id; skills.txt:reqlevel; skills.txt:maxlvl; skills.txt:reqskill1 → 本项目技能编号（0=无）; skills.txt:skpoints; skills.txt:mana; skills.txt:lvlmana; rnd((skills.txt:MinDam + EMin) × 2^HitShift ÷ 256); rnd((skills.txt:MaxDam + EMax) × 2^HitShift ÷ 256); skills.txt:MinDam; skills.txt:MaxDam; skills.txt:EMin; skills.txt:EMax; skills.txt:MinLevDam1; skills.txt:MinLevDam2; skills.txt:MinLevDam3; skills.txt:MinLevDam4; skills.txt:MinLevDam5; skills.txt:MaxLevDam1; skills.txt:MaxLevDam2; skills.txt:MaxLevDam3; skills.txt:MaxLevDam4; skills.txt:MaxLevDam5; skills.txt:EMinLev1; skills.txt:EMinLev2; skills.txt:EMinLev3; skills.txt:EMinLev4; skills.txt:EMinLev5; skills.txt:EMaxLev1; skills.txt:EMaxLev2; skills.txt:EMaxLev3; skills.txt:EMaxLev4; skills.txt:EMaxLev5; skills.txt:HitShift; skills.txt:EType（空且有伤害 ⇒ phys）; skills.txt:passive; skills.txt:srvmissile（空 ⇒ cltmissile）; 按官方 EType/mana/lvlmana/reqlevel 拼装	client/Assets/StreamingAssets/Table/Skill.tsv:146	公式求值相等
4876	tbl:Skill(150 id)|id=146	skills.txt:charclass → 本项目职业编号（CLASS_ORDER）; SkillDesc.txt:SkillPage（经 skills.txt:skilldesc 关联）; skills.txt:skill; skills.txt:Id; skills.txt:reqlevel; skills.txt:maxlvl; skills.txt:reqskill1 → 本项目技能编号（0=无）; skills.txt:skpoints; skills.txt:mana; skills.txt:lvlmana; rnd((skills.txt:MinDam + EMin) × 2^HitShift ÷ 256); rnd((skills.txt:MaxDam + EMax) × 2^HitShift ÷ 256); skills.txt:MinDam; skills.txt:MaxDam; skills.txt:EMin; skills.txt:EMax; skills.txt:MinLevDam1; skills.txt:MinLevDam2; skills.txt:MinLevDam3; skills.txt:MinLevDam4; skills.txt:MinLevDam5; skills.txt:MaxLevDam1; skills.txt:MaxLevDam2; skills.txt:MaxLevDam3; skills.txt:MaxLevDam4; skills.txt:MaxLevDam5; skills.txt:EMinLev1; skills.txt:EMinLev2; skills.txt:EMinLev3; skills.txt:EMinLev4; skills.txt:EMinLev5; skills.txt:EMaxLev1; skills.txt:EMaxLev2; skills.txt:EMaxLev3; skills.txt:EMaxLev4; skills.txt:EMaxLev5; skills.txt:HitShift; skills.txt:EType（空且有伤害 ⇒ phys）; skills.txt:passive; skills.txt:srvmissile（空 ⇒ cltmissile）; 按官方 EType/mana/lvlmana/reqlevel 拼装	client/Assets/StreamingAssets/Table/Skill.tsv:147	公式求值相等
4877	tbl:Skill(150 id)|id=147	skills.txt:charclass → 本项目职业编号（CLASS_ORDER）; SkillDesc.txt:SkillPage（经 skills.txt:skilldesc 关联）; skills.txt:skill; skills.txt:Id; skills.txt:reqlevel; skills.txt:maxlvl; skills.txt:reqskill1 → 本项目技能编号（0=无）; skills.txt:skpoints; skills.txt:mana; skills.txt:lvlmana; rnd((skills.txt:MinDam + EMin) × 2^HitShift ÷ 256); rnd((skills.txt:MaxDam + EMax) × 2^HitShift ÷ 256); skills.txt:MinDam; skills.txt:MaxDam; skills.txt:EMin; skills.txt:EMax; skills.txt:MinLevDam1; skills.txt:MinLevDam2; skills.txt:MinLevDam3; skills.txt:MinLevDam4; skills.txt:MinLevDam5; skills.txt:MaxLevDam1; skills.txt:MaxLevDam2; skills.txt:MaxLevDam3; skills.txt:MaxLevDam4; skills.txt:MaxLevDam5; skills.txt:EMinLev1; skills.txt:EMinLev2; skills.txt:EMinLev3; skills.txt:EMinLev4; skills.txt:EMinLev5; skills.txt:EMaxLev1; skills.txt:EMaxLev2; skills.txt:EMaxLev3; skills.txt:EMaxLev4; skills.txt:EMaxLev5; skills.txt:HitShift; skills.txt:EType（空且有伤害 ⇒ phys）; skills.txt:passive; skills.txt:srvmissile（空 ⇒ cltmissile）; 按官方 EType/mana/lvlmana/reqlevel 拼装	client/Assets/StreamingAssets/Table/Skill.tsv:148	公式求值相等
4878	tbl:Skill(150 id)|id=148	skills.txt:charclass → 本项目职业编号（CLASS_ORDER）; SkillDesc.txt:SkillPage（经 skills.txt:skilldesc 关联）; skills.txt:skill; skills.txt:Id; skills.txt:reqlevel; skills.txt:maxlvl; skills.txt:reqskill1 → 本项目技能编号（0=无）; skills.txt:skpoints; skills.txt:mana; skills.txt:lvlmana; rnd((skills.txt:MinDam + EMin) × 2^HitShift ÷ 256); rnd((skills.txt:MaxDam + EMax) × 2^HitShift ÷ 256); skills.txt:MinDam; skills.txt:MaxDam; skills.txt:EMin; skills.txt:EMax; skills.txt:MinLevDam1; skills.txt:MinLevDam2; skills.txt:MinLevDam3; skills.txt:MinLevDam4; skills.txt:MinLevDam5; skills.txt:MaxLevDam1; skills.txt:MaxLevDam2; skills.txt:MaxLevDam3; skills.txt:MaxLevDam4; skills.txt:MaxLevDam5; skills.txt:EMinLev1; skills.txt:EMinLev2; skills.txt:EMinLev3; skills.txt:EMinLev4; skills.txt:EMinLev5; skills.txt:EMaxLev1; skills.txt:EMaxLev2; skills.txt:EMaxLev3; skills.txt:EMaxLev4; skills.txt:EMaxLev5; skills.txt:HitShift; skills.txt:EType（空且有伤害 ⇒ phys）; skills.txt:passive; skills.txt:srvmissile（空 ⇒ cltmissile）; 按官方 EType/mana/lvlmana/reqlevel 拼装	client/Assets/StreamingAssets/Table/Skill.tsv:149	公式求值相等
4879	tbl:Skill(150 id)|id=149	skills.txt:charclass → 本项目职业编号（CLASS_ORDER）; SkillDesc.txt:SkillPage（经 skills.txt:skilldesc 关联）; skills.txt:skill; skills.txt:Id; skills.txt:reqlevel; skills.txt:maxlvl; skills.txt:reqskill1 → 本项目技能编号（0=无）; skills.txt:skpoints; skills.txt:mana; skills.txt:lvlmana; rnd((skills.txt:MinDam + EMin) × 2^HitShift ÷ 256); rnd((skills.txt:MaxDam + EMax) × 2^HitShift ÷ 256); skills.txt:MinDam; skills.txt:MaxDam; skills.txt:EMin; skills.txt:EMax; skills.txt:MinLevDam1; skills.txt:MinLevDam2; skills.txt:MinLevDam3; skills.txt:MinLevDam4; skills.txt:MinLevDam5; skills.txt:MaxLevDam1; skills.txt:MaxLevDam2; skills.txt:MaxLevDam3; skills.txt:MaxLevDam4; skills.txt:MaxLevDam5; skills.txt:EMinLev1; skills.txt:EMinLev2; skills.txt:EMinLev3; skills.txt:EMinLev4; skills.txt:EMinLev5; skills.txt:EMaxLev1; skills.txt:EMaxLev2; skills.txt:EMaxLev3; skills.txt:EMaxLev4; skills.txt:EMaxLev5; skills.txt:HitShift; skills.txt:EType（空且有伤害 ⇒ phys）; skills.txt:passive; skills.txt:srvmissile（空 ⇒ cltmissile）; 按官方 EType/mana/lvlmana/reqlevel 拼装	client/Assets/StreamingAssets/Table/Skill.tsv:150	公式求值相等
4880	tbl:Skill(150 id)|id=150	skills.txt:charclass → 本项目职业编号（CLASS_ORDER）; SkillDesc.txt:SkillPage（经 skills.txt:skilldesc 关联）; skills.txt:skill; skills.txt:Id; skills.txt:reqlevel; skills.txt:maxlvl; skills.txt:reqskill1 → 本项目技能编号（0=无）; skills.txt:skpoints; skills.txt:mana; skills.txt:lvlmana; rnd((skills.txt:MinDam + EMin) × 2^HitShift ÷ 256); rnd((skills.txt:MaxDam + EMax) × 2^HitShift ÷ 256); skills.txt:MinDam; skills.txt:MaxDam; skills.txt:EMin; skills.txt:EMax; skills.txt:MinLevDam1; skills.txt:MinLevDam2; skills.txt:MinLevDam3; skills.txt:MinLevDam4; skills.txt:MinLevDam5; skills.txt:MaxLevDam1; skills.txt:MaxLevDam2; skills.txt:MaxLevDam3; skills.txt:MaxLevDam4; skills.txt:MaxLevDam5; skills.txt:EMinLev1; skills.txt:EMinLev2; skills.txt:EMinLev3; skills.txt:EMinLev4; skills.txt:EMinLev5; skills.txt:EMaxLev1; skills.txt:EMaxLev2; skills.txt:EMaxLev3; skills.txt:EMaxLev4; skills.txt:EMaxLev5; skills.txt:HitShift; skills.txt:EType（空且有伤害 ⇒ phys）; skills.txt:passive; skills.txt:srvmissile（空 ⇒ cltmissile）; 按官方 EType/mana/lvlmana/reqlevel 拼装	client/Assets/StreamingAssets/Table/Skill.tsv:151	公式求值相等
4883	tbl:Treasureclass(58 id)|id=Act 1 Bow A	TreasureClassEx.txt:Treasure Class; TreasureClassEx.txt:group; TreasureClassEx.txt:level; TreasureClassEx.txt:Picks; TreasureClassEx.txt:NoDrop; TreasureClassEx.txt:Item1..Item10 / Prob1..Prob10; Item1..Item10 中指向另一个 TC 的项; TreasureClassEx.txt:Unique; TreasureClassEx.txt:Set; TreasureClassEx.txt:Rare; TreasureClassEx.txt:Magic; 是否 Act 1 闭包起点（引用闭包引用而来）	client/Assets/StreamingAssets/Table/Treasureclass.tsv:2	公式求值相等
4884	tbl:Treasureclass(58 id)|id=Act 1 Bow B	TreasureClassEx.txt:Treasure Class; TreasureClassEx.txt:group; TreasureClassEx.txt:level; TreasureClassEx.txt:Picks; TreasureClassEx.txt:NoDrop; TreasureClassEx.txt:Item1..Item10 / Prob1..Prob10; Item1..Item10 中指向另一个 TC 的项; TreasureClassEx.txt:Unique; TreasureClassEx.txt:Set; TreasureClassEx.txt:Rare; TreasureClassEx.txt:Magic; 是否 Act 1 闭包起点（引用闭包引用而来）	client/Assets/StreamingAssets/Table/Treasureclass.tsv:3	公式求值相等
4885	tbl:Treasureclass(58 id)|id=Act 1 Bow C	TreasureClassEx.txt:Treasure Class; TreasureClassEx.txt:group; TreasureClassEx.txt:level; TreasureClassEx.txt:Picks; TreasureClassEx.txt:NoDrop; TreasureClassEx.txt:Item1..Item10 / Prob1..Prob10; Item1..Item10 中指向另一个 TC 的项; TreasureClassEx.txt:Unique; TreasureClassEx.txt:Set; TreasureClassEx.txt:Rare; TreasureClassEx.txt:Magic; 是否 Act 1 闭包起点（引用闭包引用而来）	client/Assets/StreamingAssets/Table/Treasureclass.tsv:4	公式求值相等
4886	tbl:Treasureclass(58 id)|id=Act 1 Cast A	TreasureClassEx.txt:Treasure Class; TreasureClassEx.txt:group; TreasureClassEx.txt:level; TreasureClassEx.txt:Picks; TreasureClassEx.txt:NoDrop; TreasureClassEx.txt:Item1..Item10 / Prob1..Prob10; Item1..Item10 中指向另一个 TC 的项; TreasureClassEx.txt:Unique; TreasureClassEx.txt:Set; TreasureClassEx.txt:Rare; TreasureClassEx.txt:Magic; 是否 Act 1 闭包起点（引用闭包引用而来）	client/Assets/StreamingAssets/Table/Treasureclass.tsv:5	公式求值相等
4887	tbl:Treasureclass(58 id)|id=Act 1 Cast B	TreasureClassEx.txt:Treasure Class; TreasureClassEx.txt:group; TreasureClassEx.txt:level; TreasureClassEx.txt:Picks; TreasureClassEx.txt:NoDrop; TreasureClassEx.txt:Item1..Item10 / Prob1..Prob10; Item1..Item10 中指向另一个 TC 的项; TreasureClassEx.txt:Unique; TreasureClassEx.txt:Set; TreasureClassEx.txt:Rare; TreasureClassEx.txt:Magic; 是否 Act 1 闭包起点（引用闭包引用而来）	client/Assets/StreamingAssets/Table/Treasureclass.tsv:6	公式求值相等
4888	tbl:Treasureclass(58 id)|id=Act 1 Cast C	TreasureClassEx.txt:Treasure Class; TreasureClassEx.txt:group; TreasureClassEx.txt:level; TreasureClassEx.txt:Picks; TreasureClassEx.txt:NoDrop; TreasureClassEx.txt:Item1..Item10 / Prob1..Prob10; Item1..Item10 中指向另一个 TC 的项; TreasureClassEx.txt:Unique; TreasureClassEx.txt:Set; TreasureClassEx.txt:Rare; TreasureClassEx.txt:Magic; 是否 Act 1 闭包起点（引用闭包引用而来）	client/Assets/StreamingAssets/Table/Treasureclass.tsv:7	公式求值相等
4889	tbl:Treasureclass(58 id)|id=Act 1 Champ A	TreasureClassEx.txt:Treasure Class; TreasureClassEx.txt:group; TreasureClassEx.txt:level; TreasureClassEx.txt:Picks; TreasureClassEx.txt:NoDrop; TreasureClassEx.txt:Item1..Item10 / Prob1..Prob10; Item1..Item10 中指向另一个 TC 的项; TreasureClassEx.txt:Unique; TreasureClassEx.txt:Set; TreasureClassEx.txt:Rare; TreasureClassEx.txt:Magic; 是否 Act 1 闭包起点（引用闭包引用而来）	client/Assets/StreamingAssets/Table/Treasureclass.tsv:8	公式求值相等
4890	tbl:Treasureclass(58 id)|id=Act 1 Champ B	TreasureClassEx.txt:Treasure Class; TreasureClassEx.txt:group; TreasureClassEx.txt:level; TreasureClassEx.txt:Picks; TreasureClassEx.txt:NoDrop; TreasureClassEx.txt:Item1..Item10 / Prob1..Prob10; Item1..Item10 中指向另一个 TC 的项; TreasureClassEx.txt:Unique; TreasureClassEx.txt:Set; TreasureClassEx.txt:Rare; TreasureClassEx.txt:Magic; 是否 Act 1 闭包起点（引用闭包引用而来）	client/Assets/StreamingAssets/Table/Treasureclass.tsv:9	公式求值相等
4891	tbl:Treasureclass(58 id)|id=Act 1 Champ C	TreasureClassEx.txt:Treasure Class; TreasureClassEx.txt:group; TreasureClassEx.txt:level; TreasureClassEx.txt:Picks; TreasureClassEx.txt:NoDrop; TreasureClassEx.txt:Item1..Item10 / Prob1..Prob10; Item1..Item10 中指向另一个 TC 的项; TreasureClassEx.txt:Unique; TreasureClassEx.txt:Set; TreasureClassEx.txt:Rare; TreasureClassEx.txt:Magic; 是否 Act 1 闭包起点（引用闭包引用而来）	client/Assets/StreamingAssets/Table/Treasureclass.tsv:10	公式求值相等
4892	tbl:Treasureclass(58 id)|id=Act 1 Chest A	TreasureClassEx.txt:Treasure Class; TreasureClassEx.txt:group; TreasureClassEx.txt:level; TreasureClassEx.txt:Picks; TreasureClassEx.txt:NoDrop; TreasureClassEx.txt:Item1..Item10 / Prob1..Prob10; Item1..Item10 中指向另一个 TC 的项; TreasureClassEx.txt:Unique; TreasureClassEx.txt:Set; TreasureClassEx.txt:Rare; TreasureClassEx.txt:Magic; 是否 Act 1 闭包起点（引用闭包引用而来）	client/Assets/StreamingAssets/Table/Treasureclass.tsv:11	公式求值相等
4893	tbl:Treasureclass(58 id)|id=Act 1 Chest B	TreasureClassEx.txt:Treasure Class; TreasureClassEx.txt:group; TreasureClassEx.txt:level; TreasureClassEx.txt:Picks; TreasureClassEx.txt:NoDrop; TreasureClassEx.txt:Item1..Item10 / Prob1..Prob10; Item1..Item10 中指向另一个 TC 的项; TreasureClassEx.txt:Unique; TreasureClassEx.txt:Set; TreasureClassEx.txt:Rare; TreasureClassEx.txt:Magic; 是否 Act 1 闭包起点（引用闭包引用而来）	client/Assets/StreamingAssets/Table/Treasureclass.tsv:12	公式求值相等
4894	tbl:Treasureclass(58 id)|id=Act 1 Chest C	TreasureClassEx.txt:Treasure Class; TreasureClassEx.txt:group; TreasureClassEx.txt:level; TreasureClassEx.txt:Picks; TreasureClassEx.txt:NoDrop; TreasureClassEx.txt:Item1..Item10 / Prob1..Prob10; Item1..Item10 中指向另一个 TC 的项; TreasureClassEx.txt:Unique; TreasureClassEx.txt:Set; TreasureClassEx.txt:Rare; TreasureClassEx.txt:Magic; 是否 Act 1 闭包起点（引用闭包引用而来）	client/Assets/StreamingAssets/Table/Treasureclass.tsv:13	公式求值相等
4895	tbl:Treasureclass(58 id)|id=Act 1 Citem A	TreasureClassEx.txt:Treasure Class; TreasureClassEx.txt:group; TreasureClassEx.txt:level; TreasureClassEx.txt:Picks; TreasureClassEx.txt:NoDrop; TreasureClassEx.txt:Item1..Item10 / Prob1..Prob10; Item1..Item10 中指向另一个 TC 的项; TreasureClassEx.txt:Unique; TreasureClassEx.txt:Set; TreasureClassEx.txt:Rare; TreasureClassEx.txt:Magic; 是否 Act 1 闭包起点（引用闭包引用而来）	client/Assets/StreamingAssets/Table/Treasureclass.tsv:14	公式求值相等
4896	tbl:Treasureclass(58 id)|id=Act 1 Citem B	TreasureClassEx.txt:Treasure Class; TreasureClassEx.txt:group; TreasureClassEx.txt:level; TreasureClassEx.txt:Picks; TreasureClassEx.txt:NoDrop; TreasureClassEx.txt:Item1..Item10 / Prob1..Prob10; Item1..Item10 中指向另一个 TC 的项; TreasureClassEx.txt:Unique; TreasureClassEx.txt:Set; TreasureClassEx.txt:Rare; TreasureClassEx.txt:Magic; 是否 Act 1 闭包起点（引用闭包引用而来）	client/Assets/StreamingAssets/Table/Treasureclass.tsv:15	公式求值相等
4897	tbl:Treasureclass(58 id)|id=Act 1 Citem C	TreasureClassEx.txt:Treasure Class; TreasureClassEx.txt:group; TreasureClassEx.txt:level; TreasureClassEx.txt:Picks; TreasureClassEx.txt:NoDrop; TreasureClassEx.txt:Item1..Item10 / Prob1..Prob10; Item1..Item10 中指向另一个 TC 的项; TreasureClassEx.txt:Unique; TreasureClassEx.txt:Set; TreasureClassEx.txt:Rare; TreasureClassEx.txt:Magic; 是否 Act 1 闭包起点（引用闭包引用而来）	client/Assets/StreamingAssets/Table/Treasureclass.tsv:16	公式求值相等
4898	tbl:Treasureclass(58 id)|id=Act 1 Cpot A	TreasureClassEx.txt:Treasure Class; TreasureClassEx.txt:group; TreasureClassEx.txt:level; TreasureClassEx.txt:Picks; TreasureClassEx.txt:NoDrop; TreasureClassEx.txt:Item1..Item10 / Prob1..Prob10; Item1..Item10 中指向另一个 TC 的项; TreasureClassEx.txt:Unique; TreasureClassEx.txt:Set; TreasureClassEx.txt:Rare; TreasureClassEx.txt:Magic; 是否 Act 1 闭包起点（引用闭包引用而来）	client/Assets/StreamingAssets/Table/Treasureclass.tsv:17	公式求值相等
4899	tbl:Treasureclass(58 id)|id=Act 1 Cpot B	TreasureClassEx.txt:Treasure Class; TreasureClassEx.txt:group; TreasureClassEx.txt:level; TreasureClassEx.txt:Picks; TreasureClassEx.txt:NoDrop; TreasureClassEx.txt:Item1..Item10 / Prob1..Prob10; Item1..Item10 中指向另一个 TC 的项; TreasureClassEx.txt:Unique; TreasureClassEx.txt:Set; TreasureClassEx.txt:Rare; TreasureClassEx.txt:Magic; 是否 Act 1 闭包起点（引用闭包引用而来）	client/Assets/StreamingAssets/Table/Treasureclass.tsv:18	公式求值相等
4900	tbl:Treasureclass(58 id)|id=Act 1 Cpot C	TreasureClassEx.txt:Treasure Class; TreasureClassEx.txt:group; TreasureClassEx.txt:level; TreasureClassEx.txt:Picks; TreasureClassEx.txt:NoDrop; TreasureClassEx.txt:Item1..Item10 / Prob1..Prob10; Item1..Item10 中指向另一个 TC 的项; TreasureClassEx.txt:Unique; TreasureClassEx.txt:Set; TreasureClassEx.txt:Rare; TreasureClassEx.txt:Magic; 是否 Act 1 闭包起点（引用闭包引用而来）	client/Assets/StreamingAssets/Table/Treasureclass.tsv:19	公式求值相等
4901	tbl:Treasureclass(58 id)|id=Act 1 Equip A	TreasureClassEx.txt:Treasure Class; TreasureClassEx.txt:group; TreasureClassEx.txt:level; TreasureClassEx.txt:Picks; TreasureClassEx.txt:NoDrop; TreasureClassEx.txt:Item1..Item10 / Prob1..Prob10; Item1..Item10 中指向另一个 TC 的项; TreasureClassEx.txt:Unique; TreasureClassEx.txt:Set; TreasureClassEx.txt:Rare; TreasureClassEx.txt:Magic; 是否 Act 1 闭包起点（引用闭包引用而来）	client/Assets/StreamingAssets/Table/Treasureclass.tsv:20	公式求值相等
4902	tbl:Treasureclass(58 id)|id=Act 1 Equip B	TreasureClassEx.txt:Treasure Class; TreasureClassEx.txt:group; TreasureClassEx.txt:level; TreasureClassEx.txt:Picks; TreasureClassEx.txt:NoDrop; TreasureClassEx.txt:Item1..Item10 / Prob1..Prob10; Item1..Item10 中指向另一个 TC 的项; TreasureClassEx.txt:Unique; TreasureClassEx.txt:Set; TreasureClassEx.txt:Rare; TreasureClassEx.txt:Magic; 是否 Act 1 闭包起点（引用闭包引用而来）	client/Assets/StreamingAssets/Table/Treasureclass.tsv:21	公式求值相等
4903	tbl:Treasureclass(58 id)|id=Act 1 Equip C	TreasureClassEx.txt:Treasure Class; TreasureClassEx.txt:group; TreasureClassEx.txt:level; TreasureClassEx.txt:Picks; TreasureClassEx.txt:NoDrop; TreasureClassEx.txt:Item1..Item10 / Prob1..Prob10; Item1..Item10 中指向另一个 TC 的项; TreasureClassEx.txt:Unique; TreasureClassEx.txt:Set; TreasureClassEx.txt:Rare; TreasureClassEx.txt:Magic; 是否 Act 1 闭包起点（引用闭包引用而来）	client/Assets/StreamingAssets/Table/Treasureclass.tsv:22	公式求值相等
4904	tbl:Treasureclass(58 id)|id=Act 1 Good	TreasureClassEx.txt:Treasure Class; TreasureClassEx.txt:group; TreasureClassEx.txt:level; TreasureClassEx.txt:Picks; TreasureClassEx.txt:NoDrop; TreasureClassEx.txt:Item1..Item10 / Prob1..Prob10; Item1..Item10 中指向另一个 TC 的项; TreasureClassEx.txt:Unique; TreasureClassEx.txt:Set; TreasureClassEx.txt:Rare; TreasureClassEx.txt:Magic; 是否 Act 1 闭包起点（引用闭包引用而来）	client/Assets/StreamingAssets/Table/Treasureclass.tsv:23	公式求值相等
4905	tbl:Treasureclass(58 id)|id=Act 1 H2H A	TreasureClassEx.txt:Treasure Class; TreasureClassEx.txt:group; TreasureClassEx.txt:level; TreasureClassEx.txt:Picks; TreasureClassEx.txt:NoDrop; TreasureClassEx.txt:Item1..Item10 / Prob1..Prob10; Item1..Item10 中指向另一个 TC 的项; TreasureClassEx.txt:Unique; TreasureClassEx.txt:Set; TreasureClassEx.txt:Rare; TreasureClassEx.txt:Magic; 是否 Act 1 闭包起点（引用闭包引用而来）	client/Assets/StreamingAssets/Table/Treasureclass.tsv:24	公式求值相等
4906	tbl:Treasureclass(58 id)|id=Act 1 H2H B	TreasureClassEx.txt:Treasure Class; TreasureClassEx.txt:group; TreasureClassEx.txt:level; TreasureClassEx.txt:Picks; TreasureClassEx.txt:NoDrop; TreasureClassEx.txt:Item1..Item10 / Prob1..Prob10; Item1..Item10 中指向另一个 TC 的项; TreasureClassEx.txt:Unique; TreasureClassEx.txt:Set; TreasureClassEx.txt:Rare; TreasureClassEx.txt:Magic; 是否 Act 1 闭包起点（引用闭包引用而来）	client/Assets/StreamingAssets/Table/Treasureclass.tsv:25	公式求值相等
4907	tbl:Treasureclass(58 id)|id=Act 1 H2H C	TreasureClassEx.txt:Treasure Class; TreasureClassEx.txt:group; TreasureClassEx.txt:level; TreasureClassEx.txt:Picks; TreasureClassEx.txt:NoDrop; TreasureClassEx.txt:Item1..Item10 / Prob1..Prob10; Item1..Item10 中指向另一个 TC 的项; TreasureClassEx.txt:Unique; TreasureClassEx.txt:Set; TreasureClassEx.txt:Rare; TreasureClassEx.txt:Magic; 是否 Act 1 闭包起点（引用闭包引用而来）	client/Assets/StreamingAssets/Table/Treasureclass.tsv:26	公式求值相等
4908	tbl:Treasureclass(58 id)|id=Act 1 Junk	TreasureClassEx.txt:Treasure Class; TreasureClassEx.txt:group; TreasureClassEx.txt:level; TreasureClassEx.txt:Picks; TreasureClassEx.txt:NoDrop; TreasureClassEx.txt:Item1..Item10 / Prob1..Prob10; Item1..Item10 中指向另一个 TC 的项; TreasureClassEx.txt:Unique; TreasureClassEx.txt:Set; TreasureClassEx.txt:Rare; TreasureClassEx.txt:Magic; 是否 Act 1 闭包起点（引用闭包引用而来）	client/Assets/StreamingAssets/Table/Treasureclass.tsv:27	公式求值相等
4909	tbl:Treasureclass(58 id)|id=Act 1 Magic A	TreasureClassEx.txt:Treasure Class; TreasureClassEx.txt:group; TreasureClassEx.txt:level; TreasureClassEx.txt:Picks; TreasureClassEx.txt:NoDrop; TreasureClassEx.txt:Item1..Item10 / Prob1..Prob10; Item1..Item10 中指向另一个 TC 的项; TreasureClassEx.txt:Unique; TreasureClassEx.txt:Set; TreasureClassEx.txt:Rare; TreasureClassEx.txt:Magic; 是否 Act 1 闭包起点（引用闭包引用而来）	client/Assets/StreamingAssets/Table/Treasureclass.tsv:28	公式求值相等
4910	tbl:Treasureclass(58 id)|id=Act 1 Magic B	TreasureClassEx.txt:Treasure Class; TreasureClassEx.txt:group; TreasureClassEx.txt:level; TreasureClassEx.txt:Picks; TreasureClassEx.txt:NoDrop; TreasureClassEx.txt:Item1..Item10 / Prob1..Prob10; Item1..Item10 中指向另一个 TC 的项; TreasureClassEx.txt:Unique; TreasureClassEx.txt:Set; TreasureClassEx.txt:Rare; TreasureClassEx.txt:Magic; 是否 Act 1 闭包起点（引用闭包引用而来）	client/Assets/StreamingAssets/Table/Treasureclass.tsv:29	公式求值相等
4911	tbl:Treasureclass(58 id)|id=Act 1 Magic C	TreasureClassEx.txt:Treasure Class; TreasureClassEx.txt:group; TreasureClassEx.txt:level; TreasureClassEx.txt:Picks; TreasureClassEx.txt:NoDrop; TreasureClassEx.txt:Item1..Item10 / Prob1..Prob10; Item1..Item10 中指向另一个 TC 的项; TreasureClassEx.txt:Unique; TreasureClassEx.txt:Set; TreasureClassEx.txt:Rare; TreasureClassEx.txt:Magic; 是否 Act 1 闭包起点（引用闭包引用而来）	client/Assets/StreamingAssets/Table/Treasureclass.tsv:30	公式求值相等
4912	tbl:Treasureclass(58 id)|id=Act 1 Melee A	TreasureClassEx.txt:Treasure Class; TreasureClassEx.txt:group; TreasureClassEx.txt:level; TreasureClassEx.txt:Picks; TreasureClassEx.txt:NoDrop; TreasureClassEx.txt:Item1..Item10 / Prob1..Prob10; Item1..Item10 中指向另一个 TC 的项; TreasureClassEx.txt:Unique; TreasureClassEx.txt:Set; TreasureClassEx.txt:Rare; TreasureClassEx.txt:Magic; 是否 Act 1 闭包起点（引用闭包引用而来）	client/Assets/StreamingAssets/Table/Treasureclass.tsv:31	公式求值相等
4913	tbl:Treasureclass(58 id)|id=Act 1 Melee B	TreasureClassEx.txt:Treasure Class; TreasureClassEx.txt:group; TreasureClassEx.txt:level; TreasureClassEx.txt:Picks; TreasureClassEx.txt:NoDrop; TreasureClassEx.txt:Item1..Item10 / Prob1..Prob10; Item1..Item10 中指向另一个 TC 的项; TreasureClassEx.txt:Unique; TreasureClassEx.txt:Set; TreasureClassEx.txt:Rare; TreasureClassEx.txt:Magic; 是否 Act 1 闭包起点（引用闭包引用而来）	client/Assets/StreamingAssets/Table/Treasureclass.tsv:32	公式求值相等
4914	tbl:Treasureclass(58 id)|id=Act 1 Melee C	TreasureClassEx.txt:Treasure Class; TreasureClassEx.txt:group; TreasureClassEx.txt:level; TreasureClassEx.txt:Picks; TreasureClassEx.txt:NoDrop; TreasureClassEx.txt:Item1..Item10 / Prob1..Prob10; Item1..Item10 中指向另一个 TC 的项; TreasureClassEx.txt:Unique; TreasureClassEx.txt:Set; TreasureClassEx.txt:Rare; TreasureClassEx.txt:Magic; 是否 Act 1 闭包起点（引用闭包引用而来）	client/Assets/StreamingAssets/Table/Treasureclass.tsv:33	公式求值相等
4915	tbl:Treasureclass(58 id)|id=Act 1 Miss A	TreasureClassEx.txt:Treasure Class; TreasureClassEx.txt:group; TreasureClassEx.txt:level; TreasureClassEx.txt:Picks; TreasureClassEx.txt:NoDrop; TreasureClassEx.txt:Item1..Item10 / Prob1..Prob10; Item1..Item10 中指向另一个 TC 的项; TreasureClassEx.txt:Unique; TreasureClassEx.txt:Set; TreasureClassEx.txt:Rare; TreasureClassEx.txt:Magic; 是否 Act 1 闭包起点（引用闭包引用而来）	client/Assets/StreamingAssets/Table/Treasureclass.tsv:34	公式求值相等
4916	tbl:Treasureclass(58 id)|id=Act 1 Miss B	TreasureClassEx.txt:Treasure Class; TreasureClassEx.txt:group; TreasureClassEx.txt:level; TreasureClassEx.txt:Picks; TreasureClassEx.txt:NoDrop; TreasureClassEx.txt:Item1..Item10 / Prob1..Prob10; Item1..Item10 中指向另一个 TC 的项; TreasureClassEx.txt:Unique; TreasureClassEx.txt:Set; TreasureClassEx.txt:Rare; TreasureClassEx.txt:Magic; 是否 Act 1 闭包起点（引用闭包引用而来）	client/Assets/StreamingAssets/Table/Treasureclass.tsv:35	公式求值相等
4917	tbl:Treasureclass(58 id)|id=Act 1 Miss C	TreasureClassEx.txt:Treasure Class; TreasureClassEx.txt:group; TreasureClassEx.txt:level; TreasureClassEx.txt:Picks; TreasureClassEx.txt:NoDrop; TreasureClassEx.txt:Item1..Item10 / Prob1..Prob10; Item1..Item10 中指向另一个 TC 的项; TreasureClassEx.txt:Unique; TreasureClassEx.txt:Set; TreasureClassEx.txt:Rare; TreasureClassEx.txt:Magic; 是否 Act 1 闭包起点（引用闭包引用而来）	client/Assets/StreamingAssets/Table/Treasureclass.tsv:36	公式求值相等
4918	tbl:Treasureclass(58 id)|id=Act 1 Super A	TreasureClassEx.txt:Treasure Class; TreasureClassEx.txt:group; TreasureClassEx.txt:level; TreasureClassEx.txt:Picks; TreasureClassEx.txt:NoDrop; TreasureClassEx.txt:Item1..Item10 / Prob1..Prob10; Item1..Item10 中指向另一个 TC 的项; TreasureClassEx.txt:Unique; TreasureClassEx.txt:Set; TreasureClassEx.txt:Rare; TreasureClassEx.txt:Magic; 是否 Act 1 闭包起点（引用闭包引用而来）	client/Assets/StreamingAssets/Table/Treasureclass.tsv:37	公式求值相等
4919	tbl:Treasureclass(58 id)|id=Act 1 Super Ax	TreasureClassEx.txt:Treasure Class; TreasureClassEx.txt:group; TreasureClassEx.txt:level; TreasureClassEx.txt:Picks; TreasureClassEx.txt:NoDrop; TreasureClassEx.txt:Item1..Item10 / Prob1..Prob10; Item1..Item10 中指向另一个 TC 的项; TreasureClassEx.txt:Unique; TreasureClassEx.txt:Set; TreasureClassEx.txt:Rare; TreasureClassEx.txt:Magic; 是否 Act 1 闭包起点（引用闭包引用而来）	client/Assets/StreamingAssets/Table/Treasureclass.tsv:38	公式求值相等
4920	tbl:Treasureclass(58 id)|id=Act 1 Super B	TreasureClassEx.txt:Treasure Class; TreasureClassEx.txt:group; TreasureClassEx.txt:level; TreasureClassEx.txt:Picks; TreasureClassEx.txt:NoDrop; TreasureClassEx.txt:Item1..Item10 / Prob1..Prob10; Item1..Item10 中指向另一个 TC 的项; TreasureClassEx.txt:Unique; TreasureClassEx.txt:Set; TreasureClassEx.txt:Rare; TreasureClassEx.txt:Magic; 是否 Act 1 闭包起点（引用闭包引用而来）	client/Assets/StreamingAssets/Table/Treasureclass.tsv:39	公式求值相等
4921	tbl:Treasureclass(58 id)|id=Act 1 Super Bx	TreasureClassEx.txt:Treasure Class; TreasureClassEx.txt:group; TreasureClassEx.txt:level; TreasureClassEx.txt:Picks; TreasureClassEx.txt:NoDrop; TreasureClassEx.txt:Item1..Item10 / Prob1..Prob10; Item1..Item10 中指向另一个 TC 的项; TreasureClassEx.txt:Unique; TreasureClassEx.txt:Set; TreasureClassEx.txt:Rare; TreasureClassEx.txt:Magic; 是否 Act 1 闭包起点（引用闭包引用而来）	client/Assets/StreamingAssets/Table/Treasureclass.tsv:40	公式求值相等
4922	tbl:Treasureclass(58 id)|id=Act 1 Super C	TreasureClassEx.txt:Treasure Class; TreasureClassEx.txt:group; TreasureClassEx.txt:level; TreasureClassEx.txt:Picks; TreasureClassEx.txt:NoDrop; TreasureClassEx.txt:Item1..Item10 / Prob1..Prob10; Item1..Item10 中指向另一个 TC 的项; TreasureClassEx.txt:Unique; TreasureClassEx.txt:Set; TreasureClassEx.txt:Rare; TreasureClassEx.txt:Magic; 是否 Act 1 闭包起点（引用闭包引用而来）	client/Assets/StreamingAssets/Table/Treasureclass.tsv:41	公式求值相等
4923	tbl:Treasureclass(58 id)|id=Act 1 Super Cx	TreasureClassEx.txt:Treasure Class; TreasureClassEx.txt:group; TreasureClassEx.txt:level; TreasureClassEx.txt:Picks; TreasureClassEx.txt:NoDrop; TreasureClassEx.txt:Item1..Item10 / Prob1..Prob10; Item1..Item10 中指向另一个 TC 的项; TreasureClassEx.txt:Unique; TreasureClassEx.txt:Set; TreasureClassEx.txt:Rare; TreasureClassEx.txt:Magic; 是否 Act 1 闭包起点（引用闭包引用而来）	client/Assets/StreamingAssets/Table/Treasureclass.tsv:42	公式求值相等
4924	tbl:Treasureclass(58 id)|id=Act 1 Uitem A	TreasureClassEx.txt:Treasure Class; TreasureClassEx.txt:group; TreasureClassEx.txt:level; TreasureClassEx.txt:Picks; TreasureClassEx.txt:NoDrop; TreasureClassEx.txt:Item1..Item10 / Prob1..Prob10; Item1..Item10 中指向另一个 TC 的项; TreasureClassEx.txt:Unique; TreasureClassEx.txt:Set; TreasureClassEx.txt:Rare; TreasureClassEx.txt:Magic; 是否 Act 1 闭包起点（引用闭包引用而来）	client/Assets/StreamingAssets/Table/Treasureclass.tsv:43	公式求值相等
4925	tbl:Treasureclass(58 id)|id=Act 1 Uitem B	TreasureClassEx.txt:Treasure Class; TreasureClassEx.txt:group; TreasureClassEx.txt:level; TreasureClassEx.txt:Picks; TreasureClassEx.txt:NoDrop; TreasureClassEx.txt:Item1..Item10 / Prob1..Prob10; Item1..Item10 中指向另一个 TC 的项; TreasureClassEx.txt:Unique; TreasureClassEx.txt:Set; TreasureClassEx.txt:Rare; TreasureClassEx.txt:Magic; 是否 Act 1 闭包起点（引用闭包引用而来）	client/Assets/StreamingAssets/Table/Treasureclass.tsv:44	公式求值相等
4926	tbl:Treasureclass(58 id)|id=Act 1 Uitem C	TreasureClassEx.txt:Treasure Class; TreasureClassEx.txt:group; TreasureClassEx.txt:level; TreasureClassEx.txt:Picks; TreasureClassEx.txt:NoDrop; TreasureClassEx.txt:Item1..Item10 / Prob1..Prob10; Item1..Item10 中指向另一个 TC 的项; TreasureClassEx.txt:Unique; TreasureClassEx.txt:Set; TreasureClassEx.txt:Rare; TreasureClassEx.txt:Magic; 是否 Act 1 闭包起点（引用闭包引用而来）	client/Assets/StreamingAssets/Table/Treasureclass.tsv:45	公式求值相等
4927	tbl:Treasureclass(58 id)|id=Act 1 Unique A	TreasureClassEx.txt:Treasure Class; TreasureClassEx.txt:group; TreasureClassEx.txt:level; TreasureClassEx.txt:Picks; TreasureClassEx.txt:NoDrop; TreasureClassEx.txt:Item1..Item10 / Prob1..Prob10; Item1..Item10 中指向另一个 TC 的项; TreasureClassEx.txt:Unique; TreasureClassEx.txt:Set; TreasureClassEx.txt:Rare; TreasureClassEx.txt:Magic; 是否 Act 1 闭包起点（引用闭包引用而来）	client/Assets/StreamingAssets/Table/Treasureclass.tsv:46	公式求值相等
4928	tbl:Treasureclass(58 id)|id=Act 1 Unique B	TreasureClassEx.txt:Treasure Class; TreasureClassEx.txt:group; TreasureClassEx.txt:level; TreasureClassEx.txt:Picks; TreasureClassEx.txt:NoDrop; TreasureClassEx.txt:Item1..Item10 / Prob1..Prob10; Item1..Item10 中指向另一个 TC 的项; TreasureClassEx.txt:Unique; TreasureClassEx.txt:Set; TreasureClassEx.txt:Rare; TreasureClassEx.txt:Magic; 是否 Act 1 闭包起点（引用闭包引用而来）	client/Assets/StreamingAssets/Table/Treasureclass.tsv:47	公式求值相等
4929	tbl:Treasureclass(58 id)|id=Act 1 Unique C	TreasureClassEx.txt:Treasure Class; TreasureClassEx.txt:group; TreasureClassEx.txt:level; TreasureClassEx.txt:Picks; TreasureClassEx.txt:NoDrop; TreasureClassEx.txt:Item1..Item10 / Prob1..Prob10; Item1..Item10 中指向另一个 TC 的项; TreasureClassEx.txt:Unique; TreasureClassEx.txt:Set; TreasureClassEx.txt:Rare; TreasureClassEx.txt:Magic; 是否 Act 1 闭包起点（引用闭包引用而来）	client/Assets/StreamingAssets/Table/Treasureclass.tsv:48	公式求值相等
4930	tbl:Treasureclass(58 id)|id=Act 1 Wraith A	TreasureClassEx.txt:Treasure Class; TreasureClassEx.txt:group; TreasureClassEx.txt:level; TreasureClassEx.txt:Picks; TreasureClassEx.txt:NoDrop; TreasureClassEx.txt:Item1..Item10 / Prob1..Prob10; Item1..Item10 中指向另一个 TC 的项; TreasureClassEx.txt:Unique; TreasureClassEx.txt:Set; TreasureClassEx.txt:Rare; TreasureClassEx.txt:Magic; 是否 Act 1 闭包起点（引用闭包引用而来）	client/Assets/StreamingAssets/Table/Treasureclass.tsv:49	公式求值相等
4931	tbl:Treasureclass(58 id)|id=Act 1 Wraith B	TreasureClassEx.txt:Treasure Class; TreasureClassEx.txt:group; TreasureClassEx.txt:level; TreasureClassEx.txt:Picks; TreasureClassEx.txt:NoDrop; TreasureClassEx.txt:Item1..Item10 / Prob1..Prob10; Item1..Item10 中指向另一个 TC 的项; TreasureClassEx.txt:Unique; TreasureClassEx.txt:Set; TreasureClassEx.txt:Rare; TreasureClassEx.txt:Magic; 是否 Act 1 闭包起点（引用闭包引用而来）	client/Assets/StreamingAssets/Table/Treasureclass.tsv:50	公式求值相等
4932	tbl:Treasureclass(58 id)|id=Act 1 Wraith C	TreasureClassEx.txt:Treasure Class; TreasureClassEx.txt:group; TreasureClassEx.txt:level; TreasureClassEx.txt:Picks; TreasureClassEx.txt:NoDrop; TreasureClassEx.txt:Item1..Item10 / Prob1..Prob10; Item1..Item10 中指向另一个 TC 的项; TreasureClassEx.txt:Unique; TreasureClassEx.txt:Set; TreasureClassEx.txt:Rare; TreasureClassEx.txt:Magic; 是否 Act 1 闭包起点（引用闭包引用而来）	client/Assets/StreamingAssets/Table/Treasureclass.tsv:51	公式求值相等
4933	tbl:Treasureclass(58 id)|id=Act 2 Junk	TreasureClassEx.txt:Treasure Class; TreasureClassEx.txt:group; TreasureClassEx.txt:level; TreasureClassEx.txt:Picks; TreasureClassEx.txt:NoDrop; TreasureClassEx.txt:Item1..Item10 / Prob1..Prob10; Item1..Item10 中指向另一个 TC 的项; TreasureClassEx.txt:Unique; TreasureClassEx.txt:Set; TreasureClassEx.txt:Rare; TreasureClassEx.txt:Magic; 是否 Act 1 闭包起点（引用闭包引用而来）	client/Assets/StreamingAssets/Table/Treasureclass.tsv:52	公式求值相等
4934	tbl:Treasureclass(58 id)|id=Ammo	TreasureClassEx.txt:Treasure Class; TreasureClassEx.txt:group; TreasureClassEx.txt:level; TreasureClassEx.txt:Picks; TreasureClassEx.txt:NoDrop; TreasureClassEx.txt:Item1..Item10 / Prob1..Prob10; Item1..Item10 中指向另一个 TC 的项; TreasureClassEx.txt:Unique; TreasureClassEx.txt:Set; TreasureClassEx.txt:Rare; TreasureClassEx.txt:Magic; 是否 Act 1 闭包起点（引用闭包引用而来）	client/Assets/StreamingAssets/Table/Treasureclass.tsv:53	公式求值相等
4935	tbl:Treasureclass(58 id)|id=Chipped Gem	TreasureClassEx.txt:Treasure Class; TreasureClassEx.txt:group; TreasureClassEx.txt:level; TreasureClassEx.txt:Picks; TreasureClassEx.txt:NoDrop; TreasureClassEx.txt:Item1..Item10 / Prob1..Prob10; Item1..Item10 中指向另一个 TC 的项; TreasureClassEx.txt:Unique; TreasureClassEx.txt:Set; TreasureClassEx.txt:Rare; TreasureClassEx.txt:Magic; 是否 Act 1 闭包起点（引用闭包引用而来）	client/Assets/StreamingAssets/Table/Treasureclass.tsv:54	公式求值相等
4936	tbl:Treasureclass(58 id)|id=Hpotion 1	TreasureClassEx.txt:Treasure Class; TreasureClassEx.txt:group; TreasureClassEx.txt:level; TreasureClassEx.txt:Picks; TreasureClassEx.txt:NoDrop; TreasureClassEx.txt:Item1..Item10 / Prob1..Prob10; Item1..Item10 中指向另一个 TC 的项; TreasureClassEx.txt:Unique; TreasureClassEx.txt:Set; TreasureClassEx.txt:Rare; TreasureClassEx.txt:Magic; 是否 Act 1 闭包起点（引用闭包引用而来）	client/Assets/StreamingAssets/Table/Treasureclass.tsv:55	公式求值相等
4937	tbl:Treasureclass(58 id)|id=Jewelry A	TreasureClassEx.txt:Treasure Class; TreasureClassEx.txt:group; TreasureClassEx.txt:level; TreasureClassEx.txt:Picks; TreasureClassEx.txt:NoDrop; TreasureClassEx.txt:Item1..Item10 / Prob1..Prob10; Item1..Item10 中指向另一个 TC 的项; TreasureClassEx.txt:Unique; TreasureClassEx.txt:Set; TreasureClassEx.txt:Rare; TreasureClassEx.txt:Magic; 是否 Act 1 闭包起点（引用闭包引用而来）	client/Assets/StreamingAssets/Table/Treasureclass.tsv:56	公式求值相等
4938	tbl:Treasureclass(58 id)|id=Misc 0	TreasureClassEx.txt:Treasure Class; TreasureClassEx.txt:group; TreasureClassEx.txt:level; TreasureClassEx.txt:Picks; TreasureClassEx.txt:NoDrop; TreasureClassEx.txt:Item1..Item10 / Prob1..Prob10; Item1..Item10 中指向另一个 TC 的项; TreasureClassEx.txt:Unique; TreasureClassEx.txt:Set; TreasureClassEx.txt:Rare; TreasureClassEx.txt:Magic; 是否 Act 1 闭包起点（引用闭包引用而来）	client/Assets/StreamingAssets/Table/Treasureclass.tsv:57	公式求值相等
4939	tbl:Treasureclass(58 id)|id=Potion 1	TreasureClassEx.txt:Treasure Class; TreasureClassEx.txt:group; TreasureClassEx.txt:level; TreasureClassEx.txt:Picks; TreasureClassEx.txt:NoDrop; TreasureClassEx.txt:Item1..Item10 / Prob1..Prob10; Item1..Item10 中指向另一个 TC 的项; TreasureClassEx.txt:Unique; TreasureClassEx.txt:Set; TreasureClassEx.txt:Rare; TreasureClassEx.txt:Magic; 是否 Act 1 闭包起点（引用闭包引用而来）	client/Assets/StreamingAssets/Table/Treasureclass.tsv:58	公式求值相等
4940	tbl:Treasureclass(58 id)|id=Potion 2	TreasureClassEx.txt:Treasure Class; TreasureClassEx.txt:group; TreasureClassEx.txt:level; TreasureClassEx.txt:Picks; TreasureClassEx.txt:NoDrop; TreasureClassEx.txt:Item1..Item10 / Prob1..Prob10; Item1..Item10 中指向另一个 TC 的项; TreasureClassEx.txt:Unique; TreasureClassEx.txt:Set; TreasureClassEx.txt:Rare; TreasureClassEx.txt:Magic; 是否 Act 1 闭包起点（引用闭包引用而来）	client/Assets/StreamingAssets/Table/Treasureclass.tsv:59	公式求值相等
