# 原版中文位图字体 font16：帧→字符 + 排版度量（**生成物，不要手改**）
# 生成命令：python tools/d2codec/make_chifont_assets.py
# 源：原版资源/导出的字体映射/font16_chi.tsv（原版 data/LOCAL/FONT/chi/font16.tbl
#     格式出处 libd2 packages/formats/src/font.zig L59-117）
# 图集：D2/Fonts/font16_chi.png（整幅，按行主序规则网格摆放）
# 字段：code frame advance col row（code=Unicode 码位；advance=该字排版步进=原版 width；
#       col/row=该字在图集里的格子；格子尺寸 = 13×13；列数 = 117）
COLS 117
CELL 13 13
COUNT 13806
32 0 3 0 0
33 1 4 1 0
34 2 5 2 0
35 3 6 3 0
36 4 6 4 0
37 5 10 5 0
38 6 10 6 0
39 7 2 7 0
40 8 4 8 0
41 9 4 9 0
42 10 6 10 0
43 11 7 11 0
44 12 3 12 0
45 13 4 13 0
46 14 3 14 0
47 15 3 15 0
48 16 6 16 0
49 17 6 17 0
50 18 6 18 0
51 19 6 19 0
52 20 6 20 0
53 21 6 21 0
54 22 6 22 0
55 23 6 23 0
56 24 6 24 0
57 25 6 25 0
58 26 3 26 0
59 27 3 27 0
60 28 7 28 0
61 29 7 29 0
62 30 7 30 0
63 31 5 31 0
64 32 11 32 0
65 33 9 33 0
66 34 8 34 0
67 35 8 35 0
68 36 9 36 0
69 37 7 37 0
70 38 7 38 0
71 39 9 39 0
72 40 9 40 0
73 41 4 41 0
74 42 5 42 0
75 43 9 43 0
76 44 7 44 0
77 45 11 45 0
78 46 9 46 0
79 47 9 47 0
80 48 7 48 0
81 49 9 49 0
82 50 8 50 0
83 51 7 51 0
84 52 7 52 0
85 53 9 53 0
86 54 9 54 0
87 55 12 55 0
88 56 9 56 0
89 57 9 57 0
90 58 7 58 0
91 59 4 59 0
92 60 3 60 0
93 61 4 61 0
94 62 6 62 0
95 63 6 63 0
96 64 4 64 0
97 65 5 65 0
98 66 6 66 0
99 67 5 67 0
100 68 6 68 0
101 69 5 69 0
102 70 4 70 0
103 71 6 71 0
104 72 6 72 0
105 73 3 73 0
106 74 3 74 0
107 75 6 75 0
108 76 3 76 0
109 77 10 77 0
110 78 6 78 0
111 79 6 79 0
112 80 6 80 0
113 81 6 81 0
114 82 4 82 0
115 83 5 83 0
116 84 3 84 0
117 85 6 85 0
118 86 6 86 0
119 87 9 87 0
120 88 6 88 0
121 89 6 89 0
122 90 5 90 0
123 91 6 91 0
124 92 2 92 0
125 93 6 93 0
126 94 7 94 0
127 95 0 95 0
162 96 7 96 0
163 97 6 97 0
165 98 13 98 0
167 99 5 99 0
176 100 3 100 0
177 101 7 101 0
183 102 3 102 0
215 103 7 103 0
247 104 8 104 0
711 105 13 105 0
713 106 13 106 0
714 107 13 107 0
715 108 13 108 0
729 109 13 109 0
913 110 13 110 0
914 111 13 111 0
915 112 13 112 0
916 113 13 113 0
917 114 13 114 0
918 115 13 115 0
919 116 13 116 0
920 117 13 0 1
921 118 13 1 1
922 119 13 2 1
923 120 13 3 1
924 121 13 4 1
925 122 13 5 1
926 123 13 6 1
927 124 13 7 1
928 125 13 8 1
929 126 13 9 1
931 127 13 10 1
932 128 13 11 1
933 129 13 12 1
934 130 13 13 1
935 131 13 14 1
936 132 13 15 1
937 133 13 16 1
945 134 13 17 1
946 135 13 18 1
947 136 13 19 1
948 137 13 20 1
949 138 13 21 1
950 139 13 22 1
951 140 13 23 1
952 141 13 24 1
953 142 13 25 1
954 143 13 26 1
955 144 13 27 1
956 145 13 28 1
957 146 13 29 1
958 147 13 30 1
959 148 13 31 1
960 149 13 32 1
961 150 13 33 1
963 151 13 34 1
964 152 13 35 1
965 153 13 36 1
966 154 13 37 1
967 155 13 38 1
968 156 13 39 1
969 157 13 40 1
1025 158 13 41 1
1044 159 13 42 1
1045 160 13 43 1
1046 161 13 44 1
1047 162 13 45 1
1048 163 13 46 1
1049 164 13 47 1
1050 165 13 48 1
1051 166 13 49 1
1052 167 13 50 1
1059 168 13 51 1
1060 169 13 52 1
1061 170 13 53 1
1062 171 13 54 1
1063 172 13 55 1
1064 173 13 56 1
1065 174 13 57 1
1066 175 13 58 1
1067 176 13 59 1
1068 177 13 60 1
1069 178 13 61 1
1070 179 13 62 1
1071 180 13 63 1
1072 181 13 64 1
1073 182 13 65 1
1074 183 13 66 1
1075 184 13 67 1
1076 185 13 68 1
1077 186 13 69 1
1078 187 13 70 1
1079 188 13 71 1
1080 189 13 72 1
1081 190 13 73 1
1082 191 13 74 1
1083 192 13 75 1
1084 193 13 76 1
1085 194 13 77 1
1086 195 13 78 1
1087 196 13 79 1
1088 197 13 80 1
1089 198 13 81 1
1090 199 13 82 1
1091 200 13 83 1
1092 201 13 84 1
1093 202 13 85 1
1094 203 13 86 1
1095 204 13 87 1
1096 205 13 88 1
1097 206 13 89 1
1098 207 13 90 1
1099 208 13 91 1
1100 209 13 92 1
1101 210 13 93 1
1102 211 13 94 1
1103 212 13 95 1
1105 213 13 96 1
8211 214 13 97 1
8212 215 13 98 1
8216 216 13 99 1
8217 217 13 100 1
8220 218 13 101 1
8221 219 13 102 1
8226 220 13 103 1
8229 221 13 104 1
8230 222 13 105 1
8242 223 13 106 1
8245 224 13 107 1
8251 225 13 108 1
8254 226 13 109 1
8451 227 13 110 1
8453 228 13 111 1
8457 229 13 112 1
8544 230 13 113 1
8545 231 13 114 1
8546 232 13 115 1
8547 233 13 116 1
8548 234 13 0 2
8549 235 13 1 2
8550 236 13 2 2
8551 237 13 3 2
8552 238 13 4 2
8553 239 13 5 2
8592 240 13 6 2
8593 241 13 7 2
8594 242 13 8 2
8595 243 13 9 2
8598 244 13 10 2
8599 245 13 11 2
8600 246 13 12 2
8601 247 13 13 2
8730 248 13 14 2
8734 249 13 15 2
8735 250 13 16 2
8736 251 13 17 2
8739 252 13 18 2
8741 253 13 19 2
8745 254 13 20 2
8746 255 13 21 2
8747 256 13 22 2
8750 257 13 23 2
8756 258 13 24 2
8757 259 13 25 2
8764 260 13 26 2
8786 261 13 27 2
8800 262 13 28 2
8801 263 13 29 2
8806 264 13 30 2
8807 265 13 31 2
8869 266 13 32 2
8895 267 13 33 2
9312 268 13 34 2
9313 269 13 35 2
9314 270 13 36 2
9315 271 13 37 2
9316 272 13 38 2
9317 273 13 39 2
9318 274 13 40 2
9319 275 13 41 2
9320 276 13 42 2
9321 277 13 43 2
9332 278 13 44 2
9333 279 13 45 2
9334 280 13 46 2
9335 281 13 47 2
9336 282 13 48 2
9337 283 13 49 2
9338 284 13 50 2
9339 285 13 51 2
9340 286 13 52 2
9341 287 13 53 2
9472 288 13 54 2
9474 289 13 55 2
9484 290 13 56 2
9488 291 13 57 2
9492 292 13 58 2
9496 293 13 59 2
9500 294 13 60 2
9508 295 13 61 2
9516 296 13 62 2
9524 297 13 63 2
9532 298 13 64 2
9552 299 13 65 2
9566 300 13 66 2
9569 301 13 67 2
9578 302 13 68 2
9581 303 13 69 2
9582 304 13 70 2
9583 305 13 71 2
9584 306 13 72 2
9585 307 13 73 2
9586 308 13 74 2
9587 309 13 75 2
9601 310 13 76 2
9602 311 13 77 2
9603 312 13 78 2
9604 313 13 79 2
9605 314 13 80 2
9606 315 13 81 2
9607 316 13 82 2
9608 317 13 83 2
9609 318 13 84 2
9610 319 13 85 2
9611 320 13 86 2
9612 321 13 87 2
9613 322 13 88 2
9614 323 13 89 2
9615 324 13 90 2
9620 325 13 91 2
9621 326 13 92 2
9632 327 13 93 2
9633 328 13 94 2
9650 329 13 95 2
9651 330 13 96 2
9660 331 13 97 2
9661 332 13 98 2
9670 333 13 99 2
9671 334 13 100 2
9675 335 13 101 2
9678 336 13 102 2
9679 337 13 103 2
9698 338 13 104 2
9699 339 13 105 2
9700 340 13 106 2
9701 341 13 107 2
9733 342 13 108 2
9734 343 13 109 2
9737 344 13 110 2
9792 345 13 111 2
9793 346 13 112 2
9794 347 13 113 2
12288 348 13 114 2
12289 349 13 115 2
12290 350 13 116 2
12291 351 13 0 3
12293 352 13 1 3
12296 353 13 2 3
12297 354 13 3 3
12298 355 13 4 3
12299 356 13 5 3
12300 357 13 6 3
12301 358 13 7 3
12302 359 13 8 3
12303 360 13 9 3
12304 361 13 10 3
12305 362 13 11 3
12306 363 13 12 3
12308 364 13 13 3
12309 365 13 14 3
12317 366 13 15 3
12318 367 13 16 3
12321 368 13 17 3
12322 369 13 18 3
12323 370 13 19 3
12324 371 13 20 3
12325 372 13 21 3
12326 373 13 22 3
12327 374 13 23 3
12328 375 13 24 3
12329 376 13 25 3
12353 377 13 26 3
12354 378 13 27 3
12355 379 13 28 3
12356 380 13 29 3
12357 381 13 30 3
12358 382 13 31 3
12359 383 13 32 3
12360 384 13 33 3
12361 385 13 34 3
12362 386 13 35 3
12363 387 13 36 3
12364 388 13 37 3
12365 389 13 38 3
12366 390 13 39 3
12367 391 13 40 3
12368 392 13 41 3
12369 393 13 42 3
12370 394 13 43 3
12371 395 13 44 3
12372 396 13 45 3
12373 397 13 46 3
12374 398 13 47 3
12375 399 13 48 3
12376 400 13 49 3
12377 401 13 50 3
12378 402 13 51 3
12379 403 13 52 3
12380 404 13 53 3
12381 405 13 54 3
12382 406 13 55 3
12383 407 13 56 3
12384 408 13 57 3
12385 409 13 58 3
12386 410 13 59 3
12387 411 13 60 3
12388 412 13 61 3
12389 413 13 62 3
12390 414 13 63 3
12391 415 13 64 3
12392 416 13 65 3
12393 417 13 66 3
12394 418 13 67 3
12395 419 13 68 3
12396 420 13 69 3
12397 421 13 70 3
12398 422 13 71 3
12399 423 13 72 3
12400 424 13 73 3
12401 425 13 74 3
12402 426 13 75 3
12403 427 13 76 3
12404 428 13 77 3
12405 429 13 78 3
12406 430 13 79 3
12407 431 13 80 3
12408 432 13 81 3
12409 433 13 82 3
12410 434 13 83 3
12411 435 13 84 3
12412 436 13 85 3
12413 437 13 86 3
12414 438 13 87 3
12415 439 13 88 3
12416 440 13 89 3
12417 441 13 90 3
12418 442 13 91 3
12419 443 13 92 3
12420 444 13 93 3
12421 445 13 94 3
12422 446 13 95 3
12423 447 13 96 3
12424 448 13 97 3
12425 449 13 98 3
12426 450 13 99 3
12427 451 13 100 3
12428 452 13 101 3
12429 453 13 102 3
12430 454 13 103 3
12431 455 13 104 3
12432 456 13 105 3
12433 457 13 106 3
12434 458 13 107 3
12435 459 13 108 3
12445 460 13 109 3
12446 461 13 110 3
12449 462 13 111 3
12450 463 13 112 3
12451 464 13 113 3
12452 465 13 114 3
12453 466 13 115 3
12454 467 13 116 3
12455 468 13 0 4
12456 469 13 1 4
12457 470 13 2 4
12458 471 13 3 4
12459 472 13 4 4
12460 473 13 5 4
12461 474 13 6 4
12462 475 13 7 4
12463 476 13 8 4
12464 477 13 9 4
12465 478 13 10 4
12466 479 13 11 4
12467 480 13 12 4
12468 481 13 13 4
12469 482 13 14 4
12470 483 13 15 4
12471 484 13 16 4
12472 485 13 17 4
12473 486 13 18 4
12474 487 13 19 4
12475 488 13 20 4
12476 489 13 21 4
12477 490 13 22 4
12478 491 13 23 4
12479 492 13 24 4
12480 493 13 25 4
12481 494 13 26 4
12482 495 13 27 4
12483 496 13 28 4
12484 497 13 29 4
12485 498 13 30 4
12486 499 13 31 4
12487 500 13 32 4
12488 501 13 33 4
12489 502 13 34 4
12490 503 13 35 4
12491 504 13 36 4
12492 505 13 37 4
12493 506 13 38 4
12494 507 13 39 4
12495 508 13 40 4
12496 509 13 41 4
12497 510 13 42 4
12498 511 13 43 4
12499 512 13 44 4
12500 513 13 45 4
12501 514 13 46 4
12502 515 13 47 4
12503 516 13 48 4
12504 517 13 49 4
12505 518 13 50 4
12506 519 13 51 4
12507 520 13 52 4
12508 521 13 53 4
12509 522 13 54 4
12510 523 13 55 4
12511 524 13 56 4
12512 525 13 57 4
12513 526 13 58 4
12514 527 13 59 4
12515 528 13 60 4
12516 529 13 61 4
12517 530 13 62 4
12518 531 13 63 4
12519 532 13 64 4
12520 533 13 65 4
12521 534 13 66 4
12522 535 13 67 4
12523 536 13 68 4
12524 537 13 69 4
12525 538 13 70 4
12526 539 13 71 4
12527 540 13 72 4
12528 541 13 73 4
12529 542 13 74 4
12530 543 13 75 4
12531 544 13 76 4
12532 545 13 77 4
12533 546 13 78 4
12534 547 13 79 4
12542 548 13 80 4
12549 549 13 81 4
12550 550 13 82 4
12551 551 13 83 4
12552 552 13 84 4
12553 553 13 85 4
12554 554 13 86 4
12555 555 13 87 4
12556 556 13 88 4
12557 557 13 89 4
12558 558 13 90 4
12559 559 13 91 4
12560 560 13 92 4
12561 561 13 93 4
12562 562 13 94 4
12563 563 13 95 4
12564 564 13 96 4
12565 565 13 97 4
12566 566 13 98 4
12567 567 13 99 4
12568 568 13 100 4
12569 569 13 101 4
12570 570 13 102 4
12571 571 13 103 4
12572 572 13 104 4
12573 573 13 105 4
12574 574 13 106 4
12575 575 13 107 4
12576 576 13 108 4
12577 577 13 109 4
12578 578 13 110 4
12579 579 13 111 4
12580 580 13 112 4
12581 581 13 113 4
12582 582 13 114 4
12583 583 13 115 4
12584 584 13 116 4
12585 585 13 0 5
12963 586 13 1 5
13198 587 13 2 5
13199 588 13 3 5
13212 589 13 4 5
13213 590 13 5 5
13214 591 13 6 5
13217 592 13 7 5
13252 593 13 8 5
13262 594 13 9 5
13265 595 13 10 5
13266 596 13 11 5
13269 597 13 12 5
19968 598 13 13 5
19969 599 13 14 5
19971 600 13 15 5
19975 601 13 16 5
19976 602 13 17 5
19977 603 13 18 5
19978 604 13 19 5
19979 605 13 20 5
19980 606 13 21 5
19981 607 13 22 5
19982 608 13 23 5
19983 609 13 24 5
19984 610 13 25 5
19985 611 13 26 5
19988 612 13 27 5
19989 613 13 28 5
19990 614 13 29 5
19992 615 13 30 5
19993 616 13 31 5
19998 617 13 32 5
19999 618 13 33 5
20006 619 13 34 5
20011 620 13 35 5
20013 621 13 36 5
20014 622 13 37 5
20016 623 13 38 5
20017 624 13 39 5
20018 625 13 40 5
20019 626 13 41 5
20024 627 13 42 5
20025 628 13 43 5
20027 629 13 44 5
20028 630 13 45 5
20034 631 13 46 5
20035 632 13 47 5
20037 633 13 48 5
20039 634 13 49 5
20040 635 13 50 5
20043 636 13 51 5
20045 637 13 52 5
20046 638 13 53 5
20047 639 13 54 5
20050 640 13 55 5
20051 641 13 56 5
20054 642 13 57 5
20056 643 13 58 5
20057 644 13 59 5
20060 645 13 60 5
20061 646 13 61 5
20062 647 13 62 5
20063 648 13 63 5
20073 649 13 64 5
20083 650 13 65 5
20094 651 13 66 5
20095 652 13 67 5
20098 653 13 68 5
20099 654 13 69 5
20100 655 13 70 5
20102 656 13 71 5
20104 657 13 72 5
20107 658 13 73 5
20108 659 13 74 5
20109 660 13 75 5
20110 661 13 76 5
20113 662 13 77 5
20114 663 13 78 5
20115 664 13 79 5
20116 665 13 80 5
20117 666 13 81 5
20121 667 13 82 5
20123 668 13 83 5
20126 669 13 84 5
20127 670 13 85 5
20129 671 13 86 5
20130 672 13 87 5
20132 673 13 88 5
20133 674 13 89 5
20134 675 13 90 5
20136 676 13 91 5
20139 677 13 92 5
20140 678 13 93 5
20141 679 13 94 5
20142 680 13 95 5
20147 681 13 96 5
20150 682 13 97 5
20153 683 13 98 5
20154 684 13 99 5
20160 685 13 100 5
20161 686 13 101 5
20162 687 13 102 5
20163 688 13 103 5
20164 689 13 104 5
20166 690 13 105 5
20167 691 13 106 5
20168 692 13 107 5
20169 693 13 108 5
20170 694 13 109 5
20171 695 13 110 5
20173 696 13 111 5
20180 697 13 112 5
20181 698 13 113 5
20182 699 13 114 5
20183 700 13 115 5
20184 701 13 116 5
20185 702 13 0 6
20186 703 13 1 6
20188 704 13 2 6
20189 705 13 3 6
20190 706 13 4 6
20191 707 13 5 6
20193 708 13 6 6
20195 709 13 7 6
20196 710 13 8 6
20197 711 13 9 6
20200 712 13 10 6
20201 713 13 11 6
20208 714 13 12 6
20209 715 13 13 6
20210 716 13 14 6
20211 717 13 15 6
20212 718 13 16 6
20213 719 13 17 6
20214 720 13 18 6
20215 721 13 19 6
20219 722 13 20 6
20221 723 13 21 6
20223 724 13 22 6
20224 725 13 23 6
20225 726 13 24 6
20226 727 13 25 6
20228 728 13 26 6
20229 729 13 27 6
20232 730 13 28 6
20233 731 13 29 6
20234 732 13 30 6
20235 733 13 31 6
20237 734 13 32 6
20238 735 13 33 6
20239 736 13 34 6
20240 737 13 35 6
20241 738 13 36 6
20242 739 13 37 6
20243 740 13 38 6
20244 741 13 39 6
20245 742 13 40 6
20248 743 13 41 6
20249 744 13 42 6
20253 745 13 43 6
20258 746 13 44 6
20268 747 13 45 6
20269 748 13 46 6
20271 749 13 47 6
20272 750 13 48 6
20275 751 13 49 6
20276 752 13 50 6
20278 753 13 51 6
20280 754 13 52 6
20282 755 13 53 6
20283 756 13 54 6
20284 757 13 55 6
20285 758 13 56 6
20286 759 13 57 6
20287 760 13 58 6
20289 761 13 59 6
20291 762 13 60 6
20294 763 13 61 6
20295 764 13 62 6
20296 765 13 63 6
20297 766 13 64 6
20300 767 13 65 6
20301 768 13 66 6
20302 769 13 67 6
20303 770 13 68 6
20304 771 13 69 6
20305 772 13 70 6
20306 773 13 71 6
20307 774 13 72 6
20308 775 13 73 6
20309 776 13 74 6
20310 777 13 75 6
20311 778 13 76 6
20312 779 13 77 6
20313 780 13 78 6
20314 781 13 79 6
20315 782 13 80 6
20316 783 13 81 6
20317 784 13 82 6
20318 785 13 83 6
20319 786 13 84 6
20320 787 13 85 6
20321 788 13 86 6
20322 789 13 87 6
20323 790 13 88 6
20324 791 13 89 6
20327 792 13 90 6
20329 793 13 91 6
20330 794 13 92 6
20331 795 13 93 6
20332 796 13 94 6
20334 797 13 95 6
20335 798 13 96 6
20336 799 13 97 6
20339 800 13 98 6
20340 801 13 99 6
20341 802 13 100 6
20342 803 13 101 6
20343 804 13 102 6
20344 805 13 103 6
20345 806 13 104 6
20346 807 13 105 6
20347 808 13 106 6
20348 809 13 107 6
20349 810 13 108 6
20350 811 13 109 6
20351 812 13 110 6
20352 813 13 111 6
20353 814 13 112 6
20354 815 13 113 6
20355 816 13 114 6
20356 817 13 115 6
20357 818 13 116 6
20358 819 13 0 7
20359 820 13 1 7
20360 821 13 2 7
20361 822 13 3 7
20363 823 13 4 7
20365 824 13 5 7
20367 825 13 6 7
20368 826 13 7 7
20369 827 13 8 7
20370 828 13 9 7
20372 829 13 10 7
20373 830 13 11 7
20374 831 13 12 7
20375 832 13 13 7
20376 833 13 14 7
20378 834 13 15 7
20379 835 13 16 7
20380 836 13 17 7
20381 837 13 18 7
20382 838 13 19 7
20398 839 13 20 7
20399 840 13 21 7
20402 841 13 22 7
20403 842 13 23 7
20405 843 13 24 7
20406 844 13 25 7
20407 845 13 26 7
20409 846 13 27 7
20410 847 13 28 7
20411 848 13 29 7
20415 849 13 30 7
20416 850 13 31 7
20417 851 13 32 7
20418 852 13 33 7
20419 853 13 34 7
20420 854 13 35 7
20421 855 13 36 7
20423 856 13 37 7
20425 857 13 38 7
20426 858 13 39 7
20427 859 13 40 7
20429 860 13 41 7
20430 861 13 42 7
20431 862 13 43 7
20432 863 13 44 7
20433 864 13 45 7
20435 865 13 46 7
20436 866 13 47 7
20438 867 13 48 7
20439 868 13 49 7
20440 869 13 50 7
20441 870 13 51 7
20442 871 13 52 7
20443 872 13 53 7
20444 873 13 54 7
20445 874 13 55 7
20446 875 13 56 7
20447 876 13 57 7
20448 877 13 58 7
20449 878 13 59 7
20460 879 13 60 7
20462 880 13 61 7
20463 881 13 62 7
20465 882 13 63 7
20467 883 13 64 7
20468 884 13 65 7
20469 885 13 66 7
20470 886 13 67 7
20471 887 13 68 7
20472 888 13 69 7
20474 889 13 70 7
20478 890 13 71 7
20480 891 13 72 7
20485 892 13 73 7
20486 893 13 74 7
20487 894 13 75 7
20489 895 13 76 7
20491 896 13 77 7
20492 897 13 78 7
20493 898 13 79 7
20494 899 13 80 7
20495 900 13 81 7
20497 901 13 82 7
20498 902 13 83 7
20499 903 13 84 7
20500 904 13 85 7
20501 905 13 86 7
20502 906 13 87 7
20503 907 13 88 7
20504 908 13 89 7
20505 909 13 90 7
20506 910 13 91 7
20507 911 13 92 7
20508 912 13 93 7
20510 913 13 94 7
20511 914 13 95 7
20512 915 13 96 7
20513 916 13 97 7
20514 917 13 98 7
20515 918 13 99 7
20517 919 13 100 7
20518 920 13 101 7
20519 921 13 102 7
20520 922 13 103 7
20521 923 13 104 7
20522 924 13 105 7
20523 925 13 106 7
20524 926 13 107 7
20525 927 13 108 7
20527 928 13 109 7
20528 929 13 110 7
20529 930 13 111 7
20531 931 13 112 7
20533 932 13 113 7
20535 933 13 114 7
20540 934 13 115 7
20544 935 13 116 7
20545 936 13 0 8
20547 937 13 1 8
20549 938 13 2 8
20550 939 13 3 8
20551 940 13 4 8
20552 941 13 5 8
20553 942 13 6 8
20554 943 13 7 8
20555 944 13 8 8
20556 945 13 9 8
20557 946 13 10 8
20558 947 13 11 8
20559 948 13 12 8
20561 949 13 13 8
20563 950 13 14 8
20565 951 13 15 8
20567 952 13 16 8
20570 953 13 17 8
20571 954 13 18 8
20572 955 13 19 8
20573 956 13 20 8
20574 957 13 21 8
20575 958 13 22 8
20576 959 13 23 8
20577 960 13 24 8
20578 961 13 25 8
20579 962 13 26 8
20580 963 13 27 8
20581 964 13 28 8
20584 965 13 29 8
20585 966 13 30 8
20586 967 13 31 8
20587 968 13 32 8
20589 969 13 33 8
20590 970 13 34 8
20591 971 13 35 8
20592 972 13 36 8
20594 973 13 37 8
20595 974 13 38 8
20596 975 13 39 8
20597 976 13 40 8
20598 977 13 41 8
20599 978 13 42 8
20602 979 13 43 8
20605 980 13 44 8
20608 981 13 45 8
20610 982 13 46 8
20611 983 13 47 8
20613 984 13 48 8
20615 985 13 49 8
20619 986 13 50 8
20620 987 13 51 8
20621 988 13 52 8
20622 989 13 53 8
20625 990 13 54 8
20626 991 13 55 8
20628 992 13 56 8
20629 993 13 57 8
20630 994 13 58 8
20632 995 13 59 8
20633 996 13 60 8
20634 997 13 61 8
20635 998 13 62 8
20636 999 13 63 8
20637 1000 13 64 8
20638 1001 13 65 8
20642 1002 13 66 8
20643 1003 13 67 8
20652 1004 13 68 8
20653 1005 13 69 8
20654 1006 13 70 8
20655 1007 13 71 8
20656 1008 13 72 8
20657 1009 13 73 8
20658 1010 13 74 8
20659 1011 13 75 8
20660 1012 13 76 8
20661 1013 13 77 8
20662 1014 13 78 8
20663 1015 13 79 8
20664 1016 13 80 8
20666 1017 13 81 8
20667 1018 13 82 8
20669 1019 13 83 8
20670 1020 13 84 8
20671 1021 13 85 8
20673 1022 13 86 8
20674 1023 13 87 8
20676 1024 13 88 8
20677 1025 13 89 8
20678 1026 13 90 8
20679 1027 13 91 8
20680 1028 13 92 8
20681 1029 13 93 8
20682 1030 13 94 8
20683 1031 13 95 8
20686 1032 13 96 8
20687 1033 13 97 8
20689 1034 13 98 8
20691 1035 13 99 8
20692 1036 13 100 8
20693 1037 13 101 8
20694 1038 13 102 8
20695 1039 13 103 8
20698 1040 13 104 8
20699 1041 13 105 8
20701 1042 13 106 8
20704 1043 13 107 8
20707 1044 13 108 8
20708 1045 13 109 8
20709 1046 13 110 8
20710 1047 13 111 8
20711 1048 13 112 8
20712 1049 13 113 8
20713 1050 13 114 8
20714 1051 13 115 8
20716 1052 13 116 8
20717 1053 13 0 9
20718 1054 13 1 9
20719 1055 13 2 9
20720 1056 13 3 9
20721 1057 13 4 9
20723 1058 13 5 9
20725 1059 13 6 9
20726 1060 13 7 9
20728 1061 13 8 9
20729 1062 13 9 9
20731 1063 13 10 9
20733 1064 13 11 9
20734 1065 13 12 9
20735 1066 13 13 9
20736 1067 13 14 9
20738 1068 13 15 9
20739 1069 13 16 9
20740 1070 13 17 9
20741 1071 13 18 9
20742 1072 13 19 9
20743 1073 13 20 9
20744 1074 13 21 9
20745 1075 13 22 9
20746 1076 13 23 9
20747 1077 13 24 9
20748 1078 13 25 9
20752 1079 13 26 9
20753 1080 13 27 9
20754 1081 13 28 9
20755 1082 13 29 9
20756 1083 13 30 9
20757 1084 13 31 9
20759 1085 13 32 9
20760 1086 13 33 9
20762 1087 13 34 9
20764 1088 13 35 9
20767 1089 13 36 9
20768 1090 13 37 9
20769 1091 13 38 9
20770 1092 13 39 9
20772 1093 13 40 9
20773 1094 13 41 9
20774 1095 13 42 9
20777 1096 13 43 9
20778 1097 13 44 9
20781 1098 13 45 9
20782 1099 13 46 9
20784 1100 13 47 9
20785 1101 13 48 9
20786 1102 13 49 9
20787 1103 13 50 9
20788 1104 13 51 9
20789 1105 13 52 9
20791 1106 13 53 9
20792 1107 13 54 9
20793 1108 13 55 9
20794 1109 13 56 9
20795 1110 13 57 9
20796 1111 13 58 9
20797 1112 13 59 9
20799 1113 13 60 9
20800 1114 13 61 9
20801 1115 13 62 9
20803 1116 13 63 9
20804 1117 13 64 9
20805 1118 13 65 9
20806 1119 13 66 9
20807 1120 13 67 9
20808 1121 13 68 9
20809 1122 13 69 9
20811 1123 13 70 9
20812 1124 13 71 9
20813 1125 13 72 9
20818 1126 13 73 9
20820 1127 13 74 9
20821 1128 13 75 9
20823 1129 13 76 9
20825 1130 13 77 9
20826 1131 13 78 9
20827 1132 13 79 9
20828 1133 13 80 9
20829 1134 13 81 9
20830 1135 13 82 9
20831 1136 13 83 9
20833 1137 13 84 9
20834 1138 13 85 9
20835 1139 13 86 9
20837 1140 13 87 9
20839 1141 13 88 9
20840 1142 13 89 9
20841 1143 13 90 9
20843 1144 13 91 9
20844 1145 13 92 9
20845 1146 13 93 9
20846 1147 13 94 9
20849 1148 13 95 9
20853 1149 13 96 9
20854 1150 13 97 9
20855 1151 13 98 9
20856 1152 13 99 9
20860 1153 13 100 9
20864 1154 13 101 9
20871 1155 13 102 9
20873 1156 13 103 9
20874 1157 13 104 9
20877 1158 13 105 9
20879 1159 13 106 9
20881 1160 13 107 9
20882 1161 13 108 9
20883 1162 13 109 9
20884 1163 13 110 9
20885 1164 13 111 9
20887 1165 13 112 9
20888 1166 13 113 9
20894 1167 13 114 9
20896 1168 13 115 9
20898 1169 13 116 9
20900 1170 13 0 10
20901 1171 13 1 10
20906 1172 13 2 10
20908 1173 13 3 10
20912 1174 13 4 10
20913 1175 13 5 10
20918 1176 13 6 10
20919 1177 13 7 10
20921 1178 13 8 10
20924 1179 13 9 10
20925 1180 13 10 10
20926 1181 13 11 10
20932 1182 13 12 10
20933 1183 13 13 10
20934 1184 13 14 10
20936 1185 13 15 10
20938 1186 13 16 10
20939 1187 13 17 10
20940 1188 13 18 10
20941 1189 13 19 10
20942 1190 13 20 10
20944 1191 13 21 10
20948 1192 13 22 10
20951 1193 13 23 10
20952 1194 13 24 10
20956 1195 13 25 10
20957 1196 13 26 10
20958 1197 13 27 10
20960 1198 13 28 10
20961 1199 13 29 10
20976 1200 13 30 10
20977 1201 13 31 10
20979 1202 13 32 10
20981 1203 13 33 10
20982 1204 13 34 10
20984 1205 13 35 10
20985 1206 13 36 10
20986 1207 13 37 10
20989 1208 13 38 10
20992 1209 13 39 10
20993 1210 13 40 10
20995 1211 13 41 10
20998 1212 13 42 10
20999 1213 13 43 10
21000 1214 13 44 10
21001 1215 13 45 10
21002 1216 13 46 10
21004 1217 13 47 10
21006 1218 13 48 10
21008 1219 13 49 10
21009 1220 13 50 10
21010 1221 13 51 10
21011 1222 13 52 10
21014 1223 13 53 10
21015 1224 13 54 10
21020 1225 13 55 10
21021 1226 13 56 10
21022 1227 13 57 10
21025 1228 13 58 10
21028 1229 13 59 10
21029 1230 13 60 10
21032 1231 13 61 10
21033 1232 13 62 10
21034 1233 13 63 10
21038 1234 13 64 10
21040 1235 13 65 10
21041 1236 13 66 10
21042 1237 13 67 10
21043 1238 13 68 10
21045 1239 13 69 10
21046 1240 13 70 10
21047 1241 13 71 10
21048 1242 13 72 10
21050 1243 13 73 10
21051 1244 13 74 10
21057 1245 13 75 10
21059 1246 13 76 10
21060 1247 13 77 10
21062 1248 13 78 10
21063 1249 13 79 10
21065 1250 13 80 10
21066 1251 13 81 10
21067 1252 13 82 10
21068 1253 13 83 10
21069 1254 13 84 10
21070 1255 13 85 10
21074 1256 13 86 10
21076 1257 13 87 10
21077 1258 13 88 10
21078 1259 13 89 10
21082 1260 13 90 10
21083 1261 13 91 10
21084 1262 13 92 10
21085 1263 13 93 10
21086 1264 13 94 10
21087 1265 13 95 10
21089 1266 13 96 10
21090 1267 13 97 10
21097 1268 13 98 10
21098 1269 13 99 10
21099 1270 13 100 10
21100 1271 13 101 10
21101 1272 13 102 10
21102 1273 13 103 10
21103 1274 13 104 10
21106 1275 13 105 10
21108 1276 13 106 10
21109 1277 13 107 10
21111 1278 13 108 10
21112 1279 13 109 10
21114 1280 13 110 10
21115 1281 13 111 10
21116 1282 13 112 10
21117 1283 13 113 10
21119 1284 13 114 10
21120 1285 13 115 10
21121 1286 13 116 10
21122 1287 13 0 11
21123 1288 13 1 11
21124 1289 13 2 11
21127 1290 13 3 11
21128 1291 13 4 11
21129 1292 13 5 11
21130 1293 13 6 11
21131 1294 13 7 11
21132 1295 13 8 11
21133 1296 13 9 11
21137 1297 13 10 11
21139 1298 13 11 11
21142 1299 13 12 11
21143 1300 13 13 11
21144 1301 13 14 11
21145 1302 13 15 11
21147 1303 13 16 11
21151 1304 13 17 11
21152 1305 13 18 11
21155 1306 13 19 11
21158 1307 13 20 11
21161 1308 13 21 11
21162 1309 13 22 11
21163 1310 13 23 11
21164 1311 13 24 11
21165 1312 13 25 11
21166 1313 13 26 11
21179 1314 13 27 11
21180 1315 13 28 11
21182 1316 13 29 11
21184 1317 13 30 11
21185 1318 13 31 11
21186 1319 13 32 11
21187 1320 13 33 11
21191 1321 13 34 11
21193 1322 13 35 11
21197 1323 13 36 11
21202 1324 13 37 11
21203 1325 13 38 11
21205 1326 13 39 11
21206 1327 13 40 11
21207 1328 13 41 11
21208 1329 13 42 11
21209 1330 13 43 11
21211 1331 13 44 11
21213 1332 13 45 11
21214 1333 13 46 11
21215 1334 13 47 11
21218 1335 13 48 11
21219 1336 13 49 11
21220 1337 13 50 11
21222 1338 13 51 11
21225 1339 13 52 11
21227 1340 13 53 11
21231 1341 13 54 11
21232 1342 13 55 11
21233 1343 13 56 11
21235 1344 13 57 11
21236 1345 13 58 11
21237 1346 13 59 11
21239 1347 13 60 11
21240 1348 13 61 11
21242 1349 13 62 11
21243 1350 13 63 11
21244 1351 13 64 11
21246 1352 13 65 11
21247 1353 13 66 11
21253 1354 13 67 11
21254 1355 13 68 11
21256 1356 13 69 11
21257 1357 13 70 11
21258 1358 13 71 11
21259 1359 13 72 11
21261 1360 13 73 11
21262 1361 13 74 11
21263 1362 13 75 11
21264 1363 13 76 11
21265 1364 13 77 11
21266 1365 13 78 11
21269 1366 13 79 11
21270 1367 13 80 11
21271 1368 13 81 11
21273 1369 13 82 11
21274 1370 13 83 11
21276 1371 13 84 11
21277 1372 13 85 11
21279 1373 13 86 11
21280 1374 13 87 11
21281 1375 13 88 11
21282 1376 13 89 11
21283 1377 13 90 11
21290 1378 13 91 11
21293 1379 13 92 11
21295 1380 13 93 11
21296 1381 13 94 11
21297 1382 13 95 11
21300 1383 13 96 11
21303 1384 13 97 11
21305 1385 13 98 11
21308 1386 13 99 11
21309 1387 13 100 11
21310 1388 13 101 11
21311 1389 13 102 11
21312 1390 13 103 11
21313 1391 13 104 11
21315 1392 13 105 11
21316 1393 13 106 11
21317 1394 13 107 11
21319 1395 13 108 11
21320 1396 13 109 11
21321 1397 13 110 11
21322 1398 13 111 11
21324 1399 13 112 11
21325 1400 13 113 11
21329 1401 13 114 11
21330 1402 13 115 11
21331 1403 13 116 11
21332 1404 13 0 12
21335 1405 13 1 12
21338 1406 13 2 12
21340 1407 13 3 12
21342 1408 13 4 12
21344 1409 13 5 12
21345 1410 13 6 12
21347 1411 13 7 12
21350 1412 13 8 12
21356 1413 13 9 12
21358 1414 13 10 12
21359 1415 13 11 12
21360 1416 13 12 12
21361 1417 13 13 12
21362 1418 13 14 12
21363 1419 13 15 12
21365 1420 13 16 12
21367 1421 13 17 12
21368 1422 13 18 12
21369 1423 13 19 12
21371 1424 13 20 12
21372 1425 13 21 12
21375 1426 13 22 12
21378 1427 13 23 12
21380 1428 13 24 12
21386 1429 13 25 12
21390 1430 13 26 12
21391 1431 13 27 12
21394 1432 13 28 12
21396 1433 13 29 12
21398 1434 13 30 12
21399 1435 13 31 12
21400 1436 13 32 12
21401 1437 13 33 12
21402 1438 13 34 12
21404 1439 13 35 12
21405 1440 13 36 12
21406 1441 13 37 12
21407 1442 13 38 12
21412 1443 13 39 12
21413 1444 13 40 12
21415 1445 13 41 12
21420 1446 13 42 12
21421 1447 13 43 12
21426 1448 13 44 12
21428 1449 13 45 12
21433 1450 13 46 12
21435 1451 13 47 12
21443 1452 13 48 12
21448 1453 13 49 12
21449 1454 13 50 12
21450 1455 13 51 12
21451 1456 13 52 12
21453 1457 13 53 12
21460 1458 13 54 12
21462 1459 13 55 12
21463 1460 13 56 12
21467 1461 13 57 12
21471 1462 13 58 12
21473 1463 13 59 12
21474 1464 13 60 12
21475 1465 13 61 12
21476 1466 13 62 12
21477 1467 13 63 12
21478 1468 13 64 12
21480 1469 13 65 12
21481 1470 13 66 12
21482 1471 13 67 12
21483 1472 13 68 12
21484 1473 13 69 12
21485 1474 13 70 12
21486 1475 13 71 12
21487 1476 13 72 12
21488 1477 13 73 12
21489 1478 13 74 12
21490 1479 13 75 12
21491 1480 13 76 12
21493 1481 13 77 12
21496 1482 13 78 12
21499 1483 13 79 12
21500 1484 13 80 12
21505 1485 13 81 12
21507 1486 13 82 12
21508 1487 13 83 12
21510 1488 13 84 12
21511 1489 13 85 12
21512 1490 13 86 12
21513 1491 13 87 12
21514 1492 13 88 12
21515 1493 13 89 12
21516 1494 13 90 12
21517 1495 13 91 12
21518 1496 13 92 12
21519 1497 13 93 12
21520 1498 13 94 12
21521 1499 13 95 12
21522 1500 13 96 12
21528 1501 13 97 12
21529 1502 13 98 12
21531 1503 13 99 12
21532 1504 13 100 12
21533 1505 13 101 12
21534 1506 13 102 12
21535 1507 13 103 12
21536 1508 13 104 12
21540 1509 13 105 12
21541 1510 13 106 12
21542 1511 13 107 12
21543 1512 13 108 12
21544 1513 13 109 12
21545 1514 13 110 12
21546 1515 13 111 12
21547 1516 13 112 12
21548 1517 13 113 12
21549 1518 13 114 12
21550 1519 13 115 12
21552 1520 13 116 12
21553 1521 13 0 13
21555 1522 13 1 13
21557 1523 13 2 13
21558 1524 13 3 13
21559 1525 13 4 13
21560 1526 13 5 13
21561 1527 13 6 13
21563 1528 13 7 13
21564 1529 13 8 13
21565 1530 13 9 13
21566 1531 13 10 13
21568 1532 13 11 13
21569 1533 13 12 13
21570 1534 13 13 13
21571 1535 13 14 13
21573 1536 13 15 13
21574 1537 13 16 13
21575 1538 13 17 13
21576 1539 13 18 13
21578 1540 13 19 13
21582 1541 13 20 13
21583 1542 13 21 13
21588 1543 13 22 13
21600 1544 13 23 13
21601 1545 13 24 13
21602 1546 13 25 13
21603 1547 13 26 13
21604 1548 13 27 13
21605 1549 13 28 13
21606 1550 13 29 13
21607 1551 13 30 13
21608 1552 13 31 13
21611 1553 13 32 13
21612 1554 13 33 13
21615 1555 13 34 13
21616 1556 13 35 13
21617 1557 13 36 13
21618 1558 13 37 13
21619 1559 13 38 13
21620 1560 13 39 13
21621 1561 13 40 13
21622 1562 13 41 13
21623 1563 13 42 13
21624 1564 13 43 13
21626 1565 13 44 13
21627 1566 13 45 13
21628 1567 13 46 13
21629 1568 13 47 13
21630 1569 13 48 13
21631 1570 13 49 13
21632 1571 13 50 13
21633 1572 13 51 13
21634 1573 13 52 13
21636 1574 13 53 13
21638 1575 13 54 13
21639 1576 13 55 13
21640 1577 13 56 13
21643 1578 13 57 13
21644 1579 13 58 13
21645 1580 13 59 13
21646 1581 13 60 13
21648 1582 13 61 13
21649 1583 13 62 13
21650 1584 13 63 13
21653 1585 13 64 13
21654 1586 13 65 13
21656 1587 13 66 13
21658 1588 13 67 13
21664 1589 13 68 13
21665 1590 13 69 13
21666 1591 13 70 13
21669 1592 13 71 13
21670 1593 13 72 13
21671 1594 13 73 13
21672 1595 13 74 13
21673 1596 13 75 13
21674 1597 13 76 13
21675 1598 13 77 13
21676 1599 13 78 13
21677 1600 13 79 13
21678 1601 13 80 13
21679 1602 13 81 13
21680 1603 13 82 13
21681 1604 13 83 13
21683 1605 13 84 13
21686 1606 13 85 13
21687 1607 13 86 13
21688 1608 13 87 13
21690 1609 13 88 13
21691 1610 13 89 13
21692 1611 13 90 13
21693 1612 13 91 13
21694 1613 13 92 13
21695 1614 13 93 13
21696 1615 13 94 13
21697 1616 13 95 13
21698 1617 13 96 13
21699 1618 13 97 13
21700 1619 13 98 13
21701 1620 13 99 13
21702 1621 13 100 13
21703 1622 13 101 13
21704 1623 13 102 13
21705 1624 13 103 13
21710 1625 13 104 13
21711 1626 13 105 13
21718 1627 13 106 13
21726 1628 13 107 13
21728 1629 13 108 13
21729 1630 13 109 13
21730 1631 13 110 13
21732 1632 13 111 13
21733 1633 13 112 13
21734 1634 13 113 13
21735 1635 13 114 13
21736 1636 13 115 13
21737 1637 13 116 13
21738 1638 13 0 14
21739 1639 13 1 14
21741 1640 13 2 14
21742 1641 13 3 14
21745 1642 13 4 14
21746 1643 13 5 14
21747 1644 13 6 14
21751 1645 13 7 14
21752 1646 13 8 14
21754 1647 13 9 14
21755 1648 13 10 14
21756 1649 13 11 14
21757 1650 13 12 14
21759 1651 13 13 14
21761 1652 13 14 14
21763 1653 13 15 14
21764 1654 13 16 14
21765 1655 13 17 14
21766 1656 13 18 14
21767 1657 13 19 14
21768 1658 13 20 14
21769 1659 13 21 14
21770 1660 13 22 14
21771 1661 13 23 14
21772 1662 13 24 14
21774 1663 13 25 14
21775 1664 13 26 14
21776 1665 13 27 14
21777 1666 13 28 14
21778 1667 13 29 14
21780 1668 13 30 14
21783 1669 13 31 14
21786 1670 13 32 14
21798 1671 13 33 14
21799 1672 13 34 14
21802 1673 13 35 14
21804 1674 13 36 14
21805 1675 13 37 14
21806 1676 13 38 14
21807 1677 13 39 14
21808 1678 13 40 14
21809 1679 13 41 14
21810 1680 13 42 14
21811 1681 13 43 14
21812 1682 13 44 14
21813 1683 13 45 14
21814 1684 13 46 14
21815 1685 13 47 14
21816 1686 13 48 14
21817 1687 13 49 14
21819 1688 13 50 14
21820 1689 13 51 14
21822 1690 13 52 14
21824 1691 13 53 14
21825 1692 13 54 14
21827 1693 13 55 14
21828 1694 13 56 14
21829 1695 13 57 14
21830 1696 13 58 14
21832 1697 13 59 14
21834 1698 13 60 14
21835 1699 13 61 14
21837 1700 13 62 14
21838 1701 13 63 14
21839 1702 13 64 14
21840 1703 13 65 14
21841 1704 13 66 14
21842 1705 13 67 14
21845 1706 13 68 14
21846 1707 13 69 14
21847 1708 13 70 14
21852 1709 13 71 14
21854 1710 13 72 14
21855 1711 13 73 14
21857 1712 13 74 14
21858 1713 13 75 14
21859 1714 13 76 14
21860 1715 13 77 14
21861 1716 13 78 14
21862 1717 13 79 14
21866 1718 13 80 14
21877 1719 13 81 14
21878 1720 13 82 14
21879 1721 13 83 14
21883 1722 13 84 14
21884 1723 13 85 14
21885 1724 13 86 14
21886 1725 13 87 14
21887 1726 13 88 14
21888 1727 13 89 14
21889 1728 13 90 14
21890 1729 13 91 14
21891 1730 13 92 14
21892 1731 13 93 14
21895 1732 13 94 14
21896 1733 13 95 14
21897 1734 13 96 14
21898 1735 13 97 14
21899 1736 13 98 14
21900 1737 13 99 14
21901 1738 13 100 14
21902 1739 13 101 14
21903 1740 13 102 14
21905 1741 13 103 14
21906 1742 13 104 14
21907 1743 13 105 14
21908 1744 13 106 14
21909 1745 13 107 14
21912 1746 13 108 14
21913 1747 13 109 14
21914 1748 13 110 14
21916 1749 13 111 14
21917 1750 13 112 14
21919 1751 13 113 14
21921 1752 13 114 14
21922 1753 13 115 14
21923 1754 13 116 14
21924 1755 13 0 15
21925 1756 13 1 15
21926 1757 13 2 15
21927 1758 13 3 15
21928 1759 13 4 15
21930 1760 13 5 15
21931 1761 13 6 15
21932 1762 13 7 15
21933 1763 13 8 15
21934 1764 13 9 15
21937 1765 13 10 15
21938 1766 13 11 15
21939 1767 13 12 15
21941 1768 13 13 15
21947 1769 13 14 15
21951 1770 13 15 15
21952 1771 13 16 15
21954 1772 13 17 15
21955 1773 13 18 15
21956 1774 13 19 15
21957 1775 13 20 15
21958 1776 13 21 15
21959 1777 13 22 15
21960 1778 13 23 15
21961 1779 13 24 15
21962 1780 13 25 15
21963 1781 13 26 15
21964 1782 13 27 15
21965 1783 13 28 15
21966 1784 13 29 15
21967 1785 13 30 15
21968 1786 13 31 15
21969 1787 13 32 15
21970 1788 13 33 15
21971 1789 13 34 15
21972 1790 13 35 15
21973 1791 13 36 15
21974 1792 13 37 15
21977 1793 13 38 15
21978 1794 13 39 15
21979 1795 13 40 15
21980 1796 13 41 15
21981 1797 13 42 15
21983 1798 13 43 15
21985 1799 13 44 15
21986 1800 13 45 15
21987 1801 13 46 15
21988 1802 13 47 15
21989 1803 13 48 15
21990 1804 13 49 15
21991 1805 13 50 15
21992 1806 13 51 15
21993 1807 13 52 15
21999 1808 13 53 15
22002 1809 13 54 15
22006 1810 13 55 15
22007 1811 13 56 15
22009 1812 13 57 15
22010 1813 13 58 15
22012 1814 13 59 15
22013 1815 13 60 15
22014 1816 13 61 15
22015 1817 13 62 15
22016 1818 13 63 15
22017 1819 13 64 15
22018 1820 13 65 15
22020 1821 13 66 15
22022 1822 13 67 15
22024 1823 13 68 15
22025 1824 13 69 15
22028 1825 13 70 15
22029 1826 13 71 15
22030 1827 13 72 15
22031 1828 13 73 15
22032 1829 13 74 15
22034 1830 13 75 15
22035 1831 13 76 15
22036 1832 13 77 15
22037 1833 13 78 15
22038 1834 13 79 15
22039 1835 13 80 15
22043 1836 13 81 15
22044 1837 13 82 15
22045 1838 13 83 15
22047 1839 13 84 15
22055 1840 13 85 15
22057 1841 13 86 15
22058 1842 13 87 15
22060 1843 13 88 15
22062 1844 13 89 15
22063 1845 13 90 15
22064 1846 13 91 15
22066 1847 13 92 15
22067 1848 13 93 15
22068 1849 13 94 15
22069 1850 13 95 15
22070 1851 13 96 15
22072 1852 13 97 15
22073 1853 13 98 15
22074 1854 13 99 15
22075 1855 13 100 15
22077 1856 13 101 15
22078 1857 13 102 15
22079 1858 13 103 15
22080 1859 13 104 15
22081 1860 13 105 15
22082 1861 13 106 15
22085 1862 13 107 15
22086 1863 13 108 15
22088 1864 13 109 15
22089 1865 13 110 15
22090 1866 13 111 15
22092 1867 13 112 15
22094 1868 13 113 15
22099 1869 13 114 15
22103 1870 13 115 15
22104 1871 13 116 15
22105 1872 13 0 16
22106 1873 13 1 16
22110 1874 13 2 16
22112 1875 13 3 16
22114 1876 13 4 16
22115 1877 13 5 16
22116 1878 13 6 16
22117 1879 13 7 16
22118 1880 13 8 16
22120 1881 13 9 16
22121 1882 13 10 16
22122 1883 13 11 16
22123 1884 13 12 16
22124 1885 13 13 16
22125 1886 13 14 16
22126 1887 13 15 16
22127 1888 13 16 16
22128 1889 13 17 16
22129 1890 13 18 16
22130 1891 13 19 16
22131 1892 13 20 16
22132 1893 13 21 16
22134 1894 13 22 16
22135 1895 13 23 16
22136 1896 13 24 16
22137 1897 13 25 16
22142 1898 13 26 16
22143 1899 13 27 16
22144 1900 13 28 16
22145 1901 13 29 16
22146 1902 13 30 16
22147 1903 13 31 16
22148 1904 13 32 16
22149 1905 13 33 16
22150 1906 13 34 16
22151 1907 13 35 16
22156 1908 13 36 16
22157 1909 13 37 16
22158 1910 13 38 16
22159 1911 13 39 16
22160 1912 13 40 16
22163 1913 13 41 16
22165 1914 13 42 16
22167 1915 13 43 16
22168 1916 13 44 16
22169 1917 13 45 16
22170 1918 13 46 16
22172 1919 13 47 16
22173 1920 13 48 16
22181 1921 13 49 16
22182 1922 13 50 16
22183 1923 13 51 16
22184 1924 13 52 16
22186 1925 13 53 16
22187 1926 13 54 16
22188 1927 13 55 16
22189 1928 13 56 16
22190 1929 13 57 16
22194 1930 13 58 16
22195 1931 13 59 16
22196 1932 13 60 16
22197 1933 13 61 16
22198 1934 13 62 16
22199 1935 13 63 16
22204 1936 13 64 16
22205 1937 13 65 16
22206 1938 13 66 16
22208 1939 13 67 16
22209 1940 13 68 16
22210 1941 13 69 16
22211 1942 13 70 16
22213 1943 13 71 16
22214 1944 13 72 16
22216 1945 13 73 16
22217 1946 13 74 16
22218 1947 13 75 16
22219 1948 13 76 16
22220 1949 13 77 16
22221 1950 13 78 16
22225 1951 13 79 16
22227 1952 13 80 16
22228 1953 13 81 16
22231 1954 13 82 16
22234 1955 13 83 16
22235 1956 13 84 16
22237 1957 13 85 16
22238 1958 13 86 16
22239 1959 13 87 16
22240 1960 13 88 16
22241 1961 13 89 16
22244 1962 13 90 16
22245 1963 13 91 16
22247 1964 13 92 16
22250 1965 13 93 16
22251 1966 13 94 16
22254 1967 13 95 16
22256 1968 13 96 16
22263 1969 13 97 16
22265 1970 13 98 16
22266 1971 13 99 16
22271 1972 13 100 16
22273 1973 13 101 16
22274 1974 13 102 16
22275 1975 13 103 16
22276 1976 13 104 16
22279 1977 13 105 16
22280 1978 13 106 16
22281 1979 13 107 16
22282 1980 13 108 16
22283 1981 13 109 16
22284 1982 13 110 16
22285 1983 13 111 16
22290 1984 13 112 16
22291 1985 13 113 16
22292 1986 13 114 16
22294 1987 13 115 16
22296 1988 13 116 16
22298 1989 13 0 17
22299 1990 13 1 17
22300 1991 13 2 17
22302 1992 13 3 17
22303 1993 13 4 17
22304 1994 13 5 17
22306 1995 13 6 17
22307 1996 13 7 17
22312 1997 13 8 17
22313 1998 13 9 17
22314 1999 13 10 17
22316 2000 13 11 17
22317 2001 13 12 17
22318 2002 13 13 17
22319 2003 13 14 17
22320 2004 13 15 17
22323 2005 13 16 17
22324 2006 13 17 17
22331 2007 13 18 17
22334 2008 13 19 17
22336 2009 13 20 17
22337 2010 13 21 17
22341 2011 13 22 17
22343 2012 13 23 17
22345 2013 13 24 17
22346 2014 13 25 17
22347 2015 13 26 17
22348 2016 13 27 17
22349 2017 13 28 17
22350 2018 13 29 17
22351 2019 13 30 17
22352 2020 13 31 17
22353 2021 13 32 17
22354 2022 13 33 17
22369 2023 13 34 17
22370 2024 13 35 17
22372 2025 13 36 17
22374 2026 13 37 17
22376 2027 13 38 17
22377 2028 13 39 17
22378 2029 13 40 17
22379 2030 13 41 17
22381 2031 13 42 17
22383 2032 13 43 17
22384 2033 13 44 17
22385 2034 13 45 17
22386 2035 13 46 17
22387 2036 13 47 17
22388 2037 13 48 17
22389 2038 13 49 17
22390 2039 13 50 17
22391 2040 13 51 17
22395 2041 13 52 17
22396 2042 13 53 17
22397 2043 13 54 17
22400 2044 13 55 17
22402 2045 13 56 17
22403 2046 13 57 17
22411 2047 13 58 17
22412 2048 13 59 17
22415 2049 13 60 17
22419 2050 13 61 17
22420 2051 13 62 17
22421 2052 13 63 17
22423 2053 13 64 17
22424 2054 13 65 17
22425 2055 13 66 17
22426 2056 13 67 17
22427 2057 13 68 17
22429 2058 13 69 17
22430 2059 13 70 17
22431 2060 13 71 17
22432 2061 13 72 17
22434 2062 13 73 17
22435 2063 13 74 17
22436 2064 13 75 17
22437 2065 13 76 17
22446 2066 13 77 17
22453 2067 13 78 17
22454 2068 13 79 17
22456 2069 13 80 17
22457 2070 13 81 17
22458 2071 13 82 17
22460 2072 13 83 17
22461 2073 13 84 17
22463 2074 13 85 17
22465 2075 13 86 17
22466 2076 13 87 17
22467 2077 13 88 17
22470 2078 13 89 17
22471 2079 13 90 17
22475 2080 13 91 17
22476 2081 13 92 17
22478 2082 13 93 17
22479 2083 13 94 17
22480 2084 13 95 17
22482 2085 13 96 17
22484 2086 13 97 17
22485 2087 13 98 17
22492 2088 13 99 17
22495 2089 13 100 17
22496 2090 13 101 17
22497 2091 13 102 17
22498 2092 13 103 17
22499 2093 13 104 17
22500 2094 13 105 17
22501 2095 13 106 17
22503 2096 13 107 17
22505 2097 13 108 17
22508 2098 13 109 17
22509 2099 13 110 17
22510 2100 13 111 17
22512 2101 13 112 17
22513 2102 13 113 17
22514 2103 13 114 17
22515 2104 13 115 17
22516 2105 13 116 17
22517 2106 13 0 18
22518 2107 13 1 18
22519 2108 13 2 18
22520 2109 13 3 18
22521 2110 13 4 18
22522 2111 13 5 18
22523 2112 13 6 18
22524 2113 13 7 18
22525 2114 13 8 18
22528 2115 13 9 18
22529 2116 13 10 18
22530 2117 13 11 18
22532 2118 13 12 18
22533 2119 13 13 18
22534 2120 13 14 18
22535 2121 13 15 18
22536 2122 13 16 18
22537 2123 13 17 18
22538 2124 13 18 18
22539 2125 13 19 18
22540 2126 13 20 18
22541 2127 13 21 18
22542 2128 13 22 18
22544 2129 13 23 18
22548 2130 13 24 18
22553 2131 13 25 18
22555 2132 13 26 18
22556 2133 13 27 18
22557 2134 13 28 18
22558 2135 13 29 18
22560 2136 13 30 18
22561 2137 13 31 18
22563 2138 13 32 18
22564 2139 13 33 18
22565 2140 13 34 18
22567 2141 13 35 18
22568 2142 13 36 18
22569 2143 13 37 18
22570 2144 13 38 18
22572 2145 13 39 18
22573 2146 13 40 18
22574 2147 13 41 18
22575 2148 13 42 18
22576 2149 13 43 18
22577 2150 13 44 18
22578 2151 13 45 18
22579 2152 13 46 18
22580 2153 13 47 18
22581 2154 13 48 18
22582 2155 13 49 18
22583 2156 13 50 18
22584 2157 13 51 18
22585 2158 13 52 18
22587 2159 13 53 18
22589 2160 13 54 18
22591 2161 13 55 18
22600 2162 13 56 18
22601 2163 13 57 18
22602 2164 13 58 18
22603 2165 13 59 18
22604 2166 13 60 18
22605 2167 13 61 18
22606 2168 13 62 18
22607 2169 13 63 18
22609 2170 13 64 18
22610 2171 13 65 18
22611 2172 13 66 18
22612 2173 13 67 18
22613 2174 13 68 18
22615 2175 13 69 18
22616 2176 13 70 18
22617 2177 13 71 18
22618 2178 13 72 18
22619 2179 13 73 18
22621 2180 13 74 18
22622 2181 13 75 18
22626 2182 13 76 18
22627 2183 13 77 18
22628 2184 13 78 18
22629 2185 13 79 18
22632 2186 13 80 18
22635 2187 13 81 18
22637 2188 13 82 18
22639 2189 13 83 18
22641 2190 13 84 18
22644 2191 13 85 18
22645 2192 13 86 18
22646 2193 13 87 18
22649 2194 13 88 18
22650 2195 13 89 18
22651 2196 13 90 18
22652 2197 13 91 18
22653 2198 13 92 18
22654 2199 13 93 18
22655 2200 13 94 18
22656 2201 13 95 18
22657 2202 13 96 18
22658 2203 13 97 18
22659 2204 13 98 18
22661 2205 13 99 18
22662 2206 13 100 18
22663 2207 13 101 18
22664 2208 13 102 18
22665 2209 13 103 18
22666 2210 13 104 18
22667 2211 13 105 18
22670 2212 13 106 18
22671 2213 13 107 18
22672 2214 13 108 18
22673 2215 13 109 18
22675 2216 13 110 18
22676 2217 13 111 18
22680 2218 13 112 18
22684 2219 13 113 18
22685 2220 13 114 18
22686 2221 13 115 18
22687 2222 13 116 18
22688 2223 13 0 19
22689 2224 13 1 19
22691 2225 13 2 19
22693 2226 13 3 19
22694 2227 13 4 19
22696 2228 13 5 19
22697 2229 13 6 19
22699 2230 13 7 19
22700 2231 13 8 19
22702 2232 13 9 19
22703 2233 13 10 19
22705 2234 13 11 19
22707 2235 13 12 19
22714 2236 13 13 19
22716 2237 13 14 19
22717 2238 13 15 19
22718 2239 13 16 19
22719 2240 13 17 19
22721 2241 13 18 19
22722 2242 13 19 19
22725 2243 13 20 19
22726 2244 13 21 19
22727 2245 13 22 19
22728 2246 13 23 19
22729 2247 13 24 19
22734 2248 13 25 19
22735 2249 13 26 19
22737 2250 13 27 19
22738 2251 13 28 19
22739 2252 13 29 19
22740 2253 13 30 19
22741 2254 13 31 19
22742 2255 13 32 19
22744 2256 13 33 19
22745 2257 13 34 19
22746 2258 13 35 19
22747 2259 13 36 19
22749 2260 13 37 19
22750 2261 13 38 19
22751 2262 13 39 19
22754 2263 13 40 19
22755 2264 13 41 19
22756 2265 13 42 19
22759 2266 13 43 19
22760 2267 13 44 19
22761 2268 13 45 19
22763 2269 13 46 19
22764 2270 13 47 19
22767 2271 13 48 19
22772 2272 13 49 19
22777 2273 13 50 19
22778 2274 13 51 19
22780 2275 13 52 19
22781 2276 13 53 19
22782 2277 13 54 19
22783 2278 13 55 19
22787 2279 13 56 19
22790 2280 13 57 19
22796 2281 13 58 19
22797 2282 13 59 19
22798 2283 13 60 19
22799 2284 13 61 19
22802 2285 13 62 19
22804 2286 13 63 19
22805 2287 13 64 19
22806 2288 13 65 19
22807 2289 13 66 19
22809 2290 13 67 19
22810 2291 13 68 19
22812 2292 13 69 19
22816 2293 13 70 19
22818 2294 13 71 19
22820 2295 13 72 19
22821 2296 13 73 19
22823 2297 13 74 19
22825 2298 13 75 19
22826 2299 13 76 19
22827 2300 13 77 19
22828 2301 13 78 19
22829 2302 13 79 19
22830 2303 13 80 19
22831 2304 13 81 19
22833 2305 13 82 19
22839 2306 13 83 19
22840 2307 13 84 19
22844 2308 13 85 19
22846 2309 13 86 19
22848 2310 13 87 19
22852 2311 13 88 19
22853 2312 13 89 19
22855 2313 13 90 19
22856 2314 13 91 19
22857 2315 13 92 19
22858 2316 13 93 19
22862 2317 13 94 19
22863 2318 13 95 19
22864 2319 13 96 19
22865 2320 13 97 19
22867 2321 13 98 19
22868 2322 13 99 19
22869 2323 13 100 19
22871 2324 13 101 19
22872 2325 13 102 19
22874 2326 13 103 19
22876 2327 13 104 19
22880 2328 13 105 19
22881 2329 13 106 19
22882 2330 13 107 19
22887 2331 13 108 19
22889 2332 13 109 19
22890 2333 13 110 19
22891 2334 13 111 19
22893 2335 13 112 19
22894 2336 13 113 19
22896 2337 13 114 19
22897 2338 13 115 19
22898 2339 13 116 19
22899 2340 13 0 20
22900 2341 13 1 20
22902 2342 13 2 20
22903 2343 13 3 20
22904 2344 13 4 20
22905 2345 13 5 20
22907 2346 13 6 20
22908 2347 13 7 20
22909 2348 13 8 20
22910 2349 13 9 20
22911 2350 13 10 20
22912 2351 13 11 20
22913 2352 13 12 20
22914 2353 13 13 20
22915 2354 13 14 20
22916 2355 13 15 20
22917 2356 13 16 20
22922 2357 13 17 20
22925 2358 13 18 20
22926 2359 13 19 20
22927 2360 13 20 20
22928 2361 13 21 20
22930 2362 13 22 20
22931 2363 13 23 20
22934 2364 13 24 20
22935 2365 13 25 20
22936 2366 13 26 20
22937 2367 13 27 20
22941 2368 13 28 20
22942 2369 13 29 20
22944 2370 13 30 20
22945 2371 13 31 20
22946 2372 13 32 20
22947 2373 13 33 20
22948 2374 13 34 20
22949 2375 13 35 20
22950 2376 13 36 20
22951 2377 13 37 20
22952 2378 13 38 20
22958 2379 13 39 20
22959 2380 13 40 20
22961 2381 13 41 20
22962 2382 13 42 20
22963 2383 13 43 20
22964 2384 13 44 20
22965 2385 13 45 20
22966 2386 13 46 20
22969 2387 13 47 20
22970 2388 13 48 20
22971 2389 13 49 20
22972 2390 13 50 20
22973 2391 13 51 20
22974 2392 13 52 20
22976 2393 13 53 20
22977 2394 13 54 20
22979 2395 13 55 20
22981 2396 13 56 20
22982 2397 13 57 20
22983 2398 13 58 20
22984 2399 13 59 20
22986 2400 13 60 20
22987 2401 13 61 20
22988 2402 13 62 20
22989 2403 13 63 20
22990 2404 13 64 20
22991 2405 13 65 20
22992 2406 13 66 20
22993 2407 13 67 20
22994 2408 13 68 20
22995 2409 13 69 20
22996 2410 13 70 20
22998 2411 13 71 20
23000 2412 13 72 20
23002 2413 13 73 20
23003 2414 13 74 20
23004 2415 13 75 20
23005 2416 13 76 20
23006 2417 13 77 20
23008 2418 13 78 20
23009 2419 13 79 20
23011 2420 13 80 20
23012 2421 13 81 20
23013 2422 13 82 20
23014 2423 13 83 20
23016 2424 13 84 20
23017 2425 13 85 20
23018 2426 13 86 20
23020 2427 13 87 20
23021 2428 13 88 20
23022 2429 13 89 20
23025 2430 13 90 20
23026 2431 13 91 20
23027 2432 13 92 20
23028 2433 13 93 20
23029 2434 13 94 20
23030 2435 13 95 20
23031 2436 13 96 20
23034 2437 13 97 20
23035 2438 13 98 20
23036 2439 13 99 20
23037 2440 13 100 20
23038 2441 13 101 20
23039 2442 13 102 20
23040 2443 13 103 20
23041 2444 13 104 20
23043 2445 13 105 20
23049 2446 13 106 20
23050 2447 13 107 20
23052 2448 13 108 20
23055 2449 13 109 20
23057 2450 13 110 20
23059 2451 13 111 20
23061 2452 13 112 20
23062 2453 13 113 20
23063 2454 13 114 20
23064 2455 13 115 20
23065 2456 13 116 20
23067 2457 13 0 21
23068 2458 13 1 21
23070 2459 13 2 21
23071 2460 13 3 21
23072 2461 13 4 21
23075 2462 13 5 21
23077 2463 13 6 21
23081 2464 13 7 21
23085 2465 13 8 21
23086 2466 13 9 21
23091 2467 13 10 21
23093 2468 13 11 21
23094 2469 13 12 21
23095 2470 13 13 21
23096 2471 13 14 21
23097 2472 13 15 21
23100 2473 13 16 21
23102 2474 13 17 21
23104 2475 13 18 21
23105 2476 13 19 21
23106 2477 13 20 21
23107 2478 13 21 21
23108 2479 13 22 21
23110 2480 13 23 21
23111 2481 13 24 21
23112 2482 13 25 21
23113 2483 13 26 21
23114 2484 13 27 21
23116 2485 13 28 21
23117 2486 13 29 21
23120 2487 13 30 21
23121 2488 13 31 21
23122 2489 13 32 21
23123 2490 13 33 21
23125 2491 13 34 21
23126 2492 13 35 21
23127 2493 13 36 21
23128 2494 13 37 21
23130 2495 13 38 21
23131 2496 13 39 21
23132 2497 13 40 21
23133 2498 13 41 21
23134 2499 13 42 21
23135 2500 13 43 21
23136 2501 13 44 21
23138 2502 13 45 21
23140 2503 13 46 21
23141 2504 13 47 21
23142 2505 13 48 21
23143 2506 13 49 21
23145 2507 13 50 21
23146 2508 13 51 21
23148 2509 13 52 21
23149 2510 13 53 21
23152 2511 13 54 21
23159 2512 13 55 21
23160 2513 13 56 21
23162 2514 13 57 21
23163 2515 13 58 21
23164 2516 13 59 21
23165 2517 13 60 21
23167 2518 13 61 21
23171 2519 13 62 21
23172 2520 13 63 21
23178 2521 13 64 21
23179 2522 13 65 21
23180 2523 13 66 21
23182 2524 13 67 21
23183 2525 13 68 21
23184 2526 13 69 21
23186 2527 13 70 21
23187 2528 13 71 21
23188 2529 13 72 21
23189 2530 13 73 21
23191 2531 13 74 21
23194 2532 13 75 21
23195 2533 13 76 21
23196 2534 13 77 21
23197 2535 13 78 21
23198 2536 13 79 21
23199 2537 13 80 21
23202 2538 13 81 21
23205 2539 13 82 21
23206 2540 13 83 21
23207 2541 13 84 21
23209 2542 13 85 21
23212 2543 13 86 21
23214 2544 13 87 21
23215 2545 13 88 21
23216 2546 13 89 21
23217 2547 13 90 21
23218 2548 13 91 21
23219 2549 13 92 21
23220 2550 13 93 21
23221 2551 13 94 21
23222 2552 13 95 21
23223 2553 13 96 21
23224 2554 13 97 21
23225 2555 13 98 21
23226 2556 13 99 21
23227 2557 13 100 21
23228 2558 13 101 21
23229 2559 13 102 21
23230 2560 13 103 21
23231 2561 13 104 21
23232 2562 13 105 21
23233 2563 13 106 21
23234 2564 13 107 21
23236 2565 13 108 21
23238 2566 13 109 21
23239 2567 13 110 21
23240 2568 13 111 21
23241 2569 13 112 21
23242 2570 13 113 21
23243 2571 13 114 21
23244 2572 13 115 21
23245 2573 13 116 21
23253 2574 13 0 22
23254 2575 13 1 22
23255 2576 13 2 22
23256 2577 13 3 22
23257 2578 13 4 22
23258 2579 13 5 22
23259 2580 13 6 22
23260 2581 13 7 22
23261 2582 13 8 22
23262 2583 13 9 22
23263 2584 13 10 22
23264 2585 13 11 22
23265 2586 13 12 22
23266 2587 13 13 22
23267 2588 13 14 22
23269 2589 13 15 22
23270 2590 13 16 22
23272 2591 13 17 22
23273 2592 13 18 22
23274 2593 13 19 22
23275 2594 13 20 22
23276 2595 13 21 22
23277 2596 13 22 22
23278 2597 13 23 22
23283 2598 13 24 22
23284 2599 13 25 22
23285 2600 13 26 22
23286 2601 13 27 22
23287 2602 13 28 22
23288 2603 13 29 22
23289 2604 13 30 22
23291 2605 13 31 22
23293 2606 13 32 22
23295 2607 13 33 22
23297 2608 13 34 22
23298 2609 13 35 22
23299 2610 13 36 22
23301 2611 13 37 22
23303 2612 13 38 22
23304 2613 13 39 22
23305 2614 13 40 22
23307 2615 13 41 22
23308 2616 13 42 22
23311 2617 13 43 22
23312 2618 13 44 22
23315 2619 13 45 22
23316 2620 13 46 22
23318 2621 13 47 22
23319 2622 13 48 22
23321 2623 13 49 22
23322 2624 13 50 22
23323 2625 13 51 22
23325 2626 13 52 22
23326 2627 13 53 22
23328 2628 13 54 22
23329 2629 13 55 22
23331 2630 13 56 22
23332 2631 13 57 22
23333 2632 13 58 22
23334 2633 13 59 22
23335 2634 13 60 22
23336 2635 13 61 22
23338 2636 13 62 22
23340 2637 13 63 22
23341 2638 13 64 22
23342 2639 13 65 22
23343 2640 13 66 22
23344 2641 13 67 22
23346 2642 13 68 22
23348 2643 13 69 22
23352 2644 13 70 22
23356 2645 13 71 22
23357 2646 13 72 22
23358 2647 13 73 22
23359 2648 13 74 22
23360 2649 13 75 22
23363 2650 13 76 22
23365 2651 13 77 22
23367 2652 13 78 22
23368 2653 13 79 22
23371 2654 13 80 22
23372 2655 13 81 22
23373 2656 13 82 22
23374 2657 13 83 22
23376 2658 13 84 22
23377 2659 13 85 22
23379 2660 13 86 22
23380 2661 13 87 22
23381 2662 13 88 22
23382 2663 13 89 22
23383 2664 13 90 22
23384 2665 13 91 22
23386 2666 13 92 22
23387 2667 13 93 22
23388 2668 13 94 22
23389 2669 13 95 22
23391 2670 13 96 22
23394 2671 13 97 22
23395 2672 13 98 22
23396 2673 13 99 22
23397 2674 13 100 22
23401 2675 13 101 22
23403 2676 13 102 22
23404 2677 13 103 22
23406 2678 13 104 22
23408 2679 13 105 22
23409 2680 13 106 22
23410 2681 13 107 22
23411 2682 13 108 22
23413 2683 13 109 22
23415 2684 13 110 22
23416 2685 13 111 22
23418 2686 13 112 22
23419 2687 13 113 22
23421 2688 13 114 22
23423 2689 13 115 22
23425 2690 13 116 22
23427 2691 13 0 23
23428 2692 13 1 23
23429 2693 13 2 23
23431 2694 13 3 23
23432 2695 13 4 23
23433 2696 13 5 23
23435 2697 13 6 23
23436 2698 13 7 23
23438 2699 13 8 23
23439 2700 13 9 23
23442 2701 13 10 23
23443 2702 13 11 23
23445 2703 13 12 23
23447 2704 13 13 23
23448 2705 13 14 23
23449 2706 13 15 23
23450 2707 13 16 23
23451 2708 13 17 23
23452 2709 13 18 23
23458 2710 13 19 23
23459 2711 13 20 23
23460 2712 13 21 23
23461 2713 13 22 23
23462 2714 13 23 23
23463 2715 13 24 23
23464 2716 13 25 23
23468 2717 13 26 23
23469 2718 13 27 23
23470 2719 13 28 23
23472 2720 13 29 23
23475 2721 13 30 23
23476 2722 13 31 23
23477 2723 13 32 23
23478 2724 13 33 23
23480 2725 13 34 23
23481 2726 13 35 23
23487 2727 13 36 23
23488 2728 13 37 23
23489 2729 13 38 23
23490 2730 13 39 23
23492 2731 13 40 23
23493 2732 13 41 23
23494 2733 13 42 23
23495 2734 13 43 23
23498 2735 13 44 23
23499 2736 13 45 23
23500 2737 13 46 23
23501 2738 13 47 23
23502 2739 13 48 23
23504 2740 13 49 23
23505 2741 13 50 23
23506 2742 13 51 23
23507 2743 13 52 23
23508 2744 13 53 23
23510 2745 13 54 23
23512 2746 13 55 23
23513 2747 13 56 23
23518 2748 13 57 23
23519 2749 13 58 23
23520 2750 13 59 23
23521 2751 13 60 23
23522 2752 13 61 23
23523 2753 13 62 23
23524 2754 13 63 23
23525 2755 13 64 23
23526 2756 13 65 23
23527 2757 13 66 23
23528 2758 13 67 23
23529 2759 13 68 23
23530 2760 13 69 23
23531 2761 13 70 23
23532 2762 13 71 23
23534 2763 13 72 23
23535 2764 13 73 23
23536 2765 13 74 23
23537 2766 13 75 23
23538 2767 13 76 23
23541 2768 13 77 23
23542 2769 13 78 23
23544 2770 13 79 23
23546 2771 13 80 23
23553 2772 13 81 23
23555 2773 13 82 23
23556 2774 13 83 23
23559 2775 13 84 23
23560 2776 13 85 23
23561 2777 13 86 23
23562 2778 13 87 23
23563 2779 13 88 23
23564 2780 13 89 23
23565 2781 13 90 23
23566 2782 13 91 23
23567 2783 13 92 23
23568 2784 13 93 23
23569 2785 13 94 23
23570 2786 13 95 23
23573 2787 13 96 23
23574 2788 13 97 23
23578 2789 13 98 23
23583 2790 13 99 23
23586 2791 13 100 23
23588 2792 13 101 23
23589 2793 13 102 23
23592 2794 13 103 23
23594 2795 13 104 23
23596 2796 13 105 23
23600 2797 13 106 23
23601 2798 13 107 23
23603 2799 13 108 23
23607 2800 13 109 23
23608 2801 13 110 23
23609 2802 13 111 23
23610 2803 13 112 23
23611 2804 13 113 23
23612 2805 13 114 23
23614 2806 13 115 23
23615 2807 13 116 23
23616 2808 13 0 24
23617 2809 13 1 24
23620 2810 13 2 24
23621 2811 13 3 24
23622 2812 13 4 24
23623 2813 13 5 24
23624 2814 13 6 24
23627 2815 13 7 24
23628 2816 13 8 24
23629 2817 13 9 24
23630 2818 13 10 24
23631 2819 13 11 24
23632 2820 13 12 24
23633 2821 13 13 24
23636 2822 13 14 24
23637 2823 13 15 24
23638 2824 13 16 24
23640 2825 13 17 24
23641 2826 13 18 24
23644 2827 13 19 24
23645 2828 13 20 24
23648 2829 13 21 24
23650 2830 13 22 24
23651 2831 13 23 24
23652 2832 13 24 24
23653 2833 13 25 24
23655 2834 13 26 24
23656 2835 13 27 24
23657 2836 13 28 24
23658 2837 13 29 24
23660 2838 13 30 24
23661 2839 13 31 24
23662 2840 13 32 24
23663 2841 13 33 24
23665 2842 13 34 24
23667 2843 13 35 24
23668 2844 13 36 24
23673 2845 13 37 24
23674 2846 13 38 24
23675 2847 13 39 24
23676 2848 13 40 24
23678 2849 13 41 24
23686 2850 13 42 24
23688 2851 13 43 24
23689 2852 13 44 24
23690 2853 13 45 24
23691 2854 13 46 24
23692 2855 13 47 24
23693 2856 13 48 24
23695 2857 13 49 24
23696 2858 13 50 24
23697 2859 13 51 24
23698 2860 13 52 24
23699 2861 13 53 24
23700 2862 13 54 24
23701 2863 13 55 24
23709 2864 13 56 24
23711 2865 13 57 24
23712 2866 13 58 24
23713 2867 13 59 24
23714 2868 13 60 24
23715 2869 13 61 24
23716 2870 13 62 24
23717 2871 13 63 24
23718 2872 13 64 24
23719 2873 13 65 24
23720 2874 13 66 24
23721 2875 13 67 24
23722 2876 13 68 24
23723 2877 13 69 24
23724 2878 13 70 24
23725 2879 13 71 24
23726 2880 13 72 24
23727 2881 13 73 24
23728 2882 13 74 24
23729 2883 13 75 24
23731 2884 13 76 24
23733 2885 13 77 24
23734 2886 13 78 24
23735 2887 13 79 24
23736 2888 13 80 24
23750 2889 13 81 24
23751 2890 13 82 24
23752 2891 13 83 24
23753 2892 13 84 24
23754 2893 13 85 24
23755 2894 13 86 24
23756 2895 13 87 24
23758 2896 13 88 24
23759 2897 13 89 24
23760 2898 13 90 24
23762 2899 13 91 24
23763 2900 13 92 24
23764 2901 13 93 24
23766 2902 13 94 24
23767 2903 13 95 24
23768 2904 13 96 24
23769 2905 13 97 24
23770 2906 13 98 24
23771 2907 13 99 24
23774 2908 13 100 24
23775 2909 13 101 24
23784 2910 13 102 24
23786 2911 13 103 24
23788 2912 13 104 24
23789 2913 13 105 24
23790 2914 13 106 24
23792 2915 13 107 24
23793 2916 13 108 24
23796 2917 13 109 24
23798 2918 13 110 24
23799 2919 13 111 24
23800 2920 13 112 24
23801 2921 13 113 24
23803 2922 13 114 24
23805 2923 13 115 24
23807 2924 13 116 24
23808 2925 13 0 25
23809 2926 13 1 25
23814 2927 13 2 25
23815 2928 13 3 25
23819 2929 13 4 25
23820 2930 13 5 25
23821 2931 13 6 25
23822 2932 13 7 25
23823 2933 13 8 25
23825 2934 13 9 25
23826 2935 13 10 25
23828 2936 13 11 25
23830 2937 13 12 25
23831 2938 13 13 25
23833 2939 13 14 25
23834 2940 13 15 25
23835 2941 13 16 25
23837 2942 13 17 25
23838 2943 13 18 25
23839 2944 13 19 25
23840 2945 13 20 25
23842 2946 13 21 25
23843 2947 13 22 25
23844 2948 13 23 25
23845 2949 13 24 25
23846 2950 13 25 25
23847 2951 13 26 25
23848 2952 13 27 25
23849 2953 13 28 25
23854 2954 13 29 25
23856 2955 13 30 25
23857 2956 13 31 25
23858 2957 13 32 25
23859 2958 13 33 25
23860 2959 13 34 25
23861 2960 13 35 25
23862 2961 13 36 25
23863 2962 13 37 25
23864 2963 13 38 25
23865 2964 13 39 25
23866 2965 13 40 25
23868 2966 13 41 25
23869 2967 13 42 25
23871 2968 13 43 25
23872 2969 13 44 25
23873 2970 13 45 25
23874 2971 13 46 25
23875 2972 13 47 25
23877 2973 13 48 25
23879 2974 13 49 25
23881 2975 13 50 25
23882 2976 13 51 25
23883 2977 13 52 25
23884 2978 13 53 25
23886 2979 13 54 25
23888 2980 13 55 25
23889 2981 13 56 25
23890 2982 13 57 25
23893 2983 13 58 25
23897 2984 13 59 25
23902 2985 13 60 25
23906 2986 13 61 25
23907 2987 13 62 25
23909 2988 13 63 25
23911 2989 13 64 25
23912 2990 13 65 25
23913 2991 13 66 25
23915 2992 13 67 25
23916 2993 13 68 25
23919 2994 13 69 25
23921 2995 13 70 25
23922 2996 13 71 25
23927 2997 13 72 25
23929 2998 13 73 25
23930 2999 13 74 25
23932 3000 13 75 25
23933 3001 13 76 25
23934 3002 13 77 25
23935 3003 13 78 25
23936 3004 13 79 25
23937 3005 13 80 25
23938 3006 13 81 25
23940 3007 13 82 25
23942 3008 13 83 25
23943 3009 13 84 25
23944 3010 13 85 25
23945 3011 13 86 25
23946 3012 13 87 25
23949 3013 13 88 25
23954 3014 13 89 25
23955 3015 13 90 25
23956 3016 13 91 25
23957 3017 13 92 25
23959 3018 13 93 25
23961 3019 13 94 25
23962 3020 13 95 25
23964 3021 13 96 25
23965 3022 13 97 25
23966 3023 13 98 25
23967 3024 13 99 25
23968 3025 13 100 25
23969 3026 13 101 25
23970 3027 13 102 25
23975 3028 13 103 25
23976 3029 13 104 25
23977 3030 13 105 25
23978 3031 13 106 25
23980 3032 13 107 25
23981 3033 13 108 25
23982 3034 13 109 25
23983 3035 13 110 25
23984 3036 13 111 25
23985 3037 13 112 25
23986 3038 13 113 25
23988 3039 13 114 25
23989 3040 13 115 25
23991 3041 13 116 25
23992 3042 13 0 26
23994 3043 13 1 26
23996 3044 13 2 26
23997 3045 13 3 26
24000 3046 13 4 26
24002 3047 13 5 26
24003 3048 13 6 26
24006 3049 13 7 26
24007 3050 13 8 26
24009 3051 13 9 26
24011 3052 13 10 26
24013 3053 13 11 26
24015 3054 13 12 26
24017 3055 13 13 26
24018 3056 13 14 26
24020 3057 13 15 26
24021 3058 13 16 26
24022 3059 13 17 26
24024 3060 13 18 26
24029 3061 13 19 26
24030 3062 13 20 26
24031 3063 13 21 26
24032 3064 13 22 26
24033 3065 13 23 26
24034 3066 13 24 26
24037 3067 13 25 26
24038 3068 13 26 26
24039 3069 13 27 26
24040 3070 13 28 26
24043 3071 13 29 26
24046 3072 13 30 26
24048 3073 13 31 26
24049 3074 13 32 26
24050 3075 13 33 26
24051 3076 13 34 26
24052 3077 13 35 26
24055 3078 13 36 26
24057 3079 13 37 26
24061 3080 13 38 26
24062 3081 13 39 26
24063 3082 13 40 26
24066 3083 13 41 26
24067 3084 13 42 26
24068 3085 13 43 26
24070 3086 13 44 26
24074 3087 13 45 26
24076 3088 13 46 26
24078 3089 13 47 26
24081 3090 13 48 26
24084 3091 13 49 26
24085 3092 13 50 26
24086 3093 13 51 26
24087 3094 13 52 26
24088 3095 13 53 26
24089 3096 13 54 26
24090 3097 13 55 26
24091 3098 13 56 26
24093 3099 13 57 26
24095 3100 13 58 26
24096 3101 13 59 26
24097 3102 13 60 26
24098 3103 13 61 26
24099 3104 13 62 26
24100 3105 13 63 26
24101 3106 13 64 26
24104 3107 13 65 26
24105 3108 13 66 26
24107 3109 13 67 26
24109 3110 13 68 26
24115 3111 13 69 26
24116 3112 13 70 26
24118 3113 13 71 26
24119 3114 13 72 26
24120 3115 13 73 26
24125 3116 13 74 26
24126 3117 13 75 26
24128 3118 13 76 26
24129 3119 13 77 26
24131 3120 13 78 26
24132 3121 13 79 26
24133 3122 13 80 26
24138 3123 13 81 26
24139 3124 13 82 26
24140 3125 13 83 26
24141 3126 13 84 26
24142 3127 13 85 26
24143 3128 13 86 26
24147 3129 13 87 26
24148 3130 13 88 26
24149 3131 13 89 26
24151 3132 13 90 26
24152 3133 13 91 26
24153 3134 13 92 26
24155 3135 13 93 26
24156 3136 13 94 26
24157 3137 13 95 26
24159 3138 13 96 26
24160 3139 13 97 26
24161 3140 13 98 26
24162 3141 13 99 26
24163 3142 13 100 26
24166 3143 13 101 26
24167 3144 13 102 26
24168 3145 13 103 26
24169 3146 13 104 26
24170 3147 13 105 26
24171 3148 13 106 26
24172 3149 13 107 26
24173 3150 13 108 26
24174 3151 13 109 26
24175 3152 13 110 26
24176 3153 13 111 26
24178 3154 13 112 26
24179 3155 13 113 26
24180 3156 13 114 26
24181 3157 13 115 26
24182 3158 13 116 26
24184 3159 13 0 27
24185 3160 13 1 27
24187 3161 13 2 27
24188 3162 13 3 27
24189 3163 13 4 27
24190 3164 13 5 27
24192 3165 13 6 27
24194 3166 13 7 27
24196 3167 13 8 27
24199 3168 13 9 27
24200 3169 13 10 27
24201 3170 13 11 27
24202 3171 13 12 27
24203 3172 13 13 27
24204 3173 13 14 27
24205 3174 13 15 27
24207 3175 13 16 27
24213 3176 13 17 27
24214 3177 13 18 27
24215 3178 13 19 27
24218 3179 13 20 27
24219 3180 13 21 27
24220 3181 13 22 27
24224 3182 13 23 27
24226 3183 13 24 27
24227 3184 13 25 27
24228 3185 13 26 27
24229 3186 13 27 27
24230 3187 13 28 27
24231 3188 13 29 27
24232 3189 13 30 27
24234 3190 13 31 27
24235 3191 13 32 27
24236 3192 13 33 27
24237 3193 13 34 27
24238 3194 13 35 27
24240 3195 13 36 27
24241 3196 13 37 27
24242 3197 13 38 27
24243 3198 13 39 27
24244 3199 13 40 27
24245 3200 13 41 27
24246 3201 13 42 27
24247 3202 13 43 27
24248 3203 13 44 27
24249 3204 13 45 27
24254 3205 13 46 27
24257 3206 13 47 27
24258 3207 13 48 27
24260 3208 13 49 27
24261 3209 13 50 27
24262 3210 13 51 27
24263 3211 13 52 27
24264 3212 13 53 27
24265 3213 13 54 27
24266 3214 13 55 27
24267 3215 13 56 27
24268 3216 13 57 27
24270 3217 13 58 27
24273 3218 13 59 27
24274 3219 13 60 27
24275 3220 13 61 27
24276 3221 13 62 27
24277 3222 13 63 27
24278 3223 13 64 27
24279 3224 13 65 27
24280 3225 13 66 27
24281 3226 13 67 27
24282 3227 13 68 27
24283 3228 13 69 27
24284 3229 13 70 27
24285 3230 13 71 27
24286 3231 13 72 27
24287 3232 13 73 27
24288 3233 13 74 27
24289 3234 13 75 27
24290 3235 13 76 27
24291 3236 13 77 27
24293 3237 13 78 27
24294 3238 13 79 27
24295 3239 13 80 27
24296 3240 13 81 27
24297 3241 13 82 27
24300 3242 13 83 27
24302 3243 13 84 27
24303 3244 13 85 27
24305 3245 13 86 27
24306 3246 13 87 27
24307 3247 13 88 27
24310 3248 13 89 27
24311 3249 13 90 27
24314 3250 13 91 27
24318 3251 13 92 27
24319 3252 13 93 27
24321 3253 13 94 27
24322 3254 13 95 27
24324 3255 13 96 27
24325 3256 13 97 27
24327 3257 13 98 27
24328 3258 13 99 27
24330 3259 13 100 27
24331 3260 13 101 27
24335 3261 13 102 27
24338 3262 13 103 27
24339 3263 13 104 27
24340 3264 13 105 27
24341 3265 13 106 27
24343 3266 13 107 27
24344 3267 13 108 27
24346 3268 13 109 27
24347 3269 13 110 27
24349 3270 13 111 27
24351 3271 13 112 27
24354 3272 13 113 27
24355 3273 13 114 27
24356 3274 13 115 27
24358 3275 13 116 27
24359 3276 13 0 28
24360 3277 13 1 28
24361 3278 13 2 28
24365 3279 13 3 28
24366 3280 13 4 28
24368 3281 13 5 28
24369 3282 13 6 28
24371 3283 13 7 28
24373 3284 13 8 28
24374 3285 13 9 28
24375 3286 13 10 28
24376 3287 13 11 28
24380 3288 13 12 28
24384 3289 13 13 28
24387 3290 13 14 28
24388 3291 13 15 28
24390 3292 13 16 28
24392 3293 13 17 28
24393 3294 13 18 28
24394 3295 13 19 28
24395 3296 13 20 28
24396 3297 13 21 28
24398 3298 13 22 28
24399 3299 13 23 28
24404 3300 13 24 28
24406 3301 13 25 28
24407 3302 13 26 28
24408 3303 13 27 28
24409 3304 13 28 28
24413 3305 13 29 28
24418 3306 13 30 28
24420 3307 13 31 28
24421 3308 13 32 28
24423 3309 13 33 28
24425 3310 13 34 28
24426 3311 13 35 28
24427 3312 13 36 28
24428 3313 13 37 28
24429 3314 13 38 28
24431 3315 13 39 28
24432 3316 13 40 28
24433 3317 13 41 28
24435 3318 13 42 28
24436 3319 13 43 28
24438 3320 13 44 28
24439 3321 13 45 28
24440 3322 13 46 28
24441 3323 13 47 28
24444 3324 13 48 28
24445 3325 13 49 28
24446 3326 13 50 28
24447 3327 13 51 28
24448 3328 13 52 28
24449 3329 13 53 28
24450 3330 13 54 28
24453 3331 13 55 28
24454 3332 13 56 28
24455 3333 13 57 28
24456 3334 13 58 28
24457 3335 13 59 28
24458 3336 13 60 28
24459 3337 13 61 28
24460 3338 13 62 28
24464 3339 13 63 28
24465 3340 13 64 28
24466 3341 13 65 28
24470 3342 13 66 28
24471 3343 13 67 28
24472 3344 13 68 28
24473 3345 13 69 28
24475 3346 13 70 28
24476 3347 13 71 28
24478 3348 13 72 28
24479 3349 13 73 28
24480 3350 13 74 28
24481 3351 13 75 28
24485 3352 13 76 28
24486 3353 13 77 28
24488 3354 13 78 28
24489 3355 13 79 28
24490 3356 13 80 28
24491 3357 13 81 28
24492 3358 13 82 28
24493 3359 13 83 28
24494 3360 13 84 28
24495 3361 13 85 28
24498 3362 13 86 28
24501 3363 13 87 28
24502 3364 13 88 28
24503 3365 13 89 28
24505 3366 13 90 28
24507 3367 13 91 28
24508 3368 13 92 28
24509 3369 13 93 28
24510 3370 13 94 28
24511 3371 13 95 28
24512 3372 13 96 28
24513 3373 13 97 28
24515 3374 13 98 28
24517 3375 13 99 28
24521 3376 13 100 28
24524 3377 13 101 28
24525 3378 13 102 28
24527 3379 13 103 28
24528 3380 13 104 28
24529 3381 13 105 28
24530 3382 13 106 28
24532 3383 13 107 28
24533 3384 13 108 28
24534 3385 13 109 28
24535 3386 13 110 28
24536 3387 13 111 28
24537 3388 13 112 28
24541 3389 13 113 28
24542 3390 13 114 28
24544 3391 13 115 28
24545 3392 13 116 28
24547 3393 13 0 29
24548 3394 13 1 29
24549 3395 13 2 29
24552 3396 13 3 29
24554 3397 13 4 29
24555 3398 13 5 29
24557 3399 13 6 29
24558 3400 13 7 29
24559 3401 13 8 29
24561 3402 13 9 29
24563 3403 13 10 29
24564 3404 13 11 29
24565 3405 13 12 29
24567 3406 13 13 29
24568 3407 13 14 29
24570 3408 13 15 29
24571 3409 13 16 29
24573 3410 13 17 29
24575 3411 13 18 29
24576 3412 13 19 29
24585 3413 13 20 29
24586 3414 13 21 29
24587 3415 13 22 29
24588 3416 13 23 29
24589 3417 13 24 29
24590 3418 13 25 29
24591 3419 13 26 29
24592 3420 13 27 29
24593 3421 13 28 29
24594 3422 13 29 29
24595 3423 13 30 29
24596 3424 13 31 29
24597 3425 13 32 29
24598 3426 13 33 29
24599 3427 13 34 29
24601 3428 13 35 29
24602 3429 13 36 29
24603 3430 13 37 29
24604 3431 13 38 29
24605 3432 13 39 29
24606 3433 13 40 29
24608 3434 13 41 29
24609 3435 13 42 29
24610 3436 13 43 29
24612 3437 13 44 29
24613 3438 13 45 29
24614 3439 13 46 29
24615 3440 13 47 29
24616 3441 13 48 29
24617 3442 13 49 29
24618 3443 13 50 29
24619 3444 13 51 29
24620 3445 13 52 29
24621 3446 13 53 29
24622 3447 13 54 29
24623 3448 13 55 29
24626 3449 13 56 29
24627 3450 13 57 29
24628 3451 13 58 29
24629 3452 13 59 29
24631 3453 13 60 29
24633 3454 13 61 29
24640 3455 13 62 29
24641 3456 13 63 29
24642 3457 13 64 29
24643 3458 13 65 29
24644 3459 13 66 29
24645 3460 13 67 29
24646 3461 13 68 29
24647 3462 13 69 29
24649 3463 13 70 29
24652 3464 13 71 29
24653 3465 13 72 29
24656 3466 13 73 29
24659 3467 13 74 29
24660 3468 13 75 29
24661 3469 13 76 29
24664 3470 13 77 29
24665 3471 13 78 29
24666 3472 13 79 29
24667 3473 13 80 29
24669 3474 13 81 29
24670 3475 13 82 29
24671 3476 13 83 29
24674 3477 13 84 29
24675 3478 13 85 29
24676 3479 13 86 29
24677 3480 13 87 29
24678 3481 13 88 29
24679 3482 13 89 29
24680 3483 13 90 29
24681 3484 13 91 29
24682 3485 13 92 29
24683 3486 13 93 29
24684 3487 13 94 29
24685 3488 13 95 29
24686 3489 13 96 29
24687 3490 13 97 29
24688 3491 13 98 29
24690 3492 13 99 29
24703 3493 13 100 29
24704 3494 13 101 29
24705 3495 13 102 29
24707 3496 13 103 29
24708 3497 13 104 29
24709 3498 13 105 29
24710 3499 13 106 29
24711 3500 13 107 29
24712 3501 13 108 29
24713 3502 13 109 29
24714 3503 13 110 29
24716 3504 13 111 29
24717 3505 13 112 29
24718 3506 13 113 29
24720 3507 13 114 29
24722 3508 13 115 29
24724 3509 13 116 29
24725 3510 13 0 30
24726 3511 13 1 30
24727 3512 13 2 30
24730 3513 13 3 30
24731 3514 13 4 30
24732 3515 13 5 30
24733 3516 13 6 30
24735 3517 13 7 30
24736 3518 13 8 30
24738 3519 13 9 30
24739 3520 13 10 30
24744 3521 13 11 30
24752 3522 13 12 30
24753 3523 13 13 30
24754 3524 13 14 30
24756 3525 13 15 30
24757 3526 13 16 30
24758 3527 13 17 30
24759 3528 13 18 30
24760 3529 13 19 30
24761 3530 13 20 30
24762 3531 13 21 30
24763 3532 13 22 30
24764 3533 13 23 30
24765 3534 13 24 30
24766 3535 13 25 30
24767 3536 13 26 30
24768 3537 13 27 30
24769 3538 13 28 30
24771 3539 13 29 30
24772 3540 13 30 30
24773 3541 13 31 30
24774 3542 13 32 30
24775 3543 13 33 30
24776 3544 13 34 30
24777 3545 13 35 30
24778 3546 13 36 30
24779 3547 13 37 30
24780 3548 13 38 30
24781 3549 13 39 30
24782 3550 13 40 30
24783 3551 13 41 30
24785 3552 13 42 30
24787 3553 13 43 30
24788 3554 13 44 30
24789 3555 13 45 30
24792 3556 13 46 30
24793 3557 13 47 30
24794 3558 13 48 30
24795 3559 13 49 30
24796 3560 13 50 30
24797 3561 13 51 30
24799 3562 13 52 30
24800 3563 13 53 30
24801 3564 13 54 30
24802 3565 13 55 30
24804 3566 13 56 30
24806 3567 13 57 30
24816 3568 13 58 30
24817 3569 13 59 30
24818 3570 13 60 30
24819 3571 13 61 30
24820 3572 13 62 30
24821 3573 13 63 30
24822 3574 13 64 30
24823 3575 13 65 30
24824 3576 13 66 30
24825 3577 13 67 30
24826 3578 13 68 30
24827 3579 13 69 30
24828 3580 13 70 30
24830 3581 13 71 30
24831 3582 13 72 30
24832 3583 13 73 30
24833 3584 13 74 30
24835 3585 13 75 30
24836 3586 13 76 30
24837 3587 13 77 30
24838 3588 13 78 30
24840 3589 13 79 30
24841 3590 13 80 30
24842 3591 13 81 30
24843 3592 13 82 30
24845 3593 13 83 30
24846 3594 13 84 30
24847 3595 13 85 30
24848 3596 13 86 30
24850 3597 13 87 30
24851 3598 13 88 30
24852 3599 13 89 30
24853 3600 13 90 30
24854 3601 13 91 30
24856 3602 13 92 30
24858 3603 13 93 30
24859 3604 13 94 30
24860 3605 13 95 30
24861 3606 13 96 30
24863 3607 13 97 30
24867 3608 13 98 30
24871 3609 13 99 30
24872 3610 13 100 30
24873 3611 13 101 30
24875 3612 13 102 30
24876 3613 13 103 30
24878 3614 13 104 30
24879 3615 13 105 30
24882 3616 13 106 30
24884 3617 13 107 30
24886 3618 13 108 30
24887 3619 13 109 30
24891 3620 13 110 30
24894 3621 13 111 30
24895 3622 13 112 30
24896 3623 13 113 30
24897 3624 13 114 30
24900 3625 13 115 30
24901 3626 13 116 30
24902 3627 13 0 31
24903 3628 13 1 31
24904 3629 13 2 31
24905 3630 13 3 31
24906 3631 13 4 31
24907 3632 13 5 31
24908 3633 13 6 31
24909 3634 13 7 31
24910 3635 13 8 31
24911 3636 13 9 31
24914 3637 13 10 31
24915 3638 13 11 31
24916 3639 13 12 31
24917 3640 13 13 31
24918 3641 13 14 31
24920 3642 13 15 31
24922 3643 13 16 31
24923 3644 13 17 31
24925 3645 13 18 31
24926 3646 13 19 31
24927 3647 13 20 31
24929 3648 13 21 31
24930 3649 13 22 31
24931 3650 13 23 31
24933 3651 13 24 31
24934 3652 13 25 31
24935 3653 13 26 31
24936 3654 13 27 31
24938 3655 13 28 31
24939 3656 13 29 31
24940 3657 13 30 31
24942 3658 13 31 31
24944 3659 13 32 31
24945 3660 13 33 31
24946 3661 13 34 31
24947 3662 13 35 31
24948 3663 13 36 31
24949 3664 13 37 31
24950 3665 13 38 31
24951 3666 13 39 31
24953 3667 13 40 31
24954 3668 13 41 31
24956 3669 13 42 31
24958 3670 13 43 31
24960 3671 13 44 31
24962 3672 13 45 31
24963 3673 13 46 31
24969 3674 13 47 31
24970 3675 13 48 31
24971 3676 13 49 31
24972 3677 13 50 31
24973 3678 13 51 31
24974 3679 13 52 31
24976 3680 13 53 31
24977 3681 13 54 31
24978 3682 13 55 31
24979 3683 13 56 31
24980 3684 13 57 31
24982 3685 13 58 31
24986 3686 13 59 31
24987 3687 13 60 31
24989 3688 13 61 31
24991 3689 13 62 31
24993 3690 13 63 31
24994 3691 13 64 31
24996 3692 13 65 31
24999 3693 13 66 31
25000 3694 13 67 31
25001 3695 13 68 31
25002 3696 13 69 31
25003 3697 13 70 31
25004 3698 13 71 31
25005 3699 13 72 31
25006 3700 13 73 31
25007 3701 13 74 31
25008 3702 13 75 31
25009 3703 13 76 31
25010 3704 13 77 31
25011 3705 13 78 31
25012 3706 13 79 31
25013 3707 13 80 31
25014 3708 13 81 31
25016 3709 13 82 31
25018 3710 13 83 31
25020 3711 13 84 31
25022 3712 13 85 31
25023 3713 13 86 31
25025 3714 13 87 31
25026 3715 13 88 31
25027 3716 13 89 31
25029 3717 13 90 31
25030 3718 13 91 31
25031 3719 13 92 31
25032 3720 13 93 31
25033 3721 13 94 31
25034 3722 13 95 31
25035 3723 13 96 31
25036 3724 13 97 31
25037 3725 13 98 31
25046 3726 13 99 31
25048 3727 13 100 31
25054 3728 13 101 31
25055 3729 13 102 31
25056 3730 13 103 31
25059 3731 13 104 31
25060 3732 13 105 31
25061 3733 13 106 31
25062 3734 13 107 31
25063 3735 13 108 31
25064 3736 13 109 31
25065 3737 13 110 31
25066 3738 13 111 31
25067 3739 13 112 31
25069 3740 13 113 31
25070 3741 13 114 31
25072 3742 13 115 31
25073 3743 13 116 31
25074 3744 13 0 32
25077 3745 13 1 32
25078 3746 13 2 32
25079 3747 13 3 32
25080 3748 13 4 32
25081 3749 13 5 32
25082 3750 13 6 32
25083 3751 13 7 32
25084 3752 13 8 32
25085 3753 13 9 32
25086 3754 13 10 32
25087 3755 13 11 32
25088 3756 13 12 32
25089 3757 13 13 32
25091 3758 13 14 32
25092 3759 13 15 32
25095 3760 13 16 32
25096 3761 13 17 32
25097 3762 13 18 32
25098 3763 13 19 32
25100 3764 13 20 32
25101 3765 13 21 32
25102 3766 13 22 32
25104 3767 13 23 32
25105 3768 13 24 32
25106 3769 13 25 32
25108 3770 13 26 32
25109 3771 13 27 32
25110 3772 13 28 32
25113 3773 13 29 32
25114 3774 13 30 32
25115 3775 13 31 32
25119 3776 13 32 32
25120 3777 13 33 32
25121 3778 13 34 32
25122 3779 13 35 32
25123 3780 13 36 32
25124 3781 13 37 32
25125 3782 13 38 32
25127 3783 13 39 32
25129 3784 13 40 32
25130 3785 13 41 32
25131 3786 13 42 32
25133 3787 13 43 32
25134 3788 13 44 32
25136 3789 13 45 32
25138 3790 13 46 32
25139 3791 13 47 32
25140 3792 13 48 32
25142 3793 13 49 32
25146 3794 13 50 32
25149 3795 13 51 32
25150 3796 13 52 32
25151 3797 13 53 32
25152 3798 13 54 32
25153 3799 13 55 32
25154 3800 13 56 32
25155 3801 13 57 32
25158 3802 13 58 32
25159 3803 13 59 32
25160 3804 13 60 32
25161 3805 13 61 32
25162 3806 13 62 32
25163 3807 13 63 32
25165 3808 13 64 32
25166 3809 13 65 32
25168 3810 13 66 32
25169 3811 13 67 32
25170 3812 13 68 32
25171 3813 13 69 32
25172 3814 13 70 32
25176 3815 13 71 32
25177 3816 13 72 32
25178 3817 13 73 32
25179 3818 13 74 32
25180 3819 13 75 32
25182 3820 13 76 32
25184 3821 13 77 32
25185 3822 13 78 32
25186 3823 13 79 32
25187 3824 13 80 32
25188 3825 13 81 32
25189 3826 13 82 32
25190 3827 13 83 32
25197 3828 13 84 32
25198 3829 13 85 32
25199 3830 13 86 32
25200 3831 13 87 32
25201 3832 13 88 32
25202 3833 13 89 32
25203 3834 13 90 32
25204 3835 13 91 32
25206 3836 13 92 32
25207 3837 13 93 32
25209 3838 13 94 32
25210 3839 13 95 32
25211 3840 13 96 32
25212 3841 13 97 32
25213 3842 13 98 32
25214 3843 13 99 32
25215 3844 13 100 32
25216 3845 13 101 32
25217 3846 13 102 32
25219 3847 13 103 32
25220 3848 13 104 32
25222 3849 13 105 32
25223 3850 13 106 32
25224 3851 13 107 32
25225 3852 13 108 32
25226 3853 13 109 32
25228 3854 13 110 32
25230 3855 13 111 32
25231 3856 13 112 32
25233 3857 13 113 32
25234 3858 13 114 32
25235 3859 13 115 32
25236 3860 13 116 32
25237 3861 13 0 33
25238 3862 13 1 33
25239 3863 13 2 33
25240 3864 13 3 33
25256 3865 13 4 33
25257 3866 13 5 33
25258 3867 13 6 33
25259 3868 13 7 33
25260 3869 13 8 33
25261 3870 13 9 33
25262 3871 13 10 33
25263 3872 13 11 33
25264 3873 13 12 33
25265 3874 13 13 33
25267 3875 13 14 33
25268 3876 13 15 33
25269 3877 13 16 33
25270 3878 13 17 33
25272 3879 13 18 33
25273 3880 13 19 33
25275 3881 13 20 33
25276 3882 13 21 33
25277 3883 13 22 33
25278 3884 13 23 33
25279 3885 13 24 33
25282 3886 13 25 33
25284 3887 13 26 33
25286 3888 13 27 33
25287 3889 13 28 33
25288 3890 13 29 33
25289 3891 13 30 33
25290 3892 13 31 33
25291 3893 13 32 33
25292 3894 13 33 33
25293 3895 13 34 33
25294 3896 13 35 33
25295 3897 13 36 33
25296 3898 13 37 33
25297 3899 13 38 33
25298 3900 13 39 33
25299 3901 13 40 33
25300 3902 13 41 33
25302 3903 13 42 33
25303 3904 13 43 33
25304 3905 13 44 33
25305 3906 13 45 33
25306 3907 13 46 33
25307 3908 13 47 33
25308 3909 13 48 33
25323 3910 13 49 33
25324 3911 13 50 33
25325 3912 13 51 33
25326 3913 13 52 33
25327 3914 13 53 33
25328 3915 13 54 33
25329 3916 13 55 33
25330 3917 13 56 33
25331 3918 13 57 33
25332 3919 13 58 33
25333 3920 13 59 33
25334 3921 13 60 33
25335 3922 13 61 33
25336 3923 13 62 33
25337 3924 13 63 33
25338 3925 13 64 33
25339 3926 13 65 33
25340 3927 13 66 33
25341 3928 13 67 33
25342 3929 13 68 33
25343 3930 13 69 33
25344 3931 13 70 33
25345 3932 13 71 33
25346 3933 13 72 33
25347 3934 13 73 33
25351 3935 13 74 33
25352 3936 13 75 33
25353 3937 13 76 33
25355 3938 13 77 33
25356 3939 13 78 33
25357 3940 13 79 33
25358 3941 13 80 33
25359 3942 13 81 33
25360 3943 13 82 33
25361 3944 13 83 33
25363 3945 13 84 33
25364 3946 13 85 33
25365 3947 13 86 33
25366 3948 13 87 33
25384 3949 13 88 33
25385 3950 13 89 33
25386 3951 13 90 33
25387 3952 13 91 33
25388 3953 13 92 33
25389 3954 13 93 33
25391 3955 13 94 33
25394 3956 13 95 33
25395 3957 13 96 33
25396 3958 13 97 33
25398 3959 13 98 33
25400 3960 13 99 33
25401 3961 13 100 33
25402 3962 13 101 33
25403 3963 13 102 33
25404 3964 13 103 33
25405 3965 13 104 33
25406 3966 13 105 33
25408 3967 13 106 33
25409 3968 13 107 33
25410 3969 13 108 33
25411 3970 13 109 33
25412 3971 13 110 33
25413 3972 13 111 33
25414 3973 13 112 33
25415 3974 13 113 33
25416 3975 13 114 33
25417 3976 13 115 33
25418 3977 13 116 33
25419 3978 13 0 34
25420 3979 13 1 34
25421 3980 13 2 34
25422 3981 13 3 34
25423 3982 13 4 34
25424 3983 13 5 34
25425 3984 13 6 34
25428 3985 13 7 34
25429 3986 13 8 34
25430 3987 13 9 34
25431 3988 13 10 34
25432 3989 13 11 34
25433 3990 13 12 34
25434 3991 13 13 34
25445 3992 13 14 34
25447 3993 13 15 34
25448 3994 13 16 34
25449 3995 13 17 34
25451 3996 13 18 34
25453 3997 13 19 34
25454 3998 13 20 34
25455 3999 13 21 34
25456 4000 13 22 34
25457 4001 13 23 34
25458 4002 13 24 34
25461 4003 13 25 34
25462 4004 13 26 34
25463 4005 13 27 34
25464 4006 13 28 34
25466 4007 13 29 34
25467 4008 13 30 34
25468 4009 13 31 34
25469 4010 13 32 34
25472 4011 13 33 34
25473 4012 13 34 34
25474 4013 13 35 34
25475 4014 13 36 34
25476 4015 13 37 34
25477 4016 13 38 34
25479 4017 13 39 34
25480 4018 13 40 34
25481 4019 13 41 34
25482 4020 13 42 34
25484 4021 13 43 34
25485 4022 13 44 34
25486 4023 13 45 34
25487 4024 13 46 34
25488 4025 13 47 34
25489 4026 13 48 34
25490 4027 13 49 34
25492 4028 13 50 34
25494 4029 13 51 34
25495 4030 13 52 34
25496 4031 13 53 34
25497 4032 13 54 34
25499 4033 13 55 34
25500 4034 13 56 34
25501 4035 13 57 34
25502 4036 13 58 34
25503 4037 13 59 34
25504 4038 13 60 34
25505 4039 13 61 34
25506 4040 13 62 34
25507 4041 13 63 34
25508 4042 13 64 34
25509 4043 13 65 34
25511 4044 13 66 34
25512 4045 13 67 34
25513 4046 13 68 34
25514 4047 13 69 34
25515 4048 13 70 34
25516 4049 13 71 34
25517 4050 13 72 34
25518 4051 13 73 34
25519 4052 13 74 34
25520 4053 13 75 34
25521 4054 13 76 34
25533 4055 13 77 34
25534 4056 13 78 34
25536 4057 13 79 34
25538 4058 13 80 34
25539 4059 13 81 34
25540 4060 13 82 34
25541 4061 13 83 34
25542 4062 13 84 34
25543 4063 13 85 34
25544 4064 13 86 34
25545 4065 13 87 34
25546 4066 13 88 34
25547 4067 13 89 34
25548 4068 13 90 34
25549 4069 13 91 34
25550 4070 13 92 34
25551 4071 13 93 34
25552 4072 13 94 34
25554 4073 13 95 34
25555 4074 13 96 34
25557 4075 13 97 34
25558 4076 13 98 34
25559 4077 13 99 34
25560 4078 13 100 34
25561 4079 13 101 34
25562 4080 13 102 34
25563 4081 13 103 34
25564 4082 13 104 34
25565 4083 13 105 34
25567 4084 13 106 34
25568 4085 13 107 34
25569 4086 13 108 34
25571 4087 13 109 34
25572 4088 13 110 34
25573 4089 13 111 34
25575 4090 13 112 34
25576 4091 13 113 34
25577 4092 13 114 34
25578 4093 13 115 34
25579 4094 13 116 34
25581 4095 13 0 35
25582 4096 13 1 35
25583 4097 13 2 35
25584 4098 13 3 35
25585 4099 13 4 35
25586 4100 13 5 35
25587 4101 13 6 35
25588 4102 13 7 35
25589 4103 13 8 35
25590 4104 13 9 35
25593 4105 13 10 35
25606 4106 13 11 35
25609 4107 13 12 35
25610 4108 13 13 35
25611 4109 13 14 35
25612 4110 13 15 35
25613 4111 13 16 35
25614 4112 13 17 35
25615 4113 13 18 35
25616 4114 13 19 35
25618 4115 13 20 35
25619 4116 13 21 35
25620 4117 13 22 35
25621 4118 13 23 35
25622 4119 13 24 35
25623 4120 13 25 35
25624 4121 13 26 35
25626 4122 13 27 35
25627 4123 13 28 35
25628 4124 13 29 35
25630 4125 13 30 35
25631 4126 13 31 35
25632 4127 13 32 35
25633 4128 13 33 35
25634 4129 13 34 35
25635 4130 13 35 35
25636 4131 13 36 35
25637 4132 13 37 35
25638 4133 13 38 35
25639 4134 13 39 35
25640 4135 13 40 35
25642 4136 13 41 35
25643 4137 13 42 35
25644 4138 13 43 35
25645 4139 13 44 35
25646 4140 13 45 35
25647 4141 13 46 35
25648 4142 13 47 35
25651 4143 13 48 35
25652 4144 13 49 35
25653 4145 13 50 35
25654 4146 13 51 35
25655 4147 13 52 35
25657 4148 13 53 35
25661 4149 13 54 35
25662 4150 13 55 35
25663 4151 13 56 35
25664 4152 13 57 35
25665 4153 13 58 35
25667 4154 13 59 35
25675 4155 13 60 35
25677 4156 13 61 35
25678 4157 13 62 35
25680 4158 13 63 35
25681 4159 13 64 35
25682 4160 13 65 35
25683 4161 13 66 35
25684 4162 13 67 35
25688 4163 13 68 35
25689 4164 13 69 35
25691 4165 13 70 35
25692 4166 13 71 35
25693 4167 13 72 35
25694 4168 13 73 35
25695 4169 13 74 35
25696 4170 13 75 35
25697 4171 13 76 35
25701 4172 13 77 35
25702 4173 13 78 35
25703 4174 13 79 35
25704 4175 13 80 35
25705 4176 13 81 35
25707 4177 13 82 35
25708 4178 13 83 35
25709 4179 13 84 35
25710 4180 13 85 35
25711 4181 13 86 35
25712 4182 13 87 35
25714 4183 13 88 35
25715 4184 13 89 35
25716 4185 13 90 35
25717 4186 13 91 35
25718 4187 13 92 35
25719 4188 13 93 35
25720 4189 13 94 35
25721 4190 13 95 35
25722 4191 13 96 35
25723 4192 13 97 35
25725 4193 13 98 35
25727 4194 13 99 35
25730 4195 13 100 35
25733 4196 13 101 35
25735 4197 13 102 35
25736 4198 13 103 35
25737 4199 13 104 35
25738 4200 13 105 35
25739 4201 13 106 35
25740 4202 13 107 35
25743 4203 13 108 35
25744 4204 13 109 35
25746 4205 13 110 35
25747 4206 13 111 35
25749 4207 13 112 35
25750 4208 13 113 35
25751 4209 13 114 35
25752 4210 13 115 35
25753 4211 13 116 35
25754 4212 13 0 36
25756 4213 13 1 36
25757 4214 13 2 36
25758 4215 13 3 36
25759 4216 13 4 36
25760 4217 13 5 36
25762 4218 13 6 36
25763 4219 13 7 36
25764 4220 13 8 36
25765 4221 13 9 36
25766 4222 13 10 36
25769 4223 13 11 36
25771 4224 13 12 36
25772 4225 13 13 36
25773 4226 13 14 36
25774 4227 13 15 36
25776 4228 13 16 36
25777 4229 13 17 36
25778 4230 13 18 36
25779 4231 13 19 36
25787 4232 13 20 36
25788 4233 13 21 36
25789 4234 13 22 36
25790 4235 13 23 36
25791 4236 13 24 36
25793 4237 13 25 36
25794 4238 13 26 36
25795 4239 13 27 36
25796 4240 13 28 36
25797 4241 13 29 36
25799 4242 13 30 36
25801 4243 13 31 36
25802 4244 13 32 36
25803 4245 13 33 36
25805 4246 13 34 36
25806 4247 13 35 36
25807 4248 13 36 36
25808 4249 13 37 36
25810 4250 13 38 36
25812 4251 13 39 36
25814 4252 13 40 36
25815 4253 13 41 36
25816 4254 13 42 36
25817 4255 13 43 36
25818 4256 13 44 36
25819 4257 13 45 36
25824 4258 13 46 36
25826 4259 13 47 36
25827 4260 13 48 36
25828 4261 13 49 36
25830 4262 13 50 36
25832 4263 13 51 36
25833 4264 13 52 36
25835 4265 13 53 36
25836 4266 13 54 36
25837 4267 13 55 36
25839 4268 13 56 36
25840 4269 13 57 36
25841 4270 13 58 36
25842 4271 13 59 36
25843 4272 13 60 36
25844 4273 13 61 36
25847 4274 13 62 36
25848 4275 13 63 36
25850 4276 13 64 36
25851 4277 13 65 36
25852 4278 13 66 36
25853 4279 13 67 36
25854 4280 13 68 36
25855 4281 13 69 36
25856 4282 13 70 36
25857 4283 13 71 36
25859 4284 13 72 36
25860 4285 13 73 36
25862 4286 13 74 36
25863 4287 13 75 36
25865 4288 13 76 36
25868 4289 13 77 36
25869 4290 13 78 36
25870 4291 13 79 36
25871 4292 13 80 36
25872 4293 13 81 36
25875 4294 13 82 36
25876 4295 13 83 36
25877 4296 13 84 36
25878 4297 13 85 36
25879 4298 13 86 36
25880 4299 13 87 36
25881 4300 13 88 36
25883 4301 13 89 36
25884 4302 13 90 36
25885 4303 13 91 36
25888 4304 13 92 36
25889 4305 13 93 36
25890 4306 13 94 36
25891 4307 13 95 36
25892 4308 13 96 36
25893 4309 13 97 36
25894 4310 13 98 36
25897 4311 13 99 36
25898 4312 13 100 36
25899 4313 13 101 36
25900 4314 13 102 36
25901 4315 13 103 36
25902 4316 13 104 36
25903 4317 13 105 36
25906 4318 13 106 36
25907 4319 13 107 36
25910 4320 13 108 36
25911 4321 13 109 36
25912 4322 13 110 36
25913 4323 13 111 36
25915 4324 13 112 36
25917 4325 13 113 36
25918 4326 13 114 36
25919 4327 13 115 36
25921 4328 13 116 36
25923 4329 13 0 37
25925 4330 13 1 37
25926 4331 13 2 37
25928 4332 13 3 37
25929 4333 13 4 37
25930 4334 13 5 37
25935 4335 13 6 37
25937 4336 13 7 37
25939 4337 13 8 37
25940 4338 13 9 37
25941 4339 13 10 37
25942 4340 13 11 37
25943 4341 13 12 37
25944 4342 13 13 37
25945 4343 13 14 37
25948 4344 13 15 37
25949 4345 13 16 37
25950 4346 13 17 37
25954 4347 13 18 37
25955 4348 13 19 37
25956 4349 13 20 37
25957 4350 13 21 37
25958 4351 13 22 37
25959 4352 13 23 37
25960 4353 13 24 37
25962 4354 13 25 37
25964 4355 13 26 37
25967 4356 13 27 37
25970 4357 13 28 37
25971 4358 13 29 37
25972 4359 13 30 37
25973 4360 13 31 37
25974 4361 13 32 37
25975 4362 13 33 37
25976 4363 13 34 37
25977 4364 13 35 37
25978 4365 13 36 37
25979 4366 13 37 37
25980 4367 13 38 37
25983 4368 13 39 37
25984 4369 13 40 37
25985 4370 13 41 37
25986 4371 13 42 37
25987 4372 13 43 37
25988 4373 13 44 37
25991 4374 13 45 37
25996 4375 13 46 37
26000 4376 13 47 37
26001 4377 13 48 37
26002 4378 13 49 37
26004 4379 13 50 37
26005 4380 13 51 37
26006 4381 13 52 37
26007 4382 13 53 37
26009 4383 13 54 37
26011 4384 13 55 37
26012 4385 13 56 37
26013 4386 13 57 37
26014 4387 13 58 37
26015 4388 13 59 37
26016 4389 13 60 37
26017 4390 13 61 37
26018 4391 13 62 37
26020 4392 13 63 37
26021 4393 13 64 37
26023 4394 13 65 37
26024 4395 13 66 37
26026 4396 13 67 37
26027 4397 13 68 37
26028 4398 13 69 37
26030 4399 13 70 37
26031 4400 13 71 37
26032 4401 13 72 37
26034 4402 13 73 37
26035 4403 13 74 37
26038 4404 13 75 37
26039 4405 13 76 37
26040 4406 13 77 37
26041 4407 13 78 37
26043 4408 13 79 37
26044 4409 13 80 37
26045 4410 13 81 37
26047 4411 13 82 37
26049 4412 13 83 37
26050 4413 13 84 37
26051 4414 13 85 37
26052 4415 13 86 37
26053 4416 13 87 37
26054 4417 13 88 37
26059 4418 13 89 37
26060 4419 13 90 37
26061 4420 13 91 37
26062 4421 13 92 37
26063 4422 13 93 37
26064 4423 13 94 37
26066 4424 13 95 37
26067 4425 13 96 37
26070 4426 13 97 37
26071 4427 13 98 37
26074 4428 13 99 37
26075 4429 13 100 37
26077 4430 13 101 37
26078 4431 13 102 37
26079 4432 13 103 37
26081 4433 13 104 37
26082 4434 13 105 37
26085 4435 13 106 37
26086 4436 13 107 37
26088 4437 13 108 37
26089 4438 13 109 37
26092 4439 13 110 37
26093 4440 13 111 37
26094 4441 13 112 37
26095 4442 13 113 37
26096 4443 13 114 37
26097 4444 13 115 37
26098 4445 13 116 37
26099 4446 13 0 38
26100 4447 13 1 38
26101 4448 13 2 38
26106 4449 13 3 38
26107 4450 13 4 38
26108 4451 13 5 38
26109 4452 13 6 38
26112 4453 13 7 38
26114 4454 13 8 38
26115 4455 13 9 38
26116 4456 13 10 38
26117 4457 13 11 38
26118 4458 13 12 38
26119 4459 13 13 38
26120 4460 13 14 38
26121 4461 13 15 38
26122 4462 13 16 38
26123 4463 13 17 38
26124 4464 13 18 38
26125 4465 13 19 38
26126 4466 13 20 38
26127 4467 13 21 38
26128 4468 13 22 38
26129 4469 13 23 38
26130 4470 13 24 38
26131 4471 13 25 38
26132 4472 13 26 38
26133 4473 13 27 38
26140 4474 13 28 38
26141 4475 13 29 38
26143 4476 13 30 38
26144 4477 13 31 38
26145 4478 13 32 38
26146 4479 13 33 38
26148 4480 13 34 38
26149 4481 13 35 38
26150 4482 13 36 38
26151 4483 13 37 38
26152 4484 13 38 38
26155 4485 13 39 38
26157 4486 13 40 38
26158 4487 13 41 38
26159 4488 13 42 38
26161 4489 13 43 38
26162 4490 13 44 38
26163 4491 13 45 38
26164 4492 13 46 38
26165 4493 13 47 38
26166 4494 13 48 38
26169 4495 13 49 38
26170 4496 13 50 38
26177 4497 13 51 38
26178 4498 13 52 38
26179 4499 13 53 38
26181 4500 13 54 38
26183 4501 13 55 38
26185 4502 13 56 38
26186 4503 13 57 38
26188 4504 13 58 38
26191 4505 13 59 38
26193 4506 13 60 38
26194 4507 13 61 38
26201 4508 13 62 38
26202 4509 13 63 38
26203 4510 13 64 38
26204 4511 13 65 38
26205 4512 13 66 38
26206 4513 13 67 38
26207 4514 13 68 38
26209 4515 13 69 38
26210 4516 13 70 38
26212 4517 13 71 38
26213 4518 13 72 38
26214 4519 13 73 38
26216 4520 13 74 38
26218 4521 13 75 38
26220 4522 13 76 38
26222 4523 13 77 38
26223 4524 13 78 38
26224 4525 13 79 38
26225 4526 13 80 38
26226 4527 13 81 38
26228 4528 13 82 38
26230 4529 13 83 38
26231 4530 13 84 38
26232 4531 13 85 38
26233 4532 13 86 38
26234 4533 13 87 38
26235 4534 13 88 38
26236 4535 13 89 38
26238 4536 13 90 38
26240 4537 13 91 38
26244 4538 13 92 38
26246 4539 13 93 38
26247 4540 13 94 38
26248 4541 13 95 38
26249 4542 13 96 38
26250 4543 13 97 38
26251 4544 13 98 38
26252 4545 13 99 38
26253 4546 13 100 38
26256 4547 13 101 38
26257 4548 13 102 38
26260 4549 13 103 38
26261 4550 13 104 38
26262 4551 13 105 38
26263 4552 13 106 38
26264 4553 13 107 38
26265 4554 13 108 38
26269 4555 13 109 38
26271 4556 13 110 38
26272 4557 13 111 38
26273 4558 13 112 38
26274 4559 13 113 38
26280 4560 13 114 38
26281 4561 13 115 38
26282 4562 13 116 38
26283 4563 13 0 39
26286 4564 13 1 39
26287 4565 13 2 39
26288 4566 13 3 39
26289 4567 13 4 39
26290 4568 13 5 39
26292 4569 13 6 39
26293 4570 13 7 39
26295 4571 13 8 39
26296 4572 13 9 39
26297 4573 13 10 39
26298 4574 13 11 39
26299 4575 13 12 39
26301 4576 13 13 39
26302 4577 13 14 39
26304 4578 13 15 39
26308 4579 13 16 39
26310 4580 13 17 39
26311 4581 13 18 39
26312 4582 13 19 39
26313 4583 13 20 39
26314 4584 13 21 39
26315 4585 13 22 39
26316 4586 13 23 39
26319 4587 13 24 39
26322 4588 13 25 39
26326 4589 13 26 39
26328 4590 13 27 39
26329 4591 13 28 39
26330 4592 13 29 39
26331 4593 13 30 39
26332 4594 13 31 39
26333 4595 13 32 39
26334 4596 13 33 39
26336 4597 13 34 39
26339 4598 13 35 39
26340 4599 13 36 39
26342 4600 13 37 39
26344 4601 13 38 39
26345 4602 13 39 39
26347 4603 13 40 39
26348 4604 13 41 39
26349 4605 13 42 39
26350 4606 13 43 39
26352 4607 13 44 39
26354 4608 13 45 39
26355 4609 13 46 39
26356 4610 13 47 39
26358 4611 13 48 39
26359 4612 13 49 39
26360 4613 13 50 39
26361 4614 13 51 39
26364 4615 13 52 39
26366 4616 13 53 39
26367 4617 13 54 39
26368 4618 13 55 39
26369 4619 13 56 39
26371 4620 13 57 39
26372 4621 13 58 39
26373 4622 13 59 39
26376 4623 13 60 39
26377 4624 13 61 39
26378 4625 13 62 39
26379 4626 13 63 39
26381 4627 13 64 39
26383 4628 13 65 39
26384 4629 13 66 39
26386 4630 13 67 39
26387 4631 13 68 39
26388 4632 13 69 39
26389 4633 13 70 39
26391 4634 13 71 39
26392 4635 13 72 39
26395 4636 13 73 39
26397 4637 13 74 39
26399 4638 13 75 39
26400 4639 13 76 39
26401 4640 13 77 39
26402 4641 13 78 39
26403 4642 13 79 39
26406 4643 13 80 39
26407 4644 13 81 39
26408 4645 13 82 39
26410 4646 13 83 39
26411 4647 13 84 39
26412 4648 13 85 39
26413 4649 13 86 39
26414 4650 13 87 39
26417 4651 13 88 39
26419 4652 13 89 39
26420 4653 13 90 39
26421 4654 13 91 39
26424 4655 13 92 39
26425 4656 13 93 39
26426 4657 13 94 39
26427 4658 13 95 39
26428 4659 13 96 39
26429 4660 13 97 39
26430 4661 13 98 39
26431 4662 13 99 39
26437 4663 13 100 39
26438 4664 13 101 39
26439 4665 13 102 39
26440 4666 13 103 39
26441 4667 13 104 39
26443 4668 13 105 39
26444 4669 13 106 39
26445 4670 13 107 39
26446 4671 13 108 39
26447 4672 13 109 39
26448 4673 13 110 39
26449 4674 13 111 39
26451 4675 13 112 39
26453 4676 13 113 39
26454 4677 13 114 39
26455 4678 13 115 39
26457 4679 13 116 39
26458 4680 13 0 40
26460 4681 13 1 40
26461 4682 13 2 40
26462 4683 13 3 40
26463 4684 13 4 40
26464 4685 13 5 40
26474 4686 13 6 40
26476 4687 13 7 40
26477 4688 13 8 40
26479 4689 13 9 40
26480 4690 13 10 40
26481 4691 13 11 40
26482 4692 13 12 40
26483 4693 13 13 40
26484 4694 13 14 40
26485 4695 13 15 40
26486 4696 13 16 40
26487 4697 13 17 40
26488 4698 13 18 40
26489 4699 13 19 40
26490 4700 13 20 40
26491 4701 13 21 40
26492 4702 13 22 40
26493 4703 13 23 40
26494 4704 13 24 40
26495 4705 13 25 40
26497 4706 13 26 40
26499 4707 13 27 40
26500 4708 13 28 40
26501 4709 13 29 40
26502 4710 13 30 40
26503 4711 13 31 40
26505 4712 13 32 40
26507 4713 13 33 40
26508 4714 13 34 40
26509 4715 13 35 40
26510 4716 13 36 40
26512 4717 13 37 40
26513 4718 13 38 40
26514 4719 13 39 40
26515 4720 13 40 40
26516 4721 13 41 40
26517 4722 13 42 40
26519 4723 13 43 40
26520 4724 13 44 40
26521 4725 13 45 40
26522 4726 13 46 40
26524 4727 13 47 40
26525 4728 13 48 40
26527 4729 13 49 40
26542 4730 13 50 40
26543 4731 13 51 40
26544 4732 13 52 40
26546 4733 13 53 40
26547 4734 13 54 40
26548 4735 13 55 40
26549 4736 13 56 40
26550 4737 13 57 40
26551 4738 13 58 40
26552 4739 13 59 40
26553 4740 13 60 40
26554 4741 13 61 40
26555 4742 13 62 40
26560 4743 13 63 40
26561 4744 13 64 40
26562 4745 13 65 40
26563 4746 13 66 40
26564 4747 13 67 40
26565 4748 13 68 40
26566 4749 13 69 40
26568 4750 13 70 40
26569 4751 13 71 40
26570 4752 13 72 40
26571 4753 13 73 40
26572 4754 13 74 40
26573 4755 13 75 40
26574 4756 13 76 40
26575 4757 13 77 40
26576 4758 13 78 40
26577 4759 13 79 40
26578 4760 13 80 40
26579 4761 13 81 40
26580 4762 13 82 40
26584 4763 13 83 40
26585 4764 13 84 40
26586 4765 13 85 40
26587 4766 13 86 40
26588 4767 13 87 40
26589 4768 13 88 40
26590 4769 13 89 40
26591 4770 13 90 40
26594 4771 13 91 40
26595 4772 13 92 40
26596 4773 13 93 40
26597 4774 13 94 40
26598 4775 13 95 40
26599 4776 13 96 40
26601 4777 13 97 40
26602 4778 13 98 40
26603 4779 13 99 40
26604 4780 13 100 40
26605 4781 13 101 40
26606 4782 13 102 40
26607 4783 13 103 40
26608 4784 13 104 40
26609 4785 13 105 40
26610 4786 13 106 40
26611 4787 13 107 40
26612 4788 13 108 40
26613 4789 13 109 40
26614 4790 13 110 40
26615 4791 13 111 40
26616 4792 13 112 40
26618 4793 13 113 40
26620 4794 13 114 40
26623 4795 13 115 40
26642 4796 13 116 40
26643 4797 13 0 41
26644 4798 13 1 41
26646 4799 13 2 41
26647 4800 13 3 41
26648 4801 13 4 41
26650 4802 13 5 41
26652 4803 13 6 41
26653 4804 13 7 41
26655 4805 13 8 41
26656 4806 13 9 41
26657 4807 13 10 41
26661 4808 13 11 41
26662 4809 13 12 41
26664 4810 13 13 41
26665 4811 13 14 41
26666 4812 13 15 41
26667 4813 13 16 41
26669 4814 13 17 41
26670 4815 13 18 41
26671 4816 13 19 41
26673 4817 13 20 41
26674 4818 13 21 41
26675 4819 13 22 41
26676 4820 13 23 41
26677 4821 13 24 41
26680 4822 13 25 41
26681 4823 13 26 41
26682 4824 13 27 41
26683 4825 13 28 41
26684 4826 13 29 41
26685 4827 13 30 41
26688 4828 13 31 41
26689 4829 13 32 41
26690 4830 13 33 41
26691 4831 13 34 41
26692 4832 13 35 41
26693 4833 13 36 41
26694 4834 13 37 41
26696 4835 13 38 41
26697 4836 13 39 41
26699 4837 13 40 41
26700 4838 13 41 41
26701 4839 13 42 41
26702 4840 13 43 41
26703 4841 13 44 41
26704 4842 13 45 41
26705 4843 13 46 41
26707 4844 13 47 41
26708 4845 13 48 41
26731 4846 13 49 41
26733 4847 13 50 41
26734 4848 13 51 41
26735 4849 13 52 41
26737 4850 13 53 41
26738 4851 13 54 41
26740 4852 13 55 41
26741 4853 13 56 41
26742 4854 13 57 41
26743 4855 13 58 41
26744 4856 13 59 41
26745 4857 13 60 41
26747 4858 13 61 41
26748 4859 13 62 41
26749 4860 13 63 41
26750 4861 13 64 41
26751 4862 13 65 41
26752 4863 13 66 41
26753 4864 13 67 41
26754 4865 13 68 41
26755 4866 13 69 41
26757 4867 13 70 41
26758 4868 13 71 41
26759 4869 13 72 41
26761 4870 13 73 41
26762 4871 13 74 41
26763 4872 13 75 41
26764 4873 13 76 41
26767 4874 13 77 41
26768 4875 13 78 41
26769 4876 13 79 41
26770 4877 13 80 41
26771 4878 13 81 41
26772 4879 13 82 41
26774 4880 13 83 41
26775 4881 13 84 41
26779 4882 13 85 41
26780 4883 13 86 41
26781 4884 13 87 41
26783 4885 13 88 41
26784 4886 13 89 41
26785 4887 13 90 41
26786 4888 13 91 41
26787 4889 13 92 41
26788 4890 13 93 41
26791 4891 13 94 41
26792 4892 13 95 41
26793 4893 13 96 41
26794 4894 13 97 41
26795 4895 13 98 41
26796 4896 13 99 41
26797 4897 13 100 41
26798 4898 13 101 41
26799 4899 13 102 41
26800 4900 13 103 41
26801 4901 13 104 41
26802 4902 13 105 41
26803 4903 13 106 41
26804 4904 13 107 41
26805 4905 13 108 41
26820 4906 13 109 41
26822 4907 13 110 41
26823 4908 13 111 41
26824 4909 13 112 41
26825 4910 13 113 41
26827 4911 13 114 41
26828 4912 13 115 41
26829 4913 13 116 41
26830 4914 13 0 42
26832 4915 13 1 42
26833 4916 13 2 42
26834 4917 13 3 42
26835 4918 13 4 42
26836 4919 13 5 42
26837 4920 13 6 42
26838 4921 13 7 42
26839 4922 13 8 42
26840 4923 13 9 42
26842 4924 13 10 42
26844 4925 13 11 42
26845 4926 13 12 42
26846 4927 13 13 42
26847 4928 13 14 42
26848 4929 13 15 42
26849 4930 13 16 42
26851 4931 13 17 42
26852 4932 13 18 42
26854 4933 13 19 42
26855 4934 13 20 42
26856 4935 13 21 42
26857 4936 13 22 42
26858 4937 13 23 42
26859 4938 13 24 42
26860 4939 13 25 42
26862 4940 13 26 42
26863 4941 13 27 42
26864 4942 13 28 42
26865 4943 13 29 42
26866 4944 13 30 42
26867 4945 13 31 42
26868 4946 13 32 42
26869 4947 13 33 42
26870 4948 13 34 42
26871 4949 13 35 42
26872 4950 13 36 42
26873 4951 13 37 42
26874 4952 13 38 42
26875 4953 13 39 42
26876 4954 13 40 42
26877 4955 13 41 42
26884 4956 13 42 42
26885 4957 13 43 42
26886 4958 13 44 42
26887 4959 13 45 42
26888 4960 13 46 42
26890 4961 13 47 42
26891 4962 13 48 42
26892 4963 13 49 42
26893 4964 13 50 42
26894 4965 13 51 42
26895 4966 13 52 42
26896 4967 13 53 42
26897 4968 13 54 42
26898 4969 13 55 42
26899 4970 13 56 42
26900 4971 13 57 42
26901 4972 13 58 42
26903 4973 13 59 42
26917 4974 13 60 42
26922 4975 13 61 42
26927 4976 13 62 42
26928 4977 13 63 42
26930 4978 13 64 42
26931 4979 13 65 42
26932 4980 13 66 42
26933 4981 13 67 42
26935 4982 13 68 42
26936 4983 13 69 42
26937 4984 13 70 42
26939 4985 13 71 42
26940 4986 13 72 42
26941 4987 13 73 42
26943 4988 13 74 42
26944 4989 13 75 42
26945 4990 13 76 42
26946 4991 13 77 42
26948 4992 13 78 42
26949 4993 13 79 42
26952 4994 13 80 42
26953 4995 13 81 42
26954 4996 13 82 42
26955 4997 13 83 42
26956 4998 13 84 42
26958 4999 13 85 42
26959 5000 13 86 42
26961 5001 13 87 42
26962 5002 13 88 42
26963 5003 13 89 42
26964 5004 13 90 42
26966 5005 13 91 42
26967 5006 13 92 42
26968 5007 13 93 42
26969 5008 13 94 42
26970 5009 13 95 42
26971 5010 13 96 42
26972 5011 13 97 42
26973 5012 13 98 42
26974 5013 13 99 42
26975 5014 13 100 42
26976 5015 13 101 42
26978 5016 13 102 42
26979 5017 13 103 42
26981 5018 13 104 42
26982 5019 13 105 42
26984 5020 13 106 42
26985 5021 13 107 42
26986 5022 13 108 42
26987 5023 13 109 42
26988 5024 13 110 42
26989 5025 13 111 42
26990 5026 13 112 42
26991 5027 13 113 42
26992 5028 13 114 42
26993 5029 13 115 42
26996 5030 13 116 42
26997 5031 13 0 43
26998 5032 13 1 43
26999 5033 13 2 43
27000 5034 13 3 43
27001 5035 13 4 43
27002 5036 13 5 43
27003 5037 13 6 43
27010 5038 13 7 43
27011 5039 13 8 43
27014 5040 13 9 43
27021 5041 13 10 43
27022 5042 13 11 43
27024 5043 13 12 43
27025 5044 13 13 43
27027 5045 13 14 43
27028 5046 13 15 43
27029 5047 13 16 43
27030 5048 13 17 43
27031 5049 13 18 43
27033 5050 13 19 43
27034 5051 13 20 43
27035 5052 13 21 43
27036 5053 13 22 43
27038 5054 13 23 43
27040 5055 13 24 43
27041 5056 13 25 43
27043 5057 13 26 43
27044 5058 13 27 43
27045 5059 13 28 43
27046 5060 13 29 43
27047 5061 13 30 43
27048 5062 13 31 43
27049 5063 13 32 43
27050 5064 13 33 43
27051 5065 13 34 43
27052 5066 13 35 43
27053 5067 13 36 43
27054 5068 13 37 43
27055 5069 13 38 43
27056 5070 13 39 43
27057 5071 13 40 43
27059 5072 13 41 43
27060 5073 13 42 43
27061 5074 13 43 43
27062 5075 13 44 43
27063 5076 13 45 43
27065 5077 13 46 43
27067 5078 13 47 43
27068 5079 13 48 43
27069 5080 13 49 43
27070 5081 13 50 43
27071 5082 13 51 43
27073 5083 13 52 43
27074 5084 13 53 43
27075 5085 13 54 43
27076 5086 13 55 43
27078 5087 13 56 43
27081 5088 13 57 43
27082 5089 13 58 43
27083 5090 13 59 43
27084 5091 13 60 43
27085 5092 13 61 43
27086 5093 13 62 43
27087 5094 13 63 43
27088 5095 13 64 43
27091 5096 13 65 43
27092 5097 13 66 43
27097 5098 13 67 43
27106 5099 13 68 43
27108 5100 13 69 43
27109 5101 13 70 43
27110 5102 13 71 43
27111 5103 13 72 43
27112 5104 13 73 43
27115 5105 13 74 43
27116 5106 13 75 43
27117 5107 13 76 43
27118 5108 13 77 43
27121 5109 13 78 43
27122 5110 13 79 43
27123 5111 13 80 43
27124 5112 13 81 43
27126 5113 13 82 43
27127 5114 13 83 43
27128 5115 13 84 43
27131 5116 13 85 43
27132 5117 13 86 43
27133 5118 13 87 43
27134 5119 13 88 43
27135 5120 13 89 43
27136 5121 13 90 43
27137 5122 13 91 43
27138 5123 13 92 43
27140 5124 13 93 43
27141 5125 13 94 43
27142 5126 13 95 43
27143 5127 13 96 43
27144 5128 13 97 43
27145 5129 13 98 43
27146 5130 13 99 43
27149 5131 13 100 43
27151 5132 13 101 43
27153 5133 13 102 43
27155 5134 13 103 43
27156 5135 13 104 43
27157 5136 13 105 43
27158 5137 13 106 43
27159 5138 13 107 43
27160 5139 13 108 43
27161 5140 13 109 43
27163 5141 13 110 43
27165 5142 13 111 43
27166 5143 13 112 43
27167 5144 13 113 43
27168 5145 13 114 43
27169 5146 13 115 43
27171 5147 13 116 43
27173 5148 13 0 44
27174 5149 13 1 44
27175 5150 13 2 44
27176 5151 13 3 44
27186 5152 13 4 44
27188 5153 13 5 44
27189 5154 13 6 44
27192 5155 13 7 44
27193 5156 13 8 44
27194 5157 13 9 44
27195 5158 13 10 44
27196 5159 13 11 44
27197 5160 13 12 44
27198 5161 13 13 44
27199 5162 13 14 44
27200 5163 13 15 44
27201 5164 13 16 44
27204 5165 13 17 44
27206 5166 13 18 44
27207 5167 13 19 44
27208 5168 13 20 44
27209 5169 13 21 44
27211 5170 13 22 44
27213 5171 13 23 44
27214 5172 13 24 44
27215 5173 13 25 44
27216 5174 13 26 44
27217 5175 13 27 44
27220 5176 13 28 44
27221 5177 13 29 44
27222 5178 13 30 44
27224 5179 13 31 44
27225 5180 13 32 44
27226 5181 13 33 44
27227 5182 13 34 44
27229 5183 13 35 44
27230 5184 13 36 44
27231 5185 13 37 44
27232 5186 13 38 44
27233 5187 13 39 44
27234 5188 13 40 44
27236 5189 13 41 44
27238 5190 13 42 44
27239 5191 13 43 44
27240 5192 13 44 44
27241 5193 13 45 44
27242 5194 13 46 44
27243 5195 13 47 44
27245 5196 13 48 44
27247 5197 13 49 44
27254 5198 13 50 44
27262 5199 13 51 44
27263 5200 13 52 44
27264 5201 13 53 44
27265 5202 13 54 44
27267 5203 13 55 44
27268 5204 13 56 44
27269 5205 13 57 44
27271 5206 13 58 44
27273 5207 13 59 44
27276 5208 13 60 44
27277 5209 13 61 44
27278 5210 13 62 44
27280 5211 13 63 44
27281 5212 13 64 44
27282 5213 13 65 44
27283 5214 13 66 44
27284 5215 13 67 44
27285 5216 13 68 44
27286 5217 13 69 44
27287 5218 13 70 44
27290 5219 13 71 44
27291 5220 13 72 44
27292 5221 13 73 44
27294 5222 13 74 44
27295 5223 13 75 44
27296 5224 13 76 44
27297 5225 13 77 44
27298 5226 13 78 44
27299 5227 13 79 44
27300 5228 13 80 44
27301 5229 13 81 44
27302 5230 13 82 44
27304 5231 13 83 44
27308 5232 13 84 44
27309 5233 13 85 44
27310 5234 13 86 44
27311 5235 13 87 44
27315 5236 13 88 44
27316 5237 13 89 44
27318 5238 13 90 44
27319 5239 13 91 44
27320 5240 13 92 44
27321 5241 13 93 44
27322 5242 13 94 44
27323 5243 13 95 44
27325 5244 13 96 44
27330 5245 13 97 44
27331 5246 13 98 44
27333 5247 13 99 44
27334 5248 13 100 44
27335 5249 13 101 44
27339 5250 13 102 44
27340 5251 13 103 44
27341 5252 13 104 44
27343 5253 13 105 44
27344 5254 13 106 44
27345 5255 13 107 44
27347 5256 13 108 44
27353 5257 13 109 44
27354 5258 13 110 44
27355 5259 13 111 44
27356 5260 13 112 44
27357 5261 13 113 44
27358 5262 13 114 44
27359 5263 13 115 44
27360 5264 13 116 44
27361 5265 13 0 45
27365 5266 13 1 45
27367 5267 13 2 45
27368 5268 13 3 45
27370 5269 13 4 45
27371 5270 13 5 45
27372 5271 13 6 45
27374 5272 13 7 45
27375 5273 13 8 45
27376 5274 13 9 45
27377 5275 13 10 45
27379 5276 13 11 45
27384 5277 13 12 45
27385 5278 13 13 45
27386 5279 13 14 45
27387 5280 13 15 45
27388 5281 13 16 45
27392 5282 13 17 45
27394 5283 13 18 45
27395 5284 13 19 45
27396 5285 13 20 45
27400 5286 13 21 45
27401 5287 13 22 45
27402 5288 13 23 45
27403 5289 13 24 45
27407 5290 13 25 45
27408 5291 13 26 45
27409 5292 13 27 45
27410 5293 13 28 45
27411 5294 13 29 45
27414 5295 13 30 45
27415 5296 13 31 45
27416 5297 13 32 45
27417 5298 13 33 45
27418 5299 13 34 45
27422 5300 13 35 45
27424 5301 13 36 45
27425 5302 13 37 45
27427 5303 13 38 45
27429 5304 13 39 45
27432 5305 13 40 45
27436 5306 13 41 45
27437 5307 13 42 45
27439 5308 13 43 45
27441 5309 13 44 45
27442 5310 13 45 45
27443 5311 13 46 45
27444 5312 13 47 45
27446 5313 13 48 45
27447 5314 13 49 45
27448 5315 13 50 45
27449 5316 13 51 45
27450 5317 13 52 45
27451 5318 13 53 45
27452 5319 13 54 45
27453 5320 13 55 45
27454 5321 13 56 45
27455 5322 13 57 45
27457 5323 13 58 45
27458 5324 13 59 45
27459 5325 13 60 45
27461 5326 13 61 45
27462 5327 13 62 45
27463 5328 13 63 45
27464 5329 13 64 45
27465 5330 13 65 45
27466 5331 13 66 45
27467 5332 13 67 45
27468 5333 13 68 45
27469 5334 13 69 45
27470 5335 13 70 45
27472 5336 13 71 45
27473 5337 13 72 45
27476 5338 13 73 45
27477 5339 13 74 45
27478 5340 13 75 45
27481 5341 13 76 45
27483 5342 13 77 45
27484 5343 13 78 45
27486 5344 13 79 45
27487 5345 13 80 45
27488 5346 13 81 45
27489 5347 13 82 45
27490 5348 13 83 45
27491 5349 13 84 45
27492 5350 13 85 45
27493 5351 13 86 45
27494 5352 13 87 45
27495 5353 13 88 45
27498 5354 13 89 45
27501 5355 13 90 45
27506 5356 13 91 45
27510 5357 13 92 45
27511 5358 13 93 45
27512 5359 13 94 45
27513 5360 13 95 45
27515 5361 13 96 45
27518 5362 13 97 45
27519 5363 13 98 45
27520 5364 13 99 45
27522 5365 13 100 45
27523 5366 13 101 45
27524 5367 13 102 45
27526 5368 13 103 45
27528 5369 13 104 45
27529 5370 13 105 45
27530 5371 13 106 45
27532 5372 13 107 45
27533 5373 13 108 45
27534 5374 13 109 45
27535 5375 13 110 45
27537 5376 13 111 45
27540 5377 13 112 45
27541 5378 13 113 45
27542 5379 13 114 45
27543 5380 13 115 45
27544 5381 13 116 45
27545 5382 13 0 46
27547 5383 13 1 46
27550 5384 13 2 46
27551 5385 13 3 46
27552 5386 13 4 46
27554 5387 13 5 46
27555 5388 13 6 46
27556 5389 13 7 46
27557 5390 13 8 46
27558 5391 13 9 46
27559 5392 13 10 46
27562 5393 13 11 46
27563 5394 13 12 46
27565 5395 13 13 46
27566 5396 13 14 46
27567 5397 13 15 46
27568 5398 13 16 46
27570 5399 13 17 46
27571 5400 13 18 46
27573 5401 13 19 46
27574 5402 13 20 46
27575 5403 13 21 46
27578 5404 13 22 46
27580 5405 13 23 46
27581 5406 13 24 46
27583 5407 13 25 46
27584 5408 13 26 46
27587 5409 13 27 46
27588 5410 13 28 46
27589 5411 13 29 46
27590 5412 13 30 46
27591 5413 13 31 46
27592 5414 13 32 46
27593 5415 13 33 46
27594 5416 13 34 46
27595 5417 13 35 46
27596 5418 13 36 46
27597 5419 13 37 46
27599 5420 13 38 46
27600 5421 13 39 46
27602 5422 13 40 46
27603 5423 13 41 46
27604 5424 13 42 46
27606 5425 13 43 46
27607 5426 13 44 46
27608 5427 13 45 46
27610 5428 13 46 46
27611 5429 13 47 46
27614 5430 13 48 46
27616 5431 13 49 46
27618 5432 13 50 46
27619 5433 13 51 46
27620 5434 13 52 46
27622 5435 13 53 46
27623 5436 13 54 46
27624 5437 13 55 46
27627 5438 13 56 46
27628 5439 13 57 46
27631 5440 13 58 46
27632 5441 13 59 46
27634 5442 13 60 46
27635 5443 13 61 46
27639 5444 13 62 46
27640 5445 13 63 46
27641 5446 13 64 46
27643 5447 13 65 46
27644 5448 13 66 46
27645 5449 13 67 46
27646 5450 13 68 46
27647 5451 13 69 46
27648 5452 13 70 46
27649 5453 13 71 46
27650 5454 13 72 46
27651 5455 13 73 46
27652 5456 13 74 46
27653 5457 13 75 46
27654 5458 13 76 46
27656 5459 13 77 46
27657 5460 13 78 46
27659 5461 13 79 46
27660 5462 13 80 46
27661 5463 13 81 46
27663 5464 13 82 46
27664 5465 13 83 46
27665 5466 13 84 46
27667 5467 13 85 46
27668 5468 13 86 46
27669 5469 13 87 46
27670 5470 13 88 46
27672 5471 13 89 46
27673 5472 13 90 46
27674 5473 13 91 46
27675 5474 13 92 46
27677 5475 13 93 46
27679 5476 13 94 46
27680 5477 13 95 46
27681 5478 13 96 46
27683 5479 13 97 46
27684 5480 13 98 46
27685 5481 13 99 46
27686 5482 13 100 46
27687 5483 13 101 46
27688 5484 13 102 46
27690 5485 13 103 46
27691 5486 13 104 46
27692 5487 13 105 46
27694 5488 13 106 46
27695 5489 13 107 46
27696 5490 13 108 46
27699 5491 13 109 46
27700 5492 13 110 46
27702 5493 13 111 46
27704 5494 13 112 46
27707 5495 13 113 46
27710 5496 13 114 46
27711 5497 13 115 46
27712 5498 13 116 46
27713 5499 13 0 47
27714 5500 13 1 47
27715 5501 13 2 47
27718 5502 13 3 47
27722 5503 13 4 47
27723 5504 13 5 47
27724 5505 13 6 47
27725 5506 13 7 47
27726 5507 13 8 47
27727 5508 13 9 47
27728 5509 13 10 47
27730 5510 13 11 47
27732 5511 13 12 47
27733 5512 13 13 47
27735 5513 13 14 47
27737 5514 13 15 47
27739 5515 13 16 47
27740 5516 13 17 47
27741 5517 13 18 47
27742 5518 13 19 47
27743 5519 13 20 47
27744 5520 13 21 47
27745 5521 13 22 47
27749 5522 13 23 47
27750 5523 13 24 47
27751 5524 13 25 47
27752 5525 13 26 47
27753 5526 13 27 47
27754 5527 13 28 47
27755 5528 13 29 47
27757 5529 13 30 47
27759 5530 13 31 47
27760 5531 13 32 47
27761 5532 13 33 47
27762 5533 13 34 47
27763 5534 13 35 47
27764 5535 13 36 47
27766 5536 13 37 47
27768 5537 13 38 47
27770 5538 13 39 47
27771 5539 13 40 47
27773 5540 13 41 47
27774 5541 13 42 47
27776 5542 13 43 47
27777 5543 13 44 47
27778 5544 13 45 47
27779 5545 13 46 47
27780 5546 13 47 47
27781 5547 13 48 47
27782 5548 13 49 47
27783 5549 13 50 47
27784 5550 13 51 47
27785 5551 13 52 47
27786 5552 13 53 47
27787 5553 13 54 47
27788 5554 13 55 47
27789 5555 13 56 47
27790 5556 13 57 47
27791 5557 13 58 47
27792 5558 13 59 47
27794 5559 13 60 47
27795 5560 13 61 47
27796 5561 13 62 47
27797 5562 13 63 47
27798 5563 13 64 47
27800 5564 13 65 47
27801 5565 13 66 47
27802 5566 13 67 47
27803 5567 13 68 47
27804 5568 13 69 47
27805 5569 13 70 47
27819 5570 13 71 47
27820 5571 13 72 47
27821 5572 13 73 47
27822 5573 13 74 47
27824 5574 13 75 47
27825 5575 13 76 47
27827 5576 13 77 47
27828 5577 13 78 47
27830 5578 13 79 47
27831 5579 13 80 47
27832 5580 13 81 47
27833 5581 13 82 47
27834 5582 13 83 47
27835 5583 13 84 47
27836 5584 13 85 47
27837 5585 13 86 47
27838 5586 13 87 47
27839 5587 13 88 47
27840 5588 13 89 47
27841 5589 13 90 47
27842 5590 13 91 47
27843 5591 13 92 47
27844 5592 13 93 47
27845 5593 13 94 47
27846 5594 13 95 47
27847 5595 13 96 47
27849 5596 13 97 47
27850 5597 13 98 47
27852 5598 13 99 47
27853 5599 13 100 47
27855 5600 13 101 47
27856 5601 13 102 47
27857 5602 13 103 47
27858 5603 13 104 47
27859 5604 13 105 47
27860 5605 13 106 47
27861 5606 13 107 47
27862 5607 13 108 47
27863 5608 13 109 47
27865 5609 13 110 47
27866 5610 13 111 47
27867 5611 13 112 47
27868 5612 13 113 47
27869 5613 13 114 47
27870 5614 13 115 47
27872 5615 13 116 47
27873 5616 13 0 48
27874 5617 13 1 48
27875 5618 13 2 48
27877 5619 13 3 48
27879 5620 13 4 48
27880 5621 13 5 48
27881 5622 13 6 48
27883 5623 13 7 48
27884 5624 13 8 48
27885 5625 13 9 48
27886 5626 13 10 48
27887 5627 13 11 48
27888 5628 13 12 48
27889 5629 13 13 48
27890 5630 13 14 48
27891 5631 13 15 48
27893 5632 13 16 48
27897 5633 13 17 48
27904 5634 13 18 48
27905 5635 13 19 48
27907 5636 13 20 48
27908 5637 13 21 48
27911 5638 13 22 48
27912 5639 13 23 48
27913 5640 13 24 48
27914 5641 13 25 48
27915 5642 13 26 48
27916 5643 13 27 48
27917 5644 13 28 48
27918 5645 13 29 48
27919 5646 13 30 48
27920 5647 13 31 48
27921 5648 13 32 48
27922 5649 13 33 48
27926 5650 13 34 48
27927 5651 13 35 48
27928 5652 13 36 48
27929 5653 13 37 48
27930 5654 13 38 48
27931 5655 13 39 48
27933 5656 13 40 48
27934 5657 13 41 48
27935 5658 13 42 48
27936 5659 13 43 48
27938 5660 13 44 48
27941 5661 13 45 48
27943 5662 13 46 48
27944 5663 13 47 48
27945 5664 13 48 48
27946 5665 13 49 48
27947 5666 13 50 48
27948 5667 13 51 48
27949 5668 13 52 48
27950 5669 13 53 48
27951 5670 13 54 48
27952 5671 13 55 48
27953 5672 13 56 48
27954 5673 13 57 48
27955 5674 13 58 48
27956 5675 13 59 48
27957 5676 13 60 48
27958 5677 13 61 48
27959 5678 13 62 48
27960 5679 13 63 48
27961 5680 13 64 48
27962 5681 13 65 48
27963 5682 13 66 48
27964 5683 13 67 48
27965 5684 13 68 48
27966 5685 13 69 48
27967 5686 13 70 48
27968 5687 13 71 48
27969 5688 13 72 48
27970 5689 13 73 48
27992 5690 13 74 48
27993 5691 13 75 48
27994 5692 13 76 48
27998 5693 13 77 48
27999 5694 13 78 48
28000 5695 13 79 48
28001 5696 13 80 48
28002 5697 13 81 48
28003 5698 13 82 48
28004 5699 13 83 48
28005 5700 13 84 48
28006 5701 13 85 48
28007 5702 13 86 48
28008 5703 13 87 48
28009 5704 13 88 48
28010 5705 13 89 48
28012 5706 13 90 48
28013 5707 13 91 48
28014 5708 13 92 48
28015 5709 13 93 48
28016 5710 13 94 48
28020 5711 13 95 48
28021 5712 13 96 48
28022 5713 13 97 48
28023 5714 13 98 48
28024 5715 13 99 48
28025 5716 13 100 48
28026 5717 13 101 48
28027 5718 13 102 48
28028 5719 13 103 48
28029 5720 13 104 48
28030 5721 13 105 48
28031 5722 13 106 48
28032 5723 13 107 48
28034 5724 13 108 48
28035 5725 13 109 48
28036 5726 13 110 48
28037 5727 13 111 48
28038 5728 13 112 48
28039 5729 13 113 48
28040 5730 13 114 48
28041 5731 13 115 48
28042 5732 13 116 48
28043 5733 13 0 49
28044 5734 13 1 49
28045 5735 13 2 49
28046 5736 13 3 49
28048 5737 13 4 49
28049 5738 13 5 49
28050 5739 13 6 49
28051 5740 13 7 49
28052 5741 13 8 49
28053 5742 13 9 49
28055 5743 13 10 49
28056 5744 13 11 49
28074 5745 13 12 49
28075 5746 13 13 49
28076 5747 13 14 49
28078 5748 13 15 49
28079 5749 13 16 49
28082 5750 13 17 49
28083 5751 13 18 49
28084 5752 13 19 49
28085 5753 13 20 49
28087 5754 13 21 49
28088 5755 13 22 49
28090 5756 13 23 49
28091 5757 13 24 49
28092 5758 13 25 49
28093 5759 13 26 49
28094 5760 13 27 49
28095 5761 13 28 49
28096 5762 13 29 49
28098 5763 13 30 49
28100 5764 13 31 49
28101 5765 13 32 49
28102 5766 13 33 49
28103 5767 13 34 49
28104 5768 13 35 49
28105 5769 13 36 49
28106 5770 13 37 49
28107 5771 13 38 49
28108 5772 13 39 49
28109 5773 13 40 49
28111 5774 13 41 49
28112 5775 13 42 49
28113 5776 13 43 49
28114 5777 13 44 49
28115 5778 13 45 49
28116 5779 13 46 49
28117 5780 13 47 49
28118 5781 13 48 49
28119 5782 13 49 49
28120 5783 13 50 49
28121 5784 13 51 49
28122 5785 13 52 49
28123 5786 13 53 49
28124 5787 13 54 49
28125 5788 13 55 49
28126 5789 13 56 49
28127 5790 13 57 49
28128 5791 13 58 49
28129 5792 13 59 49
28130 5793 13 60 49
28131 5794 13 61 49
28132 5795 13 62 49
28133 5796 13 63 49
28134 5797 13 64 49
28136 5798 13 65 49
28137 5799 13 66 49
28138 5800 13 67 49
28139 5801 13 68 49
28140 5802 13 69 49
28141 5803 13 70 49
28142 5804 13 71 49
28143 5805 13 72 49
28144 5806 13 73 49
28145 5807 13 74 49
28146 5808 13 75 49
28147 5809 13 76 49
28148 5810 13 77 49
28149 5811 13 78 49
28150 5812 13 79 49
28151 5813 13 80 49
28153 5814 13 81 49
28154 5815 13 82 49
28155 5816 13 83 49
28156 5817 13 84 49
28157 5818 13 85 49
28160 5819 13 86 49
28163 5820 13 87 49
28165 5821 13 88 49
28185 5822 13 89 49
28186 5823 13 90 49
28187 5824 13 91 49
28188 5825 13 92 49
28189 5826 13 93 49
28191 5827 13 94 49
28192 5828 13 95 49
28193 5829 13 96 49
28194 5830 13 97 49
28195 5831 13 98 49
28196 5832 13 99 49
28197 5833 13 100 49
28198 5834 13 101 49
28199 5835 13 102 49
28200 5836 13 103 49
28203 5837 13 104 49
28204 5838 13 105 49
28205 5839 13 106 49
28206 5840 13 107 49
28207 5841 13 108 49
28208 5842 13 109 49
28209 5843 13 110 49
28210 5844 13 111 49
28211 5845 13 112 49
28212 5846 13 113 49
28213 5847 13 114 49
28214 5848 13 115 49
28216 5849 13 116 49
28217 5850 13 0 50
28218 5851 13 1 50
28219 5852 13 2 50
28220 5853 13 3 50
28221 5854 13 4 50
28222 5855 13 5 50
28223 5856 13 6 50
28224 5857 13 7 50
28225 5858 13 8 50
28227 5859 13 9 50
28228 5860 13 10 50
28229 5861 13 11 50
28230 5862 13 12 50
28231 5863 13 13 50
28233 5864 13 14 50
28234 5865 13 15 50
28235 5866 13 16 50
28237 5867 13 17 50
28238 5868 13 18 50
28241 5869 13 19 50
28242 5870 13 20 50
28243 5871 13 21 50
28244 5872 13 22 50
28245 5873 13 23 50
28246 5874 13 24 50
28248 5875 13 25 50
28250 5876 13 26 50
28251 5877 13 27 50
28252 5878 13 28 50
28253 5879 13 29 50
28254 5880 13 30 50
28255 5881 13 31 50
28256 5882 13 32 50
28257 5883 13 33 50
28258 5884 13 34 50
28259 5885 13 35 50
28260 5886 13 36 50
28261 5887 13 37 50
28262 5888 13 38 50
28263 5889 13 39 50
28264 5890 13 40 50
28265 5891 13 41 50
28267 5892 13 42 50
28270 5893 13 43 50
28271 5894 13 44 50
28273 5895 13 45 50
28274 5896 13 46 50
28275 5897 13 47 50
28276 5898 13 48 50
28279 5899 13 49 50
28280 5900 13 50 50
28281 5901 13 51 50
28296 5902 13 52 50
28297 5903 13 53 50
28301 5904 13 54 50
28302 5905 13 55 50
28303 5906 13 56 50
28304 5907 13 57 50
28306 5908 13 58 50
28307 5909 13 59 50
28308 5910 13 60 50
28310 5911 13 61 50
28311 5912 13 62 50
28312 5913 13 63 50
28313 5914 13 64 50
28315 5915 13 65 50
28316 5916 13 66 50
28317 5917 13 67 50
28318 5918 13 68 50
28319 5919 13 69 50
28320 5920 13 70 50
28321 5921 13 71 50
28322 5922 13 72 50
28323 5923 13 73 50
28324 5924 13 74 50
28325 5925 13 75 50
28326 5926 13 76 50
28327 5927 13 77 50
28330 5928 13 78 50
28331 5929 13 79 50
28334 5930 13 80 50
28335 5931 13 81 50
28336 5932 13 82 50
28337 5933 13 83 50
28338 5934 13 84 50
28339 5935 13 85 50
28340 5936 13 86 50
28342 5937 13 87 50
28343 5938 13 88 50
28345 5939 13 89 50
28346 5940 13 90 50
28348 5941 13 91 50
28349 5942 13 92 50
28350 5943 13 93 50
28351 5944 13 94 50
28352 5945 13 95 50
28353 5946 13 96 50
28354 5947 13 97 50
28355 5948 13 98 50
28356 5949 13 99 50
28357 5950 13 100 50
28358 5951 13 101 50
28359 5952 13 102 50
28360 5953 13 103 50
28361 5954 13 104 50
28362 5955 13 105 50
28363 5956 13 106 50
28364 5957 13 107 50
28365 5958 13 108 50
28366 5959 13 109 50
28367 5960 13 110 50
28368 5961 13 111 50
28369 5962 13 112 50
28370 5963 13 113 50
28371 5964 13 114 50
28372 5965 13 115 50
28373 5966 13 116 50
28374 5967 13 0 51
28376 5968 13 1 51
28380 5969 13 2 51
28395 5970 13 3 51
28396 5971 13 4 51
28397 5972 13 5 51
28398 5973 13 6 51
28399 5974 13 7 51
28401 5975 13 8 51
28402 5976 13 9 51
28404 5977 13 10 51
28405 5978 13 11 51
28406 5979 13 12 51
28407 5980 13 13 51
28408 5981 13 14 51
28409 5982 13 15 51
28411 5983 13 16 51
28412 5984 13 17 51
28413 5985 13 18 51
28414 5986 13 19 51
28415 5987 13 20 51
28416 5988 13 21 51
28417 5989 13 22 51
28418 5990 13 23 51
28419 5991 13 24 51
28421 5992 13 25 51
28422 5993 13 26 51
28423 5994 13 27 51
28424 5995 13 28 51
28425 5996 13 29 51
28426 5997 13 30 51
28429 5998 13 31 51
28430 5999 13 32 51
28431 6000 13 33 51
28434 6001 13 34 51
28435 6002 13 35 51
28436 6003 13 36 51
28437 6004 13 37 51
28440 6005 13 38 51
28441 6006 13 39 51
28442 6007 13 40 51
28444 6008 13 41 51
28446 6009 13 42 51
28447 6010 13 43 51
28448 6011 13 44 51
28449 6012 13 45 51
28450 6013 13 46 51
28451 6014 13 47 51
28453 6015 13 48 51
28454 6016 13 49 51
28455 6017 13 50 51
28457 6018 13 51 51
28458 6019 13 52 51
28459 6020 13 53 51
28460 6021 13 54 51
28461 6022 13 55 51
28462 6023 13 56 51
28463 6024 13 57 51
28464 6025 13 58 51
28465 6026 13 59 51
28466 6027 13 60 51
28467 6028 13 61 51
28469 6029 13 62 51
28470 6030 13 63 51
28471 6031 13 64 51
28472 6032 13 65 51
28473 6033 13 66 51
28474 6034 13 67 51
28475 6035 13 68 51
28476 6036 13 69 51
28478 6037 13 70 51
28479 6038 13 71 51
28480 6039 13 72 51
28481 6040 13 73 51
28483 6041 13 74 51
28494 6042 13 75 51
28495 6043 13 76 51
28496 6044 13 77 51
28497 6045 13 78 51
28498 6046 13 79 51
28499 6047 13 80 51
28500 6048 13 81 51
28501 6049 13 82 51
28503 6050 13 83 51
28504 6051 13 84 51
28506 6052 13 85 51
28507 6053 13 86 51
28509 6054 13 87 51
28510 6055 13 88 51
28511 6056 13 89 51
28512 6057 13 90 51
28513 6058 13 91 51
28514 6059 13 92 51
28515 6060 13 93 51
28516 6061 13 94 51
28518 6062 13 95 51
28519 6063 13 96 51
28521 6064 13 97 51
28522 6065 13 98 51
28523 6066 13 99 51
28524 6067 13 100 51
28525 6068 13 101 51
28526 6069 13 102 51
28527 6070 13 103 51
28528 6071 13 104 51
28530 6072 13 105 51
28531 6073 13 106 51
28534 6074 13 107 51
28535 6075 13 108 51
28536 6076 13 109 51
28538 6077 13 110 51
28539 6078 13 111 51
28540 6079 13 112 51
28541 6080 13 113 51
28542 6081 13 114 51
28543 6082 13 115 51
28544 6083 13 116 51
28546 6084 13 0 52
28548 6085 13 1 52
28549 6086 13 2 52
28550 6087 13 3 52
28551 6088 13 4 52
28552 6089 13 5 52
28553 6090 13 6 52
28555 6091 13 7 52
28556 6092 13 8 52
28557 6093 13 9 52
28558 6094 13 10 52
28560 6095 13 11 52
28562 6096 13 12 52
28563 6097 13 13 52
28564 6098 13 14 52
28565 6099 13 15 52
28566 6100 13 16 52
28567 6101 13 17 52
28574 6102 13 18 52
28576 6103 13 19 52
28577 6104 13 20 52
28578 6105 13 21 52
28579 6106 13 22 52
28580 6107 13 23 52
28581 6108 13 24 52
28582 6109 13 25 52
28583 6110 13 26 52
28584 6111 13 27 52
28585 6112 13 28 52
28586 6113 13 29 52
28587 6114 13 30 52
28588 6115 13 31 52
28589 6116 13 32 52
28590 6117 13 33 52
28591 6118 13 34 52
28592 6119 13 35 52
28593 6120 13 36 52
28594 6121 13 37 52
28595 6122 13 38 52
28596 6123 13 39 52
28598 6124 13 40 52
28600 6125 13 41 52
28601 6126 13 42 52
28602 6127 13 43 52
28604 6128 13 44 52
28605 6129 13 45 52
28607 6130 13 46 52
28608 6131 13 47 52
28609 6132 13 48 52
28610 6133 13 49 52
28611 6134 13 50 52
28612 6135 13 51 52
28614 6136 13 52 52
28615 6137 13 53 52
28616 6138 13 54 52
28617 6139 13 55 52
28618 6140 13 56 52
28619 6141 13 57 52
28620 6142 13 58 52
28621 6143 13 59 52
28622 6144 13 60 52
28623 6145 13 61 52
28628 6146 13 62 52
28629 6147 13 63 52
28632 6148 13 64 52
28635 6149 13 65 52
28636 6150 13 66 52
28637 6151 13 67 52
28638 6152 13 68 52
28639 6153 13 69 52
28640 6154 13 70 52
28641 6155 13 71 52
28642 6156 13 72 52
28643 6157 13 73 52
28644 6158 13 74 52
28646 6159 13 75 52
28647 6160 13 76 52
28648 6161 13 77 52
28649 6162 13 78 52
28651 6163 13 79 52
28652 6164 13 80 52
28653 6165 13 81 52
28654 6166 13 82 52
28655 6167 13 83 52
28656 6168 13 84 52
28657 6169 13 85 52
28658 6170 13 86 52
28660 6171 13 87 52
28663 6172 13 88 52
28666 6173 13 89 52
28667 6174 13 90 52
28668 6175 13 91 52
28670 6176 13 92 52
28671 6177 13 93 52
28672 6178 13 94 52
28673 6179 13 95 52
28676 6180 13 96 52
28677 6181 13 97 52
28678 6182 13 98 52
28679 6183 13 99 52
28681 6184 13 100 52
28682 6185 13 101 52
28683 6186 13 102 52
28684 6187 13 103 52
28685 6188 13 104 52
28686 6189 13 105 52
28687 6190 13 106 52
28689 6191 13 107 52
28692 6192 13 108 52
28693 6193 13 109 52
28694 6194 13 110 52
28695 6195 13 111 52
28696 6196 13 112 52
28697 6197 13 113 52
28698 6198 13 114 52
28699 6199 13 115 52
28700 6200 13 116 52
28701 6201 13 0 53
28703 6202 13 1 53
28704 6203 13 2 53
28705 6204 13 3 53
28706 6205 13 4 53
28707 6206 13 5 53
28708 6207 13 6 53
28710 6208 13 7 53
28711 6209 13 8 53
28712 6210 13 9 53
28713 6211 13 10 53
28714 6212 13 11 53
28715 6213 13 12 53
28719 6214 13 13 53
28720 6215 13 14 53
28721 6216 13 15 53
28722 6217 13 16 53
28723 6218 13 17 53
28724 6219 13 18 53
28725 6220 13 19 53
28727 6221 13 20 53
28728 6222 13 21 53
28729 6223 13 22 53
28730 6224 13 23 53
28731 6225 13 24 53
28732 6226 13 25 53
28734 6227 13 26 53
28735 6228 13 27 53
28736 6229 13 28 53
28737 6230 13 29 53
28738 6231 13 30 53
28739 6232 13 31 53
28740 6233 13 32 53
28741 6234 13 33 53
28742 6235 13 34 53
28744 6236 13 35 53
28745 6237 13 36 53
28746 6238 13 37 53
28748 6239 13 38 53
28753 6240 13 39 53
28754 6241 13 40 53
28757 6242 13 41 53
28758 6243 13 42 53
28759 6244 13 43 53
28760 6245 13 44 53
28762 6246 13 45 53
28763 6247 13 46 53
28765 6248 13 47 53
28766 6249 13 48 53
28767 6250 13 49 53
28768 6251 13 50 53
28769 6252 13 51 53
28770 6253 13 52 53
28771 6254 13 53 53
28772 6255 13 54 53
28773 6256 13 55 53
28774 6257 13 56 53
28776 6258 13 57 53
28777 6259 13 58 53
28778 6260 13 59 53
28779 6261 13 60 53
28784 6262 13 61 53
28785 6263 13 62 53
28788 6264 13 63 53
28790 6265 13 64 53
28792 6266 13 65 53
28794 6267 13 66 53
28796 6268 13 67 53
28797 6269 13 68 53
28802 6270 13 69 53
28803 6271 13 70 53
28804 6272 13 71 53
28805 6273 13 72 53
28806 6274 13 73 53
28810 6275 13 74 53
28814 6276 13 75 53
28817 6277 13 76 53
28818 6278 13 77 53
28819 6279 13 78 53
28820 6280 13 79 53
28821 6281 13 80 53
28822 6282 13 81 53
28824 6283 13 82 53
28825 6284 13 83 53
28826 6285 13 84 53
28831 6286 13 85 53
28833 6287 13 86 53
28836 6288 13 87 53
28841 6289 13 88 53
28843 6290 13 89 53
28844 6291 13 90 53
28845 6292 13 91 53
28846 6293 13 92 53
28847 6294 13 93 53
28848 6295 13 94 53
28849 6296 13 95 53
28851 6297 13 96 53
28852 6298 13 97 53
28853 6299 13 98 53
28855 6300 13 99 53
28856 6301 13 100 53
28858 6302 13 101 53
28862 6303 13 102 53
28869 6304 13 103 53
28870 6305 13 104 53
28871 6306 13 105 53
28872 6307 13 106 53
28874 6308 13 107 53
28875 6309 13 108 53
28877 6310 13 109 53
28878 6311 13 110 53
28879 6312 13 111 53
28881 6313 13 112 53
28882 6314 13 113 53
28883 6315 13 114 53
28884 6316 13 115 53
28887 6317 13 116 53
28888 6318 13 0 54
28889 6319 13 1 54
28890 6320 13 2 54
28892 6321 13 3 54
28893 6322 13 4 54
28894 6323 13 5 54
28896 6324 13 6 54
28897 6325 13 7 54
28898 6326 13 8 54
28900 6327 13 9 54
28911 6328 13 10 54
28912 6329 13 11 54
28915 6330 13 12 54
28916 6331 13 13 54
28918 6332 13 14 54
28919 6333 13 15 54
28920 6334 13 16 54
28921 6335 13 17 54
28922 6336 13 18 54
28923 6337 13 19 54
28924 6338 13 20 54
28925 6339 13 21 54
28927 6340 13 22 54
28928 6341 13 23 54
28930 6342 13 24 54
28932 6343 13 25 54
28934 6344 13 26 54
28937 6345 13 27 54
28938 6346 13 28 54
28939 6347 13 29 54
28940 6348 13 30 54
28941 6349 13 31 54
28942 6350 13 32 54
28944 6351 13 33 54
28947 6352 13 34 54
28951 6353 13 35 54
28953 6354 13 36 54
28954 6355 13 37 54
28955 6356 13 38 54
28956 6357 13 39 54
28958 6358 13 40 54
28959 6359 13 41 54
28960 6360 13 42 54
28961 6361 13 43 54
28962 6362 13 44 54
28963 6363 13 45 54
28965 6364 13 46 54
28966 6365 13 47 54
28968 6366 13 48 54
28974 6367 13 49 54
28975 6368 13 50 54
28976 6369 13 51 54
28977 6370 13 52 54
28978 6371 13 53 54
28982 6372 13 54 54
28986 6373 13 55 54
28993 6374 13 56 54
28994 6375 13 57 54
28995 6376 13 58 54
28996 6377 13 59 54
28998 6378 13 60 54
28999 6379 13 61 54
29001 6380 13 62 54
29003 6381 13 63 54
29004 6382 13 64 54
29005 6383 13 65 54
29006 6384 13 66 54
29008 6385 13 67 54
29010 6386 13 68 54
29011 6387 13 69 54
29012 6388 13 70 54
29014 6389 13 71 54
29016 6390 13 72 54
29017 6391 13 73 54
29018 6392 13 74 54
29020 6393 13 75 54
29021 6394 13 76 54
29022 6395 13 77 54
29023 6396 13 78 54
29024 6397 13 79 54
29025 6398 13 80 54
29026 6399 13 81 54
29027 6400 13 82 54
29028 6401 13 83 54
29029 6402 13 84 54
29030 6403 13 85 54
29031 6404 13 86 54
29032 6405 13 87 54
29033 6406 13 88 54
29034 6407 13 89 54
29036 6408 13 90 54
29038 6409 13 91 54
29040 6410 13 92 54
29042 6411 13 93 54
29048 6412 13 94 54
29051 6413 13 95 54
29053 6414 13 96 54
29056 6415 13 97 54
29057 6416 13 98 54
29058 6417 13 99 54
29060 6418 13 100 54
29061 6419 13 101 54
29062 6420 13 102 54
29063 6421 13 103 54
29065 6422 13 104 54
29066 6423 13 105 54
29071 6424 13 106 54
29072 6425 13 107 54
29074 6426 13 108 54
29076 6427 13 109 54
29079 6428 13 110 54
29081 6429 13 111 54
29082 6430 13 112 54
29083 6431 13 113 54
29084 6432 13 114 54
29085 6433 13 115 54
29086 6434 13 116 54
29087 6435 13 0 55
29088 6436 13 1 55
29089 6437 13 2 55
29092 6438 13 3 55
29093 6439 13 4 55
29095 6440 13 5 55
29096 6441 13 6 55
29097 6442 13 7 55
29098 6443 13 8 55
29100 6444 13 9 55
29103 6445 13 10 55
29104 6446 13 11 55
29105 6447 13 12 55
29106 6448 13 13 55
29107 6449 13 14 55
29109 6450 13 15 55
29112 6451 13 16 55
29113 6452 13 17 55
29116 6453 13 18 55
29117 6454 13 19 55
29118 6455 13 20 55
29119 6456 13 21 55
29120 6457 13 22 55
29121 6458 13 23 55
29122 6459 13 24 55
29123 6460 13 25 55
29124 6461 13 26 55
29125 6462 13 27 55
29126 6463 13 28 55
29127 6464 13 29 55
29128 6465 13 30 55
29129 6466 13 31 55
29130 6467 13 32 55
29131 6468 13 33 55
29134 6469 13 34 55
29135 6470 13 35 55
29136 6471 13 36 55
29138 6472 13 37 55
29140 6473 13 38 55
29141 6474 13 39 55
29142 6475 13 40 55
29144 6476 13 41 55
29145 6477 13 42 55
29146 6478 13 43 55
29147 6479 13 44 55
29148 6480 13 45 55
29151 6481 13 46 55
29152 6482 13 47 55
29153 6483 13 48 55
29154 6484 13 49 55
29156 6485 13 50 55
29157 6486 13 51 55
29158 6487 13 52 55
29159 6488 13 53 55
29160 6489 13 54 55
29164 6490 13 55 55
29165 6491 13 56 55
29166 6492 13 57 55
29168 6493 13 58 55
29169 6494 13 59 55
29170 6495 13 60 55
29172 6496 13 61 55
29176 6497 13 62 55
29177 6498 13 63 55
29179 6499 13 64 55
29180 6500 13 65 55
29181 6501 13 66 55
29182 6502 13 67 55
29183 6503 13 68 55
29185 6504 13 69 55
29186 6505 13 70 55
29187 6506 13 71 55
29189 6507 13 72 55
29190 6508 13 73 55
29191 6509 13 74 55
29194 6510 13 75 55
29196 6511 13 76 55
29197 6512 13 77 55
29200 6513 13 78 55
29203 6514 13 79 55
29204 6515 13 80 55
29209 6516 13 81 55
29210 6517 13 82 55
29211 6518 13 83 55
29213 6519 13 84 55
29214 6520 13 85 55
29215 6521 13 86 55
29218 6522 13 87 55
29219 6523 13 88 55
29222 6524 13 89 55
29223 6525 13 90 55
29224 6526 13 91 55
29225 6527 13 92 55
29226 6528 13 93 55
29228 6529 13 94 55
29229 6530 13 95 55
29232 6531 13 96 55
29237 6532 13 97 55
29238 6533 13 98 55
29240 6534 13 99 55
29241 6535 13 100 55
29242 6536 13 101 55
29243 6537 13 102 55
29245 6538 13 103 55
29246 6539 13 104 55
29247 6540 13 105 55
29249 6541 13 106 55
29250 6542 13 107 55
29252 6543 13 108 55
29254 6544 13 109 55
29255 6545 13 110 55
29256 6546 13 111 55
29257 6547 13 112 55
29258 6548 13 113 55
29259 6549 13 114 55
29260 6550 13 115 55
29263 6551 13 116 55
29266 6552 13 0 56
29267 6553 13 1 56
29270 6554 13 2 56
29272 6555 13 3 56
29273 6556 13 4 56
29274 6557 13 5 56
29275 6558 13 6 56
29277 6559 13 7 56
29278 6560 13 8 56
29279 6561 13 9 56
29280 6562 13 10 56
29281 6563 13 11 56
29282 6564 13 12 56
29283 6565 13 13 56
29287 6566 13 14 56
29289 6567 13 15 56
29290 6568 13 16 56
29292 6569 13 17 56
29294 6570 13 18 56
29295 6571 13 19 56
29296 6572 13 20 56
29298 6573 13 21 56
29299 6574 13 22 56
29300 6575 13 23 56
29302 6576 13 24 56
29303 6577 13 25 56
29304 6578 13 26 56
29305 6579 13 27 56
29307 6580 13 28 56
29308 6581 13 29 56
29309 6582 13 30 56
29310 6583 13 31 56
29311 6584 13 32 56
29312 6585 13 33 56
29313 6586 13 34 56
29316 6587 13 35 56
29317 6588 13 36 56
29318 6589 13 37 56
29320 6590 13 38 56
29321 6591 13 39 56
29323 6592 13 40 56
29324 6593 13 41 56
29325 6594 13 42 56
29326 6595 13 43 56
29328 6596 13 44 56
29329 6597 13 45 56
29330 6598 13 46 56
29331 6599 13 47 56
29333 6600 13 48 56
29334 6601 13 49 56
29335 6602 13 50 56
29336 6603 13 51 56
29338 6604 13 52 56
29339 6605 13 53 56
29341 6606 13 54 56
29342 6607 13 55 56
29345 6608 13 56 56
29346 6609 13 57 56
29347 6610 13 58 56
29348 6611 13 59 56
29349 6612 13 60 56
29350 6613 13 61 56
29351 6614 13 62 56
29352 6615 13 63 56
29353 6616 13 64 56
29354 6617 13 65 56
29356 6618 13 66 56
29358 6619 13 67 56
29359 6620 13 68 56
29360 6621 13 69 56
29364 6622 13 70 56
29365 6623 13 71 56
29370 6624 13 72 56
29373 6625 13 73 56
29375 6626 13 74 56
29376 6627 13 75 56
29377 6628 13 76 56
29378 6629 13 77 56
29379 6630 13 78 56
29380 6631 13 79 56
29381 6632 13 80 56
29382 6633 13 81 56
29385 6634 13 82 56
29386 6635 13 83 56
29387 6636 13 84 56
29388 6637 13 85 56
29390 6638 13 86 56
29392 6639 13 87 56
29393 6640 13 88 56
29394 6641 13 89 56
29396 6642 13 90 56
29398 6643 13 91 56
29399 6644 13 92 56
29400 6645 13 93 56
29401 6646 13 94 56
29402 6647 13 95 56
29404 6648 13 96 56
29407 6649 13 97 56
29408 6650 13 98 56
29409 6651 13 99 56
29411 6652 13 100 56
29412 6653 13 101 56
29414 6654 13 102 56
29416 6655 13 103 56
29417 6656 13 104 56
29418 6657 13 105 56
29419 6658 13 106 56
29427 6659 13 107 56
29428 6660 13 108 56
29430 6661 13 109 56
29431 6662 13 110 56
29432 6663 13 111 56
29433 6664 13 112 56
29434 6665 13 113 56
29435 6666 13 114 56
29436 6667 13 115 56
29437 6668 13 116 56
29438 6669 13 0 57
29439 6670 13 1 57
29440 6671 13 2 57
29441 6672 13 3 57
29447 6673 13 4 57
29448 6674 13 5 57
29450 6675 13 6 57
29451 6676 13 7 57
29452 6677 13 8 57
29455 6678 13 9 57
29457 6679 13 10 57
29458 6680 13 11 57
29459 6681 13 12 57
29462 6682 13 13 57
29463 6683 13 14 57
29464 6684 13 15 57
29465 6685 13 16 57
29467 6686 13 17 57
29468 6687 13 18 57
29469 6688 13 19 57
29470 6689 13 20 57
29474 6690 13 21 57
29475 6691 13 22 57
29477 6692 13 23 57
29478 6693 13 24 57
29479 6694 13 25 57
29481 6695 13 26 57
29485 6696 13 27 57
29488 6697 13 28 57
29489 6698 13 29 57
29490 6699 13 30 57
29491 6700 13 31 57
29492 6701 13 32 57
29493 6702 13 33 57
29494 6703 13 34 57
29495 6704 13 35 57
29498 6705 13 36 57
29499 6706 13 37 57
29500 6707 13 38 57
29502 6708 13 39 57
29503 6709 13 40 57
29504 6710 13 41 57
29506 6711 13 42 57
29507 6712 13 43 57
29508 6713 13 44 57
29509 6714 13 45 57
29513 6715 13 46 57
29514 6716 13 47 57
29516 6717 13 48 57
29517 6718 13 49 57
29518 6719 13 50 57
29520 6720 13 51 57
29521 6721 13 52 57
29522 6722 13 53 57
29527 6723 13 54 57
29528 6724 13 55 57
29529 6725 13 56 57
29530 6726 13 57 57
29531 6727 13 58 57
29533 6728 13 59 57
29534 6729 13 60 57
29535 6730 13 61 57
29536 6731 13 62 57
29537 6732 13 63 57
29538 6733 13 64 57
29541 6734 13 65 57
29542 6735 13 66 57
29543 6736 13 67 57
29544 6737 13 68 57
29545 6738 13 69 57
29546 6739 13 70 57
29547 6740 13 71 57
29548 6741 13 72 57
29550 6742 13 73 57
29551 6743 13 74 57
29552 6744 13 75 57
29554 6745 13 76 57
29555 6746 13 77 57
29557 6747 13 78 57
29558 6748 13 79 57
29559 6749 13 80 57
29560 6750 13 81 57
29562 6751 13 82 57
29563 6752 13 83 57
29564 6753 13 84 57
29565 6754 13 85 57
29566 6755 13 86 57
29567 6756 13 87 57
29568 6757 13 88 57
29569 6758 13 89 57
29570 6759 13 90 57
29571 6760 13 91 57
29572 6761 13 92 57
29573 6762 13 93 57
29574 6763 13 94 57
29575 6764 13 95 57
29576 6765 13 96 57
29577 6766 13 97 57
29578 6767 13 98 57
29579 6768 13 99 57
29582 6769 13 100 57
29586 6770 13 101 57
29587 6771 13 102 57
29588 6772 13 103 57
29589 6773 13 104 57
29590 6774 13 105 57
29591 6775 13 106 57
29597 6776 13 107 57
29599 6777 13 108 57
29600 6778 13 109 57
29601 6779 13 110 57
29602 6780 13 111 57
29604 6781 13 112 57
29605 6782 13 113 57
29606 6783 13 114 57
29608 6784 13 115 57
29609 6785 13 116 57
29611 6786 13 0 58
29612 6787 13 1 58
29613 6788 13 2 58
29618 6789 13 3 58
29619 6790 13 4 58
29620 6791 13 5 58
29621 6792 13 6 58
29622 6793 13 7 58
29623 6794 13 8 58
29624 6795 13 9 58
29625 6796 13 10 58
29627 6797 13 11 58
29628 6798 13 12 58
29630 6799 13 13 58
29631 6800 13 14 58
29632 6801 13 15 58
29634 6802 13 16 58
29635 6803 13 17 58
29637 6804 13 18 58
29638 6805 13 19 58
29639 6806 13 20 58
29640 6807 13 21 58
29642 6808 13 22 58
29643 6809 13 23 58
29644 6810 13 24 58
29645 6811 13 25 58
29650 6812 13 26 58
29651 6813 13 27 58
29652 6814 13 28 58
29654 6815 13 29 58
29655 6816 13 30 58
29656 6817 13 31 58
29657 6818 13 32 58
29658 6819 13 33 58
29659 6820 13 34 58
29660 6821 13 35 58
29661 6822 13 36 58
29662 6823 13 37 58
29664 6824 13 38 58
29667 6825 13 39 58
29669 6826 13 40 58
29671 6827 13 41 58
29672 6828 13 42 58
29673 6829 13 43 58
29674 6830 13 44 58
29675 6831 13 45 58
29677 6832 13 46 58
29678 6833 13 47 58
29684 6834 13 48 58
29685 6835 13 49 58
29686 6836 13 50 58
29688 6837 13 51 58
29690 6838 13 52 58
29692 6839 13 53 58
29693 6840 13 54 58
29694 6841 13 55 58
29695 6842 13 56 58
29696 6843 13 57 58
29697 6844 13 58 58
29699 6845 13 59 58
29700 6846 13 60 58
29701 6847 13 61 58
29702 6848 13 62 58
29703 6849 13 63 58
29704 6850 13 64 58
29705 6851 13 65 58
29706 6852 13 66 58
29707 6853 13 67 58
29708 6854 13 68 58
29709 6855 13 69 58
29718 6856 13 70 58
29722 6857 13 71 58
29723 6858 13 72 58
29725 6859 13 73 58
29728 6860 13 74 58
29729 6861 13 75 58
29730 6862 13 76 58
29731 6863 13 77 58
29732 6864 13 78 58
29733 6865 13 79 58
29734 6866 13 80 58
29736 6867 13 81 58
29737 6868 13 82 58
29738 6869 13 83 58
29739 6870 13 84 58
29740 6871 13 85 58
29741 6872 13 86 58
29742 6873 13 87 58
29743 6874 13 88 58
29744 6875 13 89 58
29745 6876 13 90 58
29746 6877 13 91 58
29747 6878 13 92 58
29748 6879 13 93 58
29749 6880 13 94 58
29750 6881 13 95 58
29754 6882 13 96 58
29759 6883 13 97 58
29760 6884 13 98 58
29761 6885 13 99 58
29762 6886 13 100 58
29764 6887 13 101 58
29766 6888 13 102 58
29770 6889 13 103 58
29771 6890 13 104 58
29773 6891 13 105 58
29774 6892 13 106 58
29775 6893 13 107 58
29776 6894 13 108 58
29777 6895 13 109 58
29778 6896 13 110 58
29780 6897 13 111 58
29781 6898 13 112 58
29783 6899 13 113 58
29785 6900 13 114 58
29786 6901 13 115 58
29787 6902 13 116 58
29788 6903 13 0 59
29790 6904 13 1 59
29791 6905 13 2 59
29794 6906 13 3 59
29795 6907 13 4 59
29796 6908 13 5 59
29799 6909 13 6 59
29801 6910 13 7 59
29802 6911 13 8 59
29805 6912 13 9 59
29806 6913 13 10 59
29807 6914 13 11 59
29808 6915 13 12 59
29809 6916 13 13 59
29810 6917 13 14 59
29811 6918 13 15 59
29813 6919 13 16 59
29817 6920 13 17 59
29820 6921 13 18 59
29821 6922 13 19 59
29822 6923 13 20 59
29823 6924 13 21 59
29824 6925 13 22 59
29825 6926 13 23 59
29827 6927 13 24 59
29829 6928 13 25 59
29830 6929 13 26 59
29831 6930 13 27 59
29832 6931 13 28 59
29833 6932 13 29 59
29834 6933 13 30 59
29835 6934 13 31 59
29840 6935 13 32 59
29842 6936 13 33 59
29844 6937 13 34 59
29845 6938 13 35 59
29847 6939 13 36 59
29848 6940 13 37 59
29850 6941 13 38 59
29852 6942 13 39 59
29854 6943 13 40 59
29855 6944 13 41 59
29856 6945 13 42 59
29857 6946 13 43 59
29859 6947 13 44 59
29861 6948 13 45 59
29862 6949 13 46 59
29863 6950 13 47 59
29864 6951 13 48 59
29865 6952 13 49 59
29866 6953 13 50 59
29867 6954 13 51 59
29869 6955 13 52 59
29871 6956 13 53 59
29872 6957 13 54 59
29873 6958 13 55 59
29874 6959 13 56 59
29877 6960 13 57 59
29878 6961 13 58 59
29879 6962 13 59 59
29880 6963 13 60 59
29882 6964 13 61 59
29883 6965 13 62 59
29885 6966 13 63 59
29886 6967 13 64 59
29887 6968 13 65 59
29888 6969 13 66 59
29889 6970 13 67 59
29890 6971 13 68 59
29891 6972 13 69 59
29893 6973 13 70 59
29898 6974 13 71 59
29899 6975 13 72 59
29903 6976 13 73 59
29908 6977 13 74 59
29909 6978 13 75 59
29910 6979 13 76 59
29911 6980 13 77 59
29912 6981 13 78 59
29913 6982 13 79 59
29914 6983 13 80 59
29915 6984 13 81 59
29916 6985 13 82 59
29917 6986 13 83 59
29918 6987 13 84 59
29919 6988 13 85 59
29920 6989 13 86 59
29921 6990 13 87 59
29922 6991 13 88 59
29923 6992 13 89 59
29924 6993 13 90 59
29925 6994 13 91 59
29926 6995 13 92 59
29928 6996 13 93 59
29929 6997 13 94 59
29932 6998 13 95 59
29934 6999 13 96 59
29940 7000 13 97 59
29941 7001 13 98 59
29942 7002 13 99 59
29943 7003 13 100 59
29947 7004 13 101 59
29949 7005 13 102 59
29950 7006 13 103 59
29951 7007 13 104 59
29952 7008 13 105 59
29954 7009 13 106 59
29955 7010 13 107 59
29956 7011 13 108 59
29959 7012 13 109 59
29960 7013 13 110 59
29963 7014 13 111 59
29964 7015 13 112 59
29965 7016 13 113 59
29967 7017 13 114 59
29968 7018 13 115 59
29969 7019 13 116 59
29970 7020 13 0 60
29971 7021 13 1 60
29972 7022 13 2 60
29973 7023 13 3 60
29974 7024 13 4 60
29975 7025 13 5 60
29976 7026 13 6 60
29978 7027 13 7 60
29980 7028 13 8 60
29981 7029 13 9 60
29983 7030 13 10 60
29985 7031 13 11 60
29986 7032 13 12 60
29989 7033 13 13 60
29990 7034 13 14 60
29992 7035 13 15 60
29993 7036 13 16 60
29994 7037 13 17 60
29995 7038 13 18 60
29996 7039 13 19 60
29997 7040 13 20 60
29998 7041 13 21 60
29999 7042 13 22 60
30000 7043 13 23 60
30001 7044 13 24 60
30002 7045 13 25 60
30003 7046 13 26 60
30007 7047 13 27 60
30008 7048 13 28 60
30009 7049 13 29 60
30010 7050 13 30 60
30013 7051 13 31 60
30014 7052 13 32 60
30015 7053 13 33 60
30016 7054 13 34 60
30023 7055 13 35 60
30024 7056 13 36 60
30027 7057 13 37 60
30028 7058 13 38 60
30030 7059 13 39 60
30031 7060 13 40 60
30036 7061 13 41 60
30041 7062 13 42 60
30042 7063 13 43 60
30043 7064 13 44 60
30044 7065 13 45 60
30045 7066 13 46 60
30047 7067 13 47 60
30050 7068 13 48 60
30051 7069 13 49 60
30052 7070 13 50 60
30053 7071 13 51 60
30054 7072 13 52 60
30058 7073 13 53 60
30059 7074 13 54 60
30060 7075 13 55 60
30063 7076 13 56 60
30064 7077 13 57 60
30070 7078 13 58 60
30071 7079 13 59 60
30072 7080 13 60 60
30073 7081 13 61 60
30077 7082 13 62 60
30078 7083 13 63 60
30079 7084 13 64 60
30080 7085 13 65 60
30084 7086 13 66 60
30086 7087 13 67 60
30087 7088 13 68 60
30090 7089 13 69 60
30091 7090 13 70 60
30092 7091 13 71 60
30095 7092 13 72 60
30096 7093 13 73 60
30097 7094 13 74 60
30100 7095 13 75 60
30101 7096 13 76 60
30104 7097 13 77 60
30105 7098 13 78 60
30106 7099 13 79 60
30109 7100 13 80 60
30114 7101 13 81 60
30115 7102 13 82 60
30116 7103 13 83 60
30117 7104 13 84 60
30119 7105 13 85 60
30122 7106 13 86 60
30123 7107 13 87 60
30128 7108 13 88 60
30130 7109 13 89 60
30131 7110 13 90 60
30133 7111 13 91 60
30134 7112 13 92 60
30136 7113 13 93 60
30137 7114 13 94 60
30138 7115 13 95 60
30139 7116 13 96 60
30140 7117 13 97 60
30141 7118 13 98 60
30142 7119 13 99 60
30143 7120 13 100 60
30144 7121 13 101 60
30145 7122 13 102 60
30146 7123 13 103 60
30148 7124 13 104 60
30149 7125 13 105 60
30151 7126 13 106 60
30154 7127 13 107 60
30155 7128 13 108 60
30156 7129 13 109 60
30157 7130 13 110 60
30158 7131 13 111 60
30159 7132 13 112 60
30160 7133 13 113 60
30161 7134 13 114 60
30162 7135 13 115 60
30164 7136 13 116 60
30165 7137 13 0 61
30167 7138 13 1 61
30168 7139 13 2 61
30169 7140 13 3 61
30170 7141 13 4 61
30171 7142 13 5 61
30173 7143 13 6 61
30174 7144 13 7 61
30175 7145 13 8 61
30176 7146 13 9 61
30177 7147 13 10 61
30178 7148 13 11 61
30179 7149 13 12 61
30180 7150 13 13 61
30182 7151 13 14 61
30183 7152 13 15 61
30189 7153 13 16 61
30191 7154 13 17 61
30192 7155 13 18 61
30193 7156 13 19 61
30194 7157 13 20 61
30195 7158 13 21 61
30196 7159 13 22 61
30197 7160 13 23 61
30198 7161 13 24 61
30199 7162 13 25 61
30200 7163 13 26 61
30201 7164 13 27 61
30202 7165 13 28 61
30203 7166 13 29 61
30204 7167 13 30 61
30205 7168 13 31 61
30206 7169 13 32 61
30207 7170 13 33 61
30208 7171 13 34 61
30209 7172 13 35 61
30211 7173 13 36 61
30216 7174 13 37 61
30217 7175 13 38 61
30218 7176 13 39 61
30219 7177 13 40 61
30220 7178 13 41 61
30221 7179 13 42 61
30223 7180 13 43 61
30224 7181 13 44 61
30225 7182 13 45 61
30227 7183 13 46 61
30228 7184 13 47 61
30229 7185 13 48 61
30230 7186 13 49 61
30233 7187 13 50 61
30234 7188 13 51 61
30235 7189 13 52 61
30236 7190 13 53 61
30237 7191 13 54 61
30238 7192 13 55 61
30239 7193 13 56 61
30240 7194 13 57 61
30241 7195 13 58 61
30242 7196 13 59 61
30243 7197 13 60 61
30244 7198 13 61 61
30245 7199 13 62 61
30246 7200 13 63 61
30247 7201 13 64 61
30248 7202 13 65 61
30249 7203 13 66 61
30253 7204 13 67 61
30255 7205 13 68 61
30256 7206 13 69 61
30257 7207 13 70 61
30258 7208 13 71 61
30259 7209 13 72 61
30260 7210 13 73 61
30261 7211 13 74 61
30264 7212 13 75 61
30266 7213 13 76 61
30268 7214 13 77 61
30269 7215 13 78 61
30274 7216 13 79 61
30275 7217 13 80 61
30278 7218 13 81 61
30279 7219 13 82 61
30280 7220 13 83 61
30281 7221 13 84 61
30284 7222 13 85 61
30288 7223 13 86 61
30290 7224 13 87 61
30291 7225 13 88 61
30294 7226 13 89 61
30295 7227 13 90 61
30296 7228 13 91 61
30297 7229 13 92 61
30298 7230 13 93 61
30300 7231 13 94 61
30303 7232 13 95 61
30304 7233 13 96 61
30305 7234 13 97 61
30306 7235 13 98 61
30308 7236 13 99 61
30309 7237 13 100 61
30313 7238 13 101 61
30314 7239 13 102 61
30316 7240 13 103 61
30317 7241 13 104 61
30318 7242 13 105 61
30320 7243 13 106 61
30321 7244 13 107 61
30322 7245 13 108 61
30325 7246 13 109 61
30328 7247 13 110 61
30329 7248 13 111 61
30331 7249 13 112 61
30332 7250 13 113 61
30333 7251 13 114 61
30334 7252 13 115 61
30335 7253 13 116 61
30337 7254 13 0 62
30338 7255 13 1 62
30340 7256 13 2 62
30342 7257 13 3 62
30343 7258 13 4 62
30344 7259 13 5 62
30345 7260 13 6 62
30346 7261 13 7 62
30347 7262 13 8 62
30350 7263 13 9 62
30351 7264 13 10 62
30354 7265 13 11 62
30355 7266 13 12 62
30357 7267 13 13 62
30358 7268 13 14 62
30361 7269 13 15 62
30362 7270 13 16 62
30363 7271 13 17 62
30364 7272 13 18 62
30365 7273 13 19 62
30366 7274 13 20 62
30372 7275 13 21 62
30374 7276 13 22 62
30378 7277 13 23 62
30379 7278 13 24 62
30381 7279 13 25 62
30382 7280 13 26 62
30383 7281 13 27 62
30384 7282 13 28 62
30388 7283 13 29 62
30389 7284 13 30 62
30392 7285 13 31 62
30394 7286 13 32 62
30395 7287 13 33 62
30397 7288 13 34 62
30398 7289 13 35 62
30399 7290 13 36 62
30402 7291 13 37 62
30403 7292 13 38 62
30404 7293 13 39 62
30405 7294 13 40 62
30406 7295 13 41 62
30408 7296 13 42 62
30409 7297 13 43 62
30410 7298 13 44 62
30413 7299 13 45 62
30414 7300 13 46 62
30418 7301 13 47 62
30419 7302 13 48 62
30420 7303 13 49 62
30426 7304 13 50 62
30427 7305 13 51 62
30428 7306 13 52 62
30429 7307 13 53 62
30430 7308 13 54 62
30431 7309 13 55 62
30433 7310 13 56 62
30435 7311 13 57 62
30436 7312 13 58 62
30437 7313 13 59 62
30438 7314 13 60 62
30439 7315 13 61 62
30441 7316 13 62 62
30442 7317 13 63 62
30444 7318 13 64 62
30445 7319 13 65 62
30446 7320 13 66 62
30447 7321 13 67 62
30448 7322 13 68 62
30449 7323 13 69 62
30450 7324 13 70 62
30451 7325 13 71 62
30452 7326 13 72 62
30453 7327 13 73 62
30455 7328 13 74 62
30456 7329 13 75 62
30457 7330 13 76 62
30458 7331 13 77 62
30459 7332 13 78 62
30460 7333 13 79 62
30462 7334 13 80 62
30465 7335 13 81 62
30467 7336 13 82 62
30468 7337 13 83 62
30469 7338 13 84 62
30471 7339 13 85 62
30472 7340 13 86 62
30473 7341 13 87 62
30474 7342 13 88 62
30475 7343 13 89 62
30480 7344 13 90 62
30481 7345 13 91 62
30482 7346 13 92 62
30483 7347 13 93 62
30485 7348 13 94 62
30489 7349 13 95 62
30490 7350 13 96 62
30491 7351 13 97 62
30493 7352 13 98 62
30495 7353 13 99 62
30496 7354 13 100 62
30498 7355 13 101 62
30499 7356 13 102 62
30501 7357 13 103 62
30503 7358 13 104 62
30504 7359 13 105 62
30505 7360 13 106 62
30509 7361 13 107 62
30511 7362 13 108 62
30513 7363 13 109 62
30514 7364 13 110 62
30515 7365 13 111 62
30516 7366 13 112 62
30517 7367 13 113 62
30518 7368 13 114 62
30519 7369 13 115 62
30520 7370 13 116 62
30521 7371 13 0 63
30522 7372 13 1 63
30523 7373 13 2 63
30524 7374 13 3 63
30525 7375 13 4 63
30526 7376 13 5 63
30532 7377 13 6 63
30533 7378 13 7 63
30534 7379 13 8 63
30535 7380 13 9 63
30538 7381 13 10 63
30539 7382 13 11 63
30540 7383 13 12 63
30541 7384 13 13 63
30542 7385 13 14 63
30543 7386 13 15 63
30546 7387 13 16 63
30548 7388 13 17 63
30549 7389 13 18 63
30550 7390 13 19 63
30553 7391 13 20 63
30554 7392 13 21 63
30555 7393 13 22 63
30556 7394 13 23 63
30558 7395 13 24 63
30559 7396 13 25 63
30560 7397 13 26 63
30561 7398 13 27 63
30562 7399 13 28 63
30563 7400 13 29 63
30565 7401 13 30 63
30566 7402 13 31 63
30567 7403 13 32 63
30568 7404 13 33 63
30569 7405 13 34 63
30570 7406 13 35 63
30571 7407 13 36 63
30572 7408 13 37 63
30573 7409 13 38 63
30574 7410 13 39 63
30575 7411 13 40 63
30585 7412 13 41 63
30588 7413 13 42 63
30589 7414 13 43 63
30590 7415 13 44 63
30591 7416 13 45 63
30592 7417 13 46 63
30593 7418 13 47 63
30594 7419 13 48 63
30595 7420 13 49 63
30596 7421 13 50 63
30597 7422 13 51 63
30599 7423 13 52 63
30600 7424 13 53 63
30601 7425 13 54 63
30603 7426 13 55 63
30604 7427 13 56 63
30605 7428 13 57 63
30606 7429 13 58 63
30607 7430 13 59 63
30609 7431 13 60 63
30613 7432 13 61 63
30615 7433 13 62 63
30617 7434 13 63 63
30618 7435 13 64 63
30619 7436 13 65 63
30620 7437 13 66 63
30621 7438 13 67 63
30622 7439 13 68 63
30623 7440 13 69 63
30624 7441 13 70 63
30625 7442 13 71 63
30626 7443 13 72 63
30627 7444 13 73 63
30629 7445 13 74 63
30631 7446 13 75 63
30632 7447 13 76 63
30634 7448 13 77 63
30635 7449 13 78 63
30636 7450 13 79 63
30637 7451 13 80 63
30640 7452 13 81 63
30641 7453 13 82 63
30642 7454 13 83 63
30643 7455 13 84 63
30644 7456 13 85 63
30645 7457 13 86 63
30646 7458 13 87 63
30647 7459 13 88 63
30650 7460 13 89 63
30651 7461 13 90 63
30652 7462 13 91 63
30653 7463 13 92 63
30655 7464 13 93 63
30658 7465 13 94 63
30660 7466 13 95 63
30663 7467 13 96 63
30665 7468 13 97 63
30666 7469 13 98 63
30668 7470 13 99 63
30669 7471 13 100 63
30670 7472 13 101 63
30671 7473 13 102 63
30672 7474 13 103 63
30675 7475 13 104 63
30676 7476 13 105 63
30677 7477 13 106 63
30679 7478 13 107 63
30680 7479 13 108 63
30681 7480 13 109 63
30682 7481 13 110 63
30683 7482 13 111 63
30684 7483 13 112 63
30686 7484 13 113 63
30688 7485 13 114 63
30690 7486 13 115 63
30691 7487 13 116 63
30693 7488 13 0 64
30695 7489 13 1 64
30696 7490 13 2 64
30697 7491 13 3 64
30700 7492 13 4 64
30701 7493 13 5 64
30702 7494 13 6 64
30703 7495 13 7 64
30704 7496 13 8 64
30705 7497 13 9 64
30706 7498 13 10 64
30707 7499 13 11 64
30711 7500 13 12 64
30712 7501 13 13 64
30713 7502 13 14 64
30714 7503 13 15 64
30715 7504 13 16 64
30716 7505 13 17 64
30717 7506 13 18 64
30722 7507 13 19 64
30723 7508 13 20 64
30725 7509 13 21 64
30726 7510 13 22 64
30729 7511 13 23 64
30732 7512 13 24 64
30733 7513 13 25 64
30734 7514 13 26 64
30735 7515 13 27 64
30736 7516 13 28 64
30737 7517 13 29 64
30738 7518 13 30 64
30739 7519 13 31 64
30740 7520 13 32 64
30749 7521 13 33 64
30751 7522 13 34 64
30752 7523 13 35 64
30753 7524 13 36 64
30754 7525 13 37 64
30755 7526 13 38 64
30757 7527 13 39 64
30758 7528 13 40 64
30759 7529 13 41 64
30760 7530 13 42 64
30761 7531 13 43 64
30762 7532 13 44 64
30763 7533 13 45 64
30764 7534 13 46 64
30765 7535 13 47 64
30766 7536 13 48 64
30767 7537 13 49 64
30768 7538 13 50 64
30769 7539 13 51 64
30770 7540 13 52 64
30771 7541 13 53 64
30772 7542 13 54 64
30773 7543 13 55 64
30775 7544 13 56 64
30776 7545 13 57 64
30787 7546 13 58 64
30789 7547 13 59 64
30792 7548 13 60 64
30793 7549 13 61 64
30794 7550 13 62 64
30796 7551 13 63 64
30797 7552 13 64 64
30798 7553 13 65 64
30800 7554 13 66 64
30802 7555 13 67 64
30812 7556 13 68 64
30813 7557 13 69 64
30814 7558 13 70 64
30816 7559 13 71 64
30818 7560 13 72 64
30820 7561 13 73 64
30821 7562 13 74 64
30824 7563 13 75 64
30825 7564 13 76 64
30826 7565 13 77 64
30827 7566 13 78 64
30828 7567 13 79 64
30829 7568 13 80 64
30830 7569 13 81 64
30831 7570 13 82 64
30832 7571 13 83 64
30833 7572 13 84 64
30841 7573 13 85 64
30843 7574 13 86 64
30844 7575 13 87 64
30846 7576 13 88 64
30847 7577 13 89 64
30848 7578 13 90 64
30851 7579 13 91 64
30852 7580 13 92 64
30853 7581 13 93 64
30854 7582 13 94 64
30855 7583 13 95 64
30857 7584 13 96 64
30860 7585 13 97 64
30862 7586 13 98 64
30863 7587 13 99 64
30865 7588 13 100 64
30867 7589 13 101 64
30868 7590 13 102 64
30869 7591 13 103 64
30870 7592 13 104 64
30871 7593 13 105 64
30872 7594 13 106 64
30873 7595 13 107 64
30874 7596 13 108 64
30878 7597 13 109 64
30879 7598 13 110 64
30880 7599 13 111 64
30881 7600 13 112 64
30882 7601 13 113 64
30883 7602 13 114 64
30884 7603 13 115 64
30885 7604 13 116 64
30887 7605 13 0 65
30888 7606 13 1 65
30889 7607 13 2 65
30890 7608 13 3 65
30891 7609 13 4 65
30892 7610 13 5 65
30893 7611 13 6 65
30896 7612 13 7 65
30898 7613 13 8 65
30899 7614 13 9 65
30900 7615 13 10 65
30906 7616 13 11 65
30907 7617 13 12 65
30908 7618 13 13 65
30910 7619 13 14 65
30913 7620 13 15 65
30915 7621 13 16 65
30916 7622 13 17 65
30917 7623 13 18 65
30920 7624 13 19 65
30921 7625 13 20 65
30922 7626 13 21 65
30923 7627 13 22 65
30924 7628 13 23 65
30925 7629 13 24 65
30926 7630 13 25 65
30927 7631 13 26 65
30928 7632 13 27 65
30929 7633 13 28 65
30932 7634 13 29 65
30933 7635 13 30 65
30938 7636 13 31 65
30939 7637 13 32 65
30941 7638 13 33 65
30942 7639 13 34 65
30943 7640 13 35 65
30944 7641 13 36 65
30945 7642 13 37 65
30946 7643 13 38 65
30947 7644 13 39 65
30949 7645 13 40 65
30951 7646 13 41 65
30952 7647 13 42 65
30953 7648 13 43 65
30954 7649 13 44 65
30956 7650 13 45 65
30957 7651 13 46 65
30959 7652 13 47 65
30962 7653 13 48 65
30963 7654 13 49 65
30964 7655 13 50 65
30967 7656 13 51 65
30969 7657 13 52 65
30970 7658 13 53 65
30971 7659 13 54 65
30972 7660 13 55 65
30973 7661 13 56 65
30974 7662 13 57 65
30975 7663 13 58 65
30977 7664 13 59 65
30978 7665 13 60 65
30980 7666 13 61 65
30981 7667 13 62 65
30985 7668 13 63 65
30988 7669 13 64 65
30990 7670 13 65 65
30992 7671 13 66 65
30993 7672 13 67 65
30994 7673 13 68 65
30995 7674 13 69 65
30996 7675 13 70 65
30999 7676 13 71 65
31001 7677 13 72 65
31003 7678 13 73 65
31004 7679 13 74 65
31005 7680 13 75 65
31006 7681 13 76 65
31009 7682 13 77 65
31011 7683 13 78 65
31012 7684 13 79 65
31013 7685 13 80 65
31014 7686 13 81 65
31015 7687 13 82 65
31016 7688 13 83 65
31017 7689 13 84 65
31018 7690 13 85 65
31019 7691 13 86 65
31020 7692 13 87 65
31021 7693 13 88 65
31023 7694 13 89 65
31025 7695 13 90 65
31029 7696 13 91 65
31032 7697 13 92 65
31033 7698 13 93 65
31034 7699 13 94 65
31037 7700 13 95 65
31038 7701 13 96 65
31039 7702 13 97 65
31040 7703 13 98 65
31041 7704 13 99 65
31042 7705 13 100 65
31044 7706 13 101 65
31045 7707 13 102 65
31046 7708 13 103 65
31047 7709 13 104 65
31048 7710 13 105 65
31049 7711 13 106 65
31050 7712 13 107 65
31051 7713 13 108 65
31052 7714 13 109 65
31055 7715 13 110 65
31056 7716 13 111 65
31057 7717 13 112 65
31058 7718 13 113 65
31059 7719 13 114 65
31060 7720 13 115 65
31061 7721 13 116 65
31062 7722 13 0 66
31063 7723 13 1 66
31066 7724 13 2 66
31067 7725 13 3 66
31068 7726 13 4 66
31069 7727 13 5 66
31070 7728 13 6 66
31071 7729 13 7 66
31072 7730 13 8 66
31073 7731 13 9 66
31075 7732 13 10 66
31076 7733 13 11 66
31077 7734 13 12 66
31079 7735 13 13 66
31080 7736 13 14 66
31081 7737 13 15 66
31082 7738 13 16 66
31083 7739 13 17 66
31085 7740 13 18 66
31088 7741 13 19 66
31090 7742 13 20 66
31091 7743 13 21 66
31092 7744 13 22 66
31097 7745 13 23 66
31098 7746 13 24 66
31100 7747 13 25 66
31101 7748 13 26 66
31103 7749 13 27 66
31105 7750 13 28 66
31106 7751 13 29 66
31112 7752 13 30 66
31114 7753 13 31 66
31115 7754 13 32 66
31117 7755 13 33 66
31118 7756 13 34 66
31119 7757 13 35 66
31120 7758 13 36 66
31122 7759 13 37 66
31123 7760 13 38 66
31124 7761 13 39 66
31125 7762 13 40 66
31126 7763 13 41 66
31127 7764 13 42 66
31128 7765 13 43 66
31130 7766 13 44 66
31131 7767 13 45 66
31132 7768 13 46 66
31136 7769 13 47 66
31137 7770 13 48 66
31138 7771 13 49 66
31140 7772 13 50 66
31142 7773 13 51 66
31143 7774 13 52 66
31144 7775 13 53 66
31146 7776 13 54 66
31147 7777 13 55 66
31148 7778 13 56 66
31149 7779 13 57 66
31150 7780 13 58 66
31152 7781 13 59 66
31153 7782 13 60 66
31154 7783 13 61 66
31155 7784 13 62 66
31156 7785 13 63 66
31158 7786 13 64 66
31159 7787 13 65 66
31160 7788 13 66 66
31161 7789 13 67 66
31162 7790 13 68 66
31163 7791 13 69 66
31165 7792 13 70 66
31166 7793 13 71 66
31167 7794 13 72 66
31168 7795 13 73 66
31169 7796 13 74 66
31173 7797 13 75 66
31176 7798 13 76 66
31177 7799 13 77 66
31179 7800 13 78 66
31181 7801 13 79 66
31182 7802 13 80 66
31183 7803 13 81 66
31185 7804 13 82 66
31186 7805 13 83 66
31189 7806 13 84 66
31190 7807 13 85 66
31192 7808 13 86 66
31196 7809 13 87 66
31197 7810 13 88 66
31198 7811 13 89 66
31199 7812 13 90 66
31200 7813 13 91 66
31203 7814 13 92 66
31204 7815 13 93 66
31206 7816 13 94 66
31207 7817 13 95 66
31209 7818 13 96 66
31210 7819 13 97 66
31211 7820 13 98 66
31212 7821 13 99 66
31213 7822 13 100 66
31214 7823 13 101 66
31222 7824 13 102 66
31223 7825 13 103 66
31224 7826 13 104 66
31226 7827 13 105 66
31227 7828 13 106 66
31232 7829 13 107 66
31234 7830 13 108 66
31235 7831 13 109 66
31236 7832 13 110 66
31237 7833 13 111 66
31240 7834 13 112 66
31242 7835 13 113 66
31243 7836 13 114 66
31244 7837 13 115 66
31245 7838 13 116 66
31248 7839 13 0 67
31249 7840 13 1 67
31250 7841 13 2 67
31251 7842 13 3 67
31252 7843 13 4 67
31253 7844 13 5 67
31255 7845 13 6 67
31256 7846 13 7 67
31257 7847 13 8 67
31258 7848 13 9 67
31259 7849 13 10 67
31260 7850 13 11 67
31262 7851 13 12 67
31263 7852 13 13 67
31264 7853 13 14 67
31266 7854 13 15 67
31270 7855 13 16 67
31272 7856 13 17 67
31275 7857 13 18 67
31278 7858 13 19 67
31279 7859 13 20 67
31280 7860 13 21 67
31281 7861 13 22 67
31287 7862 13 23 67
31289 7863 13 24 67
31291 7864 13 25 67
31292 7865 13 26 67
31293 7866 13 27 67
31295 7867 13 28 67
31296 7868 13 29 67
31300 7869 13 30 67
31302 7870 13 31 67
31303 7871 13 32 67
31304 7872 13 33 67
31306 7873 13 34 67
31307 7874 13 35 67
31308 7875 13 36 67
31309 7876 13 37 67
31310 7877 13 38 67
31316 7878 13 39 67
31318 7879 13 40 67
31319 7880 13 41 67
31320 7881 13 42 67
31322 7882 13 43 67
31323 7883 13 44 67
31324 7884 13 45 67
31327 7885 13 46 67
31328 7886 13 47 67
31329 7887 13 48 67
31330 7888 13 49 67
31335 7889 13 50 67
31336 7890 13 51 67
31337 7891 13 52 67
31339 7892 13 53 67
31340 7893 13 54 67
31341 7894 13 55 67
31342 7895 13 56 67
31344 7896 13 57 67
31345 7897 13 58 67
31348 7898 13 59 67
31349 7899 13 60 67
31350 7900 13 61 67
31352 7901 13 62 67
31353 7902 13 63 67
31354 7903 13 64 67
31355 7904 13 65 67
31358 7905 13 66 67
31359 7906 13 67 67
31360 7907 13 68 67
31361 7908 13 69 67
31364 7909 13 70 67
31365 7910 13 71 67
31366 7911 13 72 67
31367 7912 13 73 67
31368 7913 13 74 67
31369 7914 13 75 67
31370 7915 13 76 67
31371 7916 13 77 67
31372 7917 13 78 67
31375 7918 13 79 67
31376 7919 13 80 67
31378 7920 13 81 67
31380 7921 13 82 67
31381 7922 13 83 67
31382 7923 13 84 67
31383 7924 13 85 67
31384 7925 13 86 67
31385 7926 13 87 67
31390 7927 13 88 67
31391 7928 13 89 67
31392 7929 13 90 67
31394 7930 13 91 67
31395 7931 13 92 67
31400 7932 13 93 67
31401 7933 13 94 67
31402 7934 13 95 67
31403 7935 13 96 67
31404 7936 13 97 67
31406 7937 13 98 67
31407 7938 13 99 67
31409 7939 13 100 67
31410 7940 13 101 67
31411 7941 13 102 67
31412 7942 13 103 67
31413 7943 13 104 67
31414 7944 13 105 67
31415 7945 13 106 67
31416 7946 13 107 67
31418 7947 13 108 67
31422 7948 13 109 67
31423 7949 13 110 67
31424 7950 13 111 67
31425 7951 13 112 67
31428 7952 13 113 67
31429 7953 13 114 67
31431 7954 13 115 67
31434 7955 13 116 67
31435 7956 13 0 68
31441 7957 13 1 68
31448 7958 13 2 68
31449 7959 13 3 68
31455 7960 13 4 68
31456 7961 13 5 68
31459 7962 13 6 68
31460 7963 13 7 68
31461 7964 13 8 68
31462 7965 13 9 68
31467 7966 13 10 68
31469 7967 13 11 68
31470 7968 13 12 68
31471 7969 13 13 68
31478 7970 13 14 68
31479 7971 13 15 68
31481 7972 13 16 68
31482 7973 13 17 68
31483 7974 13 18 68
31485 7975 13 19 68
31487 7976 13 20 68
31488 7977 13 21 68
31489 7978 13 22 68
31492 7979 13 23 68
31493 7980 13 24 68
31494 7981 13 25 68
31496 7982 13 26 68
31497 7983 13 27 68
31498 7984 13 28 68
31502 7985 13 29 68
31503 7986 13 30 68
31504 7987 13 31 68
31505 7988 13 32 68
31506 7989 13 33 68
31507 7990 13 34 68
31512 7991 13 35 68
31513 7992 13 36 68
31514 7993 13 37 68
31515 7994 13 38 68
31517 7995 13 39 68
31518 7996 13 40 68
31520 7997 13 41 68
31522 7998 13 42 68
31523 7999 13 43 68
31524 8000 13 44 68
31525 8001 13 45 68
31526 8002 13 46 68
31528 8003 13 47 68
31530 8004 13 48 68
31531 8005 13 49 68
31532 8006 13 50 68
31533 8007 13 51 68
31534 8008 13 52 68
31535 8009 13 53 68
31536 8010 13 54 68
31537 8011 13 55 68
31538 8012 13 56 68
31539 8013 13 57 68
31540 8014 13 58 68
31541 8015 13 59 68
31544 8016 13 60 68
31547 8017 13 61 68
31552 8018 13 62 68
31556 8019 13 63 68
31557 8020 13 64 68
31558 8021 13 65 68
31559 8022 13 66 68
31560 8023 13 67 68
31561 8024 13 68 68
31562 8025 13 69 68
31563 8026 13 70 68
31564 8027 13 71 68
31565 8028 13 72 68
31566 8029 13 73 68
31567 8030 13 74 68
31568 8031 13 75 68
31569 8032 13 76 68
31570 8033 13 77 68
31572 8034 13 78 68
31574 8035 13 79 68
31576 8036 13 80 68
31584 8037 13 81 68
31585 8038 13 82 68
31587 8039 13 83 68
31588 8040 13 84 68
31589 8041 13 85 68
31590 8042 13 86 68
31591 8043 13 87 68
31593 8044 13 88 68
31597 8045 13 89 68
31598 8046 13 90 68
31600 8047 13 91 68
31601 8048 13 92 68
31602 8049 13 93 68
31603 8050 13 94 68
31604 8051 13 95 68
31605 8052 13 96 68
31606 8053 13 97 68
31607 8054 13 98 68
31608 8055 13 99 68
31618 8056 13 100 68
31620 8057 13 101 68
31621 8058 13 102 68
31623 8059 13 103 68
31624 8060 13 104 68
31626 8061 13 105 68
31627 8062 13 106 68
31628 8063 13 107 68
31629 8064 13 108 68
31630 8065 13 109 68
31631 8066 13 110 68
31632 8067 13 111 68
31633 8068 13 112 68
31636 8069 13 113 68
31637 8070 13 114 68
31638 8071 13 115 68
31639 8072 13 116 68
31640 8073 13 0 69
31641 8074 13 1 69
31643 8075 13 2 69
31644 8076 13 3 69
31645 8077 13 4 69
31648 8078 13 5 69
31649 8079 13 6 69
31652 8080 13 7 69
31660 8081 13 8 69
31661 8082 13 9 69
31663 8083 13 10 69
31665 8084 13 11 69
31668 8085 13 12 69
31669 8086 13 13 69
31671 8087 13 14 69
31672 8088 13 15 69
31673 8089 13 16 69
31678 8090 13 17 69
31680 8091 13 18 69
31681 8092 13 19 69
31684 8093 13 20 69
31686 8094 13 21 69
31687 8095 13 22 69
31689 8096 13 23 69
31690 8097 13 24 69
31691 8098 13 25 69
31692 8099 13 26 69
31694 8100 13 27 69
31700 8101 13 28 69
31701 8102 13 29 69
31704 8103 13 30 69
31705 8104 13 31 69
31706 8105 13 32 69
31707 8106 13 33 69
31708 8107 13 34 69
31709 8108 13 35 69
31710 8109 13 36 69
31711 8110 13 37 69
31712 8111 13 38 69
31713 8112 13 39 69
31714 8113 13 40 69
31715 8114 13 41 69
31716 8115 13 42 69
31717 8116 13 43 69
31718 8117 13 44 69
31719 8118 13 45 69
31720 8119 13 46 69
31721 8120 13 47 69
31722 8121 13 48 69
31723 8122 13 49 69
31728 8123 13 50 69
31729 8124 13 51 69
31730 8125 13 52 69
31731 8126 13 53 69
31732 8127 13 54 69
31735 8128 13 55 69
31736 8129 13 56 69
31737 8130 13 57 69
31739 8131 13 58 69
31741 8132 13 59 69
31742 8133 13 60 69
31743 8134 13 61 69
31744 8135 13 62 69
31745 8136 13 63 69
31746 8137 13 64 69
31747 8138 13 65 69
31749 8139 13 66 69
31750 8140 13 67 69
31751 8141 13 68 69
31753 8142 13 69 69
31754 8143 13 70 69
31755 8144 13 71 69
31756 8145 13 72 69
31757 8146 13 73 69
31758 8147 13 74 69
31759 8148 13 75 69
31760 8149 13 76 69
31761 8150 13 77 69
31769 8151 13 78 69
31772 8152 13 79 69
31773 8153 13 80 69
31774 8154 13 81 69
31775 8155 13 82 69
31776 8156 13 83 69
31777 8157 13 84 69
31778 8158 13 85 69
31779 8159 13 86 69
31781 8160 13 87 69
31782 8161 13 88 69
31783 8162 13 89 69
31784 8163 13 90 69
31785 8164 13 91 69
31786 8165 13 92 69
31787 8166 13 93 69
31788 8167 13 94 69
31789 8168 13 95 69
31792 8169 13 96 69
31795 8170 13 97 69
31799 8171 13 98 69
31800 8172 13 99 69
31801 8173 13 100 69
31803 8174 13 101 69
31804 8175 13 102 69
31805 8176 13 103 69
31806 8177 13 104 69
31807 8178 13 105 69
31808 8179 13 106 69
31811 8180 13 107 69
31813 8181 13 108 69
31815 8182 13 109 69
31816 8183 13 110 69
31817 8184 13 111 69
31818 8185 13 112 69
31820 8186 13 113 69
31821 8187 13 114 69
31824 8188 13 115 69
31827 8189 13 116 69
31828 8190 13 0 70
31831 8191 13 1 70
31833 8192 13 2 70
31834 8193 13 3 70
31835 8194 13 4 70
31836 8195 13 5 70
31839 8196 13 6 70
31840 8197 13 7 70
31843 8198 13 8 70
31844 8199 13 9 70
31845 8200 13 10 70
31846 8201 13 11 70
31847 8202 13 12 70
31849 8203 13 13 70
31850 8204 13 14 70
31851 8205 13 15 70
31852 8206 13 16 70
31854 8207 13 17 70
31855 8208 13 18 70
31858 8209 13 19 70
31859 8210 13 20 70
31861 8211 13 21 70
31864 8212 13 22 70
31865 8213 13 23 70
31866 8214 13 24 70
31869 8215 13 25 70
31871 8216 13 26 70
31872 8217 13 27 70
31873 8218 13 28 70
31876 8219 13 29 70
31877 8220 13 30 70
31880 8221 13 31 70
31881 8222 13 32 70
31882 8223 13 33 70
31884 8224 13 34 70
31885 8225 13 35 70
31889 8226 13 36 70
31890 8227 13 37 70
31892 8228 13 38 70
31893 8229 13 39 70
31894 8230 13 40 70
31895 8231 13 41 70
31896 8232 13 42 70
31902 8233 13 43 70
31903 8234 13 44 70
31905 8235 13 45 70
31906 8236 13 46 70
31907 8237 13 47 70
31909 8238 13 48 70
31912 8239 13 49 70
31919 8240 13 50 70
31921 8241 13 51 70
31922 8242 13 52 70
31923 8243 13 53 70
31924 8244 13 54 70
31925 8245 13 55 70
31929 8246 13 56 70
31930 8247 13 57 70
31931 8248 13 58 70
31932 8249 13 59 70
31933 8250 13 60 70
31934 8251 13 61 70
31935 8252 13 62 70
31941 8253 13 63 70
31944 8254 13 64 70
31946 8255 13 65 70
31947 8256 13 66 70
31948 8257 13 67 70
31950 8258 13 68 70
31952 8259 13 69 70
31953 8260 13 70 70
31954 8261 13 71 70
31956 8262 13 72 70
31957 8263 13 73 70
31958 8264 13 74 70
31959 8265 13 75 70
31961 8266 13 76 70
31964 8267 13 77 70
31965 8268 13 78 70
31966 8269 13 79 70
31967 8270 13 80 70
31968 8271 13 81 70
31970 8272 13 82 70
31975 8273 13 83 70
31976 8274 13 84 70
31978 8275 13 85 70
31980 8276 13 86 70
31982 8277 13 87 70
31983 8278 13 88 70
31984 8279 13 89 70
31985 8280 13 90 70
31986 8281 13 91 70
31988 8282 13 92 70
31990 8283 13 93 70
31991 8284 13 94 70
31992 8285 13 95 70
31995 8286 13 96 70
31997 8287 13 97 70
31998 8288 13 98 70
32000 8289 13 99 70
32001 8290 13 100 70
32002 8291 13 101 70
32003 8292 13 102 70
32004 8293 13 103 70
32005 8294 13 104 70
32006 8295 13 105 70
32007 8296 13 106 70
32008 8297 13 107 70
32009 8298 13 108 70
32010 8299 13 109 70
32011 8300 13 110 70
32012 8301 13 111 70
32013 8302 13 112 70
32014 8303 13 113 70
32015 8304 13 114 70
32016 8305 13 115 70
32017 8306 13 116 70
32018 8307 13 0 71
32019 8308 13 1 71
32020 8309 13 2 71
32021 8310 13 3 71
32022 8311 13 4 71
32023 8312 13 5 71
32024 8313 13 6 71
32025 8314 13 7 71
32026 8315 13 8 71
32027 8316 13 9 71
32028 8317 13 10 71
32029 8318 13 11 71
32030 8319 13 12 71
32031 8320 13 13 71
32032 8321 13 14 71
32033 8322 13 15 71
32034 8323 13 16 71
32040 8324 13 17 71
32041 8325 13 18 71
32043 8326 13 19 71
32044 8327 13 20 71
32046 8328 13 21 71
32047 8329 13 22 71
32048 8330 13 23 71
32049 8331 13 24 71
32050 8332 13 25 71
32051 8333 13 26 71
32053 8334 13 27 71
32054 8335 13 28 71
32056 8336 13 29 71
32057 8337 13 30 71
32058 8338 13 31 71
32059 8339 13 32 71
32060 8340 13 33 71
32061 8341 13 34 71
32062 8342 13 35 71
32063 8343 13 36 71
32064 8344 13 37 71
32065 8345 13 38 71
32066 8346 13 39 71
32067 8347 13 40 71
32068 8348 13 41 71
32069 8349 13 42 71
32070 8350 13 43 71
32071 8351 13 44 71
32074 8352 13 45 71
32078 8353 13 46 71
32079 8354 13 47 71
32080 8355 13 48 71
32081 8356 13 49 71
32082 8357 13 50 71
32083 8358 13 51 71
32084 8359 13 52 71
32085 8360 13 53 71
32086 8361 13 54 71
32088 8362 13 55 71
32091 8363 13 56 71
32092 8364 13 57 71
32094 8365 13 58 71
32095 8366 13 59 71
32097 8367 13 60 71
32098 8368 13 61 71
32099 8369 13 62 71
32102 8370 13 63 71
32103 8371 13 64 71
32104 8372 13 65 71
32105 8373 13 66 71
32106 8374 13 67 71
32107 8375 13 68 71
32109 8376 13 69 71
32110 8377 13 70 71
32111 8378 13 71 71
32112 8379 13 72 71
32113 8380 13 73 71
32114 8381 13 74 71
32115 8382 13 75 71
32121 8383 13 76 71
32122 8384 13 77 71
32123 8385 13 78 71
32124 8386 13 79 71
32125 8387 13 80 71
32127 8388 13 81 71
32128 8389 13 82 71
32129 8390 13 83 71
32131 8391 13 84 71
32132 8392 13 85 71
32133 8393 13 86 71
32134 8394 13 87 71
32136 8395 13 88 71
32140 8396 13 89 71
32141 8397 13 90 71
32142 8398 13 91 71
32143 8399 13 92 71
32145 8400 13 93 71
32146 8401 13 94 71
32147 8402 13 95 71
32148 8403 13 96 71
32150 8404 13 97 71
32156 8405 13 98 71
32157 8406 13 99 71
32158 8407 13 100 71
32159 8408 13 101 71
32160 8409 13 102 71
32161 8410 13 103 71
32162 8411 13 104 71
32163 8412 13 105 71
32166 8413 13 106 71
32167 8414 13 107 71
32169 8415 13 108 71
32170 8416 13 109 71
32172 8417 13 110 71
32173 8418 13 111 71
32174 8419 13 112 71
32175 8420 13 113 71
32176 8421 13 114 71
32177 8422 13 115 71
32178 8423 13 116 71
32180 8424 13 0 72
32181 8425 13 1 72
32183 8426 13 2 72
32184 8427 13 3 72
32185 8428 13 4 72
32186 8429 13 5 72
32187 8430 13 6 72
32188 8431 13 7 72
32189 8432 13 8 72
32190 8433 13 9 72
32191 8434 13 10 72
32192 8435 13 11 72
32193 8436 13 12 72
32194 8437 13 13 72
32196 8438 13 14 72
32197 8439 13 15 72
32198 8440 13 16 72
32199 8441 13 17 72
32201 8442 13 18 72
32202 8443 13 19 72
32203 8444 13 20 72
32204 8445 13 21 72
32206 8446 13 22 72
32210 8447 13 23 72
32215 8448 13 24 72
32216 8449 13 25 72
32217 8450 13 26 72
32218 8451 13 27 72
32219 8452 13 28 72
32221 8453 13 29 72
32222 8454 13 30 72
32223 8455 13 31 72
32224 8456 13 32 72
32225 8457 13 33 72
32227 8458 13 34 72
32230 8459 13 35 72
32231 8460 13 36 72
32232 8461 13 37 72
32233 8462 13 38 72
32234 8463 13 39 72
32236 8464 13 40 72
32238 8465 13 41 72
32239 8466 13 42 72
32240 8467 13 43 72
32241 8468 13 44 72
32242 8469 13 45 72
32243 8470 13 46 72
32244 8471 13 47 72
32246 8472 13 48 72
32247 8473 13 49 72
32249 8474 13 50 72
32250 8475 13 51 72
32251 8476 13 52 72
32259 8477 13 53 72
32264 8478 13 54 72
32265 8479 13 55 72
32266 8480 13 56 72
32267 8481 13 57 72
32268 8482 13 58 72
32269 8483 13 59 72
32270 8484 13 60 72
32271 8485 13 61 72
32272 8486 13 62 72
32273 8487 13 63 72
32274 8488 13 64 72
32275 8489 13 65 72
32276 8490 13 66 72
32277 8491 13 67 72
32278 8492 13 68 72
32279 8493 13 69 72
32282 8494 13 70 72
32283 8495 13 71 72
32284 8496 13 72 72
32285 8497 13 73 72
32286 8498 13 74 72
32287 8499 13 75 72
32288 8500 13 76 72
32289 8501 13 77 72
32290 8502 13 78 72
32291 8503 13 79 72
32292 8504 13 80 72
32293 8505 13 81 72
32297 8506 13 82 72
32298 8507 13 83 72
32299 8508 13 84 72
32301 8509 13 85 72
32302 8510 13 86 72
32303 8511 13 87 72
32304 8512 13 88 72
32305 8513 13 89 72
32306 8514 13 90 72
32307 8515 13 91 72
32308 8516 13 92 72
32309 8517 13 93 72
32310 8518 13 94 72
32311 8519 13 95 72
32312 8520 13 96 72
32313 8521 13 97 72
32314 8522 13 98 72
32315 8523 13 99 72
32316 8524 13 100 72
32317 8525 13 101 72
32318 8526 13 102 72
32319 8527 13 103 72
32320 8528 13 104 72
32321 8529 13 105 72
32322 8530 13 106 72
32323 8531 13 107 72
32324 8532 13 108 72
32325 8533 13 109 72
32326 8534 13 110 72
32327 8535 13 111 72
32328 8536 13 112 72
32329 8537 13 113 72
32332 8538 13 114 72
32336 8539 13 115 72
32337 8540 13 116 72
32338 8541 13 0 73
32339 8542 13 1 73
32340 8543 13 2 73
32341 8544 13 3 73
32342 8545 13 4 73
32343 8546 13 5 73
32344 8547 13 6 73
32345 8548 13 7 73
32346 8549 13 8 73
32348 8550 13 9 73
32350 8551 13 10 73
32351 8552 13 11 73
32352 8553 13 12 73
32353 8554 13 13 73
32354 8555 13 14 73
32355 8556 13 15 73
32360 8557 13 16 73
32361 8558 13 17 73
32362 8559 13 18 73
32363 8560 13 19 73
32365 8561 13 20 73
32367 8562 13 21 73
32368 8563 13 22 73
32370 8564 13 23 73
32371 8565 13 24 73
32372 8566 13 25 73
32373 8567 13 26 73
32374 8568 13 27 73
32375 8569 13 28 73
32376 8570 13 29 73
32377 8571 13 30 73
32378 8572 13 31 73
32379 8573 13 32 73
32380 8574 13 33 73
32381 8575 13 34 73
32382 8576 13 35 73
32384 8577 13 36 73
32385 8578 13 37 73
32386 8579 13 38 73
32390 8580 13 39 73
32391 8581 13 40 73
32392 8582 13 41 73
32394 8583 13 42 73
32395 8584 13 43 73
32396 8585 13 44 73
32397 8586 13 45 73
32399 8587 13 46 73
32401 8588 13 47 73
32403 8589 13 48 73
32404 8590 13 49 73
32405 8591 13 50 73
32406 8592 13 51 73
32407 8593 13 52 73
32408 8594 13 53 73
32409 8595 13 54 73
32410 8596 13 55 73
32411 8597 13 56 73
32412 8598 13 57 73
32566 8599 13 58 73
32568 8600 13 59 73
32569 8601 13 60 73
32570 8602 13 61 73
32573 8603 13 62 73
32574 8604 13 63 73
32575 8605 13 64 73
32579 8606 13 65 73
32580 8607 13 66 73
32581 8608 13 67 73
32584 8609 13 68 73
32586 8610 13 69 73
32587 8611 13 70 73
32588 8612 13 71 73
32589 8613 13 72 73
32591 8614 13 73 73
32592 8615 13 74 73
32593 8616 13 75 73
32596 8617 13 76 73
32597 8618 13 77 73
32600 8619 13 78 73
32603 8620 13 79 73
32604 8621 13 80 73
32605 8622 13 81 73
32606 8623 13 82 73
32607 8624 13 83 73
32608 8625 13 84 73
32609 8626 13 85 73
32611 8627 13 86 73
32613 8628 13 87 73
32614 8629 13 88 73
32615 8630 13 89 73
32616 8631 13 90 73
32617 8632 13 91 73
32618 8633 13 92 73
32619 8634 13 93 73
32620 8635 13 94 73
32621 8636 13 95 73
32622 8637 13 96 73
32624 8638 13 97 73
32626 8639 13 98 73
32627 8640 13 99 73
32629 8641 13 100 73
32630 8642 13 101 73
32631 8643 13 102 73
32633 8644 13 103 73
32634 8645 13 104 73
32635 8646 13 105 73
32636 8647 13 106 73
32637 8648 13 107 73
32638 8649 13 108 73
32639 8650 13 109 73
32643 8651 13 110 73
32645 8652 13 111 73
32646 8653 13 112 73
32647 8654 13 113 73
32648 8655 13 114 73
32649 8656 13 115 73
32650 8657 13 116 73
32651 8658 13 0 74
32652 8659 13 1 74
32653 8660 13 2 74
32654 8661 13 3 74
32657 8662 13 4 74
32658 8663 13 5 74
32660 8664 13 6 74
32661 8665 13 7 74
32662 8666 13 8 74
32666 8667 13 9 74
32667 8668 13 10 74
32668 8669 13 11 74
32669 8670 13 12 74
32670 8671 13 13 74
32672 8672 13 14 74
32673 8673 13 15 74
32674 8674 13 16 74
32676 8675 13 17 74
32677 8676 13 18 74
32678 8677 13 19 74
32679 8678 13 20 74
32680 8679 13 21 74
32681 8680 13 22 74
32684 8681 13 23 74
32685 8682 13 24 74
32687 8683 13 25 74
32688 8684 13 26 74
32689 8685 13 27 74
32690 8686 13 28 74
32691 8687 13 29 74
32693 8688 13 30 74
32694 8689 13 31 74
32695 8690 13 32 74
32696 8691 13 33 74
32697 8692 13 34 74
32698 8693 13 35 74
32699 8694 13 36 74
32700 8695 13 37 74
32701 8696 13 38 74
32702 8697 13 39 74
32703 8698 13 40 74
32704 8699 13 41 74
32705 8700 13 42 74
32706 8701 13 43 74
32707 8702 13 44 74
32709 8703 13 45 74
32711 8704 13 46 74
32713 8705 13 47 74
32714 8706 13 48 74
32715 8707 13 49 74
32716 8708 13 50 74
32717 8709 13 51 74
32718 8710 13 52 74
32719 8711 13 53 74
32720 8712 13 54 74
32721 8713 13 55 74
32722 8714 13 56 74
32724 8715 13 57 74
32725 8716 13 58 74
32727 8717 13 59 74
32731 8718 13 60 74
32732 8719 13 61 74
32734 8720 13 62 74
32735 8721 13 63 74
32736 8722 13 64 74
32737 8723 13 65 74
32738 8724 13 66 74
32739 8725 13 67 74
32741 8726 13 68 74
32742 8727 13 69 74
32744 8728 13 70 74
32745 8729 13 71 74
32746 8730 13 72 74
32747 8731 13 73 74
32748 8732 13 74 74
32749 8733 13 75 74
32750 8734 13 76 74
32751 8735 13 77 74
32752 8736 13 78 74
32753 8737 13 79 74
32754 8738 13 80 74
32755 8739 13 81 74
32756 8740 13 82 74
32757 8741 13 83 74
32759 8742 13 84 74
32760 8743 13 85 74
32761 8744 13 86 74
32763 8745 13 87 74
32764 8746 13 88 74
32765 8747 13 89 74
32766 8748 13 90 74
32767 8749 13 91 74
32768 8750 13 92 74
32769 8751 13 93 74
32771 8752 13 94 74
32772 8753 13 95 74
32773 8754 13 96 74
32774 8755 13 97 74
32775 8756 13 98 74
32779 8757 13 99 74
32780 8758 13 100 74
32781 8759 13 101 74
32782 8760 13 102 74
32783 8761 13 103 74
32784 8762 13 104 74
32785 8763 13 105 74
32786 8764 13 106 74
32788 8765 13 107 74
32789 8766 13 108 74
32790 8767 13 109 74
32791 8768 13 110 74
32792 8769 13 111 74
32793 8770 13 112 74
32795 8771 13 113 74
32796 8772 13 114 74
32798 8773 13 115 74
32799 8774 13 116 74
32801 8775 13 0 75
32804 8776 13 1 75
32806 8777 13 2 75
32808 8778 13 3 75
32809 8779 13 4 75
32810 8780 13 5 75
32812 8781 13 6 75
32816 8782 13 7 75
32819 8783 13 8 75
32820 8784 13 9 75
32821 8785 13 10 75
32822 8786 13 11 75
32823 8787 13 12 75
32825 8788 13 13 75
32829 8789 13 14 75
32830 8790 13 15 75
32831 8791 13 16 75
32835 8792 13 17 75
32838 8793 13 18 75
32839 8794 13 19 75
32840 8795 13 20 75
32842 8796 13 21 75
32847 8797 13 22 75
32848 8798 13 23 75
32849 8799 13 24 75
32850 8800 13 25 75
32854 8801 13 26 75
32856 8802 13 27 75
32858 8803 13 28 75
32860 8804 13 29 75
32861 8805 13 30 75
32862 8806 13 31 75
32868 8807 13 32 75
32871 8808 13 33 75
32876 8809 13 34 75
32879 8810 13 35 75
32880 8811 13 36 75
32881 8812 13 37 75
32882 8813 13 38 75
32883 8814 13 39 75
32885 8815 13 40 75
32886 8816 13 41 75
32887 8817 13 42 75
32888 8818 13 43 75
32889 8819 13 44 75
32893 8820 13 45 75
32894 8821 13 46 75
32895 8822 13 47 75
32898 8823 13 48 75
32900 8824 13 49 75
32901 8825 13 50 75
32902 8826 13 51 75
32903 8827 13 52 75
32905 8828 13 53 75
32906 8829 13 54 75
32907 8830 13 55 75
32908 8831 13 56 75
32911 8832 13 57 75
32912 8833 13 58 75
32914 8834 13 59 75
32915 8835 13 60 75
32917 8836 13 61 75
32918 8837 13 62 75
32920 8838 13 63 75
32921 8839 13 64 75
32922 8840 13 65 75
32923 8841 13 66 75
32924 8842 13 67 75
32925 8843 13 68 75
32929 8844 13 69 75
32930 8845 13 70 75
32931 8846 13 71 75
32933 8847 13 72 75
32937 8848 13 73 75
32938 8849 13 74 75
32939 8850 13 75 75
32941 8851 13 76 75
32942 8852 13 77 75
32943 8853 13 78 75
32945 8854 13 79 75
32946 8855 13 80 75
32948 8856 13 81 75
32949 8857 13 82 75
32952 8858 13 83 75
32954 8859 13 84 75
32962 8860 13 85 75
32963 8861 13 86 75
32964 8862 13 87 75
32965 8863 13 88 75
32967 8864 13 89 75
32968 8865 13 90 75
32969 8866 13 91 75
32970 8867 13 92 75
32972 8868 13 93 75
32973 8869 13 94 75
32974 8870 13 95 75
32975 8871 13 96 75
32976 8872 13 97 75
32977 8873 13 98 75
32980 8874 13 99 75
32981 8875 13 100 75
32982 8876 13 101 75
32983 8877 13 102 75
32984 8878 13 103 75
32985 8879 13 104 75
32986 8880 13 105 75
32987 8881 13 106 75
32988 8882 13 107 75
32989 8883 13 108 75
32990 8884 13 109 75
32992 8885 13 110 75
32993 8886 13 111 75
32995 8887 13 112 75
32996 8888 13 113 75
32997 8889 13 114 75
32998 8890 13 115 75
33005 8891 13 116 75
33007 8892 13 0 76
33008 8893 13 1 76
33009 8894 13 2 76
33010 8895 13 3 76
33011 8896 13 4 76
33012 8897 13 5 76
33013 8898 13 6 76
33016 8899 13 7 76
33017 8900 13 8 76
33018 8901 13 9 76
33019 8902 13 10 76
33020 8903 13 11 76
33021 8904 13 12 76
33022 8905 13 13 76
33024 8906 13 14 76
33025 8907 13 15 76
33026 8908 13 16 76
33029 8909 13 17 76
33030 8910 13 18 76
33032 8911 13 19 76
33034 8912 13 20 76
33045 8913 13 21 76
33046 8914 13 22 76
33048 8915 13 23 76
33049 8916 13 24 76
33051 8917 13 25 76
33053 8918 13 26 76
33054 8919 13 27 76
33055 8920 13 28 76
33057 8921 13 29 76
33058 8922 13 30 76
33059 8923 13 31 76
33060 8924 13 32 76
33061 8925 13 33 76
33063 8926 13 34 76
33065 8927 13 35 76
33067 8928 13 36 76
33068 8929 13 37 76
33069 8930 13 38 76
33071 8931 13 39 76
33072 8932 13 40 76
33081 8933 13 41 76
33082 8934 13 42 76
33085 8935 13 43 76
33086 8936 13 44 76
33091 8937 13 45 76
33092 8938 13 46 76
33094 8939 13 47 76
33095 8940 13 48 76
33098 8941 13 49 76
33099 8942 13 50 76
33100 8943 13 51 76
33101 8944 13 52 76
33102 8945 13 53 76
33103 8946 13 54 76
33104 8947 13 55 76
33105 8948 13 56 76
33106 8949 13 57 76
33107 8950 13 58 76
33108 8951 13 59 76
33109 8952 13 60 76
33115 8953 13 61 76
33116 8954 13 62 76
33118 8955 13 63 76
33120 8956 13 64 76
33121 8957 13 65 76
33122 8958 13 66 76
33124 8959 13 67 76
33125 8960 13 68 76
33126 8961 13 69 76
33127 8962 13 70 76
33129 8963 13 71 76
33131 8964 13 72 76
33134 8965 13 73 76
33135 8966 13 74 76
33136 8967 13 75 76
33137 8968 13 76 76
33138 8969 13 77 76
33139 8970 13 78 76
33140 8971 13 79 76
33142 8972 13 80 76
33143 8973 13 81 76
33144 8974 13 82 76
33145 8975 13 83 76
33146 8976 13 84 76
33151 8977 13 85 76
33152 8978 13 86 76
33154 8979 13 87 76
33155 8980 13 88 76
33158 8981 13 89 76
33159 8982 13 90 76
33160 8983 13 91 76
33161 8984 13 92 76
33162 8985 13 93 76
33163 8986 13 94 76
33164 8987 13 95 76
33165 8988 13 96 76
33167 8989 13 97 76
33173 8990 13 98 76
33175 8991 13 99 76
33176 8992 13 100 76
33177 8993 13 101 76
33178 8994 13 102 76
33179 8995 13 103 76
33180 8996 13 104 76
33181 8997 13 105 76
33182 8998 13 106 76
33183 8999 13 107 76
33184 9000 13 108 76
33186 9001 13 109 76
33187 9002 13 110 76
33190 9003 13 111 76
33191 9004 13 112 76
33192 9005 13 113 76
33193 9006 13 114 76
33195 9007 13 115 76
33196 9008 13 116 76
33198 9009 13 0 77
33200 9010 13 1 77
33201 9011 13 2 77
33202 9012 13 3 77
33203 9013 13 4 77
33204 9014 13 5 77
33205 9015 13 6 77
33207 9016 13 7 77
33209 9017 13 8 77
33210 9018 13 9 77
33211 9019 13 10 77
33212 9020 13 11 77
33213 9021 13 12 77
33214 9022 13 13 77
33215 9023 13 14 77
33216 9024 13 15 77
33218 9025 13 16 77
33219 9026 13 17 77
33220 9027 13 18 77
33221 9028 13 19 77
33222 9029 13 20 77
33223 9030 13 21 77
33225 9031 13 22 77
33226 9032 13 23 77
33228 9033 13 24 77
33229 9034 13 25 77
33231 9035 13 26 77
33232 9036 13 27 77
33233 9037 13 28 77
33234 9038 13 29 77
33237 9039 13 30 77
33239 9040 13 31 77
33240 9041 13 32 77
33241 9042 13 33 77
33242 9043 13 34 77
33243 9044 13 35 77
33245 9045 13 36 77
33246 9046 13 37 77
33247 9047 13 38 77
33248 9048 13 39 77
33249 9049 13 40 77
33250 9050 13 41 77
33251 9051 13 42 77
33253 9052 13 43 77
33254 9053 13 44 77
33255 9054 13 45 77
33256 9055 13 46 77
33257 9056 13 47 77
33258 9057 13 48 77
33260 9058 13 49 77
33261 9059 13 50 77
33262 9060 13 51 77
33266 9061 13 52 77
33267 9062 13 53 77
33268 9063 13 54 77
33271 9064 13 55 77
33272 9065 13 56 77
33273 9066 13 57 77
33274 9067 13 58 77
33275 9068 13 59 77
33276 9069 13 60 77
33278 9070 13 61 77
33279 9071 13 62 77
33280 9072 13 63 77
33281 9073 13 64 77
33282 9074 13 65 77
33284 9075 13 66 77
33285 9076 13 67 77
33287 9077 13 68 77
33288 9078 13 69 77
33289 9079 13 70 77
33290 9080 13 71 77
33291 9081 13 72 77
33292 9082 13 73 77
33293 9083 13 74 77
33296 9084 13 75 77
33297 9085 13 76 77
33298 9086 13 77 77
33300 9087 13 78 77
33301 9088 13 79 77
33302 9089 13 80 77
33307 9090 13 81 77
33308 9091 13 82 77
33309 9092 13 83 77
33310 9093 13 84 77
33311 9094 13 85 77
33312 9095 13 86 77
33313 9096 13 87 77
33314 9097 13 88 77
33317 9098 13 89 77
33320 9099 13 90 77
33322 9100 13 91 77
33323 9101 13 92 77
33324 9102 13 93 77
33327 9103 13 94 77
33330 9104 13 95 77
33331 9105 13 96 77
33332 9106 13 97 77
33333 9107 13 98 77
33334 9108 13 99 77
33335 9109 13 100 77
33336 9110 13 101 77
33337 9111 13 102 77
33338 9112 13 103 77
33340 9113 13 104 77
33341 9114 13 105 77
33343 9115 13 106 77
33344 9116 13 107 77
33346 9117 13 108 77
33348 9118 13 109 77
33349 9119 13 110 77
33351 9120 13 111 77
33353 9121 13 112 77
33355 9122 13 113 77
33358 9123 13 114 77
33359 9124 13 115 77
33360 9125 13 116 77
33361 9126 13 0 78
33362 9127 13 1 78
33363 9128 13 2 78
33365 9129 13 3 78
33366 9130 13 4 78
33367 9131 13 5 78
33368 9132 13 6 78
33369 9133 13 7 78
33370 9134 13 8 78
33371 9135 13 9 78
33372 9136 13 10 78
33374 9137 13 11 78
33375 9138 13 12 78
33377 9139 13 13 78
33379 9140 13 14 78
33380 9141 13 15 78
33382 9142 13 16 78
33384 9143 13 17 78
33385 9144 13 18 78
33387 9145 13 19 78
33388 9146 13 20 78
33389 9147 13 21 78
33390 9148 13 22 78
33391 9149 13 23 78
33393 9150 13 24 78
33394 9151 13 25 78
33396 9152 13 26 78
33397 9153 13 27 78
33399 9154 13 28 78
33400 9155 13 29 78
33404 9156 13 30 78
33405 9157 13 31 78
33406 9158 13 32 78
33407 9159 13 33 78
33408 9160 13 34 78
33411 9161 13 35 78
33412 9162 13 36 78
33413 9163 13 37 78
33418 9164 13 38 78
33419 9165 13 39 78
33421 9166 13 40 78
33422 9167 13 41 78
33423 9168 13 42 78
33424 9169 13 43 78
33425 9170 13 44 78
33426 9171 13 45 78
33427 9172 13 46 78
33428 9173 13 47 78
33432 9174 13 48 78
33433 9175 13 49 78
33434 9176 13 50 78
33435 9177 13 51 78
33437 9178 13 52 78
33438 9179 13 53 78
33439 9180 13 54 78
33440 9181 13 55 78
33441 9182 13 56 78
33442 9183 13 57 78
33443 9184 13 58 78
33444 9185 13 59 78
33445 9186 13 60 78
33447 9187 13 61 78
33448 9188 13 62 78
33449 9189 13 63 78
33451 9190 13 64 78
33452 9191 13 65 78
33453 9192 13 66 78
33454 9193 13 67 78
33455 9194 13 68 78
33456 9195 13 69 78
33457 9196 13 70 78
33459 9197 13 71 78
33460 9198 13 72 78
33461 9199 13 73 78
33462 9200 13 74 78
33463 9201 13 75 78
33464 9202 13 76 78
33465 9203 13 77 78
33466 9204 13 78 78
33467 9205 13 79 78
33468 9206 13 80 78
33469 9207 13 81 78
33470 9208 13 82 78
33472 9209 13 83 78
33474 9210 13 84 78
33475 9211 13 85 78
33489 9212 13 86 78
33490 9213 13 87 78
33491 9214 13 88 78
33492 9215 13 89 78
33493 9216 13 90 78
33494 9217 13 91 78
33495 9218 13 92 78
33497 9219 13 93 78
33499 9220 13 94 78
33500 9221 13 95 78
33502 9222 13 96 78
33503 9223 13 97 78
33504 9224 13 98 78
33505 9225 13 99 78
33507 9226 13 100 78
33508 9227 13 101 78
33509 9228 13 102 78
33510 9229 13 103 78
33511 9230 13 104 78
33512 9231 13 105 78
33514 9232 13 106 78
33515 9233 13 107 78
33516 9234 13 108 78
33517 9235 13 109 78
33519 9236 13 110 78
33520 9237 13 111 78
33521 9238 13 112 78
33522 9239 13 113 78
33523 9240 13 114 78
33524 9241 13 115 78
33525 9242 13 116 78
33526 9243 13 0 79
33529 9244 13 1 79
33530 9245 13 2 79
33531 9246 13 3 79
33534 9247 13 4 79
33536 9248 13 5 79
33537 9249 13 6 79
33538 9250 13 7 79
33539 9251 13 8 79
33540 9252 13 9 79
33541 9253 13 10 79
33542 9254 13 11 79
33543 9255 13 12 79
33544 9256 13 13 79
33545 9257 13 14 79
33548 9258 13 15 79
33549 9259 13 16 79
33558 9260 13 17 79
33559 9261 13 18 79
33561 9262 13 19 79
33563 9263 13 20 79
33564 9264 13 21 79
33566 9265 13 22 79
33568 9266 13 23 79
33570 9267 13 24 79
33572 9268 13 25 79
33573 9269 13 26 79
33574 9270 13 27 79
33575 9271 13 28 79
33576 9272 13 29 79
33577 9273 13 30 79
33578 9274 13 31 79
33579 9275 13 32 79
33580 9276 13 33 79
33581 9277 13 34 79
33583 9278 13 35 79
33585 9279 13 36 79
33586 9280 13 37 79
33587 9281 13 38 79
33588 9282 13 39 79
33589 9283 13 40 79
33590 9284 13 41 79
33591 9285 13 42 79
33592 9286 13 43 79
33593 9287 13 44 79
33594 9288 13 45 79
33595 9289 13 46 79
33596 9290 13 47 79
33599 9291 13 48 79
33600 9292 13 49 79
33601 9293 13 50 79
33602 9294 13 51 79
33603 9295 13 52 79
33604 9296 13 53 79
33605 9297 13 54 79
33607 9298 13 55 79
33608 9299 13 56 79
33609 9300 13 57 79
33610 9301 13 58 79
33611 9302 13 59 79
33612 9303 13 60 79
33613 9304 13 61 79
33614 9305 13 62 79
33615 9306 13 63 79
33616 9307 13 64 79
33617 9308 13 65 79
33618 9309 13 66 79
33619 9310 13 67 79
33620 9311 13 68 79
33622 9312 13 69 79
33651 9313 13 70 79
33652 9314 13 71 79
33653 9315 13 72 79
33654 9316 13 73 79
33655 9317 13 74 79
33656 9318 13 75 79
33658 9319 13 76 79
33659 9320 13 77 79
33660 9321 13 78 79
33661 9322 13 79 79
33662 9323 13 80 79
33663 9324 13 81 79
33665 9325 13 82 79
33667 9326 13 83 79
33670 9327 13 84 79
33671 9328 13 85 79
33672 9329 13 86 79
33673 9330 13 87 79
33674 9331 13 88 79
33675 9332 13 89 79
33676 9333 13 90 79
33677 9334 13 91 79
33678 9335 13 92 79
33679 9336 13 93 79
33680 9337 13 94 79
33682 9338 13 95 79
33683 9339 13 96 79
33684 9340 13 97 79
33685 9341 13 98 79
33686 9342 13 99 79
33687 9343 13 100 79
33688 9344 13 101 79
33689 9345 13 102 79
33690 9346 13 103 79
33691 9347 13 104 79
33693 9348 13 105 79
33694 9349 13 106 79
33696 9350 13 107 79
33698 9351 13 108 79
33699 9352 13 109 79
33700 9353 13 110 79
33701 9354 13 111 79
33702 9355 13 112 79
33703 9356 13 113 79
33704 9357 13 114 79
33705 9358 13 115 79
33706 9359 13 116 79
33707 9360 13 0 80
33710 9361 13 1 80
33711 9362 13 2 80
33712 9363 13 3 80
33725 9364 13 4 80
33727 9365 13 5 80
33728 9366 13 6 80
33729 9367 13 7 80
33730 9368 13 8 80
33731 9369 13 9 80
33732 9370 13 10 80
33733 9371 13 11 80
33734 9372 13 12 80
33735 9373 13 13 80
33736 9374 13 14 80
33737 9375 13 15 80
33738 9376 13 16 80
33739 9377 13 17 80
33740 9378 13 18 80
33742 9379 13 19 80
33743 9380 13 20 80
33745 9381 13 21 80
33748 9382 13 22 80
33749 9383 13 23 80
33750 9384 13 24 80
33751 9385 13 25 80
33752 9386 13 26 80
33753 9387 13 27 80
33755 9388 13 28 80
33756 9389 13 29 80
33757 9390 13 30 80
33758 9391 13 31 80
33759 9392 13 32 80
33760 9393 13 33 80
33761 9394 13 34 80
33762 9395 13 35 80
33763 9396 13 36 80
33764 9397 13 37 80
33765 9398 13 38 80
33767 9399 13 39 80
33768 9400 13 40 80
33769 9401 13 41 80
33770 9402 13 42 80
33771 9403 13 43 80
33772 9404 13 44 80
33774 9405 13 45 80
33775 9406 13 46 80
33776 9407 13 47 80
33777 9408 13 48 80
33778 9409 13 49 80
33779 9410 13 50 80
33780 9411 13 51 80
33781 9412 13 52 80
33782 9413 13 53 80
33784 9414 13 54 80
33785 9415 13 55 80
33786 9416 13 56 80
33787 9417 13 57 80
33788 9418 13 58 80
33789 9419 13 59 80
33790 9420 13 60 80
33791 9421 13 61 80
33793 9422 13 62 80
33795 9423 13 63 80
33796 9424 13 64 80
33798 9425 13 65 80
33799 9426 13 66 80
33801 9427 13 67 80
33802 9428 13 68 80
33803 9429 13 69 80
33804 9430 13 70 80
33805 9431 13 71 80
33806 9432 13 72 80
33807 9433 13 73 80
33808 9434 13 74 80
33809 9435 13 75 80
33810 9436 13 76 80
33811 9437 13 77 80
33819 9438 13 78 80
33827 9439 13 79 80
33833 9440 13 80 80
33835 9441 13 81 80
33836 9442 13 82 80
33837 9443 13 83 80
33839 9444 13 84 80
33840 9445 13 85 80
33841 9446 13 86 80
33842 9447 13 87 80
33843 9448 13 88 80
33844 9449 13 89 80
33845 9450 13 90 80
33846 9451 13 91 80
33847 9452 13 92 80
33848 9453 13 93 80
33849 9454 13 94 80
33850 9455 13 95 80
33851 9456 13 96 80
33852 9457 13 97 80
33853 9458 13 98 80
33855 9459 13 99 80
33856 9460 13 100 80
33858 9461 13 101 80
33859 9462 13 102 80
33860 9463 13 103 80
33861 9464 13 104 80
33862 9465 13 105 80
33863 9466 13 106 80
33865 9467 13 107 80
33867 9468 13 108 80
33868 9469 13 109 80
33869 9470 13 110 80
33870 9471 13 111 80
33872 9472 13 112 80
33873 9473 13 113 80
33874 9474 13 114 80
33876 9475 13 115 80
33878 9476 13 116 80
33879 9477 13 0 81
33881 9478 13 1 81
33882 9479 13 2 81
33883 9480 13 3 81
33885 9481 13 4 81
33886 9482 13 5 81
33887 9483 13 6 81
33888 9484 13 7 81
33889 9485 13 8 81
33891 9486 13 9 81
33893 9487 13 10 81
33894 9488 13 11 81
33895 9489 13 12 81
33896 9490 13 13 81
33897 9491 13 14 81
33899 9492 13 15 81
33900 9493 13 16 81
33901 9494 13 17 81
33902 9495 13 18 81
33903 9496 13 19 81
33904 9497 13 20 81
33907 9498 13 21 81
33908 9499 13 22 81
33909 9500 13 23 81
33910 9501 13 24 81
33911 9502 13 25 81
33912 9503 13 26 81
33913 9504 13 27 81
33914 9505 13 28 81
33917 9506 13 29 81
33918 9507 13 30 81
33922 9508 13 31 81
33926 9509 13 32 81
33933 9510 13 33 81
33934 9511 13 34 81
33935 9512 13 35 81
33936 9513 13 36 81
33937 9514 13 37 81
33940 9515 13 38 81
33943 9516 13 39 81
33944 9517 13 40 81
33945 9518 13 41 81
33946 9519 13 42 81
33947 9520 13 43 81
33948 9521 13 44 81
33949 9522 13 45 81
33950 9523 13 46 81
33951 9524 13 47 81
33952 9525 13 48 81
33953 9526 13 49 81
33954 9527 13 50 81
33956 9528 13 51 81
33959 9529 13 52 81
33960 9530 13 53 81
33961 9531 13 54 81
33962 9532 13 55 81
33963 9533 13 56 81
33964 9534 13 57 81
33966 9535 13 58 81
33967 9536 13 59 81
33968 9537 13 60 81
33969 9538 13 61 81
33970 9539 13 62 81
33972 9540 13 63 81
33974 9541 13 64 81
33976 9542 13 65 81
33977 9543 13 66 81
33978 9544 13 67 81
33979 9545 13 68 81
33980 9546 13 69 81
33983 9547 13 70 81
33984 9548 13 71 81
33985 9549 13 72 81
33986 9550 13 73 81
33988 9551 13 74 81
33989 9552 13 75 81
33990 9553 13 76 81
33991 9554 13 77 81
33993 9555 13 78 81
33994 9556 13 79 81
33995 9557 13 80 81
33996 9558 13 81 81
33997 9559 13 82 81
33998 9560 13 83 81
33999 9561 13 84 81
34000 9562 13 85 81
34001 9563 13 86 81
34002 9564 13 87 81
34003 9565 13 88 81
34004 9566 13 89 81
34006 9567 13 90 81
34007 9568 13 91 81
34011 9569 13 92 81
34023 9570 13 93 81
34024 9571 13 94 81
34025 9572 13 95 81
34026 9573 13 96 81
34027 9574 13 97 81
34028 9575 13 98 81
34030 9576 13 99 81
34031 9577 13 100 81
34032 9578 13 101 81
34033 9579 13 102 81
34034 9580 13 103 81
34035 9581 13 104 81
34036 9582 13 105 81
34038 9583 13 106 81
34039 9584 13 107 81
34041 9585 13 108 81
34042 9586 13 109 81
34043 9587 13 110 81
34044 9588 13 111 81
34045 9589 13 112 81
34046 9590 13 113 81
34047 9591 13 114 81
34048 9592 13 115 81
34050 9593 13 116 81
34054 9594 13 0 82
34055 9595 13 1 82
34056 9596 13 2 82
34057 9597 13 3 82
34058 9598 13 4 82
34059 9599 13 5 82
34060 9600 13 6 82
34061 9601 13 7 82
34062 9602 13 8 82
34063 9603 13 9 82
34065 9604 13 10 82
34066 9605 13 11 82
34067 9606 13 12 82
34068 9607 13 13 82
34069 9608 13 14 82
34070 9609 13 15 82
34071 9610 13 16 82
34072 9611 13 17 82
34073 9612 13 18 82
34074 9613 13 19 82
34076 9614 13 20 82
34077 9615 13 21 82
34078 9616 13 22 82
34079 9617 13 23 82
34080 9618 13 24 82
34081 9619 13 25 82
34083 9620 13 26 82
34084 9621 13 27 82
34085 9622 13 28 82
34086 9623 13 29 82
34087 9624 13 30 82
34088 9625 13 31 82
34089 9626 13 32 82
34090 9627 13 33 82
34091 9628 13 34 82
34092 9629 13 35 82
34093 9630 13 36 82
34094 9631 13 37 82
34095 9632 13 38 82
34096 9633 13 39 82
34097 9634 13 40 82
34107 9635 13 41 82
34109 9636 13 42 82
34110 9637 13 43 82
34112 9638 13 44 82
34113 9639 13 45 82
34115 9640 13 46 82
34116 9641 13 47 82
34117 9642 13 48 82
34118 9643 13 49 82
34119 9644 13 50 82
34120 9645 13 51 82
34121 9646 13 52 82
34122 9647 13 53 82
34125 9648 13 54 82
34126 9649 13 55 82
34129 9650 13 56 82
34131 9651 13 57 82
34132 9652 13 58 82
34133 9653 13 59 82
34134 9654 13 60 82
34135 9655 13 61 82
34136 9656 13 62 82
34137 9657 13 63 82
34139 9658 13 64 82
34141 9659 13 65 82
34142 9660 13 66 82
34144 9661 13 67 82
34145 9662 13 68 82
34146 9663 13 69 82
34147 9664 13 70 82
34148 9665 13 71 82
34149 9666 13 72 82
34150 9667 13 73 82
34151 9668 13 74 82
34152 9669 13 75 82
34153 9670 13 76 82
34154 9671 13 77 82
34155 9672 13 78 82
34156 9673 13 79 82
34157 9674 13 80 82
34158 9675 13 81 82
34161 9676 13 82 82
34165 9677 13 83 82
34166 9678 13 84 82
34167 9679 13 85 82
34168 9680 13 86 82
34169 9681 13 87 82
34170 9682 13 88 82
34171 9683 13 89 82
34172 9684 13 90 82
34174 9685 13 91 82
34176 9686 13 92 82
34177 9687 13 93 82
34178 9688 13 94 82
34179 9689 13 95 82
34180 9690 13 96 82
34181 9691 13 97 82
34182 9692 13 98 82
34183 9693 13 99 82
34184 9694 13 100 82
34185 9695 13 101 82
34186 9696 13 102 82
34187 9697 13 103 82
34188 9698 13 104 82
34189 9699 13 105 82
34190 9700 13 106 82
34191 9701 13 107 82
34192 9702 13 108 82
34193 9703 13 109 82
34196 9704 13 110 82
34197 9705 13 111 82
34198 9706 13 112 82
34200 9707 13 113 82
34201 9708 13 114 82
34202 9709 13 115 82
34203 9710 13 116 82
34204 9711 13 0 83
34205 9712 13 1 83
34206 9713 13 2 83
34207 9714 13 3 83
34208 9715 13 4 83
34209 9716 13 5 83
34210 9717 13 6 83
34211 9718 13 7 83
34212 9719 13 8 83
34214 9720 13 9 83
34215 9721 13 10 83
34216 9722 13 11 83
34217 9723 13 12 83
34218 9724 13 13 83
34223 9725 13 14 83
34224 9726 13 15 83
34225 9727 13 16 83
34227 9728 13 17 83
34228 9729 13 18 83
34229 9730 13 19 83
34230 9731 13 20 83
34231 9732 13 21 83
34232 9733 13 22 83
34233 9734 13 23 83
34234 9735 13 24 83
34237 9736 13 25 83
34238 9737 13 26 83
34239 9738 13 27 83
34240 9739 13 28 83
34242 9740 13 29 83
34243 9741 13 30 83
34244 9742 13 31 83
34245 9743 13 32 83
34246 9744 13 33 83
34247 9745 13 34 83
34248 9746 13 35 83
34249 9747 13 36 83
34251 9748 13 37 83
34253 9749 13 38 83
34254 9750 13 39 83
34255 9751 13 40 83
34256 9752 13 41 83
34257 9753 13 42 83
34258 9754 13 43 83
34261 9755 13 44 83
34263 9756 13 45 83
34264 9757 13 46 83
34265 9758 13 47 83
34266 9759 13 48 83
34268 9760 13 49 83
34269 9761 13 50 83
34270 9762 13 51 83
34271 9763 13 52 83
34273 9764 13 53 83
34274 9765 13 54 83
34275 9766 13 55 83
34276 9767 13 56 83
34277 9768 13 57 83
34278 9769 13 58 83
34280 9770 13 59 83
34281 9771 13 60 83
34282 9772 13 61 83
34283 9773 13 62 83
34284 9774 13 63 83
34285 9775 13 64 83
34287 9776 13 65 83
34288 9777 13 66 83
34289 9778 13 67 83
34290 9779 13 68 83
34294 9780 13 69 83
34295 9781 13 70 83
34296 9782 13 71 83
34297 9783 13 72 83
34298 9784 13 73 83
34299 9785 13 74 83
34301 9786 13 75 83
34302 9787 13 76 83
34303 9788 13 77 83
34304 9789 13 78 83
34305 9790 13 79 83
34308 9791 13 80 83
34309 9792 13 81 83
34310 9793 13 82 83
34311 9794 13 83 83
34313 9795 13 84 83
34314 9796 13 85 83
34315 9797 13 86 83
34316 9798 13 87 83
34321 9799 13 88 83
34327 9800 13 89 83
34328 9801 13 90 83
34329 9802 13 91 83
34330 9803 13 92 83
34331 9804 13 93 83
34332 9805 13 94 83
34334 9806 13 95 83
34335 9807 13 96 83
34336 9808 13 97 83
34337 9809 13 98 83
34338 9810 13 99 83
34339 9811 13 100 83
34340 9812 13 101 83
34341 9813 13 102 83
34342 9814 13 103 83
34343 9815 13 104 83
34345 9816 13 105 83
34346 9817 13 106 83
34348 9818 13 107 83
34349 9819 13 108 83
34350 9820 13 109 83
34353 9821 13 110 83
34354 9822 13 111 83
34355 9823 13 112 83
34356 9824 13 113 83
34357 9825 13 114 83
34358 9826 13 115 83
34360 9827 13 116 83
34361 9828 13 0 84
34362 9829 13 1 84
34363 9830 13 2 84
34364 9831 13 3 84
34366 9832 13 4 84
34367 9833 13 5 84
34368 9834 13 6 84
34371 9835 13 7 84
34374 9836 13 8 84
34375 9837 13 9 84
34376 9838 13 10 84
34379 9839 13 11 84
34380 9840 13 12 84
34381 9841 13 13 84
34382 9842 13 14 84
34384 9843 13 15 84
34386 9844 13 16 84
34387 9845 13 17 84
34388 9846 13 18 84
34389 9847 13 19 84
34390 9848 13 20 84
34393 9849 13 21 84
34395 9850 13 22 84
34396 9851 13 23 84
34398 9852 13 24 84
34399 9853 13 25 84
34401 9854 13 26 84
34402 9855 13 27 84
34403 9856 13 28 84
34404 9857 13 29 84
34405 9858 13 30 84
34407 9859 13 31 84
34408 9860 13 32 84
34409 9861 13 33 84
34410 9862 13 34 84
34411 9863 13 35 84
34413 9864 13 36 84
34414 9865 13 37 84
34415 9866 13 38 84
34416 9867 13 39 84
34417 9868 13 40 84
34419 9869 13 41 84
34420 9870 13 42 84
34423 9871 13 43 84
34425 9872 13 44 84
34426 9873 13 45 84
34427 9874 13 46 84
34428 9875 13 47 84
34437 9876 13 48 84
34438 9877 13 49 84
34439 9878 13 50 84
34442 9879 13 51 84
34443 9880 13 52 84
34444 9881 13 53 84
34445 9882 13 54 84
34446 9883 13 55 84
34448 9884 13 56 84
34449 9885 13 57 84
34451 9886 13 58 84
34452 9887 13 59 84
34453 9888 13 60 84
34454 9889 13 61 84
34455 9890 13 62 84
34456 9891 13 63 84
34457 9892 13 64 84
34458 9893 13 65 84
34460 9894 13 66 84
34461 9895 13 67 84
34462 9896 13 68 84
34465 9897 13 69 84
34466 9898 13 70 84
34467 9899 13 71 84
34468 9900 13 72 84
34469 9901 13 73 84
34471 9902 13 74 84
34472 9903 13 75 84
34473 9904 13 76 84
34474 9905 13 77 84
34479 9906 13 78 84
34480 9907 13 79 84
34481 9908 13 80 84
34483 9909 13 81 84
34484 9910 13 82 84
34485 9911 13 83 84
34486 9912 13 84 84
34487 9913 13 85 84
34488 9914 13 86 84
34489 9915 13 87 84
34490 9916 13 88 84
34491 9917 13 89 84
34492 9918 13 90 84
34493 9919 13 91 84
34494 9920 13 92 84
34495 9921 13 93 84
34496 9922 13 94 84
34497 9923 13 95 84
34498 9924 13 96 84
34499 9925 13 97 84
34500 9926 13 98 84
34501 9927 13 99 84
34502 9928 13 100 84
34503 9929 13 101 84
34504 9930 13 102 84
34505 9931 13 103 84
34507 9932 13 104 84
34508 9933 13 105 84
34512 9934 13 106 84
34513 9935 13 107 84
34515 9936 13 108 84
34516 9937 13 109 84
34518 9938 13 110 84
34519 9939 13 111 84
34520 9940 13 112 84
34521 9941 13 113 84
34522 9942 13 114 84
34523 9943 13 115 84
34524 9944 13 116 84
34525 9945 13 0 85
34526 9946 13 1 85
34527 9947 13 2 85
34530 9948 13 3 85
34531 9949 13 4 85
34532 9950 13 5 85
34534 9951 13 6 85
34536 9952 13 7 85
34537 9953 13 8 85
34538 9954 13 9 85
34539 9955 13 10 85
34540 9956 13 11 85
34541 9957 13 12 85
34549 9958 13 13 85
34550 9959 13 14 85
34551 9960 13 15 85
34552 9961 13 16 85
34553 9962 13 17 85
34554 9963 13 18 85
34555 9964 13 19 85
34558 9965 13 20 85
34560 9966 13 21 85
34561 9967 13 22 85
34562 9968 13 23 85
34563 9969 13 24 85
34564 9970 13 25 85
34565 9971 13 26 85
34566 9972 13 27 85
34567 9973 13 28 85
34568 9974 13 29 85
34569 9975 13 30 85
34570 9976 13 31 85
34571 9977 13 32 85
34572 9978 13 33 85
34573 9979 13 34 85
34574 9980 13 35 85
34577 9981 13 36 85
34578 9982 13 37 85
34579 9983 13 38 85
34584 9984 13 39 85
34585 9985 13 40 85
34586 9986 13 41 85
34587 9987 13 42 85
34588 9988 13 43 85
34590 9989 13 44 85
34592 9990 13 45 85
34593 9991 13 46 85
34594 9992 13 47 85
34595 9993 13 48 85
34596 9994 13 49 85
34597 9995 13 50 85
34598 9996 13 51 85
34599 9997 13 52 85
34600 9998 13 53 85
34601 9999 13 54 85
34602 10000 13 55 85
34604 10001 13 56 85
34605 10002 13 57 85
34606 10003 13 58 85
34608 10004 13 59 85
34609 10005 13 60 85
34610 10006 13 61 85
34611 10007 13 62 85
34612 10008 13 63 85
34613 10009 13 64 85
34615 10010 13 65 85
34616 10011 13 66 85
34618 10012 13 67 85
34619 10013 13 68 85
34620 10014 13 69 85
34622 10015 13 70 85
34623 10016 13 71 85
34624 10017 13 72 85
34625 10018 13 73 85
34626 10019 13 74 85
34627 10020 13 75 85
34630 10021 13 76 85
34636 10022 13 77 85
34637 10023 13 78 85
34638 10024 13 79 85
34639 10025 13 80 85
34640 10026 13 81 85
34641 10027 13 82 85
34642 10028 13 83 85
34643 10029 13 84 85
34644 10030 13 85 85
34645 10031 13 86 85
34646 10032 13 87 85
34647 10033 13 88 85
34648 10034 13 89 85
34649 10035 13 90 85
34650 10036 13 91 85
34651 10037 13 92 85
34652 10038 13 93 85
34653 10039 13 94 85
34654 10040 13 95 85
34655 10041 13 96 85
34656 10042 13 97 85
34657 10043 13 98 85
34658 10044 13 99 85
34659 10045 13 100 85
34660 10046 13 101 85
34661 10047 13 102 85
34662 10048 13 103 85
34663 10049 13 104 85
34664 10050 13 105 85
34665 10051 13 106 85
34666 10052 13 107 85
34667 10053 13 108 85
34668 10054 13 109 85
34669 10055 13 110 85
34670 10056 13 111 85
34671 10057 13 112 85
34675 10058 13 113 85
34676 10059 13 114 85
34677 10060 13 115 85
34678 10061 13 116 85
34679 10062 13 0 86
34680 10063 13 1 86
34681 10064 13 2 86
34682 10065 13 3 86
34683 10066 13 4 86
34689 10067 13 5 86
34690 10068 13 6 86
34691 10069 13 7 86
34692 10070 13 8 86
34693 10071 13 9 86
34695 10072 13 10 86
34696 10073 13 11 86
34697 10074 13 12 86
34701 10075 13 13 86
34703 10076 13 14 86
34704 10077 13 15 86
34705 10078 13 16 86
34706 10079 13 17 86
34707 10080 13 18 86
34708 10081 13 19 86
34710 10082 13 20 86
34711 10083 13 21 86
34712 10084 13 22 86
34714 10085 13 23 86
34715 10086 13 24 86
34716 10087 13 25 86
34717 10088 13 26 86
34718 10089 13 27 86
34719 10090 13 28 86
34722 10091 13 29 86
34723 10092 13 30 86
34724 10093 13 31 86
34730 10094 13 32 86
34731 10095 13 33 86
34732 10096 13 34 86
34733 10097 13 35 86
34734 10098 13 36 86
34735 10099 13 37 86
34736 10100 13 38 86
34738 10101 13 39 86
34739 10102 13 40 86
34740 10103 13 41 86
34741 10104 13 42 86
34742 10105 13 43 86
34743 10106 13 44 86
34744 10107 13 45 86
34745 10108 13 46 86
34746 10109 13 47 86
34747 10110 13 48 86
34748 10111 13 49 86
34749 10112 13 50 86
34750 10113 13 51 86
34751 10114 13 52 86
34752 10115 13 53 86
34754 10116 13 54 86
34755 10117 13 55 86
34756 10118 13 56 86
34757 10119 13 57 86
34758 10120 13 58 86
34760 10121 13 59 86
34761 10122 13 60 86
34762 10123 13 61 86
34763 10124 13 62 86
34764 10125 13 63 86
34769 10126 13 64 86
34770 10127 13 65 86
34771 10128 13 66 86
34772 10129 13 67 86
34775 10130 13 68 86
34776 10131 13 69 86
34777 10132 13 70 86
34779 10133 13 71 86
34780 10134 13 72 86
34781 10135 13 73 86
34782 10136 13 74 86
34783 10137 13 75 86
34784 10138 13 76 86
34785 10139 13 77 86
34786 10140 13 78 86
34787 10141 13 79 86
34788 10142 13 80 86
34789 10143 13 81 86
34790 10144 13 82 86
34791 10145 13 83 86
34792 10146 13 84 86
34794 10147 13 85 86
34795 10148 13 86 86
34796 10149 13 87 86
34797 10150 13 88 86
34799 10151 13 89 86
34802 10152 13 90 86
34803 10153 13 91 86
34804 10154 13 92 86
34806 10155 13 93 86
34807 10156 13 94 86
34809 10157 13 95 86
34810 10158 13 96 86
34811 10159 13 97 86
34812 10160 13 98 86
34814 10161 13 99 86
34815 10162 13 100 86
34816 10163 13 101 86
34817 10164 13 102 86
34818 10165 13 103 86
34819 10166 13 104 86
34821 10167 13 105 86
34822 10168 13 106 86
34824 10169 13 107 86
34825 10170 13 108 86
34826 10171 13 109 86
34827 10172 13 110 86
34828 10173 13 111 86
34829 10174 13 112 86
34832 10175 13 113 86
34833 10176 13 114 86
34835 10177 13 115 86
34836 10178 13 116 86
34837 10179 13 0 87
34838 10180 13 1 87
34839 10181 13 2 87
34841 10182 13 3 87
34843 10183 13 4 87
34844 10184 13 5 87
34845 10185 13 6 87
34847 10186 13 7 87
34848 10187 13 8 87
34849 10188 13 9 87
34850 10189 13 10 87
34851 10190 13 11 87
34852 10191 13 12 87
34853 10192 13 13 87
34854 10193 13 14 87
34856 10194 13 15 87
34857 10195 13 16 87
34858 10196 13 17 87
34859 10197 13 18 87
34860 10198 13 19 87
34862 10199 13 20 87
34863 10200 13 21 87
34864 10201 13 22 87
34865 10202 13 23 87
34866 10203 13 24 87
34867 10204 13 25 87
34869 10205 13 26 87
34870 10206 13 27 87
34871 10207 13 28 87
34872 10208 13 29 87
34873 10209 13 30 87
34875 10210 13 31 87
34876 10211 13 32 87
34877 10212 13 33 87
34878 10213 13 34 87
34879 10214 13 35 87
34880 10215 13 36 87
34881 10216 13 37 87
34883 10217 13 38 87
34884 10218 13 39 87
34888 10219 13 40 87
34890 10220 13 41 87
34891 10221 13 42 87
34892 10222 13 43 87
34893 10223 13 44 87
34894 10224 13 45 87
34898 10225 13 46 87
34899 10226 13 47 87
34901 10227 13 48 87
34902 10228 13 49 87
34903 10229 13 50 87
34905 10230 13 51 87
34906 10231 13 52 87
34907 10232 13 53 87
34909 10233 13 54 87
34913 10234 13 55 87
34914 10235 13 56 87
34915 10236 13 57 87
34919 10237 13 58 87
34920 10238 13 59 87
34921 10239 13 60 87
34922 10240 13 61 87
34923 10241 13 62 87
34925 10242 13 63 87
34927 10243 13 64 87
34928 10244 13 65 87
34929 10245 13 66 87
34930 10246 13 67 87
34932 10247 13 68 87
34933 10248 13 69 87
34934 10249 13 70 87
34935 10250 13 71 87
34937 10251 13 72 87
34940 10252 13 73 87
34941 10253 13 74 87
34942 10254 13 75 87
34943 10255 13 76 87
34944 10256 13 77 87
34945 10257 13 78 87
34946 10258 13 79 87
34947 10259 13 80 87
34952 10260 13 81 87
34953 10261 13 82 87
34955 10262 13 83 87
34956 10263 13 84 87
34957 10264 13 85 87
34958 10265 13 86 87
34961 10266 13 87 87
34962 10267 13 88 87
34963 10268 13 89 87
34965 10269 13 90 87
34966 10270 13 91 87
34967 10271 13 92 87
34968 10272 13 93 87
34969 10273 13 94 87
34970 10274 13 95 87
34971 10275 13 96 87
34974 10276 13 97 87
34975 10277 13 98 87
34977 10278 13 99 87
34978 10279 13 100 87
34980 10280 13 101 87
34983 10281 13 102 87
34984 10282 13 103 87
34986 10283 13 104 87
34987 10284 13 105 87
34988 10285 13 106 87
34993 10286 13 107 87
34994 10287 13 108 87
34998 10288 13 109 87
34999 10289 13 110 87
35000 10290 13 111 87
35001 10291 13 112 87
35002 10292 13 113 87
35004 10293 13 114 87
35005 10294 13 115 87
35006 10295 13 116 87
35008 10296 13 0 88
35009 10297 13 1 88
35010 10298 13 2 88
35017 10299 13 3 88
35018 10300 13 4 88
35019 10301 13 5 88
35020 10302 13 6 88
35021 10303 13 7 88
35022 10304 13 8 88
35024 10305 13 9 88
35026 10306 13 10 88
35028 10307 13 11 88
35029 10308 13 12 88
35030 10309 13 13 88
35031 10310 13 14 88
35032 10311 13 15 88
35033 10312 13 16 88
35034 10313 13 17 88
35035 10314 13 18 88
35036 10315 13 19 88
35037 10316 13 20 88
35038 10317 13 21 88
35039 10318 13 22 88
35041 10319 13 23 88
35047 10320 13 24 88
35048 10321 13 25 88
35051 10322 13 26 88
35052 10323 13 27 88
35054 10324 13 28 88
35055 10325 13 29 88
35056 10326 13 30 88
35057 10327 13 31 88
35058 10328 13 32 88
35059 10329 13 33 88
35060 10330 13 34 88
35062 10331 13 35 88
35063 10332 13 36 88
35064 10333 13 37 88
35065 10334 13 38 88
35066 10335 13 39 88
35067 10336 13 40 88
35068 10337 13 41 88
35069 10338 13 42 88
35070 10339 13 43 88
35073 10340 13 44 88
35074 10341 13 45 88
35077 10342 13 46 88
35078 10343 13 47 88
35079 10344 13 48 88
35081 10345 13 49 88
35082 10346 13 50 88
35083 10347 13 51 88
35084 10348 13 52 88
35086 10349 13 53 88
35088 10350 13 54 88
35089 10351 13 55 88
35090 10352 13 56 88
35091 10353 13 57 88
35092 10354 13 58 88
35093 10355 13 59 88
35094 10356 13 60 88
35095 10357 13 61 88
35096 10358 13 62 88
35097 10359 13 63 88
35098 10360 13 64 88
35102 10361 13 65 88
35103 10362 13 66 88
35105 10363 13 67 88
35106 10364 13 68 88
35107 10365 13 69 88
35109 10366 13 70 88
35110 10367 13 71 88
35111 10368 13 72 88
35113 10369 13 73 88
35114 10370 13 74 88
35115 10371 13 75 88
35116 10372 13 76 88
35117 10373 13 77 88
35118 10374 13 78 88
35119 10375 13 79 88
35120 10376 13 80 88
35121 10377 13 81 88
35122 10378 13 82 88
35123 10379 13 83 88
35125 10380 13 84 88
35126 10381 13 85 88
35127 10382 13 86 88
35128 10383 13 87 88
35131 10384 13 88 88
35132 10385 13 89 88
35133 10386 13 90 88
35134 10387 13 91 88
35137 10388 13 92 88
35138 10389 13 93 88
35140 10390 13 94 88
35142 10391 13 95 88
35145 10392 13 96 88
35147 10393 13 97 88
35148 10394 13 98 88
35151 10395 13 99 88
35152 10396 13 100 88
35153 10397 13 101 88
35154 10398 13 102 88
35155 10399 13 103 88
35158 10400 13 104 88
35159 10401 13 105 88
35160 10402 13 106 88
35161 10403 13 107 88
35162 10404 13 108 88
35163 10405 13 109 88
35164 10406 13 110 88
35165 10407 13 111 88
35166 10408 13 112 88
35167 10409 13 113 88
35168 10410 13 114 88
35169 10411 13 115 88
35170 10412 13 116 88
35171 10413 13 0 89
35172 10414 13 1 89
35174 10415 13 2 89
35177 10416 13 3 89
35178 10417 13 4 89
35179 10418 13 5 89
35180 10419 13 6 89
35181 10420 13 7 89
35182 10421 13 8 89
35183 10422 13 9 89
35185 10423 13 10 89
35186 10424 13 11 89
35187 10425 13 12 89
35188 10426 13 13 89
35190 10427 13 14 89
35193 10428 13 15 89
35194 10429 13 16 89
35195 10430 13 17 89
35196 10431 13 18 89
35198 10432 13 19 89
35199 10433 13 20 89
35201 10434 13 21 89
35202 10435 13 22 89
35203 10436 13 23 89
35205 10437 13 24 89
35206 10438 13 25 89
35208 10439 13 26 89
35211 10440 13 27 89
35215 10441 13 28 89
35219 10442 13 29 89
35221 10443 13 30 89
35222 10444 13 31 89
35223 10445 13 32 89
35224 10446 13 33 89
35227 10447 13 34 89
35228 10448 13 35 89
35229 10449 13 36 89
35230 10450 13 37 89
35231 10451 13 38 89
35233 10452 13 39 89
35234 10453 13 40 89
35235 10454 13 41 89
35236 10455 13 42 89
35238 10456 13 43 89
35242 10457 13 44 89
35244 10458 13 45 89
35245 10459 13 46 89
35246 10460 13 47 89
35247 10461 13 48 89
35250 10462 13 49 89
35254 10463 13 50 89
35255 10464 13 51 89
35257 10465 13 52 89
35258 10466 13 53 89
35261 10467 13 54 89
35262 10468 13 55 89
35263 10469 13 56 89
35264 10470 13 57 89
35282 10471 13 58 89
35283 10472 13 59 89
35284 10473 13 60 89
35285 10474 13 61 89
35286 10475 13 62 89
35289 10476 13 63 89
35290 10477 13 64 89
35291 10478 13 65 89
35292 10479 13 66 89
35293 10480 13 67 89
35295 10481 13 68 89
35296 10482 13 69 89
35297 10483 13 70 89
35298 10484 13 71 89
35299 10485 13 72 89
35300 10486 13 73 89
35301 10487 13 74 89
35302 10488 13 75 89
35304 10489 13 76 89
35305 10490 13 77 89
35307 10491 13 78 89
35308 10492 13 79 89
35309 10493 13 80 89
35312 10494 13 81 89
35313 10495 13 82 89
35314 10496 13 83 89
35315 10497 13 84 89
35316 10498 13 85 89
35318 10499 13 86 89
35319 10500 13 87 89
35320 10501 13 88 89
35322 10502 13 89 89
35323 10503 13 90 89
35324 10504 13 91 89
35326 10505 13 92 89
35327 10506 13 93 89
35328 10507 13 94 89
35330 10508 13 95 89
35331 10509 13 96 89
35332 10510 13 97 89
35335 10511 13 98 89
35336 10512 13 99 89
35338 10513 13 100 89
35340 10514 13 101 89
35342 10515 13 102 89
35343 10516 13 103 89
35344 10517 13 104 89
35345 10518 13 105 89
35346 10519 13 106 89
35347 10520 13 107 89
35349 10521 13 108 89
35350 10522 13 109 89
35351 10523 13 110 89
35352 10524 13 111 89
35355 10525 13 112 89
35357 10526 13 113 89
35358 10527 13 114 89
35359 10528 13 115 89
35362 10529 13 116 89
35363 10530 13 0 90
35365 10531 13 1 90
35367 10532 13 2 90
35370 10533 13 3 90
35372 10534 13 4 90
35373 10535 13 5 90
35376 10536 13 6 90
35377 10537 13 7 90
35380 10538 13 8 90
35382 10539 13 9 90
35385 10540 13 10 90
35386 10541 13 11 90
35387 10542 13 12 90
35388 10543 13 13 90
35390 10544 13 14 90
35391 10545 13 15 90
35392 10546 13 16 90
35393 10547 13 17 90
35396 10548 13 18 90
35397 10549 13 19 90
35398 10550 13 20 90
35400 10551 13 21 90
35402 10552 13 22 90
35404 10553 13 23 90
35405 10554 13 24 90
35406 10555 13 25 90
35407 10556 13 26 90
35408 10557 13 27 90
35409 10558 13 28 90
35410 10559 13 29 90
35412 10560 13 30 90
35413 10561 13 31 90
35414 10562 13 32 90
35415 10563 13 33 90
35416 10564 13 34 90
35417 10565 13 35 90
35419 10566 13 36 90
35422 10567 13 37 90
35424 10568 13 38 90
35425 10569 13 39 90
35426 10570 13 40 90
35427 10571 13 41 90
35430 10572 13 42 90
35432 10573 13 43 90
35433 10574 13 44 90
35435 10575 13 45 90
35436 10576 13 46 90
35437 10577 13 47 90
35438 10578 13 48 90
35440 10579 13 49 90
35441 10580 13 50 90
35442 10581 13 51 90
35443 10582 13 52 90
35444 10583 13 53 90
35445 10584 13 54 90
35446 10585 13 55 90
35447 10586 13 56 90
35449 10587 13 57 90
35450 10588 13 58 90
35451 10589 13 59 90
35452 10590 13 60 90
35455 10591 13 61 90
35457 10592 13 62 90
35458 10593 13 63 90
35459 10594 13 64 90
35460 10595 13 65 90
35461 10596 13 66 90
35462 10597 13 67 90
35463 10598 13 68 90
35467 10599 13 69 90
35468 10600 13 70 90
35469 10601 13 71 90
35471 10602 13 72 90
35473 10603 13 73 90
35474 10604 13 74 90
35475 10605 13 75 90
35477 10606 13 76 90
35478 10607 13 77 90
35480 10608 13 78 90
35481 10609 13 79 90
35482 10610 13 80 90
35486 10611 13 81 90
35488 10612 13 82 90
35489 10613 13 83 90
35491 10614 13 84 90
35492 10615 13 85 90
35493 10616 13 86 90
35494 10617 13 87 90
35495 10618 13 88 90
35496 10619 13 89 90
35498 10620 13 90 90
35499 10621 13 91 90
35504 10622 13 92 90
35506 10623 13 93 90
35510 10624 13 94 90
35512 10625 13 95 90
35513 10626 13 96 90
35514 10627 13 97 90
35515 10628 13 98 90
35516 10629 13 99 90
35517 10630 13 100 90
35518 10631 13 101 90
35519 10632 13 102 90
35520 10633 13 103 90
35522 10634 13 104 90
35523 10635 13 105 90
35524 10636 13 106 90
35525 10637 13 107 90
35526 10638 13 108 90
35527 10639 13 109 90
35528 10640 13 110 90
35529 10641 13 111 90
35531 10642 13 112 90
35533 10643 13 113 90
35535 10644 13 114 90
35537 10645 13 115 90
35538 10646 13 116 90
35539 10647 13 0 91
35540 10648 13 1 91
35541 10649 13 2 91
35542 10650 13 3 91
35543 10651 13 4 91
35544 10652 13 5 91
35545 10653 13 6 91
35547 10654 13 7 91
35548 10655 13 8 91
35549 10656 13 9 91
35550 10657 13 10 91
35551 10658 13 11 91
35552 10659 13 12 91
35553 10660 13 13 91
35554 10661 13 14 91
35556 10662 13 15 91
35558 10663 13 16 91
35559 10664 13 17 91
35560 10665 13 18 91
35563 10666 13 19 91
35565 10667 13 20 91
35566 10668 13 21 91
35567 10669 13 22 91
35568 10670 13 23 91
35569 10671 13 24 91
35570 10672 13 25 91
35571 10673 13 26 91
35572 10674 13 27 91
35573 10675 13 28 91
35574 10676 13 29 91
35575 10677 13 30 91
35576 10678 13 31 91
35578 10679 13 32 91
35579 10680 13 33 91
35580 10681 13 34 91
35582 10682 13 35 91
35583 10683 13 36 91
35584 10684 13 37 91
35585 10685 13 38 91
35586 10686 13 39 91
35588 10687 13 40 91
35589 10688 13 41 91
35590 10689 13 42 91
35591 10690 13 43 91
35592 10691 13 44 91
35594 10692 13 45 91
35595 10693 13 46 91
35597 10694 13 47 91
35598 10695 13 48 91
35599 10696 13 49 91
35600 10697 13 50 91
35601 10698 13 51 91
35602 10699 13 52 91
35603 10700 13 53 91
35604 10701 13 54 91
35605 10702 13 55 91
35606 10703 13 56 91
35607 10704 13 57 91
35608 10705 13 58 91
35609 10706 13 59 91
35610 10707 13 60 91
35611 10708 13 61 91
35612 10709 13 62 91
35613 10710 13 63 91
35614 10711 13 64 91
35616 10712 13 65 91
35618 10713 13 66 91
35619 10714 13 67 91
35620 10715 13 68 91
35621 10716 13 69 91
35622 10717 13 70 91
35623 10718 13 71 91
35624 10719 13 72 91
35626 10720 13 73 91
35627 10721 13 74 91
35628 10722 13 75 91
35630 10723 13 76 91
35631 10724 13 77 91
35632 10725 13 78 91
35633 10726 13 79 91
35635 10727 13 80 91
35637 10728 13 81 91
35638 10729 13 82 91
35639 10730 13 83 91
35641 10731 13 84 91
35642 10732 13 85 91
35643 10733 13 86 91
35644 10734 13 87 91
35645 10735 13 88 91
35646 10736 13 89 91
35648 10737 13 90 91
35649 10738 13 91 91
35650 10739 13 92 91
35653 10740 13 93 91
35654 10741 13 94 91
35655 10742 13 95 91
35656 10743 13 96 91
35657 10744 13 97 91
35658 10745 13 98 91
35659 10746 13 99 91
35662 10747 13 100 91
35663 10748 13 101 91
35664 10749 13 102 91
35665 10750 13 103 91
35666 10751 13 104 91
35667 10752 13 105 91
35668 10753 13 106 91
35669 10754 13 107 91
35670 10755 13 108 91
35671 10756 13 109 91
35672 10757 13 110 91
35673 10758 13 111 91
35674 10759 13 112 91
35676 10760 13 113 91
35677 10761 13 114 91
35679 10762 13 115 91
35680 10763 13 116 91
35683 10764 13 0 92
35685 10765 13 1 92
35686 10766 13 2 92
35687 10767 13 3 92
35688 10768 13 4 92
35690 10769 13 5 92
35691 10770 13 6 92
35692 10771 13 7 92
35693 10772 13 8 92
35695 10773 13 9 92
35696 10774 13 10 92
35700 10775 13 11 92
35703 10776 13 12 92
35704 10777 13 13 92
35705 10778 13 14 92
35706 10779 13 15 92
35707 10780 13 16 92
35709 10781 13 17 92
35710 10782 13 18 92
35711 10783 13 19 92
35712 10784 13 20 92
35714 10785 13 21 92
35716 10786 13 22 92
35717 10787 13 23 92
35718 10788 13 24 92
35720 10789 13 25 92
35722 10790 13 26 92
35723 10791 13 27 92
35724 10792 13 28 92
35726 10793 13 29 92
35730 10794 13 30 92
35731 10795 13 31 92
35732 10796 13 32 92
35733 10797 13 33 92
35734 10798 13 34 92
35736 10799 13 35 92
35737 10800 13 36 92
35738 10801 13 37 92
35740 10802 13 38 92
35742 10803 13 39 92
35743 10804 13 40 92
35895 10805 13 41 92
35897 10806 13 42 92
35899 10807 13 43 92
35900 10808 13 44 92
35901 10809 13 45 92
35902 10810 13 46 92
35903 10811 13 47 92
35905 10812 13 48 92
35906 10813 13 49 92
35907 10814 13 50 92
35909 10815 13 51 92
35910 10816 13 52 92
35911 10817 13 53 92
35912 10818 13 54 92
35913 10819 13 55 92
35914 10820 13 56 92
35915 10821 13 57 92
35916 10822 13 58 92
35917 10823 13 59 92
35918 10824 13 60 92
35919 10825 13 61 92
35920 10826 13 62 92
35924 10827 13 63 92
35925 10828 13 64 92
35926 10829 13 65 92
35927 10830 13 66 92
35930 10831 13 67 92
35932 10832 13 68 92
35933 10833 13 69 92
35935 10834 13 70 92
35937 10835 13 71 92
35938 10836 13 72 92
35940 10837 13 73 92
35941 10838 13 74 92
35942 10839 13 75 92
35944 10840 13 76 92
35945 10841 13 77 92
35946 10842 13 78 92
35947 10843 13 79 92
35948 10844 13 80 92
35949 10845 13 81 92
35951 10846 13 82 92
35952 10847 13 83 92
35953 10848 13 84 92
35954 10849 13 85 92
35955 10850 13 86 92
35957 10851 13 87 92
35958 10852 13 88 92
35959 10853 13 89 92
35960 10854 13 90 92
35961 10855 13 91 92
35962 10856 13 92 92
35963 10857 13 93 92
35965 10858 13 94 92
35968 10859 13 95 92
35969 10860 13 96 92
35970 10861 13 97 92
35972 10862 13 98 92
35973 10863 13 99 92
35974 10864 13 100 92
35977 10865 13 101 92
35978 10866 13 102 92
35980 10867 13 103 92
35981 10868 13 104 92
35983 10869 13 105 92
35984 10870 13 106 92
35985 10871 13 107 92
35986 10872 13 108 92
35987 10873 13 109 92
35988 10874 13 110 92
35989 10875 13 111 92
35991 10876 13 112 92
35992 10877 13 113 92
35993 10878 13 114 92
35994 10879 13 115 92
35996 10880 13 116 92
35997 10881 13 0 93
35998 10882 13 1 93
36000 10883 13 2 93
36001 10884 13 3 93
36002 10885 13 4 93
36003 10886 13 5 93
36004 10887 13 6 93
36005 10888 13 7 93
36007 10889 13 8 93
36008 10890 13 9 93
36009 10891 13 10 93
36010 10892 13 11 93
36011 10893 13 12 93
36012 10894 13 13 93
36015 10895 13 14 93
36016 10896 13 15 93
36018 10897 13 16 93
36019 10898 13 17 93
36020 10899 13 18 93
36021 10900 13 19 93
36022 10901 13 20 93
36023 10902 13 21 93
36024 10903 13 22 93
36025 10904 13 23 93
36026 10905 13 24 93
36027 10906 13 25 93
36028 10907 13 26 93
36029 10908 13 27 93
36030 10909 13 28 93
36031 10910 13 29 93
36032 10911 13 30 93
36033 10912 13 31 93
36034 10913 13 32 93
36035 10914 13 33 93
36036 10915 13 34 93
36037 10916 13 35 93
36039 10917 13 36 93
36040 10918 13 37 93
36042 10919 13 38 93
36044 10920 13 39 93
36047 10921 13 40 93
36049 10922 13 41 93
36050 10923 13 42 93
36051 10924 13 43 93
36053 10925 13 44 93
36055 10926 13 45 93
36057 10927 13 46 93
36058 10928 13 47 93
36060 10929 13 48 93
36061 10930 13 49 93
36062 10931 13 50 93
36063 10932 13 51 93
36064 10933 13 52 93
36065 10934 13 53 93
36066 10935 13 54 93
36067 10936 13 55 93
36068 10937 13 56 93
36069 10938 13 57 93
36070 10939 13 58 93
36071 10940 13 59 93
36072 10941 13 60 93
36074 10942 13 61 93
36076 10943 13 62 93
36077 10944 13 63 93
36078 10945 13 64 93
36080 10946 13 65 93
36081 10947 13 66 93
36083 10948 13 67 93
36084 10949 13 68 93
36085 10950 13 69 93
36088 10951 13 70 93
36089 10952 13 71 93
36090 10953 13 72 93
36091 10954 13 73 93
36092 10955 13 74 93
36093 10956 13 75 93
36094 10957 13 76 93
36096 10958 13 77 93
36098 10959 13 78 93
36100 10960 13 79 93
36101 10961 13 80 93
36102 10962 13 81 93
36103 10963 13 82 93
36104 10964 13 83 93
36105 10965 13 84 93
36106 10966 13 85 93
36109 10967 13 86 93
36111 10968 13 87 93
36112 10969 13 88 93
36115 10970 13 89 93
36116 10971 13 90 93
36117 10972 13 91 93
36118 10973 13 92 93
36119 10974 13 93 93
36121 10975 13 94 93
36123 10976 13 95 93
36196 10977 13 96 93
36198 10978 13 97 93
36199 10979 13 98 93
36200 10980 13 99 93
36201 10981 13 100 93
36203 10982 13 101 93
36204 10983 13 102 93
36205 10984 13 103 93
36206 10985 13 104 93
36207 10986 13 105 93
36208 10987 13 106 93
36210 10988 13 107 93
36211 10989 13 108 93
36212 10990 13 109 93
36214 10991 13 110 93
36215 10992 13 111 93
36216 10993 13 112 93
36217 10994 13 113 93
36219 10995 13 114 93
36221 10996 13 115 93
36224 10997 13 116 93
36225 10998 13 0 94
36228 10999 13 1 94
36229 11000 13 2 94
36233 11001 13 3 94
36234 11002 13 4 94
36236 11003 13 5 94
36237 11004 13 6 94
36238 11005 13 7 94
36239 11006 13 8 94
36240 11007 13 9 94
36241 11008 13 10 94
36242 11009 13 11 94
36243 11010 13 12 94
36244 11011 13 13 94
36245 11012 13 14 94
36246 11013 13 15 94
36249 11014 13 16 94
36251 11015 13 17 94
36252 11016 13 18 94
36255 11017 13 19 94
36256 11018 13 20 94
36257 11019 13 21 94
36259 11020 13 22 94
36261 11021 13 23 94
36263 11022 13 24 94
36264 11023 13 25 94
36266 11024 13 26 94
36267 11025 13 27 94
36268 11026 13 28 94
36269 11027 13 29 94
36270 11028 13 30 94
36271 11029 13 31 94
36274 11030 13 32 94
36275 11031 13 33 94
36276 11032 13 34 94
36277 11033 13 35 94
36278 11034 13 36 94
36279 11035 13 37 94
36281 11036 13 38 94
36282 11037 13 39 94
36284 11038 13 40 94
36286 11039 13 41 94
36287 11040 13 42 94
36289 11041 13 43 94
36290 11042 13 44 94
36293 11043 13 45 94
36294 11044 13 46 94
36295 11045 13 47 94
36296 11046 13 48 94
36299 11047 13 49 94
36300 11048 13 50 94
36301 11049 13 51 94
36302 11050 13 52 94
36303 11051 13 53 94
36304 11052 13 54 94
36305 11053 13 55 94
36307 11054 13 56 94
36309 11055 13 57 94
36310 11056 13 58 94
36311 11057 13 59 94
36312 11058 13 60 94
36313 11059 13 61 94
36314 11060 13 62 94
36315 11061 13 63 94
36316 11062 13 64 94
36317 11063 13 65 94
36319 11064 13 66 94
36320 11065 13 67 94
36321 11066 13 68 94
36322 11067 13 69 94
36323 11068 13 70 94
36324 11069 13 71 94
36326 11070 13 72 94
36327 11071 13 73 94
36328 11072 13 74 94
36329 11073 13 75 94
36330 11074 13 76 94
36331 11075 13 77 94
36332 11076 13 78 94
36334 11077 13 79 94
36335 11078 13 80 94
36336 11079 13 81 94
36337 11080 13 82 94
36338 11081 13 83 94
36339 11082 13 84 94
36340 11083 13 85 94
36346 11084 13 86 94
36348 11085 13 87 94
36349 11086 13 88 94
36350 11087 13 89 94
36351 11088 13 90 94
36352 11089 13 91 94
36354 11090 13 92 94
36355 11091 13 93 94
36356 11092 13 94 94
36357 11093 13 95 94
36358 11094 13 96 94
36359 11095 13 97 94
36361 11096 13 98 94
36362 11097 13 99 94
36365 11098 13 100 94
36367 11099 13 101 94
36368 11100 13 102 94
36369 11101 13 103 94
36370 11102 13 104 94
36371 11103 13 105 94
36372 11104 13 106 94
36373 11105 13 107 94
36374 11106 13 108 94
36375 11107 13 109 94
36376 11108 13 110 94
36377 11109 13 111 94
36378 11110 13 112 94
36379 11111 13 113 94
36380 11112 13 114 94
36381 11113 13 115 94
36382 11114 13 116 94
36383 11115 13 0 95
36384 11116 13 1 95
36385 11117 13 2 95
36386 11118 13 3 95
36387 11119 13 4 95
36388 11120 13 5 95
36389 11121 13 6 95
36390 11122 13 7 95
36391 11123 13 8 95
36393 11124 13 9 95
36395 11125 13 10 95
36398 11126 13 11 95
36400 11127 13 12 95
36401 11128 13 13 95
36403 11129 13 14 95
36404 11130 13 15 95
36405 11131 13 16 95
36406 11132 13 17 95
36408 11133 13 18 95
36409 11134 13 19 95
36412 11135 13 20 95
36413 11136 13 21 95
36414 11137 13 22 95
36415 11138 13 23 95
36416 11139 13 24 95
36417 11140 13 25 95
36418 11141 13 26 95
36420 11142 13 27 95
36421 11143 13 28 95
36423 11144 13 29 95
36424 11145 13 30 95
36425 11146 13 31 95
36426 11147 13 32 95
36427 11148 13 33 95
36428 11149 13 34 95
36429 11150 13 35 95
36430 11151 13 36 95
36432 11152 13 37 95
36435 11153 13 38 95
36436 11154 13 39 95
36437 11155 13 40 95
36438 11156 13 41 95
36439 11157 13 42 95
36441 11158 13 43 95
36442 11159 13 44 95
36443 11160 13 45 95
36444 11161 13 46 95
36445 11162 13 47 95
36446 11163 13 48 95
36447 11164 13 49 95
36448 11165 13 50 95
36449 11166 13 51 95
36450 11167 13 52 95
36451 11168 13 53 95
36452 11169 13 54 95
36453 11170 13 55 95
36454 11171 13 56 95
36455 11172 13 57 95
36457 11173 13 58 95
36458 11174 13 59 95
36460 11175 13 60 95
36461 11176 13 61 95
36463 11177 13 62 95
36466 11178 13 63 95
36467 11179 13 64 95
36468 11180 13 65 95
36470 11181 13 66 95
36472 11182 13 67 95
36474 11183 13 68 95
36475 11184 13 69 95
36476 11185 13 70 95
36481 11186 13 71 95
36482 11187 13 72 95
36484 11188 13 73 95
36485 11189 13 74 95
36486 11190 13 75 95
36487 11191 13 76 95
36488 11192 13 77 95
36489 11193 13 78 95
36490 11194 13 79 95
36491 11195 13 80 95
36492 11196 13 81 95
36493 11197 13 82 95
36494 11198 13 83 95
36496 11199 13 84 95
36497 11200 13 85 95
36498 11201 13 86 95
36499 11202 13 87 95
36500 11203 13 88 95
36501 11204 13 89 95
36502 11205 13 90 95
36503 11206 13 91 95
36504 11207 13 92 95
36506 11208 13 93 95
36509 11209 13 94 95
36510 11210 13 95 95
36511 11211 13 96 95
36512 11212 13 97 95
36513 11213 13 98 95
36515 11214 13 99 95
36516 11215 13 100 95
36517 11216 13 101 95
36518 11217 13 102 95
36520 11218 13 103 95
36521 11219 13 104 95
36522 11220 13 105 95
36523 11221 13 106 95
36524 11222 13 107 95
36530 11223 13 108 95
36538 11224 13 109 95
36541 11225 13 110 95
36544 11226 13 111 95
36546 11227 13 112 95
36553 11228 13 113 95
36554 11229 13 114 95
36555 11230 13 115 95
36556 11231 13 116 95
36557 11232 13 0 96
36559 11233 13 1 96
36561 11234 13 2 96
36562 11235 13 3 96
36563 11236 13 4 96
36564 11237 13 5 96
36567 11238 13 6 96
36568 11239 13 7 96
36571 11240 13 8 96
36572 11241 13 9 96
36573 11242 13 10 96
36574 11243 13 11 96
36575 11244 13 12 96
36576 11245 13 13 96
36577 11246 13 14 96
36581 11247 13 15 96
36582 11248 13 16 96
36583 11249 13 17 96
36584 11250 13 18 96
36585 11251 13 19 96
36587 11252 13 20 96
36588 11253 13 21 96
36590 11254 13 22 96
36591 11255 13 23 96
36593 11256 13 24 96
36596 11257 13 25 96
36597 11258 13 26 96
36598 11259 13 27 96
36599 11260 13 28 96
36600 11261 13 29 96
36601 11262 13 30 96
36602 11263 13 31 96
36603 11264 13 32 96
36604 11265 13 33 96
36606 11266 13 34 96
36607 11267 13 35 96
36608 11268 13 36 96
36609 11269 13 37 96
36610 11270 13 38 96
36611 11271 13 39 96
36613 11272 13 40 96
36614 11273 13 41 96
36615 11274 13 42 96
36616 11275 13 43 96
36617 11276 13 44 96
36618 11277 13 45 96
36619 11278 13 46 96
36621 11279 13 47 96
36622 11280 13 48 96
36624 11281 13 49 96
36625 11282 13 50 96
36626 11283 13 51 96
36627 11284 13 52 96
36628 11285 13 53 96
36629 11286 13 54 96
36630 11287 13 55 96
36631 11288 13 56 96
36632 11289 13 57 96
36634 11290 13 58 96
36635 11291 13 59 96
36636 11292 13 60 96
36637 11293 13 61 96
36638 11294 13 62 96
36639 11295 13 63 96
36640 11296 13 64 96
36643 11297 13 65 96
36644 11298 13 66 96
36645 11299 13 67 96
36646 11300 13 68 96
36649 11301 13 69 96
36650 11302 13 70 96
36652 11303 13 71 96
36654 11304 13 72 96
36655 11305 13 73 96
36658 11306 13 74 96
36659 11307 13 75 96
36660 11308 13 76 96
36661 11309 13 77 96
36662 11310 13 78 96
36663 11311 13 79 96
36664 11312 13 80 96
36665 11313 13 81 96
36667 11314 13 82 96
36670 11315 13 83 96
36671 11316 13 84 96
36672 11317 13 85 96
36674 11318 13 86 96
36675 11319 13 87 96
36676 11320 13 88 96
36677 11321 13 89 96
36678 11322 13 90 96
36679 11323 13 91 96
36680 11324 13 92 96
36681 11325 13 93 96
36683 11326 13 94 96
36685 11327 13 95 96
36686 11328 13 96 96
36687 11329 13 97 96
36688 11330 13 98 96
36689 11331 13 99 96
36690 11332 13 100 96
36691 11333 13 101 96
36692 11334 13 102 96
36693 11335 13 103 96
36694 11336 13 104 96
36695 11337 13 105 96
36696 11338 13 106 96
36697 11339 13 107 96
36698 11340 13 108 96
36699 11341 13 109 96
36701 11342 13 110 96
36702 11343 13 111 96
36703 11344 13 112 96
36704 11345 13 113 96
36705 11346 13 114 96
36706 11347 13 115 96
36707 11348 13 116 96
36708 11349 13 0 97
36763 11350 13 1 97
36764 11351 13 2 97
36767 11352 13 3 97
36771 11353 13 4 97
36774 11354 13 5 97
36776 11355 13 6 97
36781 11356 13 7 97
36782 11357 13 8 97
36783 11358 13 9 97
36784 11359 13 10 97
36785 11360 13 11 97
36786 11361 13 12 97
36788 11362 13 13 97
36799 11363 13 14 97
36802 11364 13 15 97
36804 11365 13 16 97
36805 11366 13 17 97
36806 11367 13 18 97
36809 11368 13 19 97
36811 11369 13 20 97
36813 11370 13 21 97
36814 11371 13 22 97
36817 11372 13 23 97
36818 11373 13 24 97
36819 11374 13 25 97
36820 11375 13 26 97
36821 11376 13 27 97
36822 11377 13 28 97
36823 11378 13 29 97
36832 11379 13 30 97
36833 11380 13 31 97
36834 11381 13 32 97
36835 11382 13 33 97
36836 11383 13 34 97
36837 11384 13 35 97
36838 11385 13 36 97
36840 11386 13 37 97
36842 11387 13 38 97
36843 11388 13 39 97
36845 11389 13 40 97
36846 11390 13 41 97
36848 11391 13 42 97
36852 11392 13 43 97
36853 11393 13 44 97
36854 11394 13 45 97
36855 11395 13 46 97
36856 11396 13 47 97
36858 11397 13 48 97
36859 11398 13 49 97
36860 11399 13 50 97
36861 11400 13 51 97
36862 11401 13 52 97
36863 11402 13 53 97
36864 11403 13 54 97
36865 11404 13 55 97
36866 11405 13 56 97
36867 11406 13 57 97
36868 11407 13 58 97
36869 11408 13 59 97
36870 11409 13 60 97
36875 11410 13 61 97
36876 11411 13 62 97
36877 11412 13 63 97
36879 11413 13 64 97
36880 11414 13 65 97
36881 11415 13 66 97
36884 11416 13 67 97
36885 11417 13 68 97
36886 11418 13 69 97
36887 11419 13 70 97
36889 11420 13 71 97
36890 11421 13 72 97
36891 11422 13 73 97
36892 11423 13 74 97
36893 11424 13 75 97
36894 11425 13 76 97
36895 11426 13 77 97
36896 11427 13 78 97
36897 11428 13 79 97
36898 11429 13 80 97
36899 11430 13 81 97
36900 11431 13 82 97
36909 11432 13 83 97
36910 11433 13 84 97
36911 11434 13 85 97
36913 11435 13 86 97
36914 11436 13 87 97
36916 11437 13 88 97
36917 11438 13 89 97
36918 11439 13 90 97
36920 11440 13 91 97
36924 11441 13 92 97
36925 11442 13 93 97
36926 11443 13 94 97
36927 11444 13 95 97
36929 11445 13 96 97
36930 11446 13 97 97
36932 11447 13 98 97
36935 11448 13 99 97
36937 11449 13 100 97
36938 11450 13 101 97
36939 11451 13 102 97
36941 11452 13 103 97
36942 11453 13 104 97
36943 11454 13 105 97
36944 11455 13 106 97
36945 11456 13 107 97
36946 11457 13 108 97
36947 11458 13 109 97
36948 11459 13 110 97
36949 11460 13 111 97
36952 11461 13 112 97
36953 11462 13 113 97
36955 11463 13 114 97
36956 11464 13 115 97
36957 11465 13 116 97
36958 11466 13 0 98
36960 11467 13 1 98
36962 11468 13 2 98
36963 11469 13 3 98
36967 11470 13 4 98
36968 11471 13 5 98
36969 11472 13 6 98
36971 11473 13 7 98
36973 11474 13 8 98
36974 11475 13 9 98
36975 11476 13 10 98
36976 11477 13 11 98
36978 11478 13 12 98
36979 11479 13 13 98
36980 11480 13 14 98
36981 11481 13 15 98
36982 11482 13 16 98
36983 11483 13 17 98
36984 11484 13 18 98
36985 11485 13 19 98
36986 11486 13 20 98
36987 11487 13 21 98
36988 11488 13 22 98
36989 11489 13 23 98
36990 11490 13 24 98
36991 11491 13 25 98
36992 11492 13 26 98
36993 11493 13 27 98
36994 11494 13 28 98
36995 11495 13 29 98
36996 11496 13 30 98
36997 11497 13 31 98
36998 11498 13 32 98
36999 11499 13 33 98
37000 11500 13 34 98
37002 11501 13 35 98
37003 11502 13 36 98
37005 11503 13 37 98
37007 11504 13 38 98
37008 11505 13 39 98
37009 11506 13 40 98
37012 11507 13 41 98
37013 11508 13 42 98
37015 11509 13 43 98
37016 11510 13 44 98
37017 11511 13 45 98
37019 11512 13 46 98
37022 11513 13 47 98
37023 11514 13 48 98
37024 11515 13 49 98
37025 11516 13 50 98
37026 11517 13 51 98
37027 11518 13 52 98
37029 11519 13 53 98
37030 11520 13 54 98
37031 11521 13 55 98
37034 11522 13 56 98
37039 11523 13 57 98
37040 11524 13 58 98
37041 11525 13 59 98
37042 11526 13 60 98
37043 11527 13 61 98
37044 11528 13 62 98
37045 11529 13 63 98
37046 11530 13 64 98
37048 11531 13 65 98
37053 11532 13 66 98
37054 11533 13 67 98
37055 11534 13 68 98
37057 11535 13 69 98
37059 11536 13 70 98
37061 11537 13 71 98
37063 11538 13 72 98
37064 11539 13 73 98
37066 11540 13 74 98
37067 11541 13 75 98
37070 11542 13 76 98
37076 11543 13 77 98
37077 11544 13 78 98
37078 11545 13 79 98
37079 11546 13 80 98
37080 11547 13 81 98
37081 11548 13 82 98
37082 11549 13 83 98
37083 11550 13 84 98
37084 11551 13 85 98
37085 11552 13 86 98
37087 11553 13 87 98
37088 11554 13 88 98
37089 11555 13 89 98
37090 11556 13 90 98
37091 11557 13 91 98
37092 11558 13 92 98
37093 11559 13 93 98
37096 11560 13 94 98
37097 11561 13 95 98
37098 11562 13 96 98
37099 11563 13 97 98
37100 11564 13 98 98
37101 11565 13 99 98
37103 11566 13 100 98
37104 11567 13 101 98
37105 11568 13 102 98
37106 11569 13 103 98
37107 11570 13 104 98
37108 11571 13 105 98
37109 11572 13 106 98
37113 11573 13 107 98
37114 11574 13 108 98
37115 11575 13 109 98
37116 11576 13 110 98
37117 11577 13 111 98
37118 11578 13 112 98
37119 11579 13 113 98
37120 11580 13 114 98
37121 11581 13 115 98
37122 11582 13 116 98
37123 11583 13 0 99
37124 11584 13 1 99
37125 11585 13 2 99
37126 11586 13 3 99
37127 11587 13 4 99
37128 11588 13 5 99
37129 11589 13 6 99
37131 11590 13 7 99
37133 11591 13 8 99
37134 11592 13 9 99
37135 11593 13 10 99
37136 11594 13 11 99
37137 11595 13 12 99
37138 11596 13 13 99
37140 11597 13 14 99
37142 11598 13 15 99
37143 11599 13 16 99
37144 11600 13 17 99
37145 11601 13 18 99
37146 11602 13 19 99
37147 11603 13 20 99
37148 11604 13 21 99
37149 11605 13 22 99
37150 11606 13 23 99
37151 11607 13 24 99
37152 11608 13 25 99
37153 11609 13 26 99
37154 11610 13 27 99
37155 11611 13 28 99
37156 11612 13 29 99
37158 11613 13 30 99
37159 11614 13 31 99
37160 11615 13 32 99
37161 11616 13 33 99
37162 11617 13 34 99
37163 11618 13 35 99
37164 11619 13 36 99
37165 11620 13 37 99
37166 11621 13 38 99
37167 11622 13 39 99
37168 11623 13 40 99
37169 11624 13 41 99
37170 11625 13 42 99
37171 11626 13 43 99
37172 11627 13 44 99
37173 11628 13 45 99
37174 11629 13 46 99
37176 11630 13 47 99
37177 11631 13 48 99
37178 11632 13 49 99
37179 11633 13 50 99
37182 11634 13 51 99
37183 11635 13 52 99
37184 11636 13 53 99
37185 11637 13 54 99
37187 11638 13 55 99
37188 11639 13 56 99
37189 11640 13 57 99
37190 11641 13 58 99
37191 11642 13 59 99
37192 11643 13 60 99
37193 11644 13 61 99
37194 11645 13 62 99
37195 11646 13 63 99
37196 11647 13 64 99
37197 11648 13 65 99
37198 11649 13 66 99
37199 11650 13 67 99
37200 11651 13 68 99
37202 11652 13 69 99
37203 11653 13 70 99
37205 11654 13 71 99
37206 11655 13 72 99
37207 11656 13 73 99
37208 11657 13 74 99
37210 11658 13 75 99
37215 11659 13 76 99
37216 11660 13 77 99
37217 11661 13 78 99
37218 11662 13 79 99
37219 11663 13 80 99
37220 11664 13 81 99
37221 11665 13 82 99
37224 11666 13 83 99
37225 11667 13 84 99
37226 11668 13 85 99
37228 11669 13 86 99
37230 11670 13 87 99
37231 11671 13 88 99
37234 11672 13 89 99
37235 11673 13 90 99
37236 11674 13 91 99
37237 11675 13 92 99
37239 11676 13 93 99
37240 11677 13 94 99
37241 11678 13 95 99
37242 11679 13 96 99
37248 11680 13 97 99
37249 11681 13 98 99
37250 11682 13 99 99
37251 11683 13 100 99
37252 11684 13 101 99
37253 11685 13 102 99
37254 11686 13 103 99
37255 11687 13 104 99
37257 11688 13 105 99
37258 11689 13 106 99
37259 11690 13 107 99
37261 11691 13 108 99
37263 11692 13 109 99
37264 11693 13 110 99
37265 11694 13 111 99
37266 11695 13 112 99
37267 11696 13 113 99
37273 11697 13 114 99
37274 11698 13 115 99
37275 11699 13 116 99
37276 11700 13 0 100
37277 11701 13 1 100
37278 11702 13 2 100
37279 11703 13 3 100
37280 11704 13 4 100
37281 11705 13 5 100
37282 11706 13 6 100
37283 11707 13 7 100
37285 11708 13 8 100
37287 11709 13 9 100
37288 11710 13 10 100
37290 11711 13 11 100
37291 11712 13 12 100
37292 11713 13 13 100
37293 11714 13 14 100
37294 11715 13 15 100
37295 11716 13 16 100
37296 11717 13 17 100
37297 11718 13 18 100
37298 11719 13 19 100
37299 11720 13 20 100
37300 11721 13 21 100
37301 11722 13 22 100
37303 11723 13 23 100
37305 11724 13 24 100
37306 11725 13 25 100
37308 11726 13 26 100
37309 11727 13 27 100
37310 11728 13 28 100
37312 11729 13 29 100
37313 11730 13 30 100
37314 11731 13 31 100
37315 11732 13 32 100
37317 11733 13 33 100
37318 11734 13 34 100
37319 11735 13 35 100
37321 11736 13 36 100
37323 11737 13 37 100
37324 11738 13 38 100
37325 11739 13 39 100
37326 11740 13 40 100
37327 11741 13 41 100
37328 11742 13 42 100
37329 11743 13 43 100
37331 11744 13 44 100
37332 11745 13 45 100
37333 11746 13 46 100
37335 11747 13 47 100
37336 11748 13 48 100
37337 11749 13 49 100
37338 11750 13 50 100
37340 11751 13 51 100
37341 11752 13 52 100
37346 11753 13 53 100
37347 11754 13 54 100
37348 11755 13 55 100
37350 11756 13 56 100
37351 11757 13 57 100
37352 11758 13 58 100
37353 11759 13 59 100
37354 11760 13 60 100
37355 11761 13 61 100
37356 11762 13 62 100
37357 11763 13 63 100
37358 11764 13 64 100
37361 11765 13 65 100
37363 11766 13 66 100
37364 11767 13 67 100
37365 11768 13 68 100
37367 11769 13 69 100
37368 11770 13 70 100
37369 11771 13 71 100
37373 11772 13 72 100
37375 11773 13 73 100
37376 11774 13 74 100
37377 11775 13 75 100
37378 11776 13 76 100
37379 11777 13 77 100
37380 11778 13 78 100
37381 11779 13 79 100
37382 11780 13 80 100
37383 11781 13 81 100
37385 11782 13 82 100
37386 11783 13 83 100
37388 11784 13 84 100
37389 11785 13 85 100
37391 11786 13 86 100
37392 11787 13 87 100
37393 11788 13 88 100
37394 11789 13 89 100
37396 11790 13 90 100
37397 11791 13 91 100
37398 11792 13 92 100
37399 11793 13 93 100
37401 11794 13 94 100
37402 11795 13 95 100
37404 11796 13 96 100
37406 11797 13 97 100
37411 11798 13 98 100
37412 11799 13 99 100
37413 11800 13 100 100
37414 11801 13 101 100
37415 11802 13 102 100
37421 11803 13 103 100
37422 11804 13 104 100
37424 11805 13 105 100
37425 11806 13 106 100
37426 11807 13 107 100
37427 11808 13 108 100
37428 11809 13 109 100
37430 11810 13 110 100
37431 11811 13 111 100
37432 11812 13 112 100
37433 11813 13 113 100
37434 11814 13 114 100
37437 11815 13 115 100
37438 11816 13 116 100
37439 11817 13 0 101
37440 11818 13 1 101
37445 11819 13 2 101
37446 11820 13 3 101
37448 11821 13 4 101
37449 11822 13 5 101
37450 11823 13 6 101
37451 11824 13 7 101
37452 11825 13 8 101
37453 11826 13 9 101
37454 11827 13 10 101
37455 11828 13 11 101
37456 11829 13 12 101
37457 11830 13 13 101
37458 11831 13 14 101
37459 11832 13 15 101
37460 11833 13 16 101
37462 11834 13 17 101
37463 11835 13 18 101
37466 11836 13 19 101
37467 11837 13 20 101
37470 11838 13 21 101
37472 11839 13 22 101
37473 11840 13 23 101
37475 11841 13 24 101
37476 11842 13 25 101
37477 11843 13 26 101
37478 11844 13 27 101
37479 11845 13 28 101
37484 11846 13 29 101
37485 11847 13 30 101
37487 11848 13 31 101
37488 11849 13 32 101
37490 11850 13 33 101
37494 11851 13 34 101
37496 11852 13 35 101
37497 11853 13 36 101
37498 11854 13 37 101
37499 11855 13 38 101
37500 11856 13 39 101
37501 11857 13 40 101
37502 11858 13 41 101
37503 11859 13 42 101
37504 11860 13 43 101
37506 11861 13 44 101
37507 11862 13 45 101
37509 11863 13 46 101
37510 11864 13 47 101
37511 11865 13 48 101
37512 11866 13 49 101
37514 11867 13 50 101
37515 11868 13 51 101
37516 11869 13 52 101
37517 11870 13 53 101
37518 11871 13 54 101
37521 11872 13 55 101
37523 11873 13 56 101
37524 11874 13 57 101
37525 11875 13 58 101
37526 11876 13 59 101
37527 11877 13 60 101
37528 11878 13 61 101
37529 11879 13 62 101
37530 11880 13 63 101
37531 11881 13 64 101
37532 11882 13 65 101
37533 11883 13 66 101
37536 11884 13 67 101
37537 11885 13 68 101
37538 11886 13 69 101
37539 11887 13 70 101
37540 11888 13 71 101
37541 11889 13 72 101
37542 11890 13 73 101
37543 11891 13 74 101
37544 11892 13 75 101
37545 11893 13 76 101
37546 11894 13 77 101
37547 11895 13 78 101
37548 11896 13 79 101
37554 11897 13 80 101
37555 11898 13 81 101
37556 11899 13 82 101
37557 11900 13 83 101
37558 11901 13 84 101
37559 11902 13 85 101
37563 11903 13 86 101
37564 11904 13 87 101
37568 11905 13 88 101
37569 11906 13 89 101
37570 11907 13 90 101
37571 11908 13 91 101
37572 11909 13 92 101
37573 11910 13 93 101
37574 11911 13 94 101
37575 11912 13 95 101
37576 11913 13 96 101
37577 11914 13 97 101
37578 11915 13 98 101
37579 11916 13 99 101
37580 11917 13 100 101
37581 11918 13 101 101
37582 11919 13 102 101
37583 11920 13 103 101
37584 11921 13 104 101
37585 11922 13 105 101
37586 11923 13 106 101
37587 11924 13 107 101
37589 11925 13 108 101
37591 11926 13 109 101
37592 11927 13 110 101
37593 11928 13 111 101
37597 11929 13 112 101
37598 11930 13 113 101
37599 11931 13 114 101
37600 11932 13 115 101
37601 11933 13 116 101
37604 11934 13 0 102
37606 11935 13 1 102
37607 11936 13 2 102
37608 11937 13 3 102
37609 11938 13 4 102
37610 11939 13 5 102
37614 11940 13 6 102
37615 11941 13 7 102
37616 11942 13 8 102
37617 11943 13 9 102
37623 11944 13 10 102
37624 11945 13 11 102
37625 11946 13 12 102
37626 11947 13 13 102
37627 11948 13 14 102
37628 11949 13 15 102
37630 11950 13 16 102
37631 11951 13 17 102
37632 11952 13 18 102
37633 11953 13 19 102
37634 11954 13 20 102
37636 11955 13 21 102
37638 11956 13 22 102
37640 11957 13 23 102
37641 11958 13 24 102
37643 11959 13 25 102
37644 11960 13 26 102
37645 11961 13 27 102
37646 11962 13 28 102
37647 11963 13 29 102
37648 11964 13 30 102
37650 11965 13 31 102
37651 11966 13 32 102
37652 11967 13 33 102
37653 11968 13 34 102
37654 11969 13 35 102
37656 11970 13 36 102
37657 11971 13 37 102
37658 11972 13 38 102
37659 11973 13 39 102
37661 11974 13 40 102
37662 11975 13 41 102
37663 11976 13 42 102
37664 11977 13 43 102
37665 11978 13 44 102
37666 11979 13 45 102
37667 11980 13 46 102
37668 11981 13 47 102
37669 11982 13 48 102
37670 11983 13 49 102
37671 11984 13 50 102
37672 11985 13 51 102
37673 11986 13 52 102
37674 11987 13 53 102
37675 11988 13 54 102
37677 11989 13 55 102
37678 11990 13 56 102
37679 11991 13 57 102
37683 11992 13 58 102
37684 11993 13 59 102
37685 11994 13 60 102
37686 11995 13 61 102
37688 11996 13 62 102
37689 11997 13 63 102
37692 11998 13 64 102
37702 11999 13 65 102
37703 12000 13 66 102
37705 12001 13 67 102
37706 12002 13 68 102
37707 12003 13 69 102
37708 12004 13 70 102
37709 12005 13 71 102
37710 12006 13 72 102
37711 12007 13 73 102
37712 12008 13 74 102
37713 12009 13 75 102
37714 12010 13 76 102
37716 12011 13 77 102
37717 12012 13 78 102
37718 12013 13 79 102
37719 12014 13 80 102
37720 12015 13 81 102
37721 12016 13 82 102
37722 12017 13 83 102
37723 12018 13 84 102
37724 12019 13 85 102
37726 12020 13 86 102
37728 12021 13 87 102
37729 12022 13 88 102
37731 12023 13 89 102
37732 12024 13 90 102
37733 12025 13 91 102
37735 12026 13 92 102
37738 12027 13 93 102
37740 12028 13 94 102
37741 12029 13 95 102
37744 12030 13 96 102
37745 12031 13 97 102
37749 12032 13 98 102
37750 12033 13 99 102
37751 12034 13 100 102
37753 12035 13 101 102
37754 12036 13 102 102
37755 12037 13 103 102
37756 12038 13 104 102
37758 12039 13 105 102
37760 12040 13 106 102
37762 12041 13 107 102
37763 12042 13 108 102
37768 12043 13 109 102
37769 12044 13 110 102
37770 12045 13 111 102
37772 12046 13 112 102
37773 12047 13 113 102
37774 12048 13 114 102
37775 12049 13 115 102
37777 12050 13 116 102
37778 12051 13 0 103
37780 12052 13 1 103
37781 12053 13 2 103
37782 12054 13 3 103
37783 12055 13 4 103
37784 12056 13 5 103
37785 12057 13 6 103
37786 12058 13 7 103
37787 12059 13 8 103
37789 12060 13 9 103
37790 12061 13 10 103
37791 12062 13 11 103
37793 12063 13 12 103
37794 12064 13 13 103
37795 12065 13 14 103
37796 12066 13 15 103
37797 12067 13 16 103
37798 12068 13 17 103
37799 12069 13 18 103
37800 12070 13 19 103
37801 12071 13 20 103
37802 12072 13 21 103
37804 12073 13 22 103
37806 12074 13 23 103
37807 12075 13 24 103
37808 12076 13 25 103
37809 12077 13 26 103
37810 12078 13 27 103
37811 12079 13 28 103
37812 12080 13 29 103
37813 12081 13 30 103
37815 12082 13 31 103
37824 12083 13 32 103
37826 12084 13 33 103
37827 12085 13 34 103
37828 12086 13 35 103
37831 12087 13 36 103
37832 12088 13 37 103
37834 12089 13 38 103
37836 12090 13 39 103
37837 12091 13 40 103
37838 12092 13 41 103
37839 12093 13 42 103
37840 12094 13 43 103
37841 12095 13 44 103
37842 12096 13 45 103
37844 12097 13 46 103
37845 12098 13 47 103
37846 12099 13 48 103
37847 12100 13 49 103
37848 12101 13 50 103
37849 12102 13 51 103
37850 12103 13 52 103
37852 12104 13 53 103
37853 12105 13 54 103
37854 12106 13 55 103
37855 12107 13 56 103
37857 12108 13 57 103
37858 12109 13 58 103
37859 12110 13 59 103
37860 12111 13 60 103
37862 12112 13 61 103
37863 12113 13 62 103
37864 12114 13 63 103
37868 12115 13 64 103
37870 12116 13 65 103
37877 12117 13 66 103
37878 12118 13 67 103
37879 12119 13 68 103
37880 12120 13 69 103
37881 12121 13 70 103
37882 12122 13 71 103
37883 12123 13 72 103
37884 12124 13 73 103
37885 12125 13 74 103
37886 12126 13 75 103
37887 12127 13 76 103
37888 12128 13 77 103
37891 12129 13 78 103
37894 12130 13 79 103
37895 12131 13 80 103
37897 12132 13 81 103
37898 12133 13 82 103
37899 12134 13 83 103
37900 12135 13 84 103
37901 12136 13 85 103
37902 12137 13 86 103
37903 12138 13 87 103
37904 12139 13 88 103
37905 12140 13 89 103
37906 12141 13 90 103
37907 12142 13 91 103
37908 12143 13 92 103
37909 12144 13 93 103
37910 12145 13 94 103
37912 12146 13 95 103
37913 12147 13 96 103
37920 12148 13 97 103
37928 12149 13 98 103
37929 12150 13 99 103
37930 12151 13 100 103
37931 12152 13 101 103
37932 12153 13 102 103
37934 12154 13 103 103
37936 12155 13 104 103
37937 12156 13 105 103
37938 12157 13 106 103
37939 12158 13 107 103
37941 12159 13 108 103
37942 12160 13 109 103
37943 12161 13 110 103
37944 12162 13 111 103
37945 12163 13 112 103
37946 12164 13 113 103
37947 12165 13 114 103
37948 12166 13 115 103
37949 12167 13 116 103
37951 12168 13 0 104
37952 12169 13 1 104
37956 12170 13 2 104
37957 12171 13 3 104
37958 12172 13 4 104
37959 12173 13 5 104
37960 12174 13 6 104
37961 12175 13 7 104
37962 12176 13 8 104
37963 12177 13 9 104
37964 12178 13 10 104
37967 12179 13 11 104
37968 12180 13 12 104
37969 12181 13 13 104
37970 12182 13 14 104
37973 12183 13 15 104
37975 12184 13 16 104
37981 12185 13 17 104
37982 12186 13 18 104
37984 12187 13 19 104
37986 12188 13 20 104
37987 12189 13 21 104
37988 12190 13 22 104
37992 12191 13 23 104
37993 12192 13 24 104
37994 12193 13 25 104
37995 12194 13 26 104
37997 12195 13 27 104
37998 12196 13 28 104
37999 12197 13 29 104
38000 12198 13 30 104
38001 12199 13 31 104
38002 12200 13 32 104
38003 12201 13 33 104
38004 12202 13 34 104
38005 12203 13 35 104
38006 12204 13 36 104
38007 12205 13 37 104
38008 12206 13 38 104
38012 12207 13 39 104
38013 12208 13 40 104
38014 12209 13 41 104
38015 12210 13 42 104
38016 12211 13 43 104
38017 12212 13 44 104
38018 12213 13 45 104
38019 12214 13 46 104
38263 12215 13 47 104
38266 12216 13 48 104
38267 12217 13 49 104
38268 12218 13 50 104
38269 12219 13 51 104
38272 12220 13 52 104
38274 12221 13 53 104
38275 12222 13 54 104
38278 12223 13 55 104
38280 12224 13 56 104
38281 12225 13 57 104
38283 12226 13 58 104
38284 12227 13 59 104
38285 12228 13 60 104
38286 12229 13 61 104
38287 12230 13 62 104
38288 12231 13 63 104
38289 12232 13 64 104
38290 12233 13 65 104
38291 12234 13 66 104
38292 12235 13 67 104
38296 12236 13 68 104
38299 12237 13 69 104
38300 12238 13 70 104
38302 12239 13 71 104
38303 12240 13 72 104
38305 12241 13 73 104
38307 12242 13 74 104
38308 12243 13 75 104
38309 12244 13 76 104
38312 12245 13 77 104
38313 12246 13 78 104
38315 12247 13 79 104
38316 12248 13 80 104
38317 12249 13 81 104
38318 12250 13 82 104
38320 12251 13 83 104
38321 12252 13 84 104
38325 12253 13 85 104
38326 12254 13 86 104
38327 12255 13 87 104
38329 12256 13 88 104
38330 12257 13 89 104
38331 12258 13 90 104
38332 12259 13 91 104
38333 12260 13 92 104
38334 12261 13 93 104
38335 12262 13 94 104
38336 12263 13 95 104
38339 12264 13 96 104
38341 12265 13 97 104
38342 12266 13 98 104
38343 12267 13 99 104
38344 12268 13 100 104
38345 12269 13 101 104
38346 12270 13 102 104
38347 12271 13 103 104
38348 12272 13 104 104
38349 12273 13 105 104
38352 12274 13 106 104
38353 12275 13 107 104
38354 12276 13 108 104
38355 12277 13 109 104
38356 12278 13 110 104
38357 12279 13 111 104
38358 12280 13 112 104
38362 12281 13 113 104
38363 12282 13 114 104
38364 12283 13 115 104
38366 12284 13 116 104
38367 12285 13 0 105
38368 12286 13 1 105
38369 12287 13 2 105
38370 12288 13 3 105
38371 12289 13 4 105
38372 12290 13 5 105
38373 12291 13 6 105
38428 12292 13 7 105
38430 12293 13 8 105
38432 12294 13 9 105
38433 12295 13 10 105
38434 12296 13 11 105
38435 12297 13 12 105
38436 12298 13 13 105
38440 12299 13 14 105
38442 12300 13 15 105
38444 12301 13 16 105
38445 12302 13 17 105
38446 12303 13 18 105
38447 12304 13 19 105
38448 12305 13 20 105
38449 12306 13 21 105
38450 12307 13 22 105
38457 12308 13 23 105
38458 12309 13 24 105
38459 12310 13 25 105
38460 12311 13 26 105
38461 12312 13 27 105
38463 12313 13 28 105
38464 12314 13 29 105
38466 12315 13 30 105
38467 12316 13 31 105
38468 12317 13 32 105
38474 12318 13 33 105
38475 12319 13 34 105
38476 12320 13 35 105
38477 12321 13 36 105
38478 12322 13 37 105
38479 12323 13 38 105
38480 12324 13 39 105
38481 12325 13 40 105
38483 12326 13 41 105
38484 12327 13 42 105
38488 12328 13 43 105
38491 12329 13 44 105
38492 12330 13 45 105
38493 12331 13 46 105
38494 12332 13 47 105
38495 12333 13 48 105
38497 12334 13 49 105
38498 12335 13 50 105
38499 12336 13 51 105
38500 12337 13 52 105
38506 12338 13 53 105
38507 12339 13 54 105
38508 12340 13 55 105
38509 12341 13 56 105
38511 12342 13 57 105
38512 12343 13 58 105
38513 12344 13 59 105
38514 12345 13 60 105
38515 12346 13 61 105
38516 12347 13 62 105
38517 12348 13 63 105
38518 12349 13 64 105
38519 12350 13 65 105
38520 12351 13 66 105
38524 12352 13 67 105
38525 12353 13 68 105
38526 12354 13 69 105
38528 12355 13 70 105
38531 12356 13 71 105
38532 12357 13 72 105
38533 12358 13 73 105
38534 12359 13 74 105
38535 12360 13 75 105
38536 12361 13 76 105
38537 12362 13 77 105
38538 12363 13 78 105
38539 12364 13 79 105
38541 12365 13 80 105
38542 12366 13 81 105
38545 12367 13 82 105
38546 12368 13 83 105
38547 12369 13 84 105
38548 12370 13 85 105
38549 12371 13 86 105
38551 12372 13 87 105
38552 12373 13 88 105
38553 12374 13 89 105
38555 12375 13 90 105
38556 12376 13 91 105
38558 12377 13 92 105
38561 12378 13 93 105
38562 12379 13 94 105
38564 12380 13 95 105
38567 12381 13 96 105
38568 12382 13 97 105
38569 12383 13 98 105
38570 12384 13 99 105
38572 12385 13 100 105
38574 12386 13 101 105
38576 12387 13 102 105
38577 12388 13 103 105
38579 12389 13 104 105
38580 12390 13 105 105
38584 12391 13 106 105
38585 12392 13 107 105
38587 12393 13 108 105
38588 12394 13 109 105
38591 12395 13 110 105
38592 12396 13 111 105
38593 12397 13 112 105
38594 12398 13 113 105
38595 12399 13 114 105
38596 12400 13 115 105
38597 12401 13 116 105
38598 12402 13 0 106
38599 12403 13 1 106
38600 12404 13 2 106
38601 12405 13 3 106
38602 12406 13 4 106
38603 12407 13 5 106
38604 12408 13 6 106
38605 12409 13 7 106
38606 12410 13 8 106
38610 12411 13 9 106
38611 12412 13 10 106
38612 12413 13 11 106
38613 12414 13 12 106
38614 12415 13 13 106
38615 12416 13 14 106
38616 12417 13 15 106
38617 12418 13 16 106
38618 12419 13 17 106
38619 12420 13 18 106
38620 12421 13 19 106
38621 12422 13 20 106
38622 12423 13 21 106
38623 12424 13 22 106
38625 12425 13 23 106
38626 12426 13 24 106
38627 12427 13 25 106
38629 12428 13 26 106
38632 12429 13 27 106
38633 12430 13 28 106
38634 12431 13 29 106
38639 12432 13 30 106
38640 12433 13 31 106
38641 12434 13 32 106
38642 12435 13 33 106
38645 12436 13 34 106
38646 12437 13 35 106
38647 12438 13 36 106
38648 12439 13 37 106
38649 12440 13 38 106
38650 12441 13 39 106
38651 12442 13 40 106
38653 12443 13 41 106
38655 12444 13 42 106
38656 12445 13 43 106
38658 12446 13 44 106
38660 12447 13 45 106
38661 12448 13 46 106
38662 12449 13 47 106
38663 12450 13 48 106
38664 12451 13 49 106
38665 12452 13 50 106
38667 12453 13 51 106
38669 12454 13 52 106
38670 12455 13 53 106
38671 12456 13 54 106
38672 12457 13 55 106
38673 12458 13 56 106
38674 12459 13 57 106
38675 12460 13 58 106
38678 12461 13 59 106
38680 12462 13 60 106
38681 12463 13 61 106
38684 12464 13 62 106
38685 12465 13 63 106
38686 12466 13 64 106
38687 12467 13 65 106
38688 12468 13 66 106
38690 12469 13 67 106
38691 12470 13 68 106
38692 12471 13 69 106
38693 12472 13 70 106
38694 12473 13 71 106
38695 12474 13 72 106
38696 12475 13 73 106
38697 12476 13 74 106
38698 12477 13 75 106
38699 12478 13 76 106
38700 12479 13 77 106
38702 12480 13 78 106
38703 12481 13 79 106
38704 12482 13 80 106
38706 12483 13 81 106
38709 12484 13 82 106
38712 12485 13 83 106
38713 12486 13 84 106
38714 12487 13 85 106
38717 12488 13 86 106
38718 12489 13 87 106
38719 12490 13 88 106
38722 12491 13 89 106
38723 12492 13 90 106
38724 12493 13 91 106
38726 12494 13 92 106
38727 12495 13 93 106
38728 12496 13 94 106
38729 12497 13 95 106
38731 12498 13 96 106
38738 12499 13 97 106
38742 12500 13 98 106
38744 12501 13 99 106
38746 12502 13 100 106
38747 12503 13 101 106
38748 12504 13 102 106
38750 12505 13 103 106
38752 12506 13 104 106
38753 12507 13 105 106
38754 12508 13 106 106
38758 12509 13 107 106
38760 12510 13 108 106
38761 12511 13 109 106
38762 12512 13 110 106
38764 12513 13 111 106
38766 12514 13 112 106
38768 12515 13 113 106
38770 12516 13 114 106
38771 12517 13 115 106
38772 12518 13 116 106
38774 12519 13 0 107
38775 12520 13 1 107
38776 12521 13 2 107
38778 12522 13 3 107
38779 12523 13 4 107
38780 12524 13 5 107
38781 12525 13 6 107
38782 12526 13 7 107
38783 12527 13 8 107
38784 12528 13 9 107
38785 12529 13 10 107
38786 12530 13 11 107
38787 12531 13 12 107
38788 12532 13 13 107
38789 12533 13 14 107
38792 12534 13 15 107
38794 12535 13 16 107
38795 12536 13 17 107
38797 12537 13 18 107
38798 12538 13 19 107
38799 12539 13 20 107
38804 12540 13 21 107
38807 12541 13 22 107
38808 12542 13 23 107
38809 12543 13 24 107
38810 12544 13 25 107
38812 12545 13 26 107
38813 12546 13 27 107
38814 12547 13 28 107
38816 12548 13 29 107
38817 12549 13 30 107
38818 12550 13 31 107
38819 12551 13 32 107
38820 12552 13 33 107
38821 12553 13 34 107
38822 12554 13 35 107
38824 12555 13 36 107
38826 12556 13 37 107
38827 12557 13 38 107
38828 12558 13 39 107
38829 12559 13 40 107
38830 12560 13 41 107
38835 12561 13 42 107
38838 12562 13 43 107
38839 12563 13 44 107
38841 12564 13 45 107
38843 12565 13 46 107
38847 12566 13 47 107
38849 12567 13 48 107
38851 12568 13 49 107
38852 12569 13 50 107
38853 12570 13 51 107
38854 12571 13 52 107
38855 12572 13 53 107
38857 12573 13 54 107
38859 12574 13 55 107
38860 12575 13 56 107
38861 12576 13 57 107
38862 12577 13 58 107
38863 12578 13 59 107
38864 12579 13 60 107
38867 12580 13 61 107
38868 12581 13 62 107
38869 12582 13 63 107
38870 12583 13 64 107
38871 12584 13 65 107
38872 12585 13 66 107
38873 12586 13 67 107
38876 12587 13 68 107
38877 12588 13 69 107
38878 12589 13 70 107
38879 12590 13 71 107
38881 12591 13 72 107
38883 12592 13 73 107
38885 12593 13 74 107
38893 12594 13 75 107
38896 12595 13 76 107
38897 12596 13 77 107
38899 12597 13 78 107
38902 12598 13 79 107
38904 12599 13 80 107
38905 12600 13 81 107
38906 12601 13 82 107
38907 12602 13 83 107
38909 12603 13 84 107
38910 12604 13 85 107
38911 12605 13 86 107
38912 12606 13 87 107
38913 12607 13 88 107
38914 12608 13 89 107
38915 12609 13 90 107
38916 12610 13 91 107
38917 12611 13 92 107
38918 12612 13 93 107
38919 12613 13 94 107
38920 12614 13 95 107
38922 12615 13 96 107
38924 12616 13 97 107
38925 12617 13 98 107
38926 12618 13 99 107
38927 12619 13 100 107
38928 12620 13 101 107
38929 12621 13 102 107
38930 12622 13 103 107
38931 12623 13 104 107
38934 12624 13 105 107
38935 12625 13 106 107
38936 12626 13 107 107
38939 12627 13 108 107
38940 12628 13 109 107
38941 12629 13 110 107
38942 12630 13 111 107
38944 12631 13 112 107
38945 12632 13 113 107
38948 12633 13 114 107
38950 12634 13 115 107
38951 12635 13 116 107
38952 12636 13 0 108
38953 12637 13 1 108
38955 12638 13 2 108
38957 12639 13 3 108
38959 12640 13 4 108
38960 12641 13 5 108
38962 12642 13 6 108
38965 12643 13 7 108
38967 12644 13 8 108
38968 12645 13 9 108
38969 12646 13 10 108
38971 12647 13 11 108
38977 12648 13 12 108
38979 12649 13 13 108
38980 12650 13 14 108
38981 12651 13 15 108
38982 12652 13 16 108
38984 12653 13 17 108
38985 12654 13 18 108
38986 12655 13 19 108
38988 12656 13 20 108
38989 12657 13 21 108
38990 12658 13 22 108
38991 12659 13 23 108
38992 12660 13 24 108
38993 12661 13 25 108
38994 12662 13 26 108
38995 12663 13 27 108
38999 12664 13 28 108
39000 12665 13 29 108
39001 12666 13 30 108
39003 12667 13 31 108
39004 12668 13 32 108
39005 12669 13 33 108
39006 12670 13 34 108
39007 12671 13 35 108
39008 12672 13 36 108
39010 12673 13 37 108
39011 12674 13 38 108
39012 12675 13 39 108
39013 12676 13 40 108
39015 12677 13 41 108
39017 12678 13 42 108
39018 12679 13 43 108
39019 12680 13 44 108
39023 12681 13 45 108
39024 12682 13 46 108
39025 12683 13 47 108
39026 12684 13 48 108
39027 12685 13 49 108
39028 12686 13 50 108
39080 12687 13 51 108
39081 12688 13 52 108
39084 12689 13 53 108
39085 12690 13 54 108
39086 12691 13 55 108
39087 12692 13 56 108
39089 12693 13 57 108
39090 12694 13 58 108
39091 12695 13 59 108
39094 12696 13 60 108
39096 12697 13 61 108
39098 12698 13 62 108
39099 12699 13 63 108
39100 12700 13 64 108
39101 12701 13 65 108
39102 12702 13 66 108
39103 12703 13 67 108
39104 12704 13 68 108
39105 12705 13 69 108
39106 12706 13 70 108
39108 12707 13 71 108
39110 12708 13 72 108
39113 12709 13 73 108
39115 12710 13 74 108
39116 12711 13 75 108
39131 12712 13 76 108
39135 12713 13 77 108
39138 12714 13 78 108
39139 12715 13 79 108
39141 12716 13 80 108
39143 12717 13 81 108
39145 12718 13 82 108
39146 12719 13 83 108
39147 12720 13 84 108
39149 12721 13 85 108
39151 12722 13 86 108
39154 12723 13 87 108
39156 12724 13 88 108
39158 12725 13 89 108
39161 12726 13 90 108
39162 12727 13 91 108
39164 12728 13 92 108
39165 12729 13 93 108
39166 12730 13 94 108
39168 12731 13 95 108
39170 12732 13 96 108
39171 12733 13 97 108
39173 12734 13 98 108
39175 12735 13 99 108
39176 12736 13 100 108
39177 12737 13 101 108
39178 12738 13 102 108
39180 12739 13 103 108
39184 12740 13 104 108
39185 12741 13 105 108
39186 12742 13 106 108
39187 12743 13 107 108
39188 12744 13 108 108
39189 12745 13 109 108
39190 12746 13 110 108
39191 12747 13 111 108
39192 12748 13 112 108
39194 12749 13 113 108
39195 12750 13 114 108
39198 12751 13 115 108
39199 12752 13 116 108
39201 12753 13 0 109
39204 12754 13 1 109
39205 12755 13 2 109
39207 12756 13 3 109
39208 12757 13 4 109
39209 12758 13 5 109
39210 12759 13 6 109
39211 12760 13 7 109
39212 12761 13 8 109
39213 12762 13 9 109
39214 12763 13 10 109
39215 12764 13 11 109
39216 12765 13 12 109
39217 12766 13 13 109
39218 12767 13 14 109
39219 12768 13 15 109
39221 12769 13 16 109
39226 12770 13 17 109
39228 12771 13 18 109
39229 12772 13 19 109
39230 12773 13 20 109
39231 12774 13 21 109
39233 12775 13 22 109
39235 12776 13 23 109
39237 12777 13 24 109
39239 12778 13 25 109
39240 12779 13 26 109
39241 12780 13 27 109
39243 12781 13 28 109
39244 12782 13 29 109
39246 12783 13 30 109
39248 12784 13 31 109
39249 12785 13 32 109
39250 12786 13 33 109
39251 12787 13 34 109
39252 12788 13 35 109
39253 12789 13 36 109
39254 12790 13 37 109
39255 12791 13 38 109
39256 12792 13 39 109
39257 12793 13 40 109
39259 12794 13 41 109
39260 12795 13 42 109
39262 12796 13 43 109
39263 12797 13 44 109
39265 12798 13 45 109
39318 12799 13 46 109
39319 12800 13 47 109
39320 12801 13 48 109
39321 12802 13 49 109
39324 12803 13 50 109
39325 12804 13 51 109
39326 12805 13 52 109
39329 12806 13 53 109
39331 12807 13 54 109
39333 12808 13 55 109
39334 12809 13 56 109
39335 12810 13 57 109
39336 12811 13 58 109
39339 12812 13 59 109
39340 12813 13 60 109
39341 12814 13 61 109
39342 12815 13 62 109
39343 12816 13 63 109
39344 12817 13 64 109
39345 12818 13 65 109
39346 12819 13 66 109
39347 12820 13 67 109
39348 12821 13 68 109
39349 12822 13 69 109
39353 12823 13 70 109
39354 12824 13 71 109
39355 12825 13 72 109
39357 12826 13 73 109
39361 12827 13 74 109
39362 12828 13 75 109
39363 12829 13 76 109
39367 12830 13 77 109
39369 12831 13 78 109
39371 12832 13 79 109
39372 12833 13 80 109
39373 12834 13 81 109
39374 12835 13 82 109
39375 12836 13 83 109
39376 12837 13 84 109
39377 12838 13 85 109
39378 12839 13 86 109
39379 12840 13 87 109
39380 12841 13 88 109
39381 12842 13 89 109
39382 12843 13 90 109
39383 12844 13 91 109
39384 12845 13 92 109
39385 12846 13 93 109
39387 12847 13 94 109
39388 12848 13 95 109
39389 12849 13 96 109
39391 12850 13 97 109
39394 12851 13 98 109
39395 12852 13 99 109
39396 12853 13 100 109
39397 12854 13 101 109
39399 12855 13 102 109
39401 12856 13 103 109
39402 12857 13 104 109
39404 12858 13 105 109
39405 12859 13 106 109
39406 12860 13 107 109
39408 12861 13 108 109
39409 12862 13 109 109
39412 12863 13 110 109
39414 12864 13 111 109
39415 12865 13 112 109
39416 12866 13 113 109
39417 12867 13 114 109
39418 12868 13 115 109
39419 12869 13 116 109
39420 12870 13 0 110
39421 12871 13 1 110
39422 12872 13 2 110
39423 12873 13 3 110
39425 12874 13 4 110
39426 12875 13 5 110
39427 12876 13 6 110
39428 12877 13 7 110
39429 12878 13 8 110
39430 12879 13 9 110
39431 12880 13 10 110
39433 12881 13 11 110
39434 12882 13 12 110
39435 12883 13 13 110
39437 12884 13 14 110
39438 12885 13 15 110
39439 12886 13 16 110
39441 12887 13 17 110
39444 12888 13 18 110
39445 12889 13 19 110
39446 12890 13 20 110
39449 12891 13 21 110
39450 12892 13 22 110
39451 12893 13 23 110
39452 12894 13 24 110
39453 12895 13 25 110
39454 12896 13 26 110
39456 12897 13 27 110
39458 12898 13 28 110
39459 12899 13 29 110
39460 12900 13 30 110
39461 12901 13 31 110
39463 12902 13 32 110
39465 12903 13 33 110
39466 12904 13 34 110
39467 12905 13 35 110
39468 12906 13 36 110
39469 12907 13 37 110
39470 12908 13 38 110
39472 12909 13 39 110
39473 12910 13 40 110
39474 12911 13 41 110
39476 12912 13 42 110
39477 12913 13 43 110
39478 12914 13 44 110
39479 12915 13 45 110
39480 12916 13 46 110
39481 12917 13 47 110
39482 12918 13 48 110
39485 12919 13 49 110
39486 12920 13 50 110
39487 12921 13 51 110
39488 12922 13 52 110
39489 12923 13 53 110
39490 12924 13 54 110
39491 12925 13 55 110
39492 12926 13 56 110
39493 12927 13 57 110
39494 12928 13 58 110
39496 12929 13 59 110
39497 12930 13 60 110
39498 12931 13 61 110
39500 12932 13 62 110
39501 12933 13 63 110
39502 12934 13 64 110
39503 12935 13 65 110
39504 12936 13 66 110
39506 12937 13 67 110
39507 12938 13 68 110
39508 12939 13 69 110
39509 12940 13 70 110
39510 12941 13 71 110
39511 12942 13 72 110
39513 12943 13 73 110
39514 12944 13 74 110
39515 12945 13 75 110
39518 12946 13 76 110
39519 12947 13 77 110
39520 12948 13 78 110
39522 12949 13 79 110
39524 12950 13 80 110
39525 12951 13 81 110
39526 12952 13 82 110
39527 12953 13 83 110
39528 12954 13 84 110
39529 12955 13 85 110
39530 12956 13 86 110
39531 12957 13 87 110
39592 12958 13 88 110
39595 12959 13 89 110
39597 12960 13 90 110
39599 12961 13 91 110
39600 12962 13 92 110
39601 12963 13 93 110
39603 12964 13 94 110
39604 12965 13 95 110
39607 12966 13 96 110
39608 12967 13 97 110
39609 12968 13 98 110
39611 12969 13 99 110
39612 12970 13 100 110
39614 12971 13 101 110
39615 12972 13 102 110
39616 12973 13 103 110
39617 12974 13 104 110
39618 12975 13 105 110
39622 12976 13 106 110
39623 12977 13 107 110
39626 12978 13 108 110
39629 12979 13 109 110
39631 12980 13 110 110
39632 12981 13 111 110
39633 12982 13 112 110
39634 12983 13 113 110
39635 12984 13 114 110
39636 12985 13 115 110
39637 12986 13 116 110
39638 12987 13 0 111
39640 12988 13 1 111
39644 12989 13 2 111
39647 12990 13 3 111
39649 12991 13 4 111
39651 12992 13 5 111
39654 12993 13 6 111
39655 12994 13 7 111
39659 12995 13 8 111
39660 12996 13 9 111
39661 12997 13 10 111
39662 12998 13 11 111
39663 12999 13 12 111
39665 13000 13 13 111
39666 13001 13 14 111
39667 13002 13 15 111
39670 13003 13 16 111
39671 13004 13 17 111
39673 13005 13 18 111
39674 13006 13 19 111
39675 13007 13 20 111
39676 13008 13 21 111
39677 13009 13 22 111
39678 13010 13 23 111
39681 13011 13 24 111
39683 13012 13 25 111
39684 13013 13 26 111
39685 13014 13 27 111
39686 13015 13 28 111
39688 13016 13 29 111
39690 13017 13 30 111
39691 13018 13 31 111
39692 13019 13 32 111
39693 13020 13 33 111
39694 13021 13 34 111
39696 13022 13 35 111
39697 13023 13 36 111
39698 13024 13 37 111
39701 13025 13 38 111
39702 13026 13 39 111
39703 13027 13 40 111
39704 13028 13 41 111
39705 13029 13 42 111
39706 13030 13 43 111
39710 13031 13 44 111
39711 13032 13 45 111
39712 13033 13 46 111
39714 13034 13 47 111
39715 13035 13 48 111
39716 13036 13 49 111
39717 13037 13 50 111
39719 13038 13 51 111
39720 13039 13 52 111
39721 13040 13 53 111
39723 13041 13 54 111
39726 13042 13 55 111
39727 13043 13 56 111
39729 13044 13 57 111
39730 13045 13 58 111
39731 13046 13 59 111
39733 13047 13 60 111
39735 13048 13 61 111
39738 13049 13 62 111
39739 13050 13 63 111
39740 13051 13 64 111
39742 13052 13 65 111
39743 13053 13 66 111
39745 13054 13 67 111
39746 13055 13 68 111
39747 13056 13 69 111
39748 13057 13 70 111
39749 13058 13 71 111
39750 13059 13 72 111
39752 13060 13 73 111
39754 13061 13 74 111
39755 13062 13 75 111
39756 13063 13 76 111
39757 13064 13 77 111
39758 13065 13 78 111
39759 13066 13 79 111
39761 13067 13 80 111
39762 13068 13 81 111
39764 13069 13 82 111
39765 13070 13 83 111
39766 13071 13 84 111
39768 13072 13 85 111
39769 13073 13 86 111
39770 13074 13 87 111
39771 13075 13 88 111
39775 13076 13 89 111
39776 13077 13 90 111
39777 13078 13 91 111
39780 13079 13 92 111
39782 13080 13 93 111
39783 13081 13 94 111
39784 13082 13 95 111
39788 13083 13 96 111
39791 13084 13 97 111
39792 13085 13 98 111
39793 13086 13 99 111
39796 13087 13 100 111
39797 13088 13 101 111
39798 13089 13 102 111
39799 13090 13 103 111
39802 13091 13 104 111
39803 13092 13 105 111
39804 13093 13 106 111
39805 13094 13 107 111
39806 13095 13 108 111
39808 13096 13 109 111
39810 13097 13 110 111
39813 13098 13 111 111
39814 13099 13 112 111
39815 13100 13 113 111
39816 13101 13 114 111
39824 13102 13 115 111
39825 13103 13 116 111
39826 13104 13 0 112
39827 13105 13 1 112
39829 13106 13 2 112
39834 13107 13 3 112
39835 13108 13 4 112
39838 13109 13 5 112
39840 13110 13 6 112
39841 13111 13 7 112
39842 13112 13 8 112
39844 13113 13 9 112
39845 13114 13 10 112
39846 13115 13 11 112
39848 13116 13 12 112
39850 13117 13 13 112
39851 13118 13 14 112
39853 13119 13 15 112
39854 13120 13 16 112
39855 13121 13 17 112
39861 13122 13 18 112
39862 13123 13 19 112
39864 13124 13 20 112
39865 13125 13 21 112
39869 13126 13 22 112
39871 13127 13 23 112
39872 13128 13 24 112
39873 13129 13 25 112
39875 13130 13 26 112
39876 13131 13 27 112
39878 13132 13 28 112
39879 13133 13 29 112
39880 13134 13 30 112
39881 13135 13 31 112
39882 13136 13 32 112
39891 13137 13 33 112
39892 13138 13 34 112
39893 13139 13 35 112
39894 13140 13 36 112
39895 13141 13 37 112
39897 13142 13 38 112
39898 13143 13 39 112
39899 13144 13 40 112
39900 13145 13 41 112
39902 13146 13 42 112
39904 13147 13 43 112
39905 13148 13 44 112
39906 13149 13 45 112
39908 13150 13 46 112
39909 13151 13 47 112
39910 13152 13 48 112
39911 13153 13 49 112
39912 13154 13 50 112
39914 13155 13 51 112
39915 13156 13 52 112
39916 13157 13 53 112
39920 13158 13 54 112
39927 13159 13 55 112
39928 13160 13 56 112
39933 13161 13 57 112
39941 13162 13 58 112
39942 13163 13 59 112
39943 13164 13 60 112
39944 13165 13 61 112
39945 13166 13 62 112
39947 13167 13 63 112
39949 13168 13 64 112
39950 13169 13 65 112
39954 13170 13 66 112
39955 13171 13 67 112
39956 13172 13 68 112
39959 13173 13 69 112
39964 13174 13 70 112
39965 13175 13 71 112
39969 13176 13 72 112
39971 13177 13 73 112
39972 13178 13 74 112
39973 13179 13 75 112
39976 13180 13 76 112
39977 13181 13 77 112
39979 13182 13 78 112
39980 13183 13 79 112
39981 13184 13 80 112
39985 13185 13 81 112
39986 13186 13 82 112
39987 13187 13 83 112
39988 13188 13 84 112
39990 13189 13 85 112
39991 13190 13 86 112
39993 13191 13 87 112
39995 13192 13 88 112
39996 13193 13 89 112
39997 13194 13 90 112
39998 13195 13 91 112
39999 13196 13 92 112
40000 13197 13 93 112
40001 13198 13 94 112
40004 13199 13 95 112
40006 13200 13 96 112
40008 13201 13 97 112
40009 13202 13 98 112
40010 13203 13 99 112
40011 13204 13 100 112
40012 13205 13 101 112
40013 13206 13 102 112
40014 13207 13 103 112
40016 13208 13 104 112
40018 13209 13 105 112
40020 13210 13 106 112
40021 13211 13 107 112
40022 13212 13 108 112
40023 13213 13 109 112
40024 13214 13 110 112
40025 13215 13 111 112
40030 13216 13 112 112
40031 13217 13 113 112
40032 13218 13 114 112
40034 13219 13 115 112
40035 13220 13 116 112
40038 13221 13 0 113
40039 13222 13 1 113
40040 13223 13 2 113
40045 13224 13 3 113
40046 13225 13 4 113
40049 13226 13 5 113
40051 13227 13 6 113
40052 13228 13 7 113
40053 13229 13 8 113
40055 13230 13 9 113
40056 13231 13 10 113
40057 13232 13 11 113
40058 13233 13 12 113
40165 13234 13 13 113
40166 13235 13 14 113
40167 13236 13 15 113
40169 13237 13 16 113
40170 13238 13 17 113
40173 13239 13 18 113
40177 13240 13 19 113
40178 13241 13 20 113
40179 13242 13 21 113
40180 13243 13 22 113
40181 13244 13 23 113
40182 13245 13 24 113
40183 13246 13 25 113
40185 13247 13 26 113
40186 13248 13 27 113
40187 13249 13 28 113
40188 13250 13 29 113
40189 13251 13 30 113
40191 13252 13 31 113
40192 13253 13 32 113
40195 13254 13 33 113
40196 13255 13 34 113
40197 13256 13 35 113
40198 13257 13 36 113
40199 13258 13 37 113
40200 13259 13 38 113
40201 13260 13 39 113
40208 13261 13 40 113
40210 13262 13 41 113
40212 13263 13 42 113
40213 13264 13 43 113
40215 13265 13 44 113
40216 13266 13 45 113
40217 13267 13 46 113
40219 13268 13 47 113
40221 13269 13 48 113
40222 13270 13 49 113
40223 13271 13 50 113
40224 13272 13 51 113
40226 13273 13 52 113
40227 13274 13 53 113
40229 13275 13 54 113
40230 13276 13 55 113
40232 13277 13 56 113
40233 13278 13 57 113
40237 13279 13 58 113
40238 13280 13 59 113
40239 13281 13 60 113
40240 13282 13 61 113
40241 13283 13 62 113
40243 13284 13 63 113
40246 13285 13 64 113
40247 13286 13 65 113
40248 13287 13 66 113
40251 13288 13 67 113
40253 13289 13 68 113
40254 13290 13 69 113
40255 13291 13 70 113
40256 13292 13 71 113
40257 13293 13 72 113
40258 13294 13 73 113
40259 13295 13 74 113
40261 13296 13 75 113
40266 13297 13 76 113
40267 13298 13 77 113
40268 13299 13 78 113
40271 13300 13 79 113
40273 13301 13 80 113
40274 13302 13 81 113
40275 13303 13 82 113
40276 13304 13 83 113
40278 13305 13 84 113
40279 13306 13 85 113
40280 13307 13 86 113
40281 13308 13 87 113
40282 13309 13 88 113
40283 13310 13 89 113
40284 13311 13 90 113
40285 13312 13 91 113
40287 13313 13 92 113
40288 13314 13 93 113
40289 13315 13 94 113
40295 13316 13 95 113
40296 13317 13 96 113
40297 13318 13 97 113
40298 13319 13 98 113
40299 13320 13 99 113
40300 13321 13 100 113
40303 13322 13 101 113
40304 13323 13 102 113
40305 13324 13 103 113
40306 13325 13 104 113
40307 13326 13 105 113
40308 13327 13 106 113
40309 13328 13 107 113
40311 13329 13 108 113
40312 13330 13 109 113
40313 13331 13 110 113
40315 13332 13 111 113
40317 13333 13 112 113
40319 13334 13 113 113
40320 13335 13 114 113
40321 13336 13 115 113
40322 13337 13 116 113
40324 13338 13 0 114
40325 13339 13 1 114
40326 13340 13 2 114
40327 13341 13 3 114
40328 13342 13 4 114
40329 13343 13 5 114
40330 13344 13 6 114
40331 13345 13 7 114
40332 13346 13 8 114
40336 13347 13 9 114
40338 13348 13 10 114
40340 13349 13 11 114
40342 13350 13 12 114
40343 13351 13 13 114
40344 13352 13 14 114
40345 13353 13 15 114
40346 13354 13 16 114
40347 13355 13 17 114
40348 13356 13 18 114
40349 13357 13 19 114
40350 13358 13 20 114
40351 13359 13 21 114
40352 13360 13 22 114
40353 13361 13 23 114
40354 13362 13 24 114
40355 13363 13 25 114
40356 13364 13 26 114
40358 13365 13 27 114
40359 13366 13 28 114
40360 13367 13 29 114
40361 13368 13 30 114
40362 13369 13 31 114
40364 13370 13 32 114
40365 13371 13 33 114
40367 13372 13 34 114
40369 13373 13 35 114
40370 13374 13 36 114
40371 13375 13 37 114
40372 13376 13 38 114
40373 13377 13 39 114
40374 13378 13 40 114
40375 13379 13 41 114
40376 13380 13 42 114
40377 13381 13 43 114
40378 13382 13 44 114
40379 13383 13 45 114
40380 13384 13 46 114
40382 13385 13 47 114
40383 13386 13 48 114
40385 13387 13 49 114
40386 13388 13 50 114
40387 13389 13 51 114
40389 13390 13 52 114
40391 13391 13 53 114
40392 13392 13 54 114
40394 13393 13 55 114
40395 13394 13 56 114
40396 13395 13 57 114
40397 13396 13 58 114
40398 13397 13 59 114
40399 13398 13 60 114
40400 13399 13 61 114
40401 13400 13 62 114
40402 13401 13 63 114
40403 13402 13 64 114
40405 13403 13 65 114
40406 13404 13 66 114
40407 13405 13 67 114
40408 13406 13 68 114
40409 13407 13 69 114
40410 13408 13 70 114
40411 13409 13 71 114
40412 13410 13 72 114
40413 13411 13 73 114
40414 13412 13 74 114
40415 13413 13 75 114
40417 13414 13 76 114
40418 13415 13 77 114
40419 13416 13 78 114
40420 13417 13 79 114
40421 13418 13 80 114
40422 13419 13 81 114
40424 13420 13 82 114
40425 13421 13 83 114
40427 13422 13 84 114
40428 13423 13 85 114
40429 13424 13 86 114
40430 13425 13 87 114
40431 13426 13 88 114
40432 13427 13 89 114
40434 13428 13 90 114
40435 13429 13 91 114
40436 13430 13 92 114
40437 13431 13 93 114
40438 13432 13 94 114
40439 13433 13 95 114
40440 13434 13 96 114
40441 13435 13 97 114
40442 13436 13 98 114
40443 13437 13 99 114
40445 13438 13 100 114
40446 13439 13 101 114
40447 13440 13 102 114
40448 13441 13 103 114
40449 13442 13 104 114
40450 13443 13 105 114
40451 13444 13 106 114
40452 13445 13 107 114
40453 13446 13 108 114
40454 13447 13 109 114
40455 13448 13 110 114
40457 13449 13 111 114
40459 13450 13 112 114
40461 13451 13 113 114
40463 13452 13 114 114
40464 13453 13 115 114
40465 13454 13 116 114
40466 13455 13 0 115
40467 13456 13 1 115
40468 13457 13 2 115
40469 13458 13 3 115
40471 13459 13 4 115
40473 13460 13 5 115
40474 13461 13 6 115
40475 13462 13 7 115
40477 13463 13 8 115
40478 13464 13 9 115
40565 13465 13 10 115
40569 13466 13 11 115
40570 13467 13 12 115
40572 13468 13 13 115
40573 13469 13 14 115
40575 13470 13 15 115
40576 13471 13 16 115
40578 13472 13 17 115
40579 13473 13 18 115
40582 13474 13 19 115
40583 13475 13 20 115
40584 13476 13 21 115
40585 13477 13 22 115
40586 13478 13 23 115
40587 13479 13 24 115
40588 13480 13 25 115
40589 13481 13 26 115
40590 13482 13 27 115
40593 13483 13 28 115
40594 13484 13 29 115
40595 13485 13 30 115
40596 13486 13 31 115
40599 13487 13 32 115
40601 13488 13 33 115
40602 13489 13 34 115
40603 13490 13 35 115
40604 13491 13 36 115
40605 13492 13 37 115
40607 13493 13 38 115
40608 13494 13 39 115
40609 13495 13 40 115
40612 13496 13 41 115
40613 13497 13 42 115
40615 13498 13 43 115
40617 13499 13 44 115
40621 13500 13 45 115
40622 13501 13 46 115
40624 13502 13 47 115
40628 13503 13 48 115
40629 13504 13 49 115
40630 13505 13 50 115
40631 13506 13 51 115
40635 13507 13 52 115
40636 13508 13 53 115
40638 13509 13 54 115
40640 13510 13 55 115
40642 13511 13 56 115
40643 13512 13 57 115
40648 13513 13 58 115
40652 13514 13 59 115
40653 13515 13 60 115
40654 13516 13 61 115
40655 13517 13 62 115
40656 13518 13 63 115
40657 13519 13 64 115
40659 13520 13 65 115
40660 13521 13 66 115
40661 13522 13 67 115
40662 13523 13 68 115
40664 13524 13 69 115
40666 13525 13 70 115
40667 13526 13 71 115
40668 13527 13 72 115
40669 13528 13 73 115
40670 13529 13 74 115
40671 13530 13 75 115
40672 13531 13 76 115
40676 13532 13 77 115
40677 13533 13 78 115
40678 13534 13 79 115
40679 13535 13 80 115
40680 13536 13 81 115
40683 13537 13 82 115
40685 13538 13 83 115
40686 13539 13 84 115
40687 13540 13 85 115
40688 13541 13 86 115
40690 13542 13 87 115
40691 13543 13 88 115
40692 13544 13 89 115
40693 13545 13 90 115
40694 13546 13 91 115
40695 13547 13 92 115
40697 13548 13 93 115
40698 13549 13 94 115
40699 13550 13 95 115
40700 13551 13 96 115
40701 13552 13 97 115
40703 13553 13 98 115
40704 13554 13 99 115
40705 13555 13 100 115
40710 13556 13 101 115
40711 13557 13 102 115
40713 13558 13 103 115
40714 13559 13 104 115
40718 13560 13 105 115
40719 13561 13 106 115
40720 13562 13 107 115
40722 13563 13 108 115
40723 13564 13 109 115
40725 13565 13 110 115
40726 13566 13 111 115
40728 13567 13 112 115
40729 13568 13 113 115
40730 13569 13 114 115
40731 13570 13 115 115
40732 13571 13 116 115
40734 13572 13 0 116
40736 13573 13 1 116
40738 13574 13 2 116
40739 13575 13 3 116
40740 13576 13 4 116
40741 13577 13 5 116
40744 13578 13 6 116
40745 13579 13 7 116
40746 13580 13 8 116
40747 13581 13 9 116
40748 13582 13 10 116
40749 13583 13 11 116
40750 13584 13 12 116
40751 13585 13 13 116
40752 13586 13 14 116
40753 13587 13 15 116
40754 13588 13 16 116
40755 13589 13 17 116
40756 13590 13 18 116
40757 13591 13 19 116
40758 13592 13 20 116
40759 13593 13 21 116
40760 13594 13 22 116
40763 13595 13 23 116
40765 13596 13 24 116
40766 13597 13 25 116
40768 13598 13 26 116
40769 13599 13 27 116
40770 13600 13 28 116
40771 13601 13 29 116
40774 13602 13 30 116
40775 13603 13 31 116
40776 13604 13 32 116
40777 13605 13 33 116
40778 13606 13 34 116
40779 13607 13 35 116
40780 13608 13 36 116
40781 13609 13 37 116
40782 13610 13 38 116
40783 13611 13 39 116
40786 13612 13 40 116
40788 13613 13 41 116
40789 13614 13 42 116
40790 13615 13 43 116
40791 13616 13 44 116
40792 13617 13 45 116
40793 13618 13 46 116
40795 13619 13 47 116
40796 13620 13 48 116
40797 13621 13 49 116
40798 13622 13 50 116
40799 13623 13 51 116
40800 13624 13 52 116
40801 13625 13 53 116
40803 13626 13 54 116
40804 13627 13 55 116
40805 13628 13 56 116
40806 13629 13 57 116
40807 13630 13 58 116
40810 13631 13 59 116
40811 13632 13 60 116
40812 13633 13 61 116
40814 13634 13 62 116
40815 13635 13 63 116
40816 13636 13 64 116
40817 13637 13 65 116
40818 13638 13 66 116
40820 13639 13 67 116
40821 13640 13 68 116
40822 13641 13 69 116
40823 13642 13 70 116
40824 13643 13 71 116
40825 13644 13 72 116
40826 13645 13 73 116
40827 13646 13 74 116
40830 13647 13 75 116
40845 13648 13 76 116
40848 13649 13 77 116
40849 13650 13 78 116
40850 13651 13 79 116
40852 13652 13 80 116
40853 13653 13 81 116
40856 13654 13 82 116
40860 13655 13 83 116
40864 13656 13 84 116
40866 13657 13 85 116
40868 13658 13 86 116
64012 13659 13 87 116
64013 13660 13 88 116
65072 13661 13 89 116
65073 13662 13 90 116
65075 13663 13 91 116
65076 13664 13 92 116
65077 13665 13 93 116
65078 13666 13 94 116
65079 13667 13 95 116
65080 13668 13 96 116
65081 13669 13 97 116
65082 13670 13 98 116
65083 13671 13 99 116
65084 13672 13 100 116
65085 13673 13 101 116
65086 13674 13 102 116
65087 13675 13 103 116
65088 13676 13 104 116
65089 13677 13 105 116
65090 13678 13 106 116
65091 13679 13 107 116
65092 13680 13 108 116
65097 13681 13 109 116
65098 13682 13 110 116
65099 13683 13 111 116
65100 13684 13 112 116
65101 13685 13 113 116
65102 13686 13 114 116
65103 13687 13 115 116
65104 13688 13 116 116
65106 13689 13 0 117
65108 13690 13 1 117
65109 13691 13 2 117
65110 13692 13 3 117
65111 13693 13 4 117
65113 13694 13 5 117
65114 13695 13 6 117
65115 13696 13 7 117
65116 13697 13 8 117
65117 13698 13 9 117
65118 13699 13 10 117
65119 13700 13 11 117
65120 13701 13 12 117
65121 13702 13 13 117
65122 13703 13 14 117
65123 13704 13 15 117
65124 13705 13 16 117
65125 13706 13 17 117
65126 13707 13 18 117
65129 13708 13 19 117
65130 13709 13 20 117
65131 13710 13 21 117
65281 13711 13 22 117
65283 13712 13 23 117
65284 13713 13 24 117
65285 13714 13 25 117
65286 13715 13 26 117
65288 13716 13 27 117
65289 13717 13 28 117
65290 13718 13 29 117
65291 13719 13 30 117
65292 13720 13 31 117
65293 13721 13 32 117
65294 13722 13 33 117
65295 13723 13 34 117
65296 13724 13 35 117
65297 13725 13 36 117
65298 13726 13 37 117
65299 13727 13 38 117
65300 13728 13 39 117
65301 13729 13 40 117
65302 13730 13 41 117
65303 13731 13 42 117
65304 13732 13 43 117
65305 13733 13 44 117
65306 13734 13 45 117
65307 13735 13 46 117
65308 13736 13 47 117
65309 13737 13 48 117
65310 13738 13 49 117
65311 13739 13 50 117
65312 13740 13 51 117
65313 13741 13 52 117
65314 13742 13 53 117
65315 13743 13 54 117
65316 13744 13 55 117
65317 13745 13 56 117
65318 13746 13 57 117
65319 13747 13 58 117
65320 13748 13 59 117
65321 13749 13 60 117
65322 13750 13 61 117
65323 13751 13 62 117
65324 13752 13 63 117
65325 13753 13 64 117
65326 13754 13 65 117
65327 13755 13 66 117
65328 13756 13 67 117
65329 13757 13 68 117
65330 13758 13 69 117
65331 13759 13 70 117
65332 13760 13 71 117
65333 13761 13 72 117
65334 13762 13 73 117
65335 13763 13 74 117
65336 13764 13 75 117
65337 13765 13 76 117
65338 13766 13 77 117
65340 13767 13 78 117
65343 13768 13 79 117
65345 13769 13 80 117
65346 13770 13 81 117
65347 13771 13 82 117
65348 13772 13 83 117
65349 13773 13 84 117
65350 13774 13 85 117
65351 13775 13 86 117
65352 13776 13 87 117
65353 13777 13 88 117
65354 13778 13 89 117
65355 13779 13 90 117
65356 13780 13 91 117
65357 13781 13 92 117
65358 13782 13 93 117
65359 13783 13 94 117
65360 13784 13 95 117
65361 13785 13 96 117
65362 13786 13 97 117
65363 13787 13 98 117
65364 13788 13 99 117
65365 13789 13 100 117
65366 13790 13 101 117
65367 13791 13 102 117
65368 13792 13 103 117
65369 13793 13 104 117
65370 13794 13 105 117
65371 13795 13 106 117
65372 13796 13 107 117
65373 13797 13 108 117
65380 13798 13 109 117
65533 13799 13 110 117
65533 13800 13 111 117
65533 13801 13 112 117
65533 13802 13 113 117
65533 13803 13 114 117
65533 13804 13 115 117
65533 13805 13 116 117
