# 原版中文位图字体 font42：帧→字符 + 排版度量（**生成物，不要手改**）
# 生成命令：python tools/d2codec/make_chifont_assets.py
# 源：原版资源/导出的字体映射/font42_chi.tsv（原版 data/LOCAL/FONT/chi/font42.tbl
#     格式出处 libd2 packages/formats/src/font.zig L59-117）
# 图集：D2/Fonts/font42_chi.png（整幅，按行主序规则网格摆放）
# 字段：code frame advance col row（code=Unicode 码位；advance=该字排版步进=原版 width；
#       col/row=该字在图集里的格子；格子尺寸 = 37×37；列数 = 117）
COLS 117
CELL 37 37
COUNT 13806
32 0 10 0 0
33 1 12 1 0
34 2 14 2 0
35 3 17 3 0
36 4 17 4 0
37 5 29 5 0
38 6 27 6 0
39 7 6 7 0
40 8 12 8 0
41 9 12 9 0
42 10 17 10 0
43 11 20 11 0
44 12 9 12 0
45 13 12 13 0
46 14 9 14 0
47 15 10 15 0
48 16 17 16 0
49 17 17 17 0
50 18 17 18 0
51 19 17 19 0
52 20 17 20 0
53 21 17 21 0
54 22 17 22 0
55 23 17 23 0
56 24 17 24 0
57 25 17 25 0
58 26 10 26 0
59 27 10 27 0
60 28 20 28 0
61 29 20 29 0
62 30 20 30 0
63 31 15 31 0
64 32 32 32 0
65 33 25 33 0
66 34 23 34 0
67 35 23 35 0
68 36 25 36 0
69 37 21 37 0
70 38 19 38 0
71 39 25 39 0
72 40 25 40 0
73 41 12 41 0
74 42 14 42 0
75 43 25 43 0
76 44 21 44 0
77 45 31 45 0
78 46 25 46 0
79 47 25 47 0
80 48 19 48 0
81 49 25 49 0
82 50 23 50 0
83 51 19 51 0
84 52 21 52 0
85 53 25 53 0
86 54 25 54 0
87 55 33 55 0
88 56 25 56 0
89 57 25 57 0
90 58 21 58 0
91 59 12 59 0
92 60 10 60 0
93 61 12 61 0
94 62 16 62 0
95 63 17 63 0
96 64 12 64 0
97 65 15 65 0
98 66 17 66 0
99 67 15 67 0
100 68 17 68 0
101 69 15 69 0
102 70 12 70 0
103 71 17 71 0
104 72 17 72 0
105 73 10 73 0
106 74 10 74 0
107 75 17 75 0
108 76 10 76 0
109 77 27 77 0
110 78 17 78 0
111 79 17 79 0
112 80 17 80 0
113 81 17 81 0
114 82 12 82 0
115 83 14 83 0
116 84 10 84 0
117 85 17 85 0
118 86 17 86 0
119 87 25 87 0
120 88 17 88 0
121 89 17 89 0
122 90 15 90 0
123 91 17 91 0
124 92 7 92 0
125 93 17 93 0
126 94 19 94 0
127 95 0 95 0
162 96 19 96 0
163 97 18 97 0
165 98 37 98 0
167 99 15 99 0
176 100 9 100 0
177 101 19 101 0
183 102 8 102 0
215 103 19 103 0
247 104 22 104 0
711 105 37 105 0
713 106 37 106 0
714 107 37 107 0
715 108 37 108 0
729 109 37 109 0
913 110 37 110 0
914 111 37 111 0
915 112 37 112 0
916 113 37 113 0
917 114 37 114 0
918 115 37 115 0
919 116 37 116 0
920 117 37 0 1
921 118 37 1 1
922 119 37 2 1
923 120 37 3 1
924 121 37 4 1
925 122 37 5 1
926 123 37 6 1
927 124 37 7 1
928 125 37 8 1
929 126 37 9 1
931 127 37 10 1
932 128 37 11 1
933 129 37 12 1
934 130 37 13 1
935 131 37 14 1
936 132 37 15 1
937 133 37 16 1
945 134 37 17 1
946 135 37 18 1
947 136 37 19 1
948 137 37 20 1
949 138 37 21 1
950 139 37 22 1
951 140 37 23 1
952 141 37 24 1
953 142 37 25 1
954 143 37 26 1
955 144 37 27 1
956 145 37 28 1
957 146 37 29 1
958 147 37 30 1
959 148 37 31 1
960 149 37 32 1
961 150 37 33 1
963 151 37 34 1
964 152 37 35 1
965 153 37 36 1
966 154 37 37 1
967 155 37 38 1
968 156 37 39 1
969 157 37 40 1
1025 158 37 41 1
1044 159 37 42 1
1045 160 37 43 1
1046 161 37 44 1
1047 162 37 45 1
1048 163 37 46 1
1049 164 37 47 1
1050 165 37 48 1
1051 166 37 49 1
1052 167 37 50 1
1059 168 37 51 1
1060 169 37 52 1
1061 170 37 53 1
1062 171 37 54 1
1063 172 37 55 1
1064 173 37 56 1
1065 174 37 57 1
1066 175 37 58 1
1067 176 37 59 1
1068 177 37 60 1
1069 178 37 61 1
1070 179 37 62 1
1071 180 37 63 1
1072 181 37 64 1
1073 182 37 65 1
1074 183 37 66 1
1075 184 37 67 1
1076 185 37 68 1
1077 186 37 69 1
1078 187 37 70 1
1079 188 37 71 1
1080 189 37 72 1
1081 190 37 73 1
1082 191 37 74 1
1083 192 37 75 1
1084 193 37 76 1
1085 194 37 77 1
1086 195 37 78 1
1087 196 37 79 1
1088 197 37 80 1
1089 198 37 81 1
1090 199 37 82 1
1091 200 37 83 1
1092 201 37 84 1
1093 202 37 85 1
1094 203 37 86 1
1095 204 37 87 1
1096 205 37 88 1
1097 206 37 89 1
1098 207 37 90 1
1099 208 37 91 1
1100 209 37 92 1
1101 210 37 93 1
1102 211 37 94 1
1103 212 37 95 1
1105 213 37 96 1
8211 214 37 97 1
8212 215 37 98 1
8216 216 37 99 1
8217 217 37 100 1
8220 218 37 101 1
8221 219 37 102 1
8226 220 37 103 1
8229 221 37 104 1
8230 222 37 105 1
8242 223 37 106 1
8245 224 37 107 1
8251 225 37 108 1
8254 226 37 109 1
8451 227 37 110 1
8453 228 37 111 1
8457 229 37 112 1
8544 230 37 113 1
8545 231 37 114 1
8546 232 37 115 1
8547 233 37 116 1
8548 234 37 0 2
8549 235 37 1 2
8550 236 37 2 2
8551 237 37 3 2
8552 238 37 4 2
8553 239 37 5 2
8592 240 37 6 2
8593 241 37 7 2
8594 242 37 8 2
8595 243 37 9 2
8598 244 37 10 2
8599 245 37 11 2
8600 246 37 12 2
8601 247 37 13 2
8730 248 37 14 2
8734 249 37 15 2
8735 250 37 16 2
8736 251 37 17 2
8739 252 37 18 2
8741 253 37 19 2
8745 254 37 20 2
8746 255 37 21 2
8747 256 37 22 2
8750 257 37 23 2
8756 258 37 24 2
8757 259 37 25 2
8764 260 37 26 2
8786 261 37 27 2
8800 262 37 28 2
8801 263 37 29 2
8806 264 37 30 2
8807 265 37 31 2
8869 266 37 32 2
8895 267 37 33 2
9312 268 37 34 2
9313 269 37 35 2
9314 270 37 36 2
9315 271 37 37 2
9316 272 37 38 2
9317 273 37 39 2
9318 274 37 40 2
9319 275 37 41 2
9320 276 37 42 2
9321 277 37 43 2
9332 278 37 44 2
9333 279 37 45 2
9334 280 37 46 2
9335 281 37 47 2
9336 282 37 48 2
9337 283 37 49 2
9338 284 37 50 2
9339 285 37 51 2
9340 286 37 52 2
9341 287 37 53 2
9472 288 37 54 2
9474 289 37 55 2
9484 290 37 56 2
9488 291 37 57 2
9492 292 37 58 2
9496 293 37 59 2
9500 294 37 60 2
9508 295 37 61 2
9516 296 37 62 2
9524 297 37 63 2
9532 298 37 64 2
9552 299 37 65 2
9566 300 37 66 2
9569 301 37 67 2
9578 302 37 68 2
9581 303 37 69 2
9582 304 37 70 2
9583 305 37 71 2
9584 306 37 72 2
9585 307 37 73 2
9586 308 37 74 2
9587 309 37 75 2
9601 310 37 76 2
9602 311 37 77 2
9603 312 37 78 2
9604 313 37 79 2
9605 314 37 80 2
9606 315 37 81 2
9607 316 37 82 2
9608 317 37 83 2
9609 318 37 84 2
9610 319 37 85 2
9611 320 37 86 2
9612 321 37 87 2
9613 322 37 88 2
9614 323 37 89 2
9615 324 37 90 2
9620 325 37 91 2
9621 326 37 92 2
9632 327 37 93 2
9633 328 37 94 2
9650 329 37 95 2
9651 330 37 96 2
9660 331 37 97 2
9661 332 37 98 2
9670 333 37 99 2
9671 334 37 100 2
9675 335 37 101 2
9678 336 37 102 2
9679 337 37 103 2
9698 338 37 104 2
9699 339 37 105 2
9700 340 37 106 2
9701 341 37 107 2
9733 342 37 108 2
9734 343 37 109 2
9737 344 37 110 2
9792 345 37 111 2
9793 346 37 112 2
9794 347 37 113 2
12288 348 37 114 2
12289 349 37 115 2
12290 350 37 116 2
12291 351 37 0 3
12293 352 37 1 3
12296 353 37 2 3
12297 354 37 3 3
12298 355 37 4 3
12299 356 37 5 3
12300 357 37 6 3
12301 358 37 7 3
12302 359 37 8 3
12303 360 37 9 3
12304 361 37 10 3
12305 362 37 11 3
12306 363 37 12 3
12308 364 37 13 3
12309 365 37 14 3
12317 366 37 15 3
12318 367 37 16 3
12321 368 37 17 3
12322 369 37 18 3
12323 370 37 19 3
12324 371 37 20 3
12325 372 37 21 3
12326 373 37 22 3
12327 374 37 23 3
12328 375 37 24 3
12329 376 37 25 3
12353 377 37 26 3
12354 378 37 27 3
12355 379 37 28 3
12356 380 37 29 3
12357 381 37 30 3
12358 382 37 31 3
12359 383 37 32 3
12360 384 37 33 3
12361 385 37 34 3
12362 386 37 35 3
12363 387 37 36 3
12364 388 37 37 3
12365 389 37 38 3
12366 390 37 39 3
12367 391 37 40 3
12368 392 37 41 3
12369 393 37 42 3
12370 394 37 43 3
12371 395 37 44 3
12372 396 37 45 3
12373 397 37 46 3
12374 398 37 47 3
12375 399 37 48 3
12376 400 37 49 3
12377 401 37 50 3
12378 402 37 51 3
12379 403 37 52 3
12380 404 37 53 3
12381 405 37 54 3
12382 406 37 55 3
12383 407 37 56 3
12384 408 37 57 3
12385 409 37 58 3
12386 410 37 59 3
12387 411 37 60 3
12388 412 37 61 3
12389 413 37 62 3
12390 414 37 63 3
12391 415 37 64 3
12392 416 37 65 3
12393 417 37 66 3
12394 418 37 67 3
12395 419 37 68 3
12396 420 37 69 3
12397 421 37 70 3
12398 422 37 71 3
12399 423 37 72 3
12400 424 37 73 3
12401 425 37 74 3
12402 426 37 75 3
12403 427 37 76 3
12404 428 37 77 3
12405 429 37 78 3
12406 430 37 79 3
12407 431 37 80 3
12408 432 37 81 3
12409 433 37 82 3
12410 434 37 83 3
12411 435 37 84 3
12412 436 37 85 3
12413 437 37 86 3
12414 438 37 87 3
12415 439 37 88 3
12416 440 37 89 3
12417 441 37 90 3
12418 442 37 91 3
12419 443 37 92 3
12420 444 37 93 3
12421 445 37 94 3
12422 446 37 95 3
12423 447 37 96 3
12424 448 37 97 3
12425 449 37 98 3
12426 450 37 99 3
12427 451 37 100 3
12428 452 37 101 3
12429 453 37 102 3
12430 454 37 103 3
12431 455 37 104 3
12432 456 37 105 3
12433 457 37 106 3
12434 458 37 107 3
12435 459 37 108 3
12445 460 37 109 3
12446 461 37 110 3
12449 462 37 111 3
12450 463 37 112 3
12451 464 37 113 3
12452 465 37 114 3
12453 466 37 115 3
12454 467 37 116 3
12455 468 37 0 4
12456 469 37 1 4
12457 470 37 2 4
12458 471 37 3 4
12459 472 37 4 4
12460 473 37 5 4
12461 474 37 6 4
12462 475 37 7 4
12463 476 37 8 4
12464 477 37 9 4
12465 478 37 10 4
12466 479 37 11 4
12467 480 37 12 4
12468 481 37 13 4
12469 482 37 14 4
12470 483 37 15 4
12471 484 37 16 4
12472 485 37 17 4
12473 486 37 18 4
12474 487 37 19 4
12475 488 37 20 4
12476 489 37 21 4
12477 490 37 22 4
12478 491 37 23 4
12479 492 37 24 4
12480 493 37 25 4
12481 494 37 26 4
12482 495 37 27 4
12483 496 37 28 4
12484 497 37 29 4
12485 498 37 30 4
12486 499 37 31 4
12487 500 37 32 4
12488 501 37 33 4
12489 502 37 34 4
12490 503 37 35 4
12491 504 37 36 4
12492 505 37 37 4
12493 506 37 38 4
12494 507 37 39 4
12495 508 37 40 4
12496 509 37 41 4
12497 510 37 42 4
12498 511 37 43 4
12499 512 37 44 4
12500 513 37 45 4
12501 514 37 46 4
12502 515 37 47 4
12503 516 37 48 4
12504 517 37 49 4
12505 518 37 50 4
12506 519 37 51 4
12507 520 37 52 4
12508 521 37 53 4
12509 522 37 54 4
12510 523 37 55 4
12511 524 37 56 4
12512 525 37 57 4
12513 526 37 58 4
12514 527 37 59 4
12515 528 37 60 4
12516 529 37 61 4
12517 530 37 62 4
12518 531 37 63 4
12519 532 37 64 4
12520 533 37 65 4
12521 534 37 66 4
12522 535 37 67 4
12523 536 37 68 4
12524 537 37 69 4
12525 538 37 70 4
12526 539 37 71 4
12527 540 37 72 4
12528 541 37 73 4
12529 542 37 74 4
12530 543 37 75 4
12531 544 37 76 4
12532 545 37 77 4
12533 546 37 78 4
12534 547 37 79 4
12542 548 37 80 4
12549 549 37 81 4
12550 550 37 82 4
12551 551 37 83 4
12552 552 37 84 4
12553 553 37 85 4
12554 554 37 86 4
12555 555 37 87 4
12556 556 37 88 4
12557 557 37 89 4
12558 558 37 90 4
12559 559 37 91 4
12560 560 37 92 4
12561 561 37 93 4
12562 562 37 94 4
12563 563 37 95 4
12564 564 37 96 4
12565 565 37 97 4
12566 566 37 98 4
12567 567 37 99 4
12568 568 37 100 4
12569 569 37 101 4
12570 570 37 102 4
12571 571 37 103 4
12572 572 37 104 4
12573 573 37 105 4
12574 574 37 106 4
12575 575 37 107 4
12576 576 37 108 4
12577 577 37 109 4
12578 578 37 110 4
12579 579 37 111 4
12580 580 37 112 4
12581 581 37 113 4
12582 582 37 114 4
12583 583 37 115 4
12584 584 37 116 4
12585 585 37 0 5
12963 586 37 1 5
13198 587 37 2 5
13199 588 37 3 5
13212 589 37 4 5
13213 590 37 5 5
13214 591 37 6 5
13217 592 37 7 5
13252 593 37 8 5
13262 594 37 9 5
13265 595 37 10 5
13266 596 37 11 5
13269 597 37 12 5
19968 598 37 13 5
19969 599 37 14 5
19971 600 37 15 5
19975 601 37 16 5
19976 602 37 17 5
19977 603 37 18 5
19978 604 37 19 5
19979 605 37 20 5
19980 606 37 21 5
19981 607 37 22 5
19982 608 37 23 5
19983 609 37 24 5
19984 610 37 25 5
19985 611 37 26 5
19988 612 37 27 5
19989 613 37 28 5
19990 614 37 29 5
19992 615 37 30 5
19993 616 37 31 5
19998 617 37 32 5
19999 618 37 33 5
20006 619 37 34 5
20011 620 37 35 5
20013 621 37 36 5
20014 622 37 37 5
20016 623 37 38 5
20017 624 37 39 5
20018 625 37 40 5
20019 626 37 41 5
20024 627 37 42 5
20025 628 37 43 5
20027 629 37 44 5
20028 630 37 45 5
20034 631 37 46 5
20035 632 37 47 5
20037 633 37 48 5
20039 634 37 49 5
20040 635 37 50 5
20043 636 37 51 5
20045 637 37 52 5
20046 638 37 53 5
20047 639 37 54 5
20050 640 37 55 5
20051 641 37 56 5
20054 642 37 57 5
20056 643 37 58 5
20057 644 37 59 5
20060 645 37 60 5
20061 646 37 61 5
20062 647 37 62 5
20063 648 37 63 5
20073 649 37 64 5
20083 650 37 65 5
20094 651 37 66 5
20095 652 37 67 5
20098 653 37 68 5
20099 654 37 69 5
20100 655 37 70 5
20102 656 37 71 5
20104 657 37 72 5
20107 658 37 73 5
20108 659 37 74 5
20109 660 37 75 5
20110 661 37 76 5
20113 662 37 77 5
20114 663 37 78 5
20115 664 37 79 5
20116 665 37 80 5
20117 666 37 81 5
20121 667 37 82 5
20123 668 37 83 5
20126 669 37 84 5
20127 670 37 85 5
20129 671 37 86 5
20130 672 37 87 5
20132 673 37 88 5
20133 674 37 89 5
20134 675 37 90 5
20136 676 37 91 5
20139 677 37 92 5
20140 678 37 93 5
20141 679 37 94 5
20142 680 37 95 5
20147 681 37 96 5
20150 682 37 97 5
20153 683 37 98 5
20154 684 37 99 5
20160 685 37 100 5
20161 686 37 101 5
20162 687 37 102 5
20163 688 37 103 5
20164 689 37 104 5
20166 690 37 105 5
20167 691 37 106 5
20168 692 37 107 5
20169 693 37 108 5
20170 694 37 109 5
20171 695 37 110 5
20173 696 37 111 5
20180 697 37 112 5
20181 698 37 113 5
20182 699 37 114 5
20183 700 37 115 5
20184 701 37 116 5
20185 702 37 0 6
20186 703 37 1 6
20188 704 37 2 6
20189 705 37 3 6
20190 706 37 4 6
20191 707 37 5 6
20193 708 37 6 6
20195 709 37 7 6
20196 710 37 8 6
20197 711 37 9 6
20200 712 37 10 6
20201 713 37 11 6
20208 714 37 12 6
20209 715 37 13 6
20210 716 37 14 6
20211 717 37 15 6
20212 718 37 16 6
20213 719 37 17 6
20214 720 37 18 6
20215 721 37 19 6
20219 722 37 20 6
20221 723 37 21 6
20223 724 37 22 6
20224 725 37 23 6
20225 726 37 24 6
20226 727 37 25 6
20228 728 37 26 6
20229 729 37 27 6
20232 730 37 28 6
20233 731 37 29 6
20234 732 37 30 6
20235 733 37 31 6
20237 734 37 32 6
20238 735 37 33 6
20239 736 37 34 6
20240 737 37 35 6
20241 738 37 36 6
20242 739 37 37 6
20243 740 37 38 6
20244 741 37 39 6
20245 742 37 40 6
20248 743 37 41 6
20249 744 37 42 6
20253 745 37 43 6
20258 746 37 44 6
20268 747 37 45 6
20269 748 37 46 6
20271 749 37 47 6
20272 750 37 48 6
20275 751 37 49 6
20276 752 37 50 6
20278 753 37 51 6
20280 754 37 52 6
20282 755 37 53 6
20283 756 37 54 6
20284 757 37 55 6
20285 758 37 56 6
20286 759 37 57 6
20287 760 37 58 6
20289 761 37 59 6
20291 762 37 60 6
20294 763 37 61 6
20295 764 37 62 6
20296 765 37 63 6
20297 766 37 64 6
20300 767 37 65 6
20301 768 37 66 6
20302 769 37 67 6
20303 770 37 68 6
20304 771 37 69 6
20305 772 37 70 6
20306 773 37 71 6
20307 774 37 72 6
20308 775 37 73 6
20309 776 37 74 6
20310 777 37 75 6
20311 778 37 76 6
20312 779 37 77 6
20313 780 37 78 6
20314 781 37 79 6
20315 782 37 80 6
20316 783 37 81 6
20317 784 37 82 6
20318 785 37 83 6
20319 786 37 84 6
20320 787 37 85 6
20321 788 37 86 6
20322 789 37 87 6
20323 790 37 88 6
20324 791 37 89 6
20327 792 37 90 6
20329 793 37 91 6
20330 794 37 92 6
20331 795 37 93 6
20332 796 37 94 6
20334 797 37 95 6
20335 798 37 96 6
20336 799 37 97 6
20339 800 37 98 6
20340 801 37 99 6
20341 802 37 100 6
20342 803 37 101 6
20343 804 37 102 6
20344 805 37 103 6
20345 806 37 104 6
20346 807 37 105 6
20347 808 37 106 6
20348 809 37 107 6
20349 810 37 108 6
20350 811 37 109 6
20351 812 37 110 6
20352 813 37 111 6
20353 814 37 112 6
20354 815 37 113 6
20355 816 37 114 6
20356 817 37 115 6
20357 818 37 116 6
20358 819 37 0 7
20359 820 37 1 7
20360 821 37 2 7
20361 822 37 3 7
20363 823 37 4 7
20365 824 37 5 7
20367 825 37 6 7
20368 826 37 7 7
20369 827 37 8 7
20370 828 37 9 7
20372 829 37 10 7
20373 830 37 11 7
20374 831 37 12 7
20375 832 37 13 7
20376 833 37 14 7
20378 834 37 15 7
20379 835 37 16 7
20380 836 37 17 7
20381 837 37 18 7
20382 838 37 19 7
20398 839 37 20 7
20399 840 37 21 7
20402 841 37 22 7
20403 842 37 23 7
20405 843 37 24 7
20406 844 37 25 7
20407 845 37 26 7
20409 846 37 27 7
20410 847 37 28 7
20411 848 37 29 7
20415 849 37 30 7
20416 850 37 31 7
20417 851 37 32 7
20418 852 37 33 7
20419 853 37 34 7
20420 854 37 35 7
20421 855 37 36 7
20423 856 37 37 7
20425 857 37 38 7
20426 858 37 39 7
20427 859 37 40 7
20429 860 37 41 7
20430 861 37 42 7
20431 862 37 43 7
20432 863 37 44 7
20433 864 37 45 7
20435 865 37 46 7
20436 866 37 47 7
20438 867 37 48 7
20439 868 37 49 7
20440 869 37 50 7
20441 870 37 51 7
20442 871 37 52 7
20443 872 37 53 7
20444 873 37 54 7
20445 874 37 55 7
20446 875 37 56 7
20447 876 37 57 7
20448 877 37 58 7
20449 878 37 59 7
20460 879 37 60 7
20462 880 37 61 7
20463 881 37 62 7
20465 882 37 63 7
20467 883 37 64 7
20468 884 37 65 7
20469 885 37 66 7
20470 886 37 67 7
20471 887 37 68 7
20472 888 37 69 7
20474 889 37 70 7
20478 890 37 71 7
20480 891 37 72 7
20485 892 37 73 7
20486 893 37 74 7
20487 894 37 75 7
20489 895 37 76 7
20491 896 37 77 7
20492 897 37 78 7
20493 898 37 79 7
20494 899 37 80 7
20495 900 37 81 7
20497 901 37 82 7
20498 902 37 83 7
20499 903 37 84 7
20500 904 37 85 7
20501 905 37 86 7
20502 906 37 87 7
20503 907 37 88 7
20504 908 37 89 7
20505 909 37 90 7
20506 910 37 91 7
20507 911 37 92 7
20508 912 37 93 7
20510 913 37 94 7
20511 914 37 95 7
20512 915 37 96 7
20513 916 37 97 7
20514 917 37 98 7
20515 918 37 99 7
20517 919 37 100 7
20518 920 37 101 7
20519 921 37 102 7
20520 922 37 103 7
20521 923 37 104 7
20522 924 37 105 7
20523 925 37 106 7
20524 926 37 107 7
20525 927 37 108 7
20527 928 37 109 7
20528 929 37 110 7
20529 930 37 111 7
20531 931 37 112 7
20533 932 37 113 7
20535 933 37 114 7
20540 934 37 115 7
20544 935 37 116 7
20545 936 37 0 8
20547 937 37 1 8
20549 938 37 2 8
20550 939 37 3 8
20551 940 37 4 8
20552 941 37 5 8
20553 942 37 6 8
20554 943 37 7 8
20555 944 37 8 8
20556 945 37 9 8
20557 946 37 10 8
20558 947 37 11 8
20559 948 37 12 8
20561 949 37 13 8
20563 950 37 14 8
20565 951 37 15 8
20567 952 37 16 8
20570 953 37 17 8
20571 954 37 18 8
20572 955 37 19 8
20573 956 37 20 8
20574 957 37 21 8
20575 958 37 22 8
20576 959 37 23 8
20577 960 37 24 8
20578 961 37 25 8
20579 962 37 26 8
20580 963 37 27 8
20581 964 37 28 8
20584 965 37 29 8
20585 966 37 30 8
20586 967 37 31 8
20587 968 37 32 8
20589 969 37 33 8
20590 970 37 34 8
20591 971 37 35 8
20592 972 37 36 8
20594 973 37 37 8
20595 974 37 38 8
20596 975 37 39 8
20597 976 37 40 8
20598 977 37 41 8
20599 978 37 42 8
20602 979 37 43 8
20605 980 37 44 8
20608 981 37 45 8
20610 982 37 46 8
20611 983 37 47 8
20613 984 37 48 8
20615 985 37 49 8
20619 986 37 50 8
20620 987 37 51 8
20621 988 37 52 8
20622 989 37 53 8
20625 990 37 54 8
20626 991 37 55 8
20628 992 37 56 8
20629 993 37 57 8
20630 994 37 58 8
20632 995 37 59 8
20633 996 37 60 8
20634 997 37 61 8
20635 998 37 62 8
20636 999 37 63 8
20637 1000 37 64 8
20638 1001 37 65 8
20642 1002 37 66 8
20643 1003 37 67 8
20652 1004 37 68 8
20653 1005 37 69 8
20654 1006 37 70 8
20655 1007 37 71 8
20656 1008 37 72 8
20657 1009 37 73 8
20658 1010 37 74 8
20659 1011 37 75 8
20660 1012 37 76 8
20661 1013 37 77 8
20662 1014 37 78 8
20663 1015 37 79 8
20664 1016 37 80 8
20666 1017 37 81 8
20667 1018 37 82 8
20669 1019 37 83 8
20670 1020 37 84 8
20671 1021 37 85 8
20673 1022 37 86 8
20674 1023 37 87 8
20676 1024 37 88 8
20677 1025 37 89 8
20678 1026 37 90 8
20679 1027 37 91 8
20680 1028 37 92 8
20681 1029 37 93 8
20682 1030 37 94 8
20683 1031 37 95 8
20686 1032 37 96 8
20687 1033 37 97 8
20689 1034 37 98 8
20691 1035 37 99 8
20692 1036 37 100 8
20693 1037 37 101 8
20694 1038 37 102 8
20695 1039 37 103 8
20698 1040 37 104 8
20699 1041 37 105 8
20701 1042 37 106 8
20704 1043 37 107 8
20707 1044 37 108 8
20708 1045 37 109 8
20709 1046 37 110 8
20710 1047 37 111 8
20711 1048 37 112 8
20712 1049 37 113 8
20713 1050 37 114 8
20714 1051 37 115 8
20716 1052 37 116 8
20717 1053 37 0 9
20718 1054 37 1 9
20719 1055 37 2 9
20720 1056 37 3 9
20721 1057 37 4 9
20723 1058 37 5 9
20725 1059 37 6 9
20726 1060 37 7 9
20728 1061 37 8 9
20729 1062 37 9 9
20731 1063 37 10 9
20733 1064 37 11 9
20734 1065 37 12 9
20735 1066 37 13 9
20736 1067 37 14 9
20738 1068 37 15 9
20739 1069 37 16 9
20740 1070 37 17 9
20741 1071 37 18 9
20742 1072 37 19 9
20743 1073 37 20 9
20744 1074 37 21 9
20745 1075 37 22 9
20746 1076 37 23 9
20747 1077 37 24 9
20748 1078 37 25 9
20752 1079 37 26 9
20753 1080 37 27 9
20754 1081 37 28 9
20755 1082 37 29 9
20756 1083 37 30 9
20757 1084 37 31 9
20759 1085 37 32 9
20760 1086 37 33 9
20762 1087 37 34 9
20764 1088 37 35 9
20767 1089 37 36 9
20768 1090 37 37 9
20769 1091 37 38 9
20770 1092 37 39 9
20772 1093 37 40 9
20773 1094 37 41 9
20774 1095 37 42 9
20777 1096 37 43 9
20778 1097 37 44 9
20781 1098 37 45 9
20782 1099 37 46 9
20784 1100 37 47 9
20785 1101 37 48 9
20786 1102 37 49 9
20787 1103 37 50 9
20788 1104 37 51 9
20789 1105 37 52 9
20791 1106 37 53 9
20792 1107 37 54 9
20793 1108 37 55 9
20794 1109 37 56 9
20795 1110 37 57 9
20796 1111 37 58 9
20797 1112 37 59 9
20799 1113 37 60 9
20800 1114 37 61 9
20801 1115 37 62 9
20803 1116 37 63 9
20804 1117 37 64 9
20805 1118 37 65 9
20806 1119 37 66 9
20807 1120 37 67 9
20808 1121 37 68 9
20809 1122 37 69 9
20811 1123 37 70 9
20812 1124 37 71 9
20813 1125 37 72 9
20818 1126 37 73 9
20820 1127 37 74 9
20821 1128 37 75 9
20823 1129 37 76 9
20825 1130 37 77 9
20826 1131 37 78 9
20827 1132 37 79 9
20828 1133 37 80 9
20829 1134 37 81 9
20830 1135 37 82 9
20831 1136 37 83 9
20833 1137 37 84 9
20834 1138 37 85 9
20835 1139 37 86 9
20837 1140 37 87 9
20839 1141 37 88 9
20840 1142 37 89 9
20841 1143 37 90 9
20843 1144 37 91 9
20844 1145 37 92 9
20845 1146 37 93 9
20846 1147 37 94 9
20849 1148 37 95 9
20853 1149 37 96 9
20854 1150 37 97 9
20855 1151 37 98 9
20856 1152 37 99 9
20860 1153 37 100 9
20864 1154 37 101 9
20871 1155 37 102 9
20873 1156 37 103 9
20874 1157 37 104 9
20877 1158 37 105 9
20879 1159 37 106 9
20881 1160 37 107 9
20882 1161 37 108 9
20883 1162 37 109 9
20884 1163 37 110 9
20885 1164 37 111 9
20887 1165 37 112 9
20888 1166 37 113 9
20894 1167 37 114 9
20896 1168 37 115 9
20898 1169 37 116 9
20900 1170 37 0 10
20901 1171 37 1 10
20906 1172 37 2 10
20908 1173 37 3 10
20912 1174 37 4 10
20913 1175 37 5 10
20918 1176 37 6 10
20919 1177 37 7 10
20921 1178 37 8 10
20924 1179 37 9 10
20925 1180 37 10 10
20926 1181 37 11 10
20932 1182 37 12 10
20933 1183 37 13 10
20934 1184 37 14 10
20936 1185 37 15 10
20938 1186 37 16 10
20939 1187 37 17 10
20940 1188 37 18 10
20941 1189 37 19 10
20942 1190 37 20 10
20944 1191 37 21 10
20948 1192 37 22 10
20951 1193 37 23 10
20952 1194 37 24 10
20956 1195 37 25 10
20957 1196 37 26 10
20958 1197 37 27 10
20960 1198 37 28 10
20961 1199 37 29 10
20976 1200 37 30 10
20977 1201 37 31 10
20979 1202 37 32 10
20981 1203 37 33 10
20982 1204 37 34 10
20984 1205 37 35 10
20985 1206 37 36 10
20986 1207 37 37 10
20989 1208 37 38 10
20992 1209 37 39 10
20993 1210 37 40 10
20995 1211 37 41 10
20998 1212 37 42 10
20999 1213 37 43 10
21000 1214 37 44 10
21001 1215 37 45 10
21002 1216 37 46 10
21004 1217 37 47 10
21006 1218 37 48 10
21008 1219 37 49 10
21009 1220 37 50 10
21010 1221 37 51 10
21011 1222 37 52 10
21014 1223 37 53 10
21015 1224 37 54 10
21020 1225 37 55 10
21021 1226 37 56 10
21022 1227 37 57 10
21025 1228 37 58 10
21028 1229 37 59 10
21029 1230 37 60 10
21032 1231 37 61 10
21033 1232 37 62 10
21034 1233 37 63 10
21038 1234 37 64 10
21040 1235 37 65 10
21041 1236 37 66 10
21042 1237 37 67 10
21043 1238 37 68 10
21045 1239 37 69 10
21046 1240 37 70 10
21047 1241 37 71 10
21048 1242 37 72 10
21050 1243 37 73 10
21051 1244 37 74 10
21057 1245 37 75 10
21059 1246 37 76 10
21060 1247 37 77 10
21062 1248 37 78 10
21063 1249 37 79 10
21065 1250 37 80 10
21066 1251 37 81 10
21067 1252 37 82 10
21068 1253 37 83 10
21069 1254 37 84 10
21070 1255 37 85 10
21074 1256 37 86 10
21076 1257 37 87 10
21077 1258 37 88 10
21078 1259 37 89 10
21082 1260 37 90 10
21083 1261 37 91 10
21084 1262 37 92 10
21085 1263 37 93 10
21086 1264 37 94 10
21087 1265 37 95 10
21089 1266 37 96 10
21090 1267 37 97 10
21097 1268 37 98 10
21098 1269 37 99 10
21099 1270 37 100 10
21100 1271 37 101 10
21101 1272 37 102 10
21102 1273 37 103 10
21103 1274 37 104 10
21106 1275 37 105 10
21108 1276 37 106 10
21109 1277 37 107 10
21111 1278 37 108 10
21112 1279 37 109 10
21114 1280 37 110 10
21115 1281 37 111 10
21116 1282 37 112 10
21117 1283 37 113 10
21119 1284 37 114 10
21120 1285 37 115 10
21121 1286 37 116 10
21122 1287 37 0 11
21123 1288 37 1 11
21124 1289 37 2 11
21127 1290 37 3 11
21128 1291 37 4 11
21129 1292 37 5 11
21130 1293 37 6 11
21131 1294 37 7 11
21132 1295 37 8 11
21133 1296 37 9 11
21137 1297 37 10 11
21139 1298 37 11 11
21142 1299 37 12 11
21143 1300 37 13 11
21144 1301 37 14 11
21145 1302 37 15 11
21147 1303 37 16 11
21151 1304 37 17 11
21152 1305 37 18 11
21155 1306 37 19 11
21158 1307 37 20 11
21161 1308 37 21 11
21162 1309 37 22 11
21163 1310 37 23 11
21164 1311 37 24 11
21165 1312 37 25 11
21166 1313 37 26 11
21179 1314 37 27 11
21180 1315 37 28 11
21182 1316 37 29 11
21184 1317 37 30 11
21185 1318 37 31 11
21186 1319 37 32 11
21187 1320 37 33 11
21191 1321 37 34 11
21193 1322 37 35 11
21197 1323 37 36 11
21202 1324 37 37 11
21203 1325 37 38 11
21205 1326 37 39 11
21206 1327 37 40 11
21207 1328 37 41 11
21208 1329 37 42 11
21209 1330 37 43 11
21211 1331 37 44 11
21213 1332 37 45 11
21214 1333 37 46 11
21215 1334 37 47 11
21218 1335 37 48 11
21219 1336 37 49 11
21220 1337 37 50 11
21222 1338 37 51 11
21225 1339 37 52 11
21227 1340 37 53 11
21231 1341 37 54 11
21232 1342 37 55 11
21233 1343 37 56 11
21235 1344 37 57 11
21236 1345 37 58 11
21237 1346 37 59 11
21239 1347 37 60 11
21240 1348 37 61 11
21242 1349 37 62 11
21243 1350 37 63 11
21244 1351 37 64 11
21246 1352 37 65 11
21247 1353 37 66 11
21253 1354 37 67 11
21254 1355 37 68 11
21256 1356 37 69 11
21257 1357 37 70 11
21258 1358 37 71 11
21259 1359 37 72 11
21261 1360 37 73 11
21262 1361 37 74 11
21263 1362 37 75 11
21264 1363 37 76 11
21265 1364 37 77 11
21266 1365 37 78 11
21269 1366 37 79 11
21270 1367 37 80 11
21271 1368 37 81 11
21273 1369 37 82 11
21274 1370 37 83 11
21276 1371 37 84 11
21277 1372 37 85 11
21279 1373 37 86 11
21280 1374 37 87 11
21281 1375 37 88 11
21282 1376 37 89 11
21283 1377 37 90 11
21290 1378 37 91 11
21293 1379 37 92 11
21295 1380 37 93 11
21296 1381 37 94 11
21297 1382 37 95 11
21300 1383 37 96 11
21303 1384 37 97 11
21305 1385 37 98 11
21308 1386 37 99 11
21309 1387 37 100 11
21310 1388 37 101 11
21311 1389 37 102 11
21312 1390 37 103 11
21313 1391 37 104 11
21315 1392 37 105 11
21316 1393 37 106 11
21317 1394 37 107 11
21319 1395 37 108 11
21320 1396 37 109 11
21321 1397 37 110 11
21322 1398 37 111 11
21324 1399 37 112 11
21325 1400 37 113 11
21329 1401 37 114 11
21330 1402 37 115 11
21331 1403 37 116 11
21332 1404 37 0 12
21335 1405 37 1 12
21338 1406 37 2 12
21340 1407 37 3 12
21342 1408 37 4 12
21344 1409 37 5 12
21345 1410 37 6 12
21347 1411 37 7 12
21350 1412 37 8 12
21356 1413 37 9 12
21358 1414 37 10 12
21359 1415 37 11 12
21360 1416 37 12 12
21361 1417 37 13 12
21362 1418 37 14 12
21363 1419 37 15 12
21365 1420 37 16 12
21367 1421 37 17 12
21368 1422 37 18 12
21369 1423 37 19 12
21371 1424 37 20 12
21372 1425 37 21 12
21375 1426 37 22 12
21378 1427 37 23 12
21380 1428 37 24 12
21386 1429 37 25 12
21390 1430 37 26 12
21391 1431 37 27 12
21394 1432 37 28 12
21396 1433 37 29 12
21398 1434 37 30 12
21399 1435 37 31 12
21400 1436 37 32 12
21401 1437 37 33 12
21402 1438 37 34 12
21404 1439 37 35 12
21405 1440 37 36 12
21406 1441 37 37 12
21407 1442 37 38 12
21412 1443 37 39 12
21413 1444 37 40 12
21415 1445 37 41 12
21420 1446 37 42 12
21421 1447 37 43 12
21426 1448 37 44 12
21428 1449 37 45 12
21433 1450 37 46 12
21435 1451 37 47 12
21443 1452 37 48 12
21448 1453 37 49 12
21449 1454 37 50 12
21450 1455 37 51 12
21451 1456 37 52 12
21453 1457 37 53 12
21460 1458 37 54 12
21462 1459 37 55 12
21463 1460 37 56 12
21467 1461 37 57 12
21471 1462 37 58 12
21473 1463 37 59 12
21474 1464 37 60 12
21475 1465 37 61 12
21476 1466 37 62 12
21477 1467 37 63 12
21478 1468 37 64 12
21480 1469 37 65 12
21481 1470 37 66 12
21482 1471 37 67 12
21483 1472 37 68 12
21484 1473 37 69 12
21485 1474 37 70 12
21486 1475 37 71 12
21487 1476 37 72 12
21488 1477 37 73 12
21489 1478 37 74 12
21490 1479 37 75 12
21491 1480 37 76 12
21493 1481 37 77 12
21496 1482 37 78 12
21499 1483 37 79 12
21500 1484 37 80 12
21505 1485 37 81 12
21507 1486 37 82 12
21508 1487 37 83 12
21510 1488 37 84 12
21511 1489 37 85 12
21512 1490 37 86 12
21513 1491 37 87 12
21514 1492 37 88 12
21515 1493 37 89 12
21516 1494 37 90 12
21517 1495 37 91 12
21518 1496 37 92 12
21519 1497 37 93 12
21520 1498 37 94 12
21521 1499 37 95 12
21522 1500 37 96 12
21528 1501 37 97 12
21529 1502 37 98 12
21531 1503 37 99 12
21532 1504 37 100 12
21533 1505 37 101 12
21534 1506 37 102 12
21535 1507 37 103 12
21536 1508 37 104 12
21540 1509 37 105 12
21541 1510 37 106 12
21542 1511 37 107 12
21543 1512 37 108 12
21544 1513 37 109 12
21545 1514 37 110 12
21546 1515 37 111 12
21547 1516 37 112 12
21548 1517 37 113 12
21549 1518 37 114 12
21550 1519 37 115 12
21552 1520 37 116 12
21553 1521 37 0 13
21555 1522 37 1 13
21557 1523 37 2 13
21558 1524 37 3 13
21559 1525 37 4 13
21560 1526 37 5 13
21561 1527 37 6 13
21563 1528 37 7 13
21564 1529 37 8 13
21565 1530 37 9 13
21566 1531 37 10 13
21568 1532 37 11 13
21569 1533 37 12 13
21570 1534 37 13 13
21571 1535 37 14 13
21573 1536 37 15 13
21574 1537 37 16 13
21575 1538 37 17 13
21576 1539 37 18 13
21578 1540 37 19 13
21582 1541 37 20 13
21583 1542 37 21 13
21588 1543 37 22 13
21600 1544 37 23 13
21601 1545 37 24 13
21602 1546 37 25 13
21603 1547 37 26 13
21604 1548 37 27 13
21605 1549 37 28 13
21606 1550 37 29 13
21607 1551 37 30 13
21608 1552 37 31 13
21611 1553 37 32 13
21612 1554 37 33 13
21615 1555 37 34 13
21616 1556 37 35 13
21617 1557 37 36 13
21618 1558 37 37 13
21619 1559 37 38 13
21620 1560 37 39 13
21621 1561 37 40 13
21622 1562 37 41 13
21623 1563 37 42 13
21624 1564 37 43 13
21626 1565 37 44 13
21627 1566 37 45 13
21628 1567 37 46 13
21629 1568 37 47 13
21630 1569 37 48 13
21631 1570 37 49 13
21632 1571 37 50 13
21633 1572 37 51 13
21634 1573 37 52 13
21636 1574 37 53 13
21638 1575 37 54 13
21639 1576 37 55 13
21640 1577 37 56 13
21643 1578 37 57 13
21644 1579 37 58 13
21645 1580 37 59 13
21646 1581 37 60 13
21648 1582 37 61 13
21649 1583 37 62 13
21650 1584 37 63 13
21653 1585 37 64 13
21654 1586 37 65 13
21656 1587 37 66 13
21658 1588 37 67 13
21664 1589 37 68 13
21665 1590 37 69 13
21666 1591 37 70 13
21669 1592 37 71 13
21670 1593 37 72 13
21671 1594 37 73 13
21672 1595 37 74 13
21673 1596 37 75 13
21674 1597 37 76 13
21675 1598 37 77 13
21676 1599 37 78 13
21677 1600 37 79 13
21678 1601 37 80 13
21679 1602 37 81 13
21680 1603 37 82 13
21681 1604 37 83 13
21683 1605 37 84 13
21686 1606 37 85 13
21687 1607 37 86 13
21688 1608 37 87 13
21690 1609 37 88 13
21691 1610 37 89 13
21692 1611 37 90 13
21693 1612 37 91 13
21694 1613 37 92 13
21695 1614 37 93 13
21696 1615 37 94 13
21697 1616 37 95 13
21698 1617 37 96 13
21699 1618 37 97 13
21700 1619 37 98 13
21701 1620 37 99 13
21702 1621 37 100 13
21703 1622 37 101 13
21704 1623 37 102 13
21705 1624 37 103 13
21710 1625 37 104 13
21711 1626 37 105 13
21718 1627 37 106 13
21726 1628 37 107 13
21728 1629 37 108 13
21729 1630 37 109 13
21730 1631 37 110 13
21732 1632 37 111 13
21733 1633 37 112 13
21734 1634 37 113 13
21735 1635 37 114 13
21736 1636 37 115 13
21737 1637 37 116 13
21738 1638 37 0 14
21739 1639 37 1 14
21741 1640 37 2 14
21742 1641 37 3 14
21745 1642 37 4 14
21746 1643 37 5 14
21747 1644 37 6 14
21751 1645 37 7 14
21752 1646 37 8 14
21754 1647 37 9 14
21755 1648 37 10 14
21756 1649 37 11 14
21757 1650 37 12 14
21759 1651 37 13 14
21761 1652 37 14 14
21763 1653 37 15 14
21764 1654 37 16 14
21765 1655 37 17 14
21766 1656 37 18 14
21767 1657 37 19 14
21768 1658 37 20 14
21769 1659 37 21 14
21770 1660 37 22 14
21771 1661 37 23 14
21772 1662 37 24 14
21774 1663 37 25 14
21775 1664 37 26 14
21776 1665 37 27 14
21777 1666 37 28 14
21778 1667 37 29 14
21780 1668 37 30 14
21783 1669 37 31 14
21786 1670 37 32 14
21798 1671 37 33 14
21799 1672 37 34 14
21802 1673 37 35 14
21804 1674 37 36 14
21805 1675 37 37 14
21806 1676 37 38 14
21807 1677 37 39 14
21808 1678 37 40 14
21809 1679 37 41 14
21810 1680 37 42 14
21811 1681 37 43 14
21812 1682 37 44 14
21813 1683 37 45 14
21814 1684 37 46 14
21815 1685 37 47 14
21816 1686 37 48 14
21817 1687 37 49 14
21819 1688 37 50 14
21820 1689 37 51 14
21822 1690 37 52 14
21824 1691 37 53 14
21825 1692 37 54 14
21827 1693 37 55 14
21828 1694 37 56 14
21829 1695 37 57 14
21830 1696 37 58 14
21832 1697 37 59 14
21834 1698 37 60 14
21835 1699 37 61 14
21837 1700 37 62 14
21838 1701 37 63 14
21839 1702 37 64 14
21840 1703 37 65 14
21841 1704 37 66 14
21842 1705 37 67 14
21845 1706 37 68 14
21846 1707 37 69 14
21847 1708 37 70 14
21852 1709 37 71 14
21854 1710 37 72 14
21855 1711 37 73 14
21857 1712 37 74 14
21858 1713 37 75 14
21859 1714 37 76 14
21860 1715 37 77 14
21861 1716 37 78 14
21862 1717 37 79 14
21866 1718 37 80 14
21877 1719 37 81 14
21878 1720 37 82 14
21879 1721 37 83 14
21883 1722 37 84 14
21884 1723 37 85 14
21885 1724 37 86 14
21886 1725 37 87 14
21887 1726 37 88 14
21888 1727 37 89 14
21889 1728 37 90 14
21890 1729 37 91 14
21891 1730 37 92 14
21892 1731 37 93 14
21895 1732 37 94 14
21896 1733 37 95 14
21897 1734 37 96 14
21898 1735 37 97 14
21899 1736 37 98 14
21900 1737 37 99 14
21901 1738 37 100 14
21902 1739 37 101 14
21903 1740 37 102 14
21905 1741 37 103 14
21906 1742 37 104 14
21907 1743 37 105 14
21908 1744 37 106 14
21909 1745 37 107 14
21912 1746 37 108 14
21913 1747 37 109 14
21914 1748 37 110 14
21916 1749 37 111 14
21917 1750 37 112 14
21919 1751 37 113 14
21921 1752 37 114 14
21922 1753 37 115 14
21923 1754 37 116 14
21924 1755 37 0 15
21925 1756 37 1 15
21926 1757 37 2 15
21927 1758 37 3 15
21928 1759 37 4 15
21930 1760 37 5 15
21931 1761 37 6 15
21932 1762 37 7 15
21933 1763 37 8 15
21934 1764 37 9 15
21937 1765 37 10 15
21938 1766 37 11 15
21939 1767 37 12 15
21941 1768 37 13 15
21947 1769 37 14 15
21951 1770 37 15 15
21952 1771 37 16 15
21954 1772 37 17 15
21955 1773 37 18 15
21956 1774 37 19 15
21957 1775 37 20 15
21958 1776 37 21 15
21959 1777 37 22 15
21960 1778 37 23 15
21961 1779 37 24 15
21962 1780 37 25 15
21963 1781 37 26 15
21964 1782 37 27 15
21965 1783 37 28 15
21966 1784 37 29 15
21967 1785 37 30 15
21968 1786 37 31 15
21969 1787 37 32 15
21970 1788 37 33 15
21971 1789 37 34 15
21972 1790 37 35 15
21973 1791 37 36 15
21974 1792 37 37 15
21977 1793 37 38 15
21978 1794 37 39 15
21979 1795 37 40 15
21980 1796 37 41 15
21981 1797 37 42 15
21983 1798 37 43 15
21985 1799 37 44 15
21986 1800 37 45 15
21987 1801 37 46 15
21988 1802 37 47 15
21989 1803 37 48 15
21990 1804 37 49 15
21991 1805 37 50 15
21992 1806 37 51 15
21993 1807 37 52 15
21999 1808 37 53 15
22002 1809 37 54 15
22006 1810 37 55 15
22007 1811 37 56 15
22009 1812 37 57 15
22010 1813 37 58 15
22012 1814 37 59 15
22013 1815 37 60 15
22014 1816 37 61 15
22015 1817 37 62 15
22016 1818 37 63 15
22017 1819 37 64 15
22018 1820 37 65 15
22020 1821 37 66 15
22022 1822 37 67 15
22024 1823 37 68 15
22025 1824 37 69 15
22028 1825 37 70 15
22029 1826 37 71 15
22030 1827 37 72 15
22031 1828 37 73 15
22032 1829 37 74 15
22034 1830 37 75 15
22035 1831 37 76 15
22036 1832 37 77 15
22037 1833 37 78 15
22038 1834 37 79 15
22039 1835 37 80 15
22043 1836 37 81 15
22044 1837 37 82 15
22045 1838 37 83 15
22047 1839 37 84 15
22055 1840 37 85 15
22057 1841 37 86 15
22058 1842 37 87 15
22060 1843 37 88 15
22062 1844 37 89 15
22063 1845 37 90 15
22064 1846 37 91 15
22066 1847 37 92 15
22067 1848 37 93 15
22068 1849 37 94 15
22069 1850 37 95 15
22070 1851 37 96 15
22072 1852 37 97 15
22073 1853 37 98 15
22074 1854 37 99 15
22075 1855 37 100 15
22077 1856 37 101 15
22078 1857 37 102 15
22079 1858 37 103 15
22080 1859 37 104 15
22081 1860 37 105 15
22082 1861 37 106 15
22085 1862 37 107 15
22086 1863 37 108 15
22088 1864 37 109 15
22089 1865 37 110 15
22090 1866 37 111 15
22092 1867 37 112 15
22094 1868 37 113 15
22099 1869 37 114 15
22103 1870 37 115 15
22104 1871 37 116 15
22105 1872 37 0 16
22106 1873 37 1 16
22110 1874 37 2 16
22112 1875 37 3 16
22114 1876 37 4 16
22115 1877 37 5 16
22116 1878 37 6 16
22117 1879 37 7 16
22118 1880 37 8 16
22120 1881 37 9 16
22121 1882 37 10 16
22122 1883 37 11 16
22123 1884 37 12 16
22124 1885 37 13 16
22125 1886 37 14 16
22126 1887 37 15 16
22127 1888 37 16 16
22128 1889 37 17 16
22129 1890 37 18 16
22130 1891 37 19 16
22131 1892 37 20 16
22132 1893 37 21 16
22134 1894 37 22 16
22135 1895 37 23 16
22136 1896 37 24 16
22137 1897 37 25 16
22142 1898 37 26 16
22143 1899 37 27 16
22144 1900 37 28 16
22145 1901 37 29 16
22146 1902 37 30 16
22147 1903 37 31 16
22148 1904 37 32 16
22149 1905 37 33 16
22150 1906 37 34 16
22151 1907 37 35 16
22156 1908 37 36 16
22157 1909 37 37 16
22158 1910 37 38 16
22159 1911 37 39 16
22160 1912 37 40 16
22163 1913 37 41 16
22165 1914 37 42 16
22167 1915 37 43 16
22168 1916 37 44 16
22169 1917 37 45 16
22170 1918 37 46 16
22172 1919 37 47 16
22173 1920 37 48 16
22181 1921 37 49 16
22182 1922 37 50 16
22183 1923 37 51 16
22184 1924 37 52 16
22186 1925 37 53 16
22187 1926 37 54 16
22188 1927 37 55 16
22189 1928 37 56 16
22190 1929 37 57 16
22194 1930 37 58 16
22195 1931 37 59 16
22196 1932 37 60 16
22197 1933 37 61 16
22198 1934 37 62 16
22199 1935 37 63 16
22204 1936 37 64 16
22205 1937 37 65 16
22206 1938 37 66 16
22208 1939 37 67 16
22209 1940 37 68 16
22210 1941 37 69 16
22211 1942 37 70 16
22213 1943 37 71 16
22214 1944 37 72 16
22216 1945 37 73 16
22217 1946 37 74 16
22218 1947 37 75 16
22219 1948 37 76 16
22220 1949 37 77 16
22221 1950 37 78 16
22225 1951 37 79 16
22227 1952 37 80 16
22228 1953 37 81 16
22231 1954 37 82 16
22234 1955 37 83 16
22235 1956 37 84 16
22237 1957 37 85 16
22238 1958 37 86 16
22239 1959 37 87 16
22240 1960 37 88 16
22241 1961 37 89 16
22244 1962 37 90 16
22245 1963 37 91 16
22247 1964 37 92 16
22250 1965 37 93 16
22251 1966 37 94 16
22254 1967 37 95 16
22256 1968 37 96 16
22263 1969 37 97 16
22265 1970 37 98 16
22266 1971 37 99 16
22271 1972 37 100 16
22273 1973 37 101 16
22274 1974 37 102 16
22275 1975 37 103 16
22276 1976 37 104 16
22279 1977 37 105 16
22280 1978 37 106 16
22281 1979 37 107 16
22282 1980 37 108 16
22283 1981 37 109 16
22284 1982 37 110 16
22285 1983 37 111 16
22290 1984 37 112 16
22291 1985 37 113 16
22292 1986 37 114 16
22294 1987 37 115 16
22296 1988 37 116 16
22298 1989 37 0 17
22299 1990 37 1 17
22300 1991 37 2 17
22302 1992 37 3 17
22303 1993 37 4 17
22304 1994 37 5 17
22306 1995 37 6 17
22307 1996 37 7 17
22312 1997 37 8 17
22313 1998 37 9 17
22314 1999 37 10 17
22316 2000 37 11 17
22317 2001 37 12 17
22318 2002 37 13 17
22319 2003 37 14 17
22320 2004 37 15 17
22323 2005 37 16 17
22324 2006 37 17 17
22331 2007 37 18 17
22334 2008 37 19 17
22336 2009 37 20 17
22337 2010 37 21 17
22341 2011 37 22 17
22343 2012 37 23 17
22345 2013 37 24 17
22346 2014 37 25 17
22347 2015 37 26 17
22348 2016 37 27 17
22349 2017 37 28 17
22350 2018 37 29 17
22351 2019 37 30 17
22352 2020 37 31 17
22353 2021 37 32 17
22354 2022 37 33 17
22369 2023 37 34 17
22370 2024 37 35 17
22372 2025 37 36 17
22374 2026 37 37 17
22376 2027 37 38 17
22377 2028 37 39 17
22378 2029 37 40 17
22379 2030 37 41 17
22381 2031 37 42 17
22383 2032 37 43 17
22384 2033 37 44 17
22385 2034 37 45 17
22386 2035 37 46 17
22387 2036 37 47 17
22388 2037 37 48 17
22389 2038 37 49 17
22390 2039 37 50 17
22391 2040 37 51 17
22395 2041 37 52 17
22396 2042 37 53 17
22397 2043 37 54 17
22400 2044 37 55 17
22402 2045 37 56 17
22403 2046 37 57 17
22411 2047 37 58 17
22412 2048 37 59 17
22415 2049 37 60 17
22419 2050 37 61 17
22420 2051 37 62 17
22421 2052 37 63 17
22423 2053 37 64 17
22424 2054 37 65 17
22425 2055 37 66 17
22426 2056 37 67 17
22427 2057 37 68 17
22429 2058 37 69 17
22430 2059 37 70 17
22431 2060 37 71 17
22432 2061 37 72 17
22434 2062 37 73 17
22435 2063 37 74 17
22436 2064 37 75 17
22437 2065 37 76 17
22446 2066 37 77 17
22453 2067 37 78 17
22454 2068 37 79 17
22456 2069 37 80 17
22457 2070 37 81 17
22458 2071 37 82 17
22460 2072 37 83 17
22461 2073 37 84 17
22463 2074 37 85 17
22465 2075 37 86 17
22466 2076 37 87 17
22467 2077 37 88 17
22470 2078 37 89 17
22471 2079 37 90 17
22475 2080 37 91 17
22476 2081 37 92 17
22478 2082 37 93 17
22479 2083 37 94 17
22480 2084 37 95 17
22482 2085 37 96 17
22484 2086 37 97 17
22485 2087 37 98 17
22492 2088 37 99 17
22495 2089 37 100 17
22496 2090 37 101 17
22497 2091 37 102 17
22498 2092 37 103 17
22499 2093 37 104 17
22500 2094 37 105 17
22501 2095 37 106 17
22503 2096 37 107 17
22505 2097 37 108 17
22508 2098 37 109 17
22509 2099 37 110 17
22510 2100 37 111 17
22512 2101 37 112 17
22513 2102 37 113 17
22514 2103 37 114 17
22515 2104 37 115 17
22516 2105 37 116 17
22517 2106 37 0 18
22518 2107 37 1 18
22519 2108 37 2 18
22520 2109 37 3 18
22521 2110 37 4 18
22522 2111 37 5 18
22523 2112 37 6 18
22524 2113 37 7 18
22525 2114 37 8 18
22528 2115 37 9 18
22529 2116 37 10 18
22530 2117 37 11 18
22532 2118 37 12 18
22533 2119 37 13 18
22534 2120 37 14 18
22535 2121 37 15 18
22536 2122 37 16 18
22537 2123 37 17 18
22538 2124 37 18 18
22539 2125 37 19 18
22540 2126 37 20 18
22541 2127 37 21 18
22542 2128 37 22 18
22544 2129 37 23 18
22548 2130 37 24 18
22553 2131 37 25 18
22555 2132 37 26 18
22556 2133 37 27 18
22557 2134 37 28 18
22558 2135 37 29 18
22560 2136 37 30 18
22561 2137 37 31 18
22563 2138 37 32 18
22564 2139 37 33 18
22565 2140 37 34 18
22567 2141 37 35 18
22568 2142 37 36 18
22569 2143 37 37 18
22570 2144 37 38 18
22572 2145 37 39 18
22573 2146 37 40 18
22574 2147 37 41 18
22575 2148 37 42 18
22576 2149 37 43 18
22577 2150 37 44 18
22578 2151 37 45 18
22579 2152 37 46 18
22580 2153 37 47 18
22581 2154 37 48 18
22582 2155 37 49 18
22583 2156 37 50 18
22584 2157 37 51 18
22585 2158 37 52 18
22587 2159 37 53 18
22589 2160 37 54 18
22591 2161 37 55 18
22600 2162 37 56 18
22601 2163 37 57 18
22602 2164 37 58 18
22603 2165 37 59 18
22604 2166 37 60 18
22605 2167 37 61 18
22606 2168 37 62 18
22607 2169 37 63 18
22609 2170 37 64 18
22610 2171 37 65 18
22611 2172 37 66 18
22612 2173 37 67 18
22613 2174 37 68 18
22615 2175 37 69 18
22616 2176 37 70 18
22617 2177 37 71 18
22618 2178 37 72 18
22619 2179 37 73 18
22621 2180 37 74 18
22622 2181 37 75 18
22626 2182 37 76 18
22627 2183 37 77 18
22628 2184 37 78 18
22629 2185 37 79 18
22632 2186 37 80 18
22635 2187 37 81 18
22637 2188 37 82 18
22639 2189 37 83 18
22641 2190 37 84 18
22644 2191 37 85 18
22645 2192 37 86 18
22646 2193 37 87 18
22649 2194 37 88 18
22650 2195 37 89 18
22651 2196 37 90 18
22652 2197 37 91 18
22653 2198 37 92 18
22654 2199 37 93 18
22655 2200 37 94 18
22656 2201 37 95 18
22657 2202 37 96 18
22658 2203 37 97 18
22659 2204 37 98 18
22661 2205 37 99 18
22662 2206 37 100 18
22663 2207 37 101 18
22664 2208 37 102 18
22665 2209 37 103 18
22666 2210 37 104 18
22667 2211 37 105 18
22670 2212 37 106 18
22671 2213 37 107 18
22672 2214 37 108 18
22673 2215 37 109 18
22675 2216 37 110 18
22676 2217 37 111 18
22680 2218 37 112 18
22684 2219 37 113 18
22685 2220 37 114 18
22686 2221 37 115 18
22687 2222 37 116 18
22688 2223 37 0 19
22689 2224 37 1 19
22691 2225 37 2 19
22693 2226 37 3 19
22694 2227 37 4 19
22696 2228 37 5 19
22697 2229 37 6 19
22699 2230 37 7 19
22700 2231 37 8 19
22702 2232 37 9 19
22703 2233 37 10 19
22705 2234 37 11 19
22707 2235 37 12 19
22714 2236 37 13 19
22716 2237 37 14 19
22717 2238 37 15 19
22718 2239 37 16 19
22719 2240 37 17 19
22721 2241 37 18 19
22722 2242 37 19 19
22725 2243 37 20 19
22726 2244 37 21 19
22727 2245 37 22 19
22728 2246 37 23 19
22729 2247 37 24 19
22734 2248 37 25 19
22735 2249 37 26 19
22737 2250 37 27 19
22738 2251 37 28 19
22739 2252 37 29 19
22740 2253 37 30 19
22741 2254 37 31 19
22742 2255 37 32 19
22744 2256 37 33 19
22745 2257 37 34 19
22746 2258 37 35 19
22747 2259 37 36 19
22749 2260 37 37 19
22750 2261 37 38 19
22751 2262 37 39 19
22754 2263 37 40 19
22755 2264 37 41 19
22756 2265 37 42 19
22759 2266 37 43 19
22760 2267 37 44 19
22761 2268 37 45 19
22763 2269 37 46 19
22764 2270 37 47 19
22767 2271 37 48 19
22772 2272 37 49 19
22777 2273 37 50 19
22778 2274 37 51 19
22780 2275 37 52 19
22781 2276 37 53 19
22782 2277 37 54 19
22783 2278 37 55 19
22787 2279 37 56 19
22790 2280 37 57 19
22796 2281 37 58 19
22797 2282 37 59 19
22798 2283 37 60 19
22799 2284 37 61 19
22802 2285 37 62 19
22804 2286 37 63 19
22805 2287 37 64 19
22806 2288 37 65 19
22807 2289 37 66 19
22809 2290 37 67 19
22810 2291 37 68 19
22812 2292 37 69 19
22816 2293 37 70 19
22818 2294 37 71 19
22820 2295 37 72 19
22821 2296 37 73 19
22823 2297 37 74 19
22825 2298 37 75 19
22826 2299 37 76 19
22827 2300 37 77 19
22828 2301 37 78 19
22829 2302 37 79 19
22830 2303 37 80 19
22831 2304 37 81 19
22833 2305 37 82 19
22839 2306 37 83 19
22840 2307 37 84 19
22844 2308 37 85 19
22846 2309 37 86 19
22848 2310 37 87 19
22852 2311 37 88 19
22853 2312 37 89 19
22855 2313 37 90 19
22856 2314 37 91 19
22857 2315 37 92 19
22858 2316 37 93 19
22862 2317 37 94 19
22863 2318 37 95 19
22864 2319 37 96 19
22865 2320 37 97 19
22867 2321 37 98 19
22868 2322 37 99 19
22869 2323 37 100 19
22871 2324 37 101 19
22872 2325 37 102 19
22874 2326 37 103 19
22876 2327 37 104 19
22880 2328 37 105 19
22881 2329 37 106 19
22882 2330 37 107 19
22887 2331 37 108 19
22889 2332 37 109 19
22890 2333 37 110 19
22891 2334 37 111 19
22893 2335 37 112 19
22894 2336 37 113 19
22896 2337 37 114 19
22897 2338 37 115 19
22898 2339 37 116 19
22899 2340 37 0 20
22900 2341 37 1 20
22902 2342 37 2 20
22903 2343 37 3 20
22904 2344 37 4 20
22905 2345 37 5 20
22907 2346 37 6 20
22908 2347 37 7 20
22909 2348 37 8 20
22910 2349 37 9 20
22911 2350 37 10 20
22912 2351 37 11 20
22913 2352 37 12 20
22914 2353 37 13 20
22915 2354 37 14 20
22916 2355 37 15 20
22917 2356 37 16 20
22922 2357 37 17 20
22925 2358 37 18 20
22926 2359 37 19 20
22927 2360 37 20 20
22928 2361 37 21 20
22930 2362 37 22 20
22931 2363 37 23 20
22934 2364 37 24 20
22935 2365 37 25 20
22936 2366 37 26 20
22937 2367 37 27 20
22941 2368 37 28 20
22942 2369 37 29 20
22944 2370 37 30 20
22945 2371 37 31 20
22946 2372 37 32 20
22947 2373 37 33 20
22948 2374 37 34 20
22949 2375 37 35 20
22950 2376 37 36 20
22951 2377 37 37 20
22952 2378 37 38 20
22958 2379 37 39 20
22959 2380 37 40 20
22961 2381 37 41 20
22962 2382 37 42 20
22963 2383 37 43 20
22964 2384 37 44 20
22965 2385 37 45 20
22966 2386 37 46 20
22969 2387 37 47 20
22970 2388 37 48 20
22971 2389 37 49 20
22972 2390 37 50 20
22973 2391 37 51 20
22974 2392 37 52 20
22976 2393 37 53 20
22977 2394 37 54 20
22979 2395 37 55 20
22981 2396 37 56 20
22982 2397 37 57 20
22983 2398 37 58 20
22984 2399 37 59 20
22986 2400 37 60 20
22987 2401 37 61 20
22988 2402 37 62 20
22989 2403 37 63 20
22990 2404 37 64 20
22991 2405 37 65 20
22992 2406 37 66 20
22993 2407 37 67 20
22994 2408 37 68 20
22995 2409 37 69 20
22996 2410 37 70 20
22998 2411 37 71 20
23000 2412 37 72 20
23002 2413 37 73 20
23003 2414 37 74 20
23004 2415 37 75 20
23005 2416 37 76 20
23006 2417 37 77 20
23008 2418 37 78 20
23009 2419 37 79 20
23011 2420 37 80 20
23012 2421 37 81 20
23013 2422 37 82 20
23014 2423 37 83 20
23016 2424 37 84 20
23017 2425 37 85 20
23018 2426 37 86 20
23020 2427 37 87 20
23021 2428 37 88 20
23022 2429 37 89 20
23025 2430 37 90 20
23026 2431 37 91 20
23027 2432 37 92 20
23028 2433 37 93 20
23029 2434 37 94 20
23030 2435 37 95 20
23031 2436 37 96 20
23034 2437 37 97 20
23035 2438 37 98 20
23036 2439 37 99 20
23037 2440 37 100 20
23038 2441 37 101 20
23039 2442 37 102 20
23040 2443 37 103 20
23041 2444 37 104 20
23043 2445 37 105 20
23049 2446 37 106 20
23050 2447 37 107 20
23052 2448 37 108 20
23055 2449 37 109 20
23057 2450 37 110 20
23059 2451 37 111 20
23061 2452 37 112 20
23062 2453 37 113 20
23063 2454 37 114 20
23064 2455 37 115 20
23065 2456 37 116 20
23067 2457 37 0 21
23068 2458 37 1 21
23070 2459 37 2 21
23071 2460 37 3 21
23072 2461 37 4 21
23075 2462 37 5 21
23077 2463 37 6 21
23081 2464 37 7 21
23085 2465 37 8 21
23086 2466 37 9 21
23091 2467 37 10 21
23093 2468 37 11 21
23094 2469 37 12 21
23095 2470 37 13 21
23096 2471 37 14 21
23097 2472 37 15 21
23100 2473 37 16 21
23102 2474 37 17 21
23104 2475 37 18 21
23105 2476 37 19 21
23106 2477 37 20 21
23107 2478 37 21 21
23108 2479 37 22 21
23110 2480 37 23 21
23111 2481 37 24 21
23112 2482 37 25 21
23113 2483 37 26 21
23114 2484 37 27 21
23116 2485 37 28 21
23117 2486 37 29 21
23120 2487 37 30 21
23121 2488 37 31 21
23122 2489 37 32 21
23123 2490 37 33 21
23125 2491 37 34 21
23126 2492 37 35 21
23127 2493 37 36 21
23128 2494 37 37 21
23130 2495 37 38 21
23131 2496 37 39 21
23132 2497 37 40 21
23133 2498 37 41 21
23134 2499 37 42 21
23135 2500 37 43 21
23136 2501 37 44 21
23138 2502 37 45 21
23140 2503 37 46 21
23141 2504 37 47 21
23142 2505 37 48 21
23143 2506 37 49 21
23145 2507 37 50 21
23146 2508 37 51 21
23148 2509 37 52 21
23149 2510 37 53 21
23152 2511 37 54 21
23159 2512 37 55 21
23160 2513 37 56 21
23162 2514 37 57 21
23163 2515 37 58 21
23164 2516 37 59 21
23165 2517 37 60 21
23167 2518 37 61 21
23171 2519 37 62 21
23172 2520 37 63 21
23178 2521 37 64 21
23179 2522 37 65 21
23180 2523 37 66 21
23182 2524 37 67 21
23183 2525 37 68 21
23184 2526 37 69 21
23186 2527 37 70 21
23187 2528 37 71 21
23188 2529 37 72 21
23189 2530 37 73 21
23191 2531 37 74 21
23194 2532 37 75 21
23195 2533 37 76 21
23196 2534 37 77 21
23197 2535 37 78 21
23198 2536 37 79 21
23199 2537 37 80 21
23202 2538 37 81 21
23205 2539 37 82 21
23206 2540 37 83 21
23207 2541 37 84 21
23209 2542 37 85 21
23212 2543 37 86 21
23214 2544 37 87 21
23215 2545 37 88 21
23216 2546 37 89 21
23217 2547 37 90 21
23218 2548 37 91 21
23219 2549 37 92 21
23220 2550 37 93 21
23221 2551 37 94 21
23222 2552 37 95 21
23223 2553 37 96 21
23224 2554 37 97 21
23225 2555 37 98 21
23226 2556 37 99 21
23227 2557 37 100 21
23228 2558 37 101 21
23229 2559 37 102 21
23230 2560 37 103 21
23231 2561 37 104 21
23232 2562 37 105 21
23233 2563 37 106 21
23234 2564 37 107 21
23236 2565 37 108 21
23238 2566 37 109 21
23239 2567 37 110 21
23240 2568 37 111 21
23241 2569 37 112 21
23242 2570 37 113 21
23243 2571 37 114 21
23244 2572 37 115 21
23245 2573 37 116 21
23253 2574 37 0 22
23254 2575 37 1 22
23255 2576 37 2 22
23256 2577 37 3 22
23257 2578 37 4 22
23258 2579 37 5 22
23259 2580 37 6 22
23260 2581 37 7 22
23261 2582 37 8 22
23262 2583 37 9 22
23263 2584 37 10 22
23264 2585 37 11 22
23265 2586 37 12 22
23266 2587 37 13 22
23267 2588 37 14 22
23269 2589 37 15 22
23270 2590 37 16 22
23272 2591 37 17 22
23273 2592 37 18 22
23274 2593 37 19 22
23275 2594 37 20 22
23276 2595 37 21 22
23277 2596 37 22 22
23278 2597 37 23 22
23283 2598 37 24 22
23284 2599 37 25 22
23285 2600 37 26 22
23286 2601 37 27 22
23287 2602 37 28 22
23288 2603 37 29 22
23289 2604 37 30 22
23291 2605 37 31 22
23293 2606 37 32 22
23295 2607 37 33 22
23297 2608 37 34 22
23298 2609 37 35 22
23299 2610 37 36 22
23301 2611 37 37 22
23303 2612 37 38 22
23304 2613 37 39 22
23305 2614 37 40 22
23307 2615 37 41 22
23308 2616 37 42 22
23311 2617 37 43 22
23312 2618 37 44 22
23315 2619 37 45 22
23316 2620 37 46 22
23318 2621 37 47 22
23319 2622 37 48 22
23321 2623 37 49 22
23322 2624 37 50 22
23323 2625 37 51 22
23325 2626 37 52 22
23326 2627 37 53 22
23328 2628 37 54 22
23329 2629 37 55 22
23331 2630 37 56 22
23332 2631 37 57 22
23333 2632 37 58 22
23334 2633 37 59 22
23335 2634 37 60 22
23336 2635 37 61 22
23338 2636 37 62 22
23340 2637 37 63 22
23341 2638 37 64 22
23342 2639 37 65 22
23343 2640 37 66 22
23344 2641 37 67 22
23346 2642 37 68 22
23348 2643 37 69 22
23352 2644 37 70 22
23356 2645 37 71 22
23357 2646 37 72 22
23358 2647 37 73 22
23359 2648 37 74 22
23360 2649 37 75 22
23363 2650 37 76 22
23365 2651 37 77 22
23367 2652 37 78 22
23368 2653 37 79 22
23371 2654 37 80 22
23372 2655 37 81 22
23373 2656 37 82 22
23374 2657 37 83 22
23376 2658 37 84 22
23377 2659 37 85 22
23379 2660 37 86 22
23380 2661 37 87 22
23381 2662 37 88 22
23382 2663 37 89 22
23383 2664 37 90 22
23384 2665 37 91 22
23386 2666 37 92 22
23387 2667 37 93 22
23388 2668 37 94 22
23389 2669 37 95 22
23391 2670 37 96 22
23394 2671 37 97 22
23395 2672 37 98 22
23396 2673 37 99 22
23397 2674 37 100 22
23401 2675 37 101 22
23403 2676 37 102 22
23404 2677 37 103 22
23406 2678 37 104 22
23408 2679 37 105 22
23409 2680 37 106 22
23410 2681 37 107 22
23411 2682 37 108 22
23413 2683 37 109 22
23415 2684 37 110 22
23416 2685 37 111 22
23418 2686 37 112 22
23419 2687 37 113 22
23421 2688 37 114 22
23423 2689 37 115 22
23425 2690 37 116 22
23427 2691 37 0 23
23428 2692 37 1 23
23429 2693 37 2 23
23431 2694 37 3 23
23432 2695 37 4 23
23433 2696 37 5 23
23435 2697 37 6 23
23436 2698 37 7 23
23438 2699 37 8 23
23439 2700 37 9 23
23442 2701 37 10 23
23443 2702 37 11 23
23445 2703 37 12 23
23447 2704 37 13 23
23448 2705 37 14 23
23449 2706 37 15 23
23450 2707 37 16 23
23451 2708 37 17 23
23452 2709 37 18 23
23458 2710 37 19 23
23459 2711 37 20 23
23460 2712 37 21 23
23461 2713 37 22 23
23462 2714 37 23 23
23463 2715 37 24 23
23464 2716 37 25 23
23468 2717 37 26 23
23469 2718 37 27 23
23470 2719 37 28 23
23472 2720 37 29 23
23475 2721 37 30 23
23476 2722 37 31 23
23477 2723 37 32 23
23478 2724 37 33 23
23480 2725 37 34 23
23481 2726 37 35 23
23487 2727 37 36 23
23488 2728 37 37 23
23489 2729 37 38 23
23490 2730 37 39 23
23492 2731 37 40 23
23493 2732 37 41 23
23494 2733 37 42 23
23495 2734 37 43 23
23498 2735 37 44 23
23499 2736 37 45 23
23500 2737 37 46 23
23501 2738 37 47 23
23502 2739 37 48 23
23504 2740 37 49 23
23505 2741 37 50 23
23506 2742 37 51 23
23507 2743 37 52 23
23508 2744 37 53 23
23510 2745 37 54 23
23512 2746 37 55 23
23513 2747 37 56 23
23518 2748 37 57 23
23519 2749 37 58 23
23520 2750 37 59 23
23521 2751 37 60 23
23522 2752 37 61 23
23523 2753 37 62 23
23524 2754 37 63 23
23525 2755 37 64 23
23526 2756 37 65 23
23527 2757 37 66 23
23528 2758 37 67 23
23529 2759 37 68 23
23530 2760 37 69 23
23531 2761 37 70 23
23532 2762 37 71 23
23534 2763 37 72 23
23535 2764 37 73 23
23536 2765 37 74 23
23537 2766 37 75 23
23538 2767 37 76 23
23541 2768 37 77 23
23542 2769 37 78 23
23544 2770 37 79 23
23546 2771 37 80 23
23553 2772 37 81 23
23555 2773 37 82 23
23556 2774 37 83 23
23559 2775 37 84 23
23560 2776 37 85 23
23561 2777 37 86 23
23562 2778 37 87 23
23563 2779 37 88 23
23564 2780 37 89 23
23565 2781 37 90 23
23566 2782 37 91 23
23567 2783 37 92 23
23568 2784 37 93 23
23569 2785 37 94 23
23570 2786 37 95 23
23573 2787 37 96 23
23574 2788 37 97 23
23578 2789 37 98 23
23583 2790 37 99 23
23586 2791 37 100 23
23588 2792 37 101 23
23589 2793 37 102 23
23592 2794 37 103 23
23594 2795 37 104 23
23596 2796 37 105 23
23600 2797 37 106 23
23601 2798 37 107 23
23603 2799 37 108 23
23607 2800 37 109 23
23608 2801 37 110 23
23609 2802 37 111 23
23610 2803 37 112 23
23611 2804 37 113 23
23612 2805 37 114 23
23614 2806 37 115 23
23615 2807 37 116 23
23616 2808 37 0 24
23617 2809 37 1 24
23620 2810 37 2 24
23621 2811 37 3 24
23622 2812 37 4 24
23623 2813 37 5 24
23624 2814 37 6 24
23627 2815 37 7 24
23628 2816 37 8 24
23629 2817 37 9 24
23630 2818 37 10 24
23631 2819 37 11 24
23632 2820 37 12 24
23633 2821 37 13 24
23636 2822 37 14 24
23637 2823 37 15 24
23638 2824 37 16 24
23640 2825 37 17 24
23641 2826 37 18 24
23644 2827 37 19 24
23645 2828 37 20 24
23648 2829 37 21 24
23650 2830 37 22 24
23651 2831 37 23 24
23652 2832 37 24 24
23653 2833 37 25 24
23655 2834 37 26 24
23656 2835 37 27 24
23657 2836 37 28 24
23658 2837 37 29 24
23660 2838 37 30 24
23661 2839 37 31 24
23662 2840 37 32 24
23663 2841 37 33 24
23665 2842 37 34 24
23667 2843 37 35 24
23668 2844 37 36 24
23673 2845 37 37 24
23674 2846 37 38 24
23675 2847 37 39 24
23676 2848 37 40 24
23678 2849 37 41 24
23686 2850 37 42 24
23688 2851 37 43 24
23689 2852 37 44 24
23690 2853 37 45 24
23691 2854 37 46 24
23692 2855 37 47 24
23693 2856 37 48 24
23695 2857 37 49 24
23696 2858 37 50 24
23697 2859 37 51 24
23698 2860 37 52 24
23699 2861 37 53 24
23700 2862 37 54 24
23701 2863 37 55 24
23709 2864 37 56 24
23711 2865 37 57 24
23712 2866 37 58 24
23713 2867 37 59 24
23714 2868 37 60 24
23715 2869 37 61 24
23716 2870 37 62 24
23717 2871 37 63 24
23718 2872 37 64 24
23719 2873 37 65 24
23720 2874 37 66 24
23721 2875 37 67 24
23722 2876 37 68 24
23723 2877 37 69 24
23724 2878 37 70 24
23725 2879 37 71 24
23726 2880 37 72 24
23727 2881 37 73 24
23728 2882 37 74 24
23729 2883 37 75 24
23731 2884 37 76 24
23733 2885 37 77 24
23734 2886 37 78 24
23735 2887 37 79 24
23736 2888 37 80 24
23750 2889 37 81 24
23751 2890 37 82 24
23752 2891 37 83 24
23753 2892 37 84 24
23754 2893 37 85 24
23755 2894 37 86 24
23756 2895 37 87 24
23758 2896 37 88 24
23759 2897 37 89 24
23760 2898 37 90 24
23762 2899 37 91 24
23763 2900 37 92 24
23764 2901 37 93 24
23766 2902 37 94 24
23767 2903 37 95 24
23768 2904 37 96 24
23769 2905 37 97 24
23770 2906 37 98 24
23771 2907 37 99 24
23774 2908 37 100 24
23775 2909 37 101 24
23784 2910 37 102 24
23786 2911 37 103 24
23788 2912 37 104 24
23789 2913 37 105 24
23790 2914 37 106 24
23792 2915 37 107 24
23793 2916 37 108 24
23796 2917 37 109 24
23798 2918 37 110 24
23799 2919 37 111 24
23800 2920 37 112 24
23801 2921 37 113 24
23803 2922 37 114 24
23805 2923 37 115 24
23807 2924 37 116 24
23808 2925 37 0 25
23809 2926 37 1 25
23814 2927 37 2 25
23815 2928 37 3 25
23819 2929 37 4 25
23820 2930 37 5 25
23821 2931 37 6 25
23822 2932 37 7 25
23823 2933 37 8 25
23825 2934 37 9 25
23826 2935 37 10 25
23828 2936 37 11 25
23830 2937 37 12 25
23831 2938 37 13 25
23833 2939 37 14 25
23834 2940 37 15 25
23835 2941 37 16 25
23837 2942 37 17 25
23838 2943 37 18 25
23839 2944 37 19 25
23840 2945 37 20 25
23842 2946 37 21 25
23843 2947 37 22 25
23844 2948 37 23 25
23845 2949 37 24 25
23846 2950 37 25 25
23847 2951 37 26 25
23848 2952 37 27 25
23849 2953 37 28 25
23854 2954 37 29 25
23856 2955 37 30 25
23857 2956 37 31 25
23858 2957 37 32 25
23859 2958 37 33 25
23860 2959 37 34 25
23861 2960 37 35 25
23862 2961 37 36 25
23863 2962 37 37 25
23864 2963 37 38 25
23865 2964 37 39 25
23866 2965 37 40 25
23868 2966 37 41 25
23869 2967 37 42 25
23871 2968 37 43 25
23872 2969 37 44 25
23873 2970 37 45 25
23874 2971 37 46 25
23875 2972 37 47 25
23877 2973 37 48 25
23879 2974 37 49 25
23881 2975 37 50 25
23882 2976 37 51 25
23883 2977 37 52 25
23884 2978 37 53 25
23886 2979 37 54 25
23888 2980 37 55 25
23889 2981 37 56 25
23890 2982 37 57 25
23893 2983 37 58 25
23897 2984 37 59 25
23902 2985 37 60 25
23906 2986 37 61 25
23907 2987 37 62 25
23909 2988 37 63 25
23911 2989 37 64 25
23912 2990 37 65 25
23913 2991 37 66 25
23915 2992 37 67 25
23916 2993 37 68 25
23919 2994 37 69 25
23921 2995 37 70 25
23922 2996 37 71 25
23927 2997 37 72 25
23929 2998 37 73 25
23930 2999 37 74 25
23932 3000 37 75 25
23933 3001 37 76 25
23934 3002 37 77 25
23935 3003 37 78 25
23936 3004 37 79 25
23937 3005 37 80 25
23938 3006 37 81 25
23940 3007 37 82 25
23942 3008 37 83 25
23943 3009 37 84 25
23944 3010 37 85 25
23945 3011 37 86 25
23946 3012 37 87 25
23949 3013 37 88 25
23954 3014 37 89 25
23955 3015 37 90 25
23956 3016 37 91 25
23957 3017 37 92 25
23959 3018 37 93 25
23961 3019 37 94 25
23962 3020 37 95 25
23964 3021 37 96 25
23965 3022 37 97 25
23966 3023 37 98 25
23967 3024 37 99 25
23968 3025 37 100 25
23969 3026 37 101 25
23970 3027 37 102 25
23975 3028 37 103 25
23976 3029 37 104 25
23977 3030 37 105 25
23978 3031 37 106 25
23980 3032 37 107 25
23981 3033 37 108 25
23982 3034 37 109 25
23983 3035 37 110 25
23984 3036 37 111 25
23985 3037 37 112 25
23986 3038 37 113 25
23988 3039 37 114 25
23989 3040 37 115 25
23991 3041 37 116 25
23992 3042 37 0 26
23994 3043 37 1 26
23996 3044 37 2 26
23997 3045 37 3 26
24000 3046 37 4 26
24002 3047 37 5 26
24003 3048 37 6 26
24006 3049 37 7 26
24007 3050 37 8 26
24009 3051 37 9 26
24011 3052 37 10 26
24013 3053 37 11 26
24015 3054 37 12 26
24017 3055 37 13 26
24018 3056 37 14 26
24020 3057 37 15 26
24021 3058 37 16 26
24022 3059 37 17 26
24024 3060 37 18 26
24029 3061 37 19 26
24030 3062 37 20 26
24031 3063 37 21 26
24032 3064 37 22 26
24033 3065 37 23 26
24034 3066 37 24 26
24037 3067 37 25 26
24038 3068 37 26 26
24039 3069 37 27 26
24040 3070 37 28 26
24043 3071 37 29 26
24046 3072 37 30 26
24048 3073 37 31 26
24049 3074 37 32 26
24050 3075 37 33 26
24051 3076 37 34 26
24052 3077 37 35 26
24055 3078 37 36 26
24057 3079 37 37 26
24061 3080 37 38 26
24062 3081 37 39 26
24063 3082 37 40 26
24066 3083 37 41 26
24067 3084 37 42 26
24068 3085 37 43 26
24070 3086 37 44 26
24074 3087 37 45 26
24076 3088 37 46 26
24078 3089 37 47 26
24081 3090 37 48 26
24084 3091 37 49 26
24085 3092 37 50 26
24086 3093 37 51 26
24087 3094 37 52 26
24088 3095 37 53 26
24089 3096 37 54 26
24090 3097 37 55 26
24091 3098 37 56 26
24093 3099 37 57 26
24095 3100 37 58 26
24096 3101 37 59 26
24097 3102 37 60 26
24098 3103 37 61 26
24099 3104 37 62 26
24100 3105 37 63 26
24101 3106 37 64 26
24104 3107 37 65 26
24105 3108 37 66 26
24107 3109 37 67 26
24109 3110 37 68 26
24115 3111 37 69 26
24116 3112 37 70 26
24118 3113 37 71 26
24119 3114 37 72 26
24120 3115 37 73 26
24125 3116 37 74 26
24126 3117 37 75 26
24128 3118 37 76 26
24129 3119 37 77 26
24131 3120 37 78 26
24132 3121 37 79 26
24133 3122 37 80 26
24138 3123 37 81 26
24139 3124 37 82 26
24140 3125 37 83 26
24141 3126 37 84 26
24142 3127 37 85 26
24143 3128 37 86 26
24147 3129 37 87 26
24148 3130 37 88 26
24149 3131 37 89 26
24151 3132 37 90 26
24152 3133 37 91 26
24153 3134 37 92 26
24155 3135 37 93 26
24156 3136 37 94 26
24157 3137 37 95 26
24159 3138 37 96 26
24160 3139 37 97 26
24161 3140 37 98 26
24162 3141 37 99 26
24163 3142 37 100 26
24166 3143 37 101 26
24167 3144 37 102 26
24168 3145 37 103 26
24169 3146 37 104 26
24170 3147 37 105 26
24171 3148 37 106 26
24172 3149 37 107 26
24173 3150 37 108 26
24174 3151 37 109 26
24175 3152 37 110 26
24176 3153 37 111 26
24178 3154 37 112 26
24179 3155 37 113 26
24180 3156 37 114 26
24181 3157 37 115 26
24182 3158 37 116 26
24184 3159 37 0 27
24185 3160 37 1 27
24187 3161 37 2 27
24188 3162 37 3 27
24189 3163 37 4 27
24190 3164 37 5 27
24192 3165 37 6 27
24194 3166 37 7 27
24196 3167 37 8 27
24199 3168 37 9 27
24200 3169 37 10 27
24201 3170 37 11 27
24202 3171 37 12 27
24203 3172 37 13 27
24204 3173 37 14 27
24205 3174 37 15 27
24207 3175 37 16 27
24213 3176 37 17 27
24214 3177 37 18 27
24215 3178 37 19 27
24218 3179 37 20 27
24219 3180 37 21 27
24220 3181 37 22 27
24224 3182 37 23 27
24226 3183 37 24 27
24227 3184 37 25 27
24228 3185 37 26 27
24229 3186 37 27 27
24230 3187 37 28 27
24231 3188 37 29 27
24232 3189 37 30 27
24234 3190 37 31 27
24235 3191 37 32 27
24236 3192 37 33 27
24237 3193 37 34 27
24238 3194 37 35 27
24240 3195 37 36 27
24241 3196 37 37 27
24242 3197 37 38 27
24243 3198 37 39 27
24244 3199 37 40 27
24245 3200 37 41 27
24246 3201 37 42 27
24247 3202 37 43 27
24248 3203 37 44 27
24249 3204 37 45 27
24254 3205 37 46 27
24257 3206 37 47 27
24258 3207 37 48 27
24260 3208 37 49 27
24261 3209 37 50 27
24262 3210 37 51 27
24263 3211 37 52 27
24264 3212 37 53 27
24265 3213 37 54 27
24266 3214 37 55 27
24267 3215 37 56 27
24268 3216 37 57 27
24270 3217 37 58 27
24273 3218 37 59 27
24274 3219 37 60 27
24275 3220 37 61 27
24276 3221 37 62 27
24277 3222 37 63 27
24278 3223 37 64 27
24279 3224 37 65 27
24280 3225 37 66 27
24281 3226 37 67 27
24282 3227 37 68 27
24283 3228 37 69 27
24284 3229 37 70 27
24285 3230 37 71 27
24286 3231 37 72 27
24287 3232 37 73 27
24288 3233 37 74 27
24289 3234 37 75 27
24290 3235 37 76 27
24291 3236 37 77 27
24293 3237 37 78 27
24294 3238 37 79 27
24295 3239 37 80 27
24296 3240 37 81 27
24297 3241 37 82 27
24300 3242 37 83 27
24302 3243 37 84 27
24303 3244 37 85 27
24305 3245 37 86 27
24306 3246 37 87 27
24307 3247 37 88 27
24310 3248 37 89 27
24311 3249 37 90 27
24314 3250 37 91 27
24318 3251 37 92 27
24319 3252 37 93 27
24321 3253 37 94 27
24322 3254 37 95 27
24324 3255 37 96 27
24325 3256 37 97 27
24327 3257 37 98 27
24328 3258 37 99 27
24330 3259 37 100 27
24331 3260 37 101 27
24335 3261 37 102 27
24338 3262 37 103 27
24339 3263 37 104 27
24340 3264 37 105 27
24341 3265 37 106 27
24343 3266 37 107 27
24344 3267 37 108 27
24346 3268 37 109 27
24347 3269 37 110 27
24349 3270 37 111 27
24351 3271 37 112 27
24354 3272 37 113 27
24355 3273 37 114 27
24356 3274 37 115 27
24358 3275 37 116 27
24359 3276 37 0 28
24360 3277 37 1 28
24361 3278 37 2 28
24365 3279 37 3 28
24366 3280 37 4 28
24368 3281 37 5 28
24369 3282 37 6 28
24371 3283 37 7 28
24373 3284 37 8 28
24374 3285 37 9 28
24375 3286 37 10 28
24376 3287 37 11 28
24380 3288 37 12 28
24384 3289 37 13 28
24387 3290 37 14 28
24388 3291 37 15 28
24390 3292 37 16 28
24392 3293 37 17 28
24393 3294 37 18 28
24394 3295 37 19 28
24395 3296 37 20 28
24396 3297 37 21 28
24398 3298 37 22 28
24399 3299 37 23 28
24404 3300 37 24 28
24406 3301 37 25 28
24407 3302 37 26 28
24408 3303 37 27 28
24409 3304 37 28 28
24413 3305 37 29 28
24418 3306 37 30 28
24420 3307 37 31 28
24421 3308 37 32 28
24423 3309 37 33 28
24425 3310 37 34 28
24426 3311 37 35 28
24427 3312 37 36 28
24428 3313 37 37 28
24429 3314 37 38 28
24431 3315 37 39 28
24432 3316 37 40 28
24433 3317 37 41 28
24435 3318 37 42 28
24436 3319 37 43 28
24438 3320 37 44 28
24439 3321 37 45 28
24440 3322 37 46 28
24441 3323 37 47 28
24444 3324 37 48 28
24445 3325 37 49 28
24446 3326 37 50 28
24447 3327 37 51 28
24448 3328 37 52 28
24449 3329 37 53 28
24450 3330 37 54 28
24453 3331 37 55 28
24454 3332 37 56 28
24455 3333 37 57 28
24456 3334 37 58 28
24457 3335 37 59 28
24458 3336 37 60 28
24459 3337 37 61 28
24460 3338 37 62 28
24464 3339 37 63 28
24465 3340 37 64 28
24466 3341 37 65 28
24470 3342 37 66 28
24471 3343 37 67 28
24472 3344 37 68 28
24473 3345 37 69 28
24475 3346 37 70 28
24476 3347 37 71 28
24478 3348 37 72 28
24479 3349 37 73 28
24480 3350 37 74 28
24481 3351 37 75 28
24485 3352 37 76 28
24486 3353 37 77 28
24488 3354 37 78 28
24489 3355 37 79 28
24490 3356 37 80 28
24491 3357 37 81 28
24492 3358 37 82 28
24493 3359 37 83 28
24494 3360 37 84 28
24495 3361 37 85 28
24498 3362 37 86 28
24501 3363 37 87 28
24502 3364 37 88 28
24503 3365 37 89 28
24505 3366 37 90 28
24507 3367 37 91 28
24508 3368 37 92 28
24509 3369 37 93 28
24510 3370 37 94 28
24511 3371 37 95 28
24512 3372 37 96 28
24513 3373 37 97 28
24515 3374 37 98 28
24517 3375 37 99 28
24521 3376 37 100 28
24524 3377 37 101 28
24525 3378 37 102 28
24527 3379 37 103 28
24528 3380 37 104 28
24529 3381 37 105 28
24530 3382 37 106 28
24532 3383 37 107 28
24533 3384 37 108 28
24534 3385 37 109 28
24535 3386 37 110 28
24536 3387 37 111 28
24537 3388 37 112 28
24541 3389 37 113 28
24542 3390 37 114 28
24544 3391 37 115 28
24545 3392 37 116 28
24547 3393 37 0 29
24548 3394 37 1 29
24549 3395 37 2 29
24552 3396 37 3 29
24554 3397 37 4 29
24555 3398 37 5 29
24557 3399 37 6 29
24558 3400 37 7 29
24559 3401 37 8 29
24561 3402 37 9 29
24563 3403 37 10 29
24564 3404 37 11 29
24565 3405 37 12 29
24567 3406 37 13 29
24568 3407 37 14 29
24570 3408 37 15 29
24571 3409 37 16 29
24573 3410 37 17 29
24575 3411 37 18 29
24576 3412 37 19 29
24585 3413 37 20 29
24586 3414 37 21 29
24587 3415 37 22 29
24588 3416 37 23 29
24589 3417 37 24 29
24590 3418 37 25 29
24591 3419 37 26 29
24592 3420 37 27 29
24593 3421 37 28 29
24594 3422 37 29 29
24595 3423 37 30 29
24596 3424 37 31 29
24597 3425 37 32 29
24598 3426 37 33 29
24599 3427 37 34 29
24601 3428 37 35 29
24602 3429 37 36 29
24603 3430 37 37 29
24604 3431 37 38 29
24605 3432 37 39 29
24606 3433 37 40 29
24608 3434 37 41 29
24609 3435 37 42 29
24610 3436 37 43 29
24612 3437 37 44 29
24613 3438 37 45 29
24614 3439 37 46 29
24615 3440 37 47 29
24616 3441 37 48 29
24617 3442 37 49 29
24618 3443 37 50 29
24619 3444 37 51 29
24620 3445 37 52 29
24621 3446 37 53 29
24622 3447 37 54 29
24623 3448 37 55 29
24626 3449 37 56 29
24627 3450 37 57 29
24628 3451 37 58 29
24629 3452 37 59 29
24631 3453 37 60 29
24633 3454 37 61 29
24640 3455 37 62 29
24641 3456 37 63 29
24642 3457 37 64 29
24643 3458 37 65 29
24644 3459 37 66 29
24645 3460 37 67 29
24646 3461 37 68 29
24647 3462 37 69 29
24649 3463 37 70 29
24652 3464 37 71 29
24653 3465 37 72 29
24656 3466 37 73 29
24659 3467 37 74 29
24660 3468 37 75 29
24661 3469 37 76 29
24664 3470 37 77 29
24665 3471 37 78 29
24666 3472 37 79 29
24667 3473 37 80 29
24669 3474 37 81 29
24670 3475 37 82 29
24671 3476 37 83 29
24674 3477 37 84 29
24675 3478 37 85 29
24676 3479 37 86 29
24677 3480 37 87 29
24678 3481 37 88 29
24679 3482 37 89 29
24680 3483 37 90 29
24681 3484 37 91 29
24682 3485 37 92 29
24683 3486 37 93 29
24684 3487 37 94 29
24685 3488 37 95 29
24686 3489 37 96 29
24687 3490 37 97 29
24688 3491 37 98 29
24690 3492 37 99 29
24703 3493 37 100 29
24704 3494 37 101 29
24705 3495 37 102 29
24707 3496 37 103 29
24708 3497 37 104 29
24709 3498 37 105 29
24710 3499 37 106 29
24711 3500 37 107 29
24712 3501 37 108 29
24713 3502 37 109 29
24714 3503 37 110 29
24716 3504 37 111 29
24717 3505 37 112 29
24718 3506 37 113 29
24720 3507 37 114 29
24722 3508 37 115 29
24724 3509 37 116 29
24725 3510 37 0 30
24726 3511 37 1 30
24727 3512 37 2 30
24730 3513 37 3 30
24731 3514 37 4 30
24732 3515 37 5 30
24733 3516 37 6 30
24735 3517 37 7 30
24736 3518 37 8 30
24738 3519 37 9 30
24739 3520 37 10 30
24744 3521 37 11 30
24752 3522 37 12 30
24753 3523 37 13 30
24754 3524 37 14 30
24756 3525 37 15 30
24757 3526 37 16 30
24758 3527 37 17 30
24759 3528 37 18 30
24760 3529 37 19 30
24761 3530 37 20 30
24762 3531 37 21 30
24763 3532 37 22 30
24764 3533 37 23 30
24765 3534 37 24 30
24766 3535 37 25 30
24767 3536 37 26 30
24768 3537 37 27 30
24769 3538 37 28 30
24771 3539 37 29 30
24772 3540 37 30 30
24773 3541 37 31 30
24774 3542 37 32 30
24775 3543 37 33 30
24776 3544 37 34 30
24777 3545 37 35 30
24778 3546 37 36 30
24779 3547 37 37 30
24780 3548 37 38 30
24781 3549 37 39 30
24782 3550 37 40 30
24783 3551 37 41 30
24785 3552 37 42 30
24787 3553 37 43 30
24788 3554 37 44 30
24789 3555 37 45 30
24792 3556 37 46 30
24793 3557 37 47 30
24794 3558 37 48 30
24795 3559 37 49 30
24796 3560 37 50 30
24797 3561 37 51 30
24799 3562 37 52 30
24800 3563 37 53 30
24801 3564 37 54 30
24802 3565 37 55 30
24804 3566 37 56 30
24806 3567 37 57 30
24816 3568 37 58 30
24817 3569 37 59 30
24818 3570 37 60 30
24819 3571 37 61 30
24820 3572 37 62 30
24821 3573 37 63 30
24822 3574 37 64 30
24823 3575 37 65 30
24824 3576 37 66 30
24825 3577 37 67 30
24826 3578 37 68 30
24827 3579 37 69 30
24828 3580 37 70 30
24830 3581 37 71 30
24831 3582 37 72 30
24832 3583 37 73 30
24833 3584 37 74 30
24835 3585 37 75 30
24836 3586 37 76 30
24837 3587 37 77 30
24838 3588 37 78 30
24840 3589 37 79 30
24841 3590 37 80 30
24842 3591 37 81 30
24843 3592 37 82 30
24845 3593 37 83 30
24846 3594 37 84 30
24847 3595 37 85 30
24848 3596 37 86 30
24850 3597 37 87 30
24851 3598 37 88 30
24852 3599 37 89 30
24853 3600 37 90 30
24854 3601 37 91 30
24856 3602 37 92 30
24858 3603 37 93 30
24859 3604 37 94 30
24860 3605 37 95 30
24861 3606 37 96 30
24863 3607 37 97 30
24867 3608 37 98 30
24871 3609 37 99 30
24872 3610 37 100 30
24873 3611 37 101 30
24875 3612 37 102 30
24876 3613 37 103 30
24878 3614 37 104 30
24879 3615 37 105 30
24882 3616 37 106 30
24884 3617 37 107 30
24886 3618 37 108 30
24887 3619 37 109 30
24891 3620 37 110 30
24894 3621 37 111 30
24895 3622 37 112 30
24896 3623 37 113 30
24897 3624 37 114 30
24900 3625 37 115 30
24901 3626 37 116 30
24902 3627 37 0 31
24903 3628 37 1 31
24904 3629 37 2 31
24905 3630 37 3 31
24906 3631 37 4 31
24907 3632 37 5 31
24908 3633 37 6 31
24909 3634 37 7 31
24910 3635 37 8 31
24911 3636 37 9 31
24914 3637 37 10 31
24915 3638 37 11 31
24916 3639 37 12 31
24917 3640 37 13 31
24918 3641 37 14 31
24920 3642 37 15 31
24922 3643 37 16 31
24923 3644 37 17 31
24925 3645 37 18 31
24926 3646 37 19 31
24927 3647 37 20 31
24929 3648 37 21 31
24930 3649 37 22 31
24931 3650 37 23 31
24933 3651 37 24 31
24934 3652 37 25 31
24935 3653 37 26 31
24936 3654 37 27 31
24938 3655 37 28 31
24939 3656 37 29 31
24940 3657 37 30 31
24942 3658 37 31 31
24944 3659 37 32 31
24945 3660 37 33 31
24946 3661 37 34 31
24947 3662 37 35 31
24948 3663 37 36 31
24949 3664 37 37 31
24950 3665 37 38 31
24951 3666 37 39 31
24953 3667 37 40 31
24954 3668 37 41 31
24956 3669 37 42 31
24958 3670 37 43 31
24960 3671 37 44 31
24962 3672 37 45 31
24963 3673 37 46 31
24969 3674 37 47 31
24970 3675 37 48 31
24971 3676 37 49 31
24972 3677 37 50 31
24973 3678 37 51 31
24974 3679 37 52 31
24976 3680 37 53 31
24977 3681 37 54 31
24978 3682 37 55 31
24979 3683 37 56 31
24980 3684 37 57 31
24982 3685 37 58 31
24986 3686 37 59 31
24987 3687 37 60 31
24989 3688 37 61 31
24991 3689 37 62 31
24993 3690 37 63 31
24994 3691 37 64 31
24996 3692 37 65 31
24999 3693 37 66 31
25000 3694 37 67 31
25001 3695 37 68 31
25002 3696 37 69 31
25003 3697 37 70 31
25004 3698 37 71 31
25005 3699 37 72 31
25006 3700 37 73 31
25007 3701 37 74 31
25008 3702 37 75 31
25009 3703 37 76 31
25010 3704 37 77 31
25011 3705 37 78 31
25012 3706 37 79 31
25013 3707 37 80 31
25014 3708 37 81 31
25016 3709 37 82 31
25018 3710 37 83 31
25020 3711 37 84 31
25022 3712 37 85 31
25023 3713 37 86 31
25025 3714 37 87 31
25026 3715 37 88 31
25027 3716 37 89 31
25029 3717 37 90 31
25030 3718 37 91 31
25031 3719 37 92 31
25032 3720 37 93 31
25033 3721 37 94 31
25034 3722 37 95 31
25035 3723 37 96 31
25036 3724 37 97 31
25037 3725 37 98 31
25046 3726 37 99 31
25048 3727 37 100 31
25054 3728 37 101 31
25055 3729 37 102 31
25056 3730 37 103 31
25059 3731 37 104 31
25060 3732 37 105 31
25061 3733 37 106 31
25062 3734 37 107 31
25063 3735 37 108 31
25064 3736 37 109 31
25065 3737 37 110 31
25066 3738 37 111 31
25067 3739 37 112 31
25069 3740 37 113 31
25070 3741 37 114 31
25072 3742 37 115 31
25073 3743 37 116 31
25074 3744 37 0 32
25077 3745 37 1 32
25078 3746 37 2 32
25079 3747 37 3 32
25080 3748 37 4 32
25081 3749 37 5 32
25082 3750 37 6 32
25083 3751 37 7 32
25084 3752 37 8 32
25085 3753 37 9 32
25086 3754 37 10 32
25087 3755 37 11 32
25088 3756 37 12 32
25089 3757 37 13 32
25091 3758 37 14 32
25092 3759 37 15 32
25095 3760 37 16 32
25096 3761 37 17 32
25097 3762 37 18 32
25098 3763 37 19 32
25100 3764 37 20 32
25101 3765 37 21 32
25102 3766 37 22 32
25104 3767 37 23 32
25105 3768 37 24 32
25106 3769 37 25 32
25108 3770 37 26 32
25109 3771 37 27 32
25110 3772 37 28 32
25113 3773 37 29 32
25114 3774 37 30 32
25115 3775 37 31 32
25119 3776 37 32 32
25120 3777 37 33 32
25121 3778 37 34 32
25122 3779 37 35 32
25123 3780 37 36 32
25124 3781 37 37 32
25125 3782 37 38 32
25127 3783 37 39 32
25129 3784 37 40 32
25130 3785 37 41 32
25131 3786 37 42 32
25133 3787 37 43 32
25134 3788 37 44 32
25136 3789 37 45 32
25138 3790 37 46 32
25139 3791 37 47 32
25140 3792 37 48 32
25142 3793 37 49 32
25146 3794 37 50 32
25149 3795 37 51 32
25150 3796 37 52 32
25151 3797 37 53 32
25152 3798 37 54 32
25153 3799 37 55 32
25154 3800 37 56 32
25155 3801 37 57 32
25158 3802 37 58 32
25159 3803 37 59 32
25160 3804 37 60 32
25161 3805 37 61 32
25162 3806 37 62 32
25163 3807 37 63 32
25165 3808 37 64 32
25166 3809 37 65 32
25168 3810 37 66 32
25169 3811 37 67 32
25170 3812 37 68 32
25171 3813 37 69 32
25172 3814 37 70 32
25176 3815 37 71 32
25177 3816 37 72 32
25178 3817 37 73 32
25179 3818 37 74 32
25180 3819 37 75 32
25182 3820 37 76 32
25184 3821 37 77 32
25185 3822 37 78 32
25186 3823 37 79 32
25187 3824 37 80 32
25188 3825 37 81 32
25189 3826 37 82 32
25190 3827 37 83 32
25197 3828 37 84 32
25198 3829 37 85 32
25199 3830 37 86 32
25200 3831 37 87 32
25201 3832 37 88 32
25202 3833 37 89 32
25203 3834 37 90 32
25204 3835 37 91 32
25206 3836 37 92 32
25207 3837 37 93 32
25209 3838 37 94 32
25210 3839 37 95 32
25211 3840 37 96 32
25212 3841 37 97 32
25213 3842 37 98 32
25214 3843 37 99 32
25215 3844 37 100 32
25216 3845 37 101 32
25217 3846 37 102 32
25219 3847 37 103 32
25220 3848 37 104 32
25222 3849 37 105 32
25223 3850 37 106 32
25224 3851 37 107 32
25225 3852 37 108 32
25226 3853 37 109 32
25228 3854 37 110 32
25230 3855 37 111 32
25231 3856 37 112 32
25233 3857 37 113 32
25234 3858 37 114 32
25235 3859 37 115 32
25236 3860 37 116 32
25237 3861 37 0 33
25238 3862 37 1 33
25239 3863 37 2 33
25240 3864 37 3 33
25256 3865 37 4 33
25257 3866 37 5 33
25258 3867 37 6 33
25259 3868 37 7 33
25260 3869 37 8 33
25261 3870 37 9 33
25262 3871 37 10 33
25263 3872 37 11 33
25264 3873 37 12 33
25265 3874 37 13 33
25267 3875 37 14 33
25268 3876 37 15 33
25269 3877 37 16 33
25270 3878 37 17 33
25272 3879 37 18 33
25273 3880 37 19 33
25275 3881 37 20 33
25276 3882 37 21 33
25277 3883 37 22 33
25278 3884 37 23 33
25279 3885 37 24 33
25282 3886 37 25 33
25284 3887 37 26 33
25286 3888 37 27 33
25287 3889 37 28 33
25288 3890 37 29 33
25289 3891 37 30 33
25290 3892 37 31 33
25291 3893 37 32 33
25292 3894 37 33 33
25293 3895 37 34 33
25294 3896 37 35 33
25295 3897 37 36 33
25296 3898 37 37 33
25297 3899 37 38 33
25298 3900 37 39 33
25299 3901 37 40 33
25300 3902 37 41 33
25302 3903 37 42 33
25303 3904 37 43 33
25304 3905 37 44 33
25305 3906 37 45 33
25306 3907 37 46 33
25307 3908 37 47 33
25308 3909 37 48 33
25323 3910 37 49 33
25324 3911 37 50 33
25325 3912 37 51 33
25326 3913 37 52 33
25327 3914 37 53 33
25328 3915 37 54 33
25329 3916 37 55 33
25330 3917 37 56 33
25331 3918 37 57 33
25332 3919 37 58 33
25333 3920 37 59 33
25334 3921 37 60 33
25335 3922 37 61 33
25336 3923 37 62 33
25337 3924 37 63 33
25338 3925 37 64 33
25339 3926 37 65 33
25340 3927 37 66 33
25341 3928 37 67 33
25342 3929 37 68 33
25343 3930 37 69 33
25344 3931 37 70 33
25345 3932 37 71 33
25346 3933 37 72 33
25347 3934 37 73 33
25351 3935 37 74 33
25352 3936 37 75 33
25353 3937 37 76 33
25355 3938 37 77 33
25356 3939 37 78 33
25357 3940 37 79 33
25358 3941 37 80 33
25359 3942 37 81 33
25360 3943 37 82 33
25361 3944 37 83 33
25363 3945 37 84 33
25364 3946 37 85 33
25365 3947 37 86 33
25366 3948 37 87 33
25384 3949 37 88 33
25385 3950 37 89 33
25386 3951 37 90 33
25387 3952 37 91 33
25388 3953 37 92 33
25389 3954 37 93 33
25391 3955 37 94 33
25394 3956 37 95 33
25395 3957 37 96 33
25396 3958 37 97 33
25398 3959 37 98 33
25400 3960 37 99 33
25401 3961 37 100 33
25402 3962 37 101 33
25403 3963 37 102 33
25404 3964 37 103 33
25405 3965 37 104 33
25406 3966 37 105 33
25408 3967 37 106 33
25409 3968 37 107 33
25410 3969 37 108 33
25411 3970 37 109 33
25412 3971 37 110 33
25413 3972 37 111 33
25414 3973 37 112 33
25415 3974 37 113 33
25416 3975 37 114 33
25417 3976 37 115 33
25418 3977 37 116 33
25419 3978 37 0 34
25420 3979 37 1 34
25421 3980 37 2 34
25422 3981 37 3 34
25423 3982 37 4 34
25424 3983 37 5 34
25425 3984 37 6 34
25428 3985 37 7 34
25429 3986 37 8 34
25430 3987 37 9 34
25431 3988 37 10 34
25432 3989 37 11 34
25433 3990 37 12 34
25434 3991 37 13 34
25445 3992 37 14 34
25447 3993 37 15 34
25448 3994 37 16 34
25449 3995 37 17 34
25451 3996 37 18 34
25453 3997 37 19 34
25454 3998 37 20 34
25455 3999 37 21 34
25456 4000 37 22 34
25457 4001 37 23 34
25458 4002 37 24 34
25461 4003 37 25 34
25462 4004 37 26 34
25463 4005 37 27 34
25464 4006 37 28 34
25466 4007 37 29 34
25467 4008 37 30 34
25468 4009 37 31 34
25469 4010 37 32 34
25472 4011 37 33 34
25473 4012 37 34 34
25474 4013 37 35 34
25475 4014 37 36 34
25476 4015 37 37 34
25477 4016 37 38 34
25479 4017 37 39 34
25480 4018 37 40 34
25481 4019 37 41 34
25482 4020 37 42 34
25484 4021 37 43 34
25485 4022 37 44 34
25486 4023 37 45 34
25487 4024 37 46 34
25488 4025 37 47 34
25489 4026 37 48 34
25490 4027 37 49 34
25492 4028 37 50 34
25494 4029 37 51 34
25495 4030 37 52 34
25496 4031 37 53 34
25497 4032 37 54 34
25499 4033 37 55 34
25500 4034 37 56 34
25501 4035 37 57 34
25502 4036 37 58 34
25503 4037 37 59 34
25504 4038 37 60 34
25505 4039 37 61 34
25506 4040 37 62 34
25507 4041 37 63 34
25508 4042 37 64 34
25509 4043 37 65 34
25511 4044 37 66 34
25512 4045 37 67 34
25513 4046 37 68 34
25514 4047 37 69 34
25515 4048 37 70 34
25516 4049 37 71 34
25517 4050 37 72 34
25518 4051 37 73 34
25519 4052 37 74 34
25520 4053 37 75 34
25521 4054 37 76 34
25533 4055 37 77 34
25534 4056 37 78 34
25536 4057 37 79 34
25538 4058 37 80 34
25539 4059 37 81 34
25540 4060 37 82 34
25541 4061 37 83 34
25542 4062 37 84 34
25543 4063 37 85 34
25544 4064 37 86 34
25545 4065 37 87 34
25546 4066 37 88 34
25547 4067 37 89 34
25548 4068 37 90 34
25549 4069 37 91 34
25550 4070 37 92 34
25551 4071 37 93 34
25552 4072 37 94 34
25554 4073 37 95 34
25555 4074 37 96 34
25557 4075 37 97 34
25558 4076 37 98 34
25559 4077 37 99 34
25560 4078 37 100 34
25561 4079 37 101 34
25562 4080 37 102 34
25563 4081 37 103 34
25564 4082 37 104 34
25565 4083 37 105 34
25567 4084 37 106 34
25568 4085 37 107 34
25569 4086 37 108 34
25571 4087 37 109 34
25572 4088 37 110 34
25573 4089 37 111 34
25575 4090 37 112 34
25576 4091 37 113 34
25577 4092 37 114 34
25578 4093 37 115 34
25579 4094 37 116 34
25581 4095 37 0 35
25582 4096 37 1 35
25583 4097 37 2 35
25584 4098 37 3 35
25585 4099 37 4 35
25586 4100 37 5 35
25587 4101 37 6 35
25588 4102 37 7 35
25589 4103 37 8 35
25590 4104 37 9 35
25593 4105 37 10 35
25606 4106 37 11 35
25609 4107 37 12 35
25610 4108 37 13 35
25611 4109 37 14 35
25612 4110 37 15 35
25613 4111 37 16 35
25614 4112 37 17 35
25615 4113 37 18 35
25616 4114 37 19 35
25618 4115 37 20 35
25619 4116 37 21 35
25620 4117 37 22 35
25621 4118 37 23 35
25622 4119 37 24 35
25623 4120 37 25 35
25624 4121 37 26 35
25626 4122 37 27 35
25627 4123 37 28 35
25628 4124 37 29 35
25630 4125 37 30 35
25631 4126 37 31 35
25632 4127 37 32 35
25633 4128 37 33 35
25634 4129 37 34 35
25635 4130 37 35 35
25636 4131 37 36 35
25637 4132 37 37 35
25638 4133 37 38 35
25639 4134 37 39 35
25640 4135 37 40 35
25642 4136 37 41 35
25643 4137 37 42 35
25644 4138 37 43 35
25645 4139 37 44 35
25646 4140 37 45 35
25647 4141 37 46 35
25648 4142 37 47 35
25651 4143 37 48 35
25652 4144 37 49 35
25653 4145 37 50 35
25654 4146 37 51 35
25655 4147 37 52 35
25657 4148 37 53 35
25661 4149 37 54 35
25662 4150 37 55 35
25663 4151 37 56 35
25664 4152 37 57 35
25665 4153 37 58 35
25667 4154 37 59 35
25675 4155 37 60 35
25677 4156 37 61 35
25678 4157 37 62 35
25680 4158 37 63 35
25681 4159 37 64 35
25682 4160 37 65 35
25683 4161 37 66 35
25684 4162 37 67 35
25688 4163 37 68 35
25689 4164 37 69 35
25691 4165 37 70 35
25692 4166 37 71 35
25693 4167 37 72 35
25694 4168 37 73 35
25695 4169 37 74 35
25696 4170 37 75 35
25697 4171 37 76 35
25701 4172 37 77 35
25702 4173 37 78 35
25703 4174 37 79 35
25704 4175 37 80 35
25705 4176 37 81 35
25707 4177 37 82 35
25708 4178 37 83 35
25709 4179 37 84 35
25710 4180 37 85 35
25711 4181 37 86 35
25712 4182 37 87 35
25714 4183 37 88 35
25715 4184 37 89 35
25716 4185 37 90 35
25717 4186 37 91 35
25718 4187 37 92 35
25719 4188 37 93 35
25720 4189 37 94 35
25721 4190 37 95 35
25722 4191 37 96 35
25723 4192 37 97 35
25725 4193 37 98 35
25727 4194 37 99 35
25730 4195 37 100 35
25733 4196 37 101 35
25735 4197 37 102 35
25736 4198 37 103 35
25737 4199 37 104 35
25738 4200 37 105 35
25739 4201 37 106 35
25740 4202 37 107 35
25743 4203 37 108 35
25744 4204 37 109 35
25746 4205 37 110 35
25747 4206 37 111 35
25749 4207 37 112 35
25750 4208 37 113 35
25751 4209 37 114 35
25752 4210 37 115 35
25753 4211 37 116 35
25754 4212 37 0 36
25756 4213 37 1 36
25757 4214 37 2 36
25758 4215 37 3 36
25759 4216 37 4 36
25760 4217 37 5 36
25762 4218 37 6 36
25763 4219 37 7 36
25764 4220 37 8 36
25765 4221 37 9 36
25766 4222 37 10 36
25769 4223 37 11 36
25771 4224 37 12 36
25772 4225 37 13 36
25773 4226 37 14 36
25774 4227 37 15 36
25776 4228 37 16 36
25777 4229 37 17 36
25778 4230 37 18 36
25779 4231 37 19 36
25787 4232 37 20 36
25788 4233 37 21 36
25789 4234 37 22 36
25790 4235 37 23 36
25791 4236 37 24 36
25793 4237 37 25 36
25794 4238 37 26 36
25795 4239 37 27 36
25796 4240 37 28 36
25797 4241 37 29 36
25799 4242 37 30 36
25801 4243 37 31 36
25802 4244 37 32 36
25803 4245 37 33 36
25805 4246 37 34 36
25806 4247 37 35 36
25807 4248 37 36 36
25808 4249 37 37 36
25810 4250 37 38 36
25812 4251 37 39 36
25814 4252 37 40 36
25815 4253 37 41 36
25816 4254 37 42 36
25817 4255 37 43 36
25818 4256 37 44 36
25819 4257 37 45 36
25824 4258 37 46 36
25826 4259 37 47 36
25827 4260 37 48 36
25828 4261 37 49 36
25830 4262 37 50 36
25832 4263 37 51 36
25833 4264 37 52 36
25835 4265 37 53 36
25836 4266 37 54 36
25837 4267 37 55 36
25839 4268 37 56 36
25840 4269 37 57 36
25841 4270 37 58 36
25842 4271 37 59 36
25843 4272 37 60 36
25844 4273 37 61 36
25847 4274 37 62 36
25848 4275 37 63 36
25850 4276 37 64 36
25851 4277 37 65 36
25852 4278 37 66 36
25853 4279 37 67 36
25854 4280 37 68 36
25855 4281 37 69 36
25856 4282 37 70 36
25857 4283 37 71 36
25859 4284 37 72 36
25860 4285 37 73 36
25862 4286 37 74 36
25863 4287 37 75 36
25865 4288 37 76 36
25868 4289 37 77 36
25869 4290 37 78 36
25870 4291 37 79 36
25871 4292 37 80 36
25872 4293 37 81 36
25875 4294 37 82 36
25876 4295 37 83 36
25877 4296 37 84 36
25878 4297 37 85 36
25879 4298 37 86 36
25880 4299 37 87 36
25881 4300 37 88 36
25883 4301 37 89 36
25884 4302 37 90 36
25885 4303 37 91 36
25888 4304 37 92 36
25889 4305 37 93 36
25890 4306 37 94 36
25891 4307 37 95 36
25892 4308 37 96 36
25893 4309 37 97 36
25894 4310 37 98 36
25897 4311 37 99 36
25898 4312 37 100 36
25899 4313 37 101 36
25900 4314 37 102 36
25901 4315 37 103 36
25902 4316 37 104 36
25903 4317 37 105 36
25906 4318 37 106 36
25907 4319 37 107 36
25910 4320 37 108 36
25911 4321 37 109 36
25912 4322 37 110 36
25913 4323 37 111 36
25915 4324 37 112 36
25917 4325 37 113 36
25918 4326 37 114 36
25919 4327 37 115 36
25921 4328 37 116 36
25923 4329 37 0 37
25925 4330 37 1 37
25926 4331 37 2 37
25928 4332 37 3 37
25929 4333 37 4 37
25930 4334 37 5 37
25935 4335 37 6 37
25937 4336 37 7 37
25939 4337 37 8 37
25940 4338 37 9 37
25941 4339 37 10 37
25942 4340 37 11 37
25943 4341 37 12 37
25944 4342 37 13 37
25945 4343 37 14 37
25948 4344 37 15 37
25949 4345 37 16 37
25950 4346 37 17 37
25954 4347 37 18 37
25955 4348 37 19 37
25956 4349 37 20 37
25957 4350 37 21 37
25958 4351 37 22 37
25959 4352 37 23 37
25960 4353 37 24 37
25962 4354 37 25 37
25964 4355 37 26 37
25967 4356 37 27 37
25970 4357 37 28 37
25971 4358 37 29 37
25972 4359 37 30 37
25973 4360 37 31 37
25974 4361 37 32 37
25975 4362 37 33 37
25976 4363 37 34 37
25977 4364 37 35 37
25978 4365 37 36 37
25979 4366 37 37 37
25980 4367 37 38 37
25983 4368 37 39 37
25984 4369 37 40 37
25985 4370 37 41 37
25986 4371 37 42 37
25987 4372 37 43 37
25988 4373 37 44 37
25991 4374 37 45 37
25996 4375 37 46 37
26000 4376 37 47 37
26001 4377 37 48 37
26002 4378 37 49 37
26004 4379 37 50 37
26005 4380 37 51 37
26006 4381 37 52 37
26007 4382 37 53 37
26009 4383 37 54 37
26011 4384 37 55 37
26012 4385 37 56 37
26013 4386 37 57 37
26014 4387 37 58 37
26015 4388 37 59 37
26016 4389 37 60 37
26017 4390 37 61 37
26018 4391 37 62 37
26020 4392 37 63 37
26021 4393 37 64 37
26023 4394 37 65 37
26024 4395 37 66 37
26026 4396 37 67 37
26027 4397 37 68 37
26028 4398 37 69 37
26030 4399 37 70 37
26031 4400 37 71 37
26032 4401 37 72 37
26034 4402 37 73 37
26035 4403 37 74 37
26038 4404 37 75 37
26039 4405 37 76 37
26040 4406 37 77 37
26041 4407 37 78 37
26043 4408 37 79 37
26044 4409 37 80 37
26045 4410 37 81 37
26047 4411 37 82 37
26049 4412 37 83 37
26050 4413 37 84 37
26051 4414 37 85 37
26052 4415 37 86 37
26053 4416 37 87 37
26054 4417 37 88 37
26059 4418 37 89 37
26060 4419 37 90 37
26061 4420 37 91 37
26062 4421 37 92 37
26063 4422 37 93 37
26064 4423 37 94 37
26066 4424 37 95 37
26067 4425 37 96 37
26070 4426 37 97 37
26071 4427 37 98 37
26074 4428 37 99 37
26075 4429 37 100 37
26077 4430 37 101 37
26078 4431 37 102 37
26079 4432 37 103 37
26081 4433 37 104 37
26082 4434 37 105 37
26085 4435 37 106 37
26086 4436 37 107 37
26088 4437 37 108 37
26089 4438 37 109 37
26092 4439 37 110 37
26093 4440 37 111 37
26094 4441 37 112 37
26095 4442 37 113 37
26096 4443 37 114 37
26097 4444 37 115 37
26098 4445 37 116 37
26099 4446 37 0 38
26100 4447 37 1 38
26101 4448 37 2 38
26106 4449 37 3 38
26107 4450 37 4 38
26108 4451 37 5 38
26109 4452 37 6 38
26112 4453 37 7 38
26114 4454 37 8 38
26115 4455 37 9 38
26116 4456 37 10 38
26117 4457 37 11 38
26118 4458 37 12 38
26119 4459 37 13 38
26120 4460 37 14 38
26121 4461 37 15 38
26122 4462 37 16 38
26123 4463 37 17 38
26124 4464 37 18 38
26125 4465 37 19 38
26126 4466 37 20 38
26127 4467 37 21 38
26128 4468 37 22 38
26129 4469 37 23 38
26130 4470 37 24 38
26131 4471 37 25 38
26132 4472 37 26 38
26133 4473 37 27 38
26140 4474 37 28 38
26141 4475 37 29 38
26143 4476 37 30 38
26144 4477 37 31 38
26145 4478 37 32 38
26146 4479 37 33 38
26148 4480 37 34 38
26149 4481 37 35 38
26150 4482 37 36 38
26151 4483 37 37 38
26152 4484 37 38 38
26155 4485 37 39 38
26157 4486 37 40 38
26158 4487 37 41 38
26159 4488 37 42 38
26161 4489 37 43 38
26162 4490 37 44 38
26163 4491 37 45 38
26164 4492 37 46 38
26165 4493 37 47 38
26166 4494 37 48 38
26169 4495 37 49 38
26170 4496 37 50 38
26177 4497 37 51 38
26178 4498 37 52 38
26179 4499 37 53 38
26181 4500 37 54 38
26183 4501 37 55 38
26185 4502 37 56 38
26186 4503 37 57 38
26188 4504 37 58 38
26191 4505 37 59 38
26193 4506 37 60 38
26194 4507 37 61 38
26201 4508 37 62 38
26202 4509 37 63 38
26203 4510 37 64 38
26204 4511 37 65 38
26205 4512 37 66 38
26206 4513 37 67 38
26207 4514 37 68 38
26209 4515 37 69 38
26210 4516 37 70 38
26212 4517 37 71 38
26213 4518 37 72 38
26214 4519 37 73 38
26216 4520 37 74 38
26218 4521 37 75 38
26220 4522 37 76 38
26222 4523 37 77 38
26223 4524 37 78 38
26224 4525 37 79 38
26225 4526 37 80 38
26226 4527 37 81 38
26228 4528 37 82 38
26230 4529 37 83 38
26231 4530 37 84 38
26232 4531 37 85 38
26233 4532 37 86 38
26234 4533 37 87 38
26235 4534 37 88 38
26236 4535 37 89 38
26238 4536 37 90 38
26240 4537 37 91 38
26244 4538 37 92 38
26246 4539 37 93 38
26247 4540 37 94 38
26248 4541 37 95 38
26249 4542 37 96 38
26250 4543 37 97 38
26251 4544 37 98 38
26252 4545 37 99 38
26253 4546 37 100 38
26256 4547 37 101 38
26257 4548 37 102 38
26260 4549 37 103 38
26261 4550 37 104 38
26262 4551 37 105 38
26263 4552 37 106 38
26264 4553 37 107 38
26265 4554 37 108 38
26269 4555 37 109 38
26271 4556 37 110 38
26272 4557 37 111 38
26273 4558 37 112 38
26274 4559 37 113 38
26280 4560 37 114 38
26281 4561 37 115 38
26282 4562 37 116 38
26283 4563 37 0 39
26286 4564 37 1 39
26287 4565 37 2 39
26288 4566 37 3 39
26289 4567 37 4 39
26290 4568 37 5 39
26292 4569 37 6 39
26293 4570 37 7 39
26295 4571 37 8 39
26296 4572 37 9 39
26297 4573 37 10 39
26298 4574 37 11 39
26299 4575 37 12 39
26301 4576 37 13 39
26302 4577 37 14 39
26304 4578 37 15 39
26308 4579 37 16 39
26310 4580 37 17 39
26311 4581 37 18 39
26312 4582 37 19 39
26313 4583 37 20 39
26314 4584 37 21 39
26315 4585 37 22 39
26316 4586 37 23 39
26319 4587 37 24 39
26322 4588 37 25 39
26326 4589 37 26 39
26328 4590 37 27 39
26329 4591 37 28 39
26330 4592 37 29 39
26331 4593 37 30 39
26332 4594 37 31 39
26333 4595 37 32 39
26334 4596 37 33 39
26336 4597 37 34 39
26339 4598 37 35 39
26340 4599 37 36 39
26342 4600 37 37 39
26344 4601 37 38 39
26345 4602 37 39 39
26347 4603 37 40 39
26348 4604 37 41 39
26349 4605 37 42 39
26350 4606 37 43 39
26352 4607 37 44 39
26354 4608 37 45 39
26355 4609 37 46 39
26356 4610 37 47 39
26358 4611 37 48 39
26359 4612 37 49 39
26360 4613 37 50 39
26361 4614 37 51 39
26364 4615 37 52 39
26366 4616 37 53 39
26367 4617 37 54 39
26368 4618 37 55 39
26369 4619 37 56 39
26371 4620 37 57 39
26372 4621 37 58 39
26373 4622 37 59 39
26376 4623 37 60 39
26377 4624 37 61 39
26378 4625 37 62 39
26379 4626 37 63 39
26381 4627 37 64 39
26383 4628 37 65 39
26384 4629 37 66 39
26386 4630 37 67 39
26387 4631 37 68 39
26388 4632 37 69 39
26389 4633 37 70 39
26391 4634 37 71 39
26392 4635 37 72 39
26395 4636 37 73 39
26397 4637 37 74 39
26399 4638 37 75 39
26400 4639 37 76 39
26401 4640 37 77 39
26402 4641 37 78 39
26403 4642 37 79 39
26406 4643 37 80 39
26407 4644 37 81 39
26408 4645 37 82 39
26410 4646 37 83 39
26411 4647 37 84 39
26412 4648 37 85 39
26413 4649 37 86 39
26414 4650 37 87 39
26417 4651 37 88 39
26419 4652 37 89 39
26420 4653 37 90 39
26421 4654 37 91 39
26424 4655 37 92 39
26425 4656 37 93 39
26426 4657 37 94 39
26427 4658 37 95 39
26428 4659 37 96 39
26429 4660 37 97 39
26430 4661 37 98 39
26431 4662 37 99 39
26437 4663 37 100 39
26438 4664 37 101 39
26439 4665 37 102 39
26440 4666 37 103 39
26441 4667 37 104 39
26443 4668 37 105 39
26444 4669 37 106 39
26445 4670 37 107 39
26446 4671 37 108 39
26447 4672 37 109 39
26448 4673 37 110 39
26449 4674 37 111 39
26451 4675 37 112 39
26453 4676 37 113 39
26454 4677 37 114 39
26455 4678 37 115 39
26457 4679 37 116 39
26458 4680 37 0 40
26460 4681 37 1 40
26461 4682 37 2 40
26462 4683 37 3 40
26463 4684 37 4 40
26464 4685 37 5 40
26474 4686 37 6 40
26476 4687 37 7 40
26477 4688 37 8 40
26479 4689 37 9 40
26480 4690 37 10 40
26481 4691 37 11 40
26482 4692 37 12 40
26483 4693 37 13 40
26484 4694 37 14 40
26485 4695 37 15 40
26486 4696 37 16 40
26487 4697 37 17 40
26488 4698 37 18 40
26489 4699 37 19 40
26490 4700 37 20 40
26491 4701 37 21 40
26492 4702 37 22 40
26493 4703 37 23 40
26494 4704 37 24 40
26495 4705 37 25 40
26497 4706 37 26 40
26499 4707 37 27 40
26500 4708 37 28 40
26501 4709 37 29 40
26502 4710 37 30 40
26503 4711 37 31 40
26505 4712 37 32 40
26507 4713 37 33 40
26508 4714 37 34 40
26509 4715 37 35 40
26510 4716 37 36 40
26512 4717 37 37 40
26513 4718 37 38 40
26514 4719 37 39 40
26515 4720 37 40 40
26516 4721 37 41 40
26517 4722 37 42 40
26519 4723 37 43 40
26520 4724 37 44 40
26521 4725 37 45 40
26522 4726 37 46 40
26524 4727 37 47 40
26525 4728 37 48 40
26527 4729 37 49 40
26542 4730 37 50 40
26543 4731 37 51 40
26544 4732 37 52 40
26546 4733 37 53 40
26547 4734 37 54 40
26548 4735 37 55 40
26549 4736 37 56 40
26550 4737 37 57 40
26551 4738 37 58 40
26552 4739 37 59 40
26553 4740 37 60 40
26554 4741 37 61 40
26555 4742 37 62 40
26560 4743 37 63 40
26561 4744 37 64 40
26562 4745 37 65 40
26563 4746 37 66 40
26564 4747 37 67 40
26565 4748 37 68 40
26566 4749 37 69 40
26568 4750 37 70 40
26569 4751 37 71 40
26570 4752 37 72 40
26571 4753 37 73 40
26572 4754 37 74 40
26573 4755 37 75 40
26574 4756 37 76 40
26575 4757 37 77 40
26576 4758 37 78 40
26577 4759 37 79 40
26578 4760 37 80 40
26579 4761 37 81 40
26580 4762 37 82 40
26584 4763 37 83 40
26585 4764 37 84 40
26586 4765 37 85 40
26587 4766 37 86 40
26588 4767 37 87 40
26589 4768 37 88 40
26590 4769 37 89 40
26591 4770 37 90 40
26594 4771 37 91 40
26595 4772 37 92 40
26596 4773 37 93 40
26597 4774 37 94 40
26598 4775 37 95 40
26599 4776 37 96 40
26601 4777 37 97 40
26602 4778 37 98 40
26603 4779 37 99 40
26604 4780 37 100 40
26605 4781 37 101 40
26606 4782 37 102 40
26607 4783 37 103 40
26608 4784 37 104 40
26609 4785 37 105 40
26610 4786 37 106 40
26611 4787 37 107 40
26612 4788 37 108 40
26613 4789 37 109 40
26614 4790 37 110 40
26615 4791 37 111 40
26616 4792 37 112 40
26618 4793 37 113 40
26620 4794 37 114 40
26623 4795 37 115 40
26642 4796 37 116 40
26643 4797 37 0 41
26644 4798 37 1 41
26646 4799 37 2 41
26647 4800 37 3 41
26648 4801 37 4 41
26650 4802 37 5 41
26652 4803 37 6 41
26653 4804 37 7 41
26655 4805 37 8 41
26656 4806 37 9 41
26657 4807 37 10 41
26661 4808 37 11 41
26662 4809 37 12 41
26664 4810 37 13 41
26665 4811 37 14 41
26666 4812 37 15 41
26667 4813 37 16 41
26669 4814 37 17 41
26670 4815 37 18 41
26671 4816 37 19 41
26673 4817 37 20 41
26674 4818 37 21 41
26675 4819 37 22 41
26676 4820 37 23 41
26677 4821 37 24 41
26680 4822 37 25 41
26681 4823 37 26 41
26682 4824 37 27 41
26683 4825 37 28 41
26684 4826 37 29 41
26685 4827 37 30 41
26688 4828 37 31 41
26689 4829 37 32 41
26690 4830 37 33 41
26691 4831 37 34 41
26692 4832 37 35 41
26693 4833 37 36 41
26694 4834 37 37 41
26696 4835 37 38 41
26697 4836 37 39 41
26699 4837 37 40 41
26700 4838 37 41 41
26701 4839 37 42 41
26702 4840 37 43 41
26703 4841 37 44 41
26704 4842 37 45 41
26705 4843 37 46 41
26707 4844 37 47 41
26708 4845 37 48 41
26731 4846 37 49 41
26733 4847 37 50 41
26734 4848 37 51 41
26735 4849 37 52 41
26737 4850 37 53 41
26738 4851 37 54 41
26740 4852 37 55 41
26741 4853 37 56 41
26742 4854 37 57 41
26743 4855 37 58 41
26744 4856 37 59 41
26745 4857 37 60 41
26747 4858 37 61 41
26748 4859 37 62 41
26749 4860 37 63 41
26750 4861 37 64 41
26751 4862 37 65 41
26752 4863 37 66 41
26753 4864 37 67 41
26754 4865 37 68 41
26755 4866 37 69 41
26757 4867 37 70 41
26758 4868 37 71 41
26759 4869 37 72 41
26761 4870 37 73 41
26762 4871 37 74 41
26763 4872 37 75 41
26764 4873 37 76 41
26767 4874 37 77 41
26768 4875 37 78 41
26769 4876 37 79 41
26770 4877 37 80 41
26771 4878 37 81 41
26772 4879 37 82 41
26774 4880 37 83 41
26775 4881 37 84 41
26779 4882 37 85 41
26780 4883 37 86 41
26781 4884 37 87 41
26783 4885 37 88 41
26784 4886 37 89 41
26785 4887 37 90 41
26786 4888 37 91 41
26787 4889 37 92 41
26788 4890 37 93 41
26791 4891 37 94 41
26792 4892 37 95 41
26793 4893 37 96 41
26794 4894 37 97 41
26795 4895 37 98 41
26796 4896 37 99 41
26797 4897 37 100 41
26798 4898 37 101 41
26799 4899 37 102 41
26800 4900 37 103 41
26801 4901 37 104 41
26802 4902 37 105 41
26803 4903 37 106 41
26804 4904 37 107 41
26805 4905 37 108 41
26820 4906 37 109 41
26822 4907 37 110 41
26823 4908 37 111 41
26824 4909 37 112 41
26825 4910 37 113 41
26827 4911 37 114 41
26828 4912 37 115 41
26829 4913 37 116 41
26830 4914 37 0 42
26832 4915 37 1 42
26833 4916 37 2 42
26834 4917 37 3 42
26835 4918 37 4 42
26836 4919 37 5 42
26837 4920 37 6 42
26838 4921 37 7 42
26839 4922 37 8 42
26840 4923 37 9 42
26842 4924 37 10 42
26844 4925 37 11 42
26845 4926 37 12 42
26846 4927 37 13 42
26847 4928 37 14 42
26848 4929 37 15 42
26849 4930 37 16 42
26851 4931 37 17 42
26852 4932 37 18 42
26854 4933 37 19 42
26855 4934 37 20 42
26856 4935 37 21 42
26857 4936 37 22 42
26858 4937 37 23 42
26859 4938 37 24 42
26860 4939 37 25 42
26862 4940 37 26 42
26863 4941 37 27 42
26864 4942 37 28 42
26865 4943 37 29 42
26866 4944 37 30 42
26867 4945 37 31 42
26868 4946 37 32 42
26869 4947 37 33 42
26870 4948 37 34 42
26871 4949 37 35 42
26872 4950 37 36 42
26873 4951 37 37 42
26874 4952 37 38 42
26875 4953 37 39 42
26876 4954 37 40 42
26877 4955 37 41 42
26884 4956 37 42 42
26885 4957 37 43 42
26886 4958 37 44 42
26887 4959 37 45 42
26888 4960 37 46 42
26890 4961 37 47 42
26891 4962 37 48 42
26892 4963 37 49 42
26893 4964 37 50 42
26894 4965 37 51 42
26895 4966 37 52 42
26896 4967 37 53 42
26897 4968 37 54 42
26898 4969 37 55 42
26899 4970 37 56 42
26900 4971 37 57 42
26901 4972 37 58 42
26903 4973 37 59 42
26917 4974 37 60 42
26922 4975 37 61 42
26927 4976 37 62 42
26928 4977 37 63 42
26930 4978 37 64 42
26931 4979 37 65 42
26932 4980 37 66 42
26933 4981 37 67 42
26935 4982 37 68 42
26936 4983 37 69 42
26937 4984 37 70 42
26939 4985 37 71 42
26940 4986 37 72 42
26941 4987 37 73 42
26943 4988 37 74 42
26944 4989 37 75 42
26945 4990 37 76 42
26946 4991 37 77 42
26948 4992 37 78 42
26949 4993 37 79 42
26952 4994 37 80 42
26953 4995 37 81 42
26954 4996 37 82 42
26955 4997 37 83 42
26956 4998 37 84 42
26958 4999 37 85 42
26959 5000 37 86 42
26961 5001 37 87 42
26962 5002 37 88 42
26963 5003 37 89 42
26964 5004 37 90 42
26966 5005 37 91 42
26967 5006 37 92 42
26968 5007 37 93 42
26969 5008 37 94 42
26970 5009 37 95 42
26971 5010 37 96 42
26972 5011 37 97 42
26973 5012 37 98 42
26974 5013 37 99 42
26975 5014 37 100 42
26976 5015 37 101 42
26978 5016 37 102 42
26979 5017 37 103 42
26981 5018 37 104 42
26982 5019 37 105 42
26984 5020 37 106 42
26985 5021 37 107 42
26986 5022 37 108 42
26987 5023 37 109 42
26988 5024 37 110 42
26989 5025 37 111 42
26990 5026 37 112 42
26991 5027 37 113 42
26992 5028 37 114 42
26993 5029 37 115 42
26996 5030 37 116 42
26997 5031 37 0 43
26998 5032 37 1 43
26999 5033 37 2 43
27000 5034 37 3 43
27001 5035 37 4 43
27002 5036 37 5 43
27003 5037 37 6 43
27010 5038 37 7 43
27011 5039 37 8 43
27014 5040 37 9 43
27021 5041 37 10 43
27022 5042 37 11 43
27024 5043 37 12 43
27025 5044 37 13 43
27027 5045 37 14 43
27028 5046 37 15 43
27029 5047 37 16 43
27030 5048 37 17 43
27031 5049 37 18 43
27033 5050 37 19 43
27034 5051 37 20 43
27035 5052 37 21 43
27036 5053 37 22 43
27038 5054 37 23 43
27040 5055 37 24 43
27041 5056 37 25 43
27043 5057 37 26 43
27044 5058 37 27 43
27045 5059 37 28 43
27046 5060 37 29 43
27047 5061 37 30 43
27048 5062 37 31 43
27049 5063 37 32 43
27050 5064 37 33 43
27051 5065 37 34 43
27052 5066 37 35 43
27053 5067 37 36 43
27054 5068 37 37 43
27055 5069 37 38 43
27056 5070 37 39 43
27057 5071 37 40 43
27059 5072 37 41 43
27060 5073 37 42 43
27061 5074 37 43 43
27062 5075 37 44 43
27063 5076 37 45 43
27065 5077 37 46 43
27067 5078 37 47 43
27068 5079 37 48 43
27069 5080 37 49 43
27070 5081 37 50 43
27071 5082 37 51 43
27073 5083 37 52 43
27074 5084 37 53 43
27075 5085 37 54 43
27076 5086 37 55 43
27078 5087 37 56 43
27081 5088 37 57 43
27082 5089 37 58 43
27083 5090 37 59 43
27084 5091 37 60 43
27085 5092 37 61 43
27086 5093 37 62 43
27087 5094 37 63 43
27088 5095 37 64 43
27091 5096 37 65 43
27092 5097 37 66 43
27097 5098 37 67 43
27106 5099 37 68 43
27108 5100 37 69 43
27109 5101 37 70 43
27110 5102 37 71 43
27111 5103 37 72 43
27112 5104 37 73 43
27115 5105 37 74 43
27116 5106 37 75 43
27117 5107 37 76 43
27118 5108 37 77 43
27121 5109 37 78 43
27122 5110 37 79 43
27123 5111 37 80 43
27124 5112 37 81 43
27126 5113 37 82 43
27127 5114 37 83 43
27128 5115 37 84 43
27131 5116 37 85 43
27132 5117 37 86 43
27133 5118 37 87 43
27134 5119 37 88 43
27135 5120 37 89 43
27136 5121 37 90 43
27137 5122 37 91 43
27138 5123 37 92 43
27140 5124 37 93 43
27141 5125 37 94 43
27142 5126 37 95 43
27143 5127 37 96 43
27144 5128 37 97 43
27145 5129 37 98 43
27146 5130 37 99 43
27149 5131 37 100 43
27151 5132 37 101 43
27153 5133 37 102 43
27155 5134 37 103 43
27156 5135 37 104 43
27157 5136 37 105 43
27158 5137 37 106 43
27159 5138 37 107 43
27160 5139 37 108 43
27161 5140 37 109 43
27163 5141 37 110 43
27165 5142 37 111 43
27166 5143 37 112 43
27167 5144 37 113 43
27168 5145 37 114 43
27169 5146 37 115 43
27171 5147 37 116 43
27173 5148 37 0 44
27174 5149 37 1 44
27175 5150 37 2 44
27176 5151 37 3 44
27186 5152 37 4 44
27188 5153 37 5 44
27189 5154 37 6 44
27192 5155 37 7 44
27193 5156 37 8 44
27194 5157 37 9 44
27195 5158 37 10 44
27196 5159 37 11 44
27197 5160 37 12 44
27198 5161 37 13 44
27199 5162 37 14 44
27200 5163 37 15 44
27201 5164 37 16 44
27204 5165 37 17 44
27206 5166 37 18 44
27207 5167 37 19 44
27208 5168 37 20 44
27209 5169 37 21 44
27211 5170 37 22 44
27213 5171 37 23 44
27214 5172 37 24 44
27215 5173 37 25 44
27216 5174 37 26 44
27217 5175 37 27 44
27220 5176 37 28 44
27221 5177 37 29 44
27222 5178 37 30 44
27224 5179 37 31 44
27225 5180 37 32 44
27226 5181 37 33 44
27227 5182 37 34 44
27229 5183 37 35 44
27230 5184 37 36 44
27231 5185 37 37 44
27232 5186 37 38 44
27233 5187 37 39 44
27234 5188 37 40 44
27236 5189 37 41 44
27238 5190 37 42 44
27239 5191 37 43 44
27240 5192 37 44 44
27241 5193 37 45 44
27242 5194 37 46 44
27243 5195 37 47 44
27245 5196 37 48 44
27247 5197 37 49 44
27254 5198 37 50 44
27262 5199 37 51 44
27263 5200 37 52 44
27264 5201 37 53 44
27265 5202 37 54 44
27267 5203 37 55 44
27268 5204 37 56 44
27269 5205 37 57 44
27271 5206 37 58 44
27273 5207 37 59 44
27276 5208 37 60 44
27277 5209 37 61 44
27278 5210 37 62 44
27280 5211 37 63 44
27281 5212 37 64 44
27282 5213 37 65 44
27283 5214 37 66 44
27284 5215 37 67 44
27285 5216 37 68 44
27286 5217 37 69 44
27287 5218 37 70 44
27290 5219 37 71 44
27291 5220 37 72 44
27292 5221 37 73 44
27294 5222 37 74 44
27295 5223 37 75 44
27296 5224 37 76 44
27297 5225 37 77 44
27298 5226 37 78 44
27299 5227 37 79 44
27300 5228 37 80 44
27301 5229 37 81 44
27302 5230 37 82 44
27304 5231 37 83 44
27308 5232 37 84 44
27309 5233 37 85 44
27310 5234 37 86 44
27311 5235 37 87 44
27315 5236 37 88 44
27316 5237 37 89 44
27318 5238 37 90 44
27319 5239 37 91 44
27320 5240 37 92 44
27321 5241 37 93 44
27322 5242 37 94 44
27323 5243 37 95 44
27325 5244 37 96 44
27330 5245 37 97 44
27331 5246 37 98 44
27333 5247 37 99 44
27334 5248 37 100 44
27335 5249 37 101 44
27339 5250 37 102 44
27340 5251 37 103 44
27341 5252 37 104 44
27343 5253 37 105 44
27344 5254 37 106 44
27345 5255 37 107 44
27347 5256 37 108 44
27353 5257 37 109 44
27354 5258 37 110 44
27355 5259 37 111 44
27356 5260 37 112 44
27357 5261 37 113 44
27358 5262 37 114 44
27359 5263 37 115 44
27360 5264 37 116 44
27361 5265 37 0 45
27365 5266 37 1 45
27367 5267 37 2 45
27368 5268 37 3 45
27370 5269 37 4 45
27371 5270 37 5 45
27372 5271 37 6 45
27374 5272 37 7 45
27375 5273 37 8 45
27376 5274 37 9 45
27377 5275 37 10 45
27379 5276 37 11 45
27384 5277 37 12 45
27385 5278 37 13 45
27386 5279 37 14 45
27387 5280 37 15 45
27388 5281 37 16 45
27392 5282 37 17 45
27394 5283 37 18 45
27395 5284 37 19 45
27396 5285 37 20 45
27400 5286 37 21 45
27401 5287 37 22 45
27402 5288 37 23 45
27403 5289 37 24 45
27407 5290 37 25 45
27408 5291 37 26 45
27409 5292 37 27 45
27410 5293 37 28 45
27411 5294 37 29 45
27414 5295 37 30 45
27415 5296 37 31 45
27416 5297 37 32 45
27417 5298 37 33 45
27418 5299 37 34 45
27422 5300 37 35 45
27424 5301 37 36 45
27425 5302 37 37 45
27427 5303 37 38 45
27429 5304 37 39 45
27432 5305 37 40 45
27436 5306 37 41 45
27437 5307 37 42 45
27439 5308 37 43 45
27441 5309 37 44 45
27442 5310 37 45 45
27443 5311 37 46 45
27444 5312 37 47 45
27446 5313 37 48 45
27447 5314 37 49 45
27448 5315 37 50 45
27449 5316 37 51 45
27450 5317 37 52 45
27451 5318 37 53 45
27452 5319 37 54 45
27453 5320 37 55 45
27454 5321 37 56 45
27455 5322 37 57 45
27457 5323 37 58 45
27458 5324 37 59 45
27459 5325 37 60 45
27461 5326 37 61 45
27462 5327 37 62 45
27463 5328 37 63 45
27464 5329 37 64 45
27465 5330 37 65 45
27466 5331 37 66 45
27467 5332 37 67 45
27468 5333 37 68 45
27469 5334 37 69 45
27470 5335 37 70 45
27472 5336 37 71 45
27473 5337 37 72 45
27476 5338 37 73 45
27477 5339 37 74 45
27478 5340 37 75 45
27481 5341 37 76 45
27483 5342 37 77 45
27484 5343 37 78 45
27486 5344 37 79 45
27487 5345 37 80 45
27488 5346 37 81 45
27489 5347 37 82 45
27490 5348 37 83 45
27491 5349 37 84 45
27492 5350 37 85 45
27493 5351 37 86 45
27494 5352 37 87 45
27495 5353 37 88 45
27498 5354 37 89 45
27501 5355 37 90 45
27506 5356 37 91 45
27510 5357 37 92 45
27511 5358 37 93 45
27512 5359 37 94 45
27513 5360 37 95 45
27515 5361 37 96 45
27518 5362 37 97 45
27519 5363 37 98 45
27520 5364 37 99 45
27522 5365 37 100 45
27523 5366 37 101 45
27524 5367 37 102 45
27526 5368 37 103 45
27528 5369 37 104 45
27529 5370 37 105 45
27530 5371 37 106 45
27532 5372 37 107 45
27533 5373 37 108 45
27534 5374 37 109 45
27535 5375 37 110 45
27537 5376 37 111 45
27540 5377 37 112 45
27541 5378 37 113 45
27542 5379 37 114 45
27543 5380 37 115 45
27544 5381 37 116 45
27545 5382 37 0 46
27547 5383 37 1 46
27550 5384 37 2 46
27551 5385 37 3 46
27552 5386 37 4 46
27554 5387 37 5 46
27555 5388 37 6 46
27556 5389 37 7 46
27557 5390 37 8 46
27558 5391 37 9 46
27559 5392 37 10 46
27562 5393 37 11 46
27563 5394 37 12 46
27565 5395 37 13 46
27566 5396 37 14 46
27567 5397 37 15 46
27568 5398 37 16 46
27570 5399 37 17 46
27571 5400 37 18 46
27573 5401 37 19 46
27574 5402 37 20 46
27575 5403 37 21 46
27578 5404 37 22 46
27580 5405 37 23 46
27581 5406 37 24 46
27583 5407 37 25 46
27584 5408 37 26 46
27587 5409 37 27 46
27588 5410 37 28 46
27589 5411 37 29 46
27590 5412 37 30 46
27591 5413 37 31 46
27592 5414 37 32 46
27593 5415 37 33 46
27594 5416 37 34 46
27595 5417 37 35 46
27596 5418 37 36 46
27597 5419 37 37 46
27599 5420 37 38 46
27600 5421 37 39 46
27602 5422 37 40 46
27603 5423 37 41 46
27604 5424 37 42 46
27606 5425 37 43 46
27607 5426 37 44 46
27608 5427 37 45 46
27610 5428 37 46 46
27611 5429 37 47 46
27614 5430 37 48 46
27616 5431 37 49 46
27618 5432 37 50 46
27619 5433 37 51 46
27620 5434 37 52 46
27622 5435 37 53 46
27623 5436 37 54 46
27624 5437 37 55 46
27627 5438 37 56 46
27628 5439 37 57 46
27631 5440 37 58 46
27632 5441 37 59 46
27634 5442 37 60 46
27635 5443 37 61 46
27639 5444 37 62 46
27640 5445 37 63 46
27641 5446 37 64 46
27643 5447 37 65 46
27644 5448 37 66 46
27645 5449 37 67 46
27646 5450 37 68 46
27647 5451 37 69 46
27648 5452 37 70 46
27649 5453 37 71 46
27650 5454 37 72 46
27651 5455 37 73 46
27652 5456 37 74 46
27653 5457 37 75 46
27654 5458 37 76 46
27656 5459 37 77 46
27657 5460 37 78 46
27659 5461 37 79 46
27660 5462 37 80 46
27661 5463 37 81 46
27663 5464 37 82 46
27664 5465 37 83 46
27665 5466 37 84 46
27667 5467 37 85 46
27668 5468 37 86 46
27669 5469 37 87 46
27670 5470 37 88 46
27672 5471 37 89 46
27673 5472 37 90 46
27674 5473 37 91 46
27675 5474 37 92 46
27677 5475 37 93 46
27679 5476 37 94 46
27680 5477 37 95 46
27681 5478 37 96 46
27683 5479 37 97 46
27684 5480 37 98 46
27685 5481 37 99 46
27686 5482 37 100 46
27687 5483 37 101 46
27688 5484 37 102 46
27690 5485 37 103 46
27691 5486 37 104 46
27692 5487 37 105 46
27694 5488 37 106 46
27695 5489 37 107 46
27696 5490 37 108 46
27699 5491 37 109 46
27700 5492 37 110 46
27702 5493 37 111 46
27704 5494 37 112 46
27707 5495 37 113 46
27710 5496 37 114 46
27711 5497 37 115 46
27712 5498 37 116 46
27713 5499 37 0 47
27714 5500 37 1 47
27715 5501 37 2 47
27718 5502 37 3 47
27722 5503 37 4 47
27723 5504 37 5 47
27724 5505 37 6 47
27725 5506 37 7 47
27726 5507 37 8 47
27727 5508 37 9 47
27728 5509 37 10 47
27730 5510 37 11 47
27732 5511 37 12 47
27733 5512 37 13 47
27735 5513 37 14 47
27737 5514 37 15 47
27739 5515 37 16 47
27740 5516 37 17 47
27741 5517 37 18 47
27742 5518 37 19 47
27743 5519 37 20 47
27744 5520 37 21 47
27745 5521 37 22 47
27749 5522 37 23 47
27750 5523 37 24 47
27751 5524 37 25 47
27752 5525 37 26 47
27753 5526 37 27 47
27754 5527 37 28 47
27755 5528 37 29 47
27757 5529 37 30 47
27759 5530 37 31 47
27760 5531 37 32 47
27761 5532 37 33 47
27762 5533 37 34 47
27763 5534 37 35 47
27764 5535 37 36 47
27766 5536 37 37 47
27768 5537 37 38 47
27770 5538 37 39 47
27771 5539 37 40 47
27773 5540 37 41 47
27774 5541 37 42 47
27776 5542 37 43 47
27777 5543 37 44 47
27778 5544 37 45 47
27779 5545 37 46 47
27780 5546 37 47 47
27781 5547 37 48 47
27782 5548 37 49 47
27783 5549 37 50 47
27784 5550 37 51 47
27785 5551 37 52 47
27786 5552 37 53 47
27787 5553 37 54 47
27788 5554 37 55 47
27789 5555 37 56 47
27790 5556 37 57 47
27791 5557 37 58 47
27792 5558 37 59 47
27794 5559 37 60 47
27795 5560 37 61 47
27796 5561 37 62 47
27797 5562 37 63 47
27798 5563 37 64 47
27800 5564 37 65 47
27801 5565 37 66 47
27802 5566 37 67 47
27803 5567 37 68 47
27804 5568 37 69 47
27805 5569 37 70 47
27819 5570 37 71 47
27820 5571 37 72 47
27821 5572 37 73 47
27822 5573 37 74 47
27824 5574 37 75 47
27825 5575 37 76 47
27827 5576 37 77 47
27828 5577 37 78 47
27830 5578 37 79 47
27831 5579 37 80 47
27832 5580 37 81 47
27833 5581 37 82 47
27834 5582 37 83 47
27835 5583 37 84 47
27836 5584 37 85 47
27837 5585 37 86 47
27838 5586 37 87 47
27839 5587 37 88 47
27840 5588 37 89 47
27841 5589 37 90 47
27842 5590 37 91 47
27843 5591 37 92 47
27844 5592 37 93 47
27845 5593 37 94 47
27846 5594 37 95 47
27847 5595 37 96 47
27849 5596 37 97 47
27850 5597 37 98 47
27852 5598 37 99 47
27853 5599 37 100 47
27855 5600 37 101 47
27856 5601 37 102 47
27857 5602 37 103 47
27858 5603 37 104 47
27859 5604 37 105 47
27860 5605 37 106 47
27861 5606 37 107 47
27862 5607 37 108 47
27863 5608 37 109 47
27865 5609 37 110 47
27866 5610 37 111 47
27867 5611 37 112 47
27868 5612 37 113 47
27869 5613 37 114 47
27870 5614 37 115 47
27872 5615 37 116 47
27873 5616 37 0 48
27874 5617 37 1 48
27875 5618 37 2 48
27877 5619 37 3 48
27879 5620 37 4 48
27880 5621 37 5 48
27881 5622 37 6 48
27883 5623 37 7 48
27884 5624 37 8 48
27885 5625 37 9 48
27886 5626 37 10 48
27887 5627 37 11 48
27888 5628 37 12 48
27889 5629 37 13 48
27890 5630 37 14 48
27891 5631 37 15 48
27893 5632 37 16 48
27897 5633 37 17 48
27904 5634 37 18 48
27905 5635 37 19 48
27907 5636 37 20 48
27908 5637 37 21 48
27911 5638 37 22 48
27912 5639 37 23 48
27913 5640 37 24 48
27914 5641 37 25 48
27915 5642 37 26 48
27916 5643 37 27 48
27917 5644 37 28 48
27918 5645 37 29 48
27919 5646 37 30 48
27920 5647 37 31 48
27921 5648 37 32 48
27922 5649 37 33 48
27926 5650 37 34 48
27927 5651 37 35 48
27928 5652 37 36 48
27929 5653 37 37 48
27930 5654 37 38 48
27931 5655 37 39 48
27933 5656 37 40 48
27934 5657 37 41 48
27935 5658 37 42 48
27936 5659 37 43 48
27938 5660 37 44 48
27941 5661 37 45 48
27943 5662 37 46 48
27944 5663 37 47 48
27945 5664 37 48 48
27946 5665 37 49 48
27947 5666 37 50 48
27948 5667 37 51 48
27949 5668 37 52 48
27950 5669 37 53 48
27951 5670 37 54 48
27952 5671 37 55 48
27953 5672 37 56 48
27954 5673 37 57 48
27955 5674 37 58 48
27956 5675 37 59 48
27957 5676 37 60 48
27958 5677 37 61 48
27959 5678 37 62 48
27960 5679 37 63 48
27961 5680 37 64 48
27962 5681 37 65 48
27963 5682 37 66 48
27964 5683 37 67 48
27965 5684 37 68 48
27966 5685 37 69 48
27967 5686 37 70 48
27968 5687 37 71 48
27969 5688 37 72 48
27970 5689 37 73 48
27992 5690 37 74 48
27993 5691 37 75 48
27994 5692 37 76 48
27998 5693 37 77 48
27999 5694 37 78 48
28000 5695 37 79 48
28001 5696 37 80 48
28002 5697 37 81 48
28003 5698 37 82 48
28004 5699 37 83 48
28005 5700 37 84 48
28006 5701 37 85 48
28007 5702 37 86 48
28008 5703 37 87 48
28009 5704 37 88 48
28010 5705 37 89 48
28012 5706 37 90 48
28013 5707 37 91 48
28014 5708 37 92 48
28015 5709 37 93 48
28016 5710 37 94 48
28020 5711 37 95 48
28021 5712 37 96 48
28022 5713 37 97 48
28023 5714 37 98 48
28024 5715 37 99 48
28025 5716 37 100 48
28026 5717 37 101 48
28027 5718 37 102 48
28028 5719 37 103 48
28029 5720 37 104 48
28030 5721 37 105 48
28031 5722 37 106 48
28032 5723 37 107 48
28034 5724 37 108 48
28035 5725 37 109 48
28036 5726 37 110 48
28037 5727 37 111 48
28038 5728 37 112 48
28039 5729 37 113 48
28040 5730 37 114 48
28041 5731 37 115 48
28042 5732 37 116 48
28043 5733 37 0 49
28044 5734 37 1 49
28045 5735 37 2 49
28046 5736 37 3 49
28048 5737 37 4 49
28049 5738 37 5 49
28050 5739 37 6 49
28051 5740 37 7 49
28052 5741 37 8 49
28053 5742 37 9 49
28055 5743 37 10 49
28056 5744 37 11 49
28074 5745 37 12 49
28075 5746 37 13 49
28076 5747 37 14 49
28078 5748 37 15 49
28079 5749 37 16 49
28082 5750 37 17 49
28083 5751 37 18 49
28084 5752 37 19 49
28085 5753 37 20 49
28087 5754 37 21 49
28088 5755 37 22 49
28090 5756 37 23 49
28091 5757 37 24 49
28092 5758 37 25 49
28093 5759 37 26 49
28094 5760 37 27 49
28095 5761 37 28 49
28096 5762 37 29 49
28098 5763 37 30 49
28100 5764 37 31 49
28101 5765 37 32 49
28102 5766 37 33 49
28103 5767 37 34 49
28104 5768 37 35 49
28105 5769 37 36 49
28106 5770 37 37 49
28107 5771 37 38 49
28108 5772 37 39 49
28109 5773 37 40 49
28111 5774 37 41 49
28112 5775 37 42 49
28113 5776 37 43 49
28114 5777 37 44 49
28115 5778 37 45 49
28116 5779 37 46 49
28117 5780 37 47 49
28118 5781 37 48 49
28119 5782 37 49 49
28120 5783 37 50 49
28121 5784 37 51 49
28122 5785 37 52 49
28123 5786 37 53 49
28124 5787 37 54 49
28125 5788 37 55 49
28126 5789 37 56 49
28127 5790 37 57 49
28128 5791 37 58 49
28129 5792 37 59 49
28130 5793 37 60 49
28131 5794 37 61 49
28132 5795 37 62 49
28133 5796 37 63 49
28134 5797 37 64 49
28136 5798 37 65 49
28137 5799 37 66 49
28138 5800 37 67 49
28139 5801 37 68 49
28140 5802 37 69 49
28141 5803 37 70 49
28142 5804 37 71 49
28143 5805 37 72 49
28144 5806 37 73 49
28145 5807 37 74 49
28146 5808 37 75 49
28147 5809 37 76 49
28148 5810 37 77 49
28149 5811 37 78 49
28150 5812 37 79 49
28151 5813 37 80 49
28153 5814 37 81 49
28154 5815 37 82 49
28155 5816 37 83 49
28156 5817 37 84 49
28157 5818 37 85 49
28160 5819 37 86 49
28163 5820 37 87 49
28165 5821 37 88 49
28185 5822 37 89 49
28186 5823 37 90 49
28187 5824 37 91 49
28188 5825 37 92 49
28189 5826 37 93 49
28191 5827 37 94 49
28192 5828 37 95 49
28193 5829 37 96 49
28194 5830 37 97 49
28195 5831 37 98 49
28196 5832 37 99 49
28197 5833 37 100 49
28198 5834 37 101 49
28199 5835 37 102 49
28200 5836 37 103 49
28203 5837 37 104 49
28204 5838 37 105 49
28205 5839 37 106 49
28206 5840 37 107 49
28207 5841 37 108 49
28208 5842 37 109 49
28209 5843 37 110 49
28210 5844 37 111 49
28211 5845 37 112 49
28212 5846 37 113 49
28213 5847 37 114 49
28214 5848 37 115 49
28216 5849 37 116 49
28217 5850 37 0 50
28218 5851 37 1 50
28219 5852 37 2 50
28220 5853 37 3 50
28221 5854 37 4 50
28222 5855 37 5 50
28223 5856 37 6 50
28224 5857 37 7 50
28225 5858 37 8 50
28227 5859 37 9 50
28228 5860 37 10 50
28229 5861 37 11 50
28230 5862 37 12 50
28231 5863 37 13 50
28233 5864 37 14 50
28234 5865 37 15 50
28235 5866 37 16 50
28237 5867 37 17 50
28238 5868 37 18 50
28241 5869 37 19 50
28242 5870 37 20 50
28243 5871 37 21 50
28244 5872 37 22 50
28245 5873 37 23 50
28246 5874 37 24 50
28248 5875 37 25 50
28250 5876 37 26 50
28251 5877 37 27 50
28252 5878 37 28 50
28253 5879 37 29 50
28254 5880 37 30 50
28255 5881 37 31 50
28256 5882 37 32 50
28257 5883 37 33 50
28258 5884 37 34 50
28259 5885 37 35 50
28260 5886 37 36 50
28261 5887 37 37 50
28262 5888 37 38 50
28263 5889 37 39 50
28264 5890 37 40 50
28265 5891 37 41 50
28267 5892 37 42 50
28270 5893 37 43 50
28271 5894 37 44 50
28273 5895 37 45 50
28274 5896 37 46 50
28275 5897 37 47 50
28276 5898 37 48 50
28279 5899 37 49 50
28280 5900 37 50 50
28281 5901 37 51 50
28296 5902 37 52 50
28297 5903 37 53 50
28301 5904 37 54 50
28302 5905 37 55 50
28303 5906 37 56 50
28304 5907 37 57 50
28306 5908 37 58 50
28307 5909 37 59 50
28308 5910 37 60 50
28310 5911 37 61 50
28311 5912 37 62 50
28312 5913 37 63 50
28313 5914 37 64 50
28315 5915 37 65 50
28316 5916 37 66 50
28317 5917 37 67 50
28318 5918 37 68 50
28319 5919 37 69 50
28320 5920 37 70 50
28321 5921 37 71 50
28322 5922 37 72 50
28323 5923 37 73 50
28324 5924 37 74 50
28325 5925 37 75 50
28326 5926 37 76 50
28327 5927 37 77 50
28330 5928 37 78 50
28331 5929 37 79 50
28334 5930 37 80 50
28335 5931 37 81 50
28336 5932 37 82 50
28337 5933 37 83 50
28338 5934 37 84 50
28339 5935 37 85 50
28340 5936 37 86 50
28342 5937 37 87 50
28343 5938 37 88 50
28345 5939 37 89 50
28346 5940 37 90 50
28348 5941 37 91 50
28349 5942 37 92 50
28350 5943 37 93 50
28351 5944 37 94 50
28352 5945 37 95 50
28353 5946 37 96 50
28354 5947 37 97 50
28355 5948 37 98 50
28356 5949 37 99 50
28357 5950 37 100 50
28358 5951 37 101 50
28359 5952 37 102 50
28360 5953 37 103 50
28361 5954 37 104 50
28362 5955 37 105 50
28363 5956 37 106 50
28364 5957 37 107 50
28365 5958 37 108 50
28366 5959 37 109 50
28367 5960 37 110 50
28368 5961 37 111 50
28369 5962 37 112 50
28370 5963 37 113 50
28371 5964 37 114 50
28372 5965 37 115 50
28373 5966 37 116 50
28374 5967 37 0 51
28376 5968 37 1 51
28380 5969 37 2 51
28395 5970 37 3 51
28396 5971 37 4 51
28397 5972 37 5 51
28398 5973 37 6 51
28399 5974 37 7 51
28401 5975 37 8 51
28402 5976 37 9 51
28404 5977 37 10 51
28405 5978 37 11 51
28406 5979 37 12 51
28407 5980 37 13 51
28408 5981 37 14 51
28409 5982 37 15 51
28411 5983 37 16 51
28412 5984 37 17 51
28413 5985 37 18 51
28414 5986 37 19 51
28415 5987 37 20 51
28416 5988 37 21 51
28417 5989 37 22 51
28418 5990 37 23 51
28419 5991 37 24 51
28421 5992 37 25 51
28422 5993 37 26 51
28423 5994 37 27 51
28424 5995 37 28 51
28425 5996 37 29 51
28426 5997 37 30 51
28429 5998 37 31 51
28430 5999 37 32 51
28431 6000 37 33 51
28434 6001 37 34 51
28435 6002 37 35 51
28436 6003 37 36 51
28437 6004 37 37 51
28440 6005 37 38 51
28441 6006 37 39 51
28442 6007 37 40 51
28444 6008 37 41 51
28446 6009 37 42 51
28447 6010 37 43 51
28448 6011 37 44 51
28449 6012 37 45 51
28450 6013 37 46 51
28451 6014 37 47 51
28453 6015 37 48 51
28454 6016 37 49 51
28455 6017 37 50 51
28457 6018 37 51 51
28458 6019 37 52 51
28459 6020 37 53 51
28460 6021 37 54 51
28461 6022 37 55 51
28462 6023 37 56 51
28463 6024 37 57 51
28464 6025 37 58 51
28465 6026 37 59 51
28466 6027 37 60 51
28467 6028 37 61 51
28469 6029 37 62 51
28470 6030 37 63 51
28471 6031 37 64 51
28472 6032 37 65 51
28473 6033 37 66 51
28474 6034 37 67 51
28475 6035 37 68 51
28476 6036 37 69 51
28478 6037 37 70 51
28479 6038 37 71 51
28480 6039 37 72 51
28481 6040 37 73 51
28483 6041 37 74 51
28494 6042 37 75 51
28495 6043 37 76 51
28496 6044 37 77 51
28497 6045 37 78 51
28498 6046 37 79 51
28499 6047 37 80 51
28500 6048 37 81 51
28501 6049 37 82 51
28503 6050 37 83 51
28504 6051 37 84 51
28506 6052 37 85 51
28507 6053 37 86 51
28509 6054 37 87 51
28510 6055 37 88 51
28511 6056 37 89 51
28512 6057 37 90 51
28513 6058 37 91 51
28514 6059 37 92 51
28515 6060 37 93 51
28516 6061 37 94 51
28518 6062 37 95 51
28519 6063 37 96 51
28521 6064 37 97 51
28522 6065 37 98 51
28523 6066 37 99 51
28524 6067 37 100 51
28525 6068 37 101 51
28526 6069 37 102 51
28527 6070 37 103 51
28528 6071 37 104 51
28530 6072 37 105 51
28531 6073 37 106 51
28534 6074 37 107 51
28535 6075 37 108 51
28536 6076 37 109 51
28538 6077 37 110 51
28539 6078 37 111 51
28540 6079 37 112 51
28541 6080 37 113 51
28542 6081 37 114 51
28543 6082 37 115 51
28544 6083 37 116 51
28546 6084 37 0 52
28548 6085 37 1 52
28549 6086 37 2 52
28550 6087 37 3 52
28551 6088 37 4 52
28552 6089 37 5 52
28553 6090 37 6 52
28555 6091 37 7 52
28556 6092 37 8 52
28557 6093 37 9 52
28558 6094 37 10 52
28560 6095 37 11 52
28562 6096 37 12 52
28563 6097 37 13 52
28564 6098 37 14 52
28565 6099 37 15 52
28566 6100 37 16 52
28567 6101 37 17 52
28574 6102 37 18 52
28576 6103 37 19 52
28577 6104 37 20 52
28578 6105 37 21 52
28579 6106 37 22 52
28580 6107 37 23 52
28581 6108 37 24 52
28582 6109 37 25 52
28583 6110 37 26 52
28584 6111 37 27 52
28585 6112 37 28 52
28586 6113 37 29 52
28587 6114 37 30 52
28588 6115 37 31 52
28589 6116 37 32 52
28590 6117 37 33 52
28591 6118 37 34 52
28592 6119 37 35 52
28593 6120 37 36 52
28594 6121 37 37 52
28595 6122 37 38 52
28596 6123 37 39 52
28598 6124 37 40 52
28600 6125 37 41 52
28601 6126 37 42 52
28602 6127 37 43 52
28604 6128 37 44 52
28605 6129 37 45 52
28607 6130 37 46 52
28608 6131 37 47 52
28609 6132 37 48 52
28610 6133 37 49 52
28611 6134 37 50 52
28612 6135 37 51 52
28614 6136 37 52 52
28615 6137 37 53 52
28616 6138 37 54 52
28617 6139 37 55 52
28618 6140 37 56 52
28619 6141 37 57 52
28620 6142 37 58 52
28621 6143 37 59 52
28622 6144 37 60 52
28623 6145 37 61 52
28628 6146 37 62 52
28629 6147 37 63 52
28632 6148 37 64 52
28635 6149 37 65 52
28636 6150 37 66 52
28637 6151 37 67 52
28638 6152 37 68 52
28639 6153 37 69 52
28640 6154 37 70 52
28641 6155 37 71 52
28642 6156 37 72 52
28643 6157 37 73 52
28644 6158 37 74 52
28646 6159 37 75 52
28647 6160 37 76 52
28648 6161 37 77 52
28649 6162 37 78 52
28651 6163 37 79 52
28652 6164 37 80 52
28653 6165 37 81 52
28654 6166 37 82 52
28655 6167 37 83 52
28656 6168 37 84 52
28657 6169 37 85 52
28658 6170 37 86 52
28660 6171 37 87 52
28663 6172 37 88 52
28666 6173 37 89 52
28667 6174 37 90 52
28668 6175 37 91 52
28670 6176 37 92 52
28671 6177 37 93 52
28672 6178 37 94 52
28673 6179 37 95 52
28676 6180 37 96 52
28677 6181 37 97 52
28678 6182 37 98 52
28679 6183 37 99 52
28681 6184 37 100 52
28682 6185 37 101 52
28683 6186 37 102 52
28684 6187 37 103 52
28685 6188 37 104 52
28686 6189 37 105 52
28687 6190 37 106 52
28689 6191 37 107 52
28692 6192 37 108 52
28693 6193 37 109 52
28694 6194 37 110 52
28695 6195 37 111 52
28696 6196 37 112 52
28697 6197 37 113 52
28698 6198 37 114 52
28699 6199 37 115 52
28700 6200 37 116 52
28701 6201 37 0 53
28703 6202 37 1 53
28704 6203 37 2 53
28705 6204 37 3 53
28706 6205 37 4 53
28707 6206 37 5 53
28708 6207 37 6 53
28710 6208 37 7 53
28711 6209 37 8 53
28712 6210 37 9 53
28713 6211 37 10 53
28714 6212 37 11 53
28715 6213 37 12 53
28719 6214 37 13 53
28720 6215 37 14 53
28721 6216 37 15 53
28722 6217 37 16 53
28723 6218 37 17 53
28724 6219 37 18 53
28725 6220 37 19 53
28727 6221 37 20 53
28728 6222 37 21 53
28729 6223 37 22 53
28730 6224 37 23 53
28731 6225 37 24 53
28732 6226 37 25 53
28734 6227 37 26 53
28735 6228 37 27 53
28736 6229 37 28 53
28737 6230 37 29 53
28738 6231 37 30 53
28739 6232 37 31 53
28740 6233 37 32 53
28741 6234 37 33 53
28742 6235 37 34 53
28744 6236 37 35 53
28745 6237 37 36 53
28746 6238 37 37 53
28748 6239 37 38 53
28753 6240 37 39 53
28754 6241 37 40 53
28757 6242 37 41 53
28758 6243 37 42 53
28759 6244 37 43 53
28760 6245 37 44 53
28762 6246 37 45 53
28763 6247 37 46 53
28765 6248 37 47 53
28766 6249 37 48 53
28767 6250 37 49 53
28768 6251 37 50 53
28769 6252 37 51 53
28770 6253 37 52 53
28771 6254 37 53 53
28772 6255 37 54 53
28773 6256 37 55 53
28774 6257 37 56 53
28776 6258 37 57 53
28777 6259 37 58 53
28778 6260 37 59 53
28779 6261 37 60 53
28784 6262 37 61 53
28785 6263 37 62 53
28788 6264 37 63 53
28790 6265 37 64 53
28792 6266 37 65 53
28794 6267 37 66 53
28796 6268 37 67 53
28797 6269 37 68 53
28802 6270 37 69 53
28803 6271 37 70 53
28804 6272 37 71 53
28805 6273 37 72 53
28806 6274 37 73 53
28810 6275 37 74 53
28814 6276 37 75 53
28817 6277 37 76 53
28818 6278 37 77 53
28819 6279 37 78 53
28820 6280 37 79 53
28821 6281 37 80 53
28822 6282 37 81 53
28824 6283 37 82 53
28825 6284 37 83 53
28826 6285 37 84 53
28831 6286 37 85 53
28833 6287 37 86 53
28836 6288 37 87 53
28841 6289 37 88 53
28843 6290 37 89 53
28844 6291 37 90 53
28845 6292 37 91 53
28846 6293 37 92 53
28847 6294 37 93 53
28848 6295 37 94 53
28849 6296 37 95 53
28851 6297 37 96 53
28852 6298 37 97 53
28853 6299 37 98 53
28855 6300 37 99 53
28856 6301 37 100 53
28858 6302 37 101 53
28862 6303 37 102 53
28869 6304 37 103 53
28870 6305 37 104 53
28871 6306 37 105 53
28872 6307 37 106 53
28874 6308 37 107 53
28875 6309 37 108 53
28877 6310 37 109 53
28878 6311 37 110 53
28879 6312 37 111 53
28881 6313 37 112 53
28882 6314 37 113 53
28883 6315 37 114 53
28884 6316 37 115 53
28887 6317 37 116 53
28888 6318 37 0 54
28889 6319 37 1 54
28890 6320 37 2 54
28892 6321 37 3 54
28893 6322 37 4 54
28894 6323 37 5 54
28896 6324 37 6 54
28897 6325 37 7 54
28898 6326 37 8 54
28900 6327 37 9 54
28911 6328 37 10 54
28912 6329 37 11 54
28915 6330 37 12 54
28916 6331 37 13 54
28918 6332 37 14 54
28919 6333 37 15 54
28920 6334 37 16 54
28921 6335 37 17 54
28922 6336 37 18 54
28923 6337 37 19 54
28924 6338 37 20 54
28925 6339 37 21 54
28927 6340 37 22 54
28928 6341 37 23 54
28930 6342 37 24 54
28932 6343 37 25 54
28934 6344 37 26 54
28937 6345 37 27 54
28938 6346 37 28 54
28939 6347 37 29 54
28940 6348 37 30 54
28941 6349 37 31 54
28942 6350 37 32 54
28944 6351 37 33 54
28947 6352 37 34 54
28951 6353 37 35 54
28953 6354 37 36 54
28954 6355 37 37 54
28955 6356 37 38 54
28956 6357 37 39 54
28958 6358 37 40 54
28959 6359 37 41 54
28960 6360 37 42 54
28961 6361 37 43 54
28962 6362 37 44 54
28963 6363 37 45 54
28965 6364 37 46 54
28966 6365 37 47 54
28968 6366 37 48 54
28974 6367 37 49 54
28975 6368 37 50 54
28976 6369 37 51 54
28977 6370 37 52 54
28978 6371 37 53 54
28982 6372 37 54 54
28986 6373 37 55 54
28993 6374 37 56 54
28994 6375 37 57 54
28995 6376 37 58 54
28996 6377 37 59 54
28998 6378 37 60 54
28999 6379 37 61 54
29001 6380 37 62 54
29003 6381 37 63 54
29004 6382 37 64 54
29005 6383 37 65 54
29006 6384 37 66 54
29008 6385 37 67 54
29010 6386 37 68 54
29011 6387 37 69 54
29012 6388 37 70 54
29014 6389 37 71 54
29016 6390 37 72 54
29017 6391 37 73 54
29018 6392 37 74 54
29020 6393 37 75 54
29021 6394 37 76 54
29022 6395 37 77 54
29023 6396 37 78 54
29024 6397 37 79 54
29025 6398 37 80 54
29026 6399 37 81 54
29027 6400 37 82 54
29028 6401 37 83 54
29029 6402 37 84 54
29030 6403 37 85 54
29031 6404 37 86 54
29032 6405 37 87 54
29033 6406 37 88 54
29034 6407 37 89 54
29036 6408 37 90 54
29038 6409 37 91 54
29040 6410 37 92 54
29042 6411 37 93 54
29048 6412 37 94 54
29051 6413 37 95 54
29053 6414 37 96 54
29056 6415 37 97 54
29057 6416 37 98 54
29058 6417 37 99 54
29060 6418 37 100 54
29061 6419 37 101 54
29062 6420 37 102 54
29063 6421 37 103 54
29065 6422 37 104 54
29066 6423 37 105 54
29071 6424 37 106 54
29072 6425 37 107 54
29074 6426 37 108 54
29076 6427 37 109 54
29079 6428 37 110 54
29081 6429 37 111 54
29082 6430 37 112 54
29083 6431 37 113 54
29084 6432 37 114 54
29085 6433 37 115 54
29086 6434 37 116 54
29087 6435 37 0 55
29088 6436 37 1 55
29089 6437 37 2 55
29092 6438 37 3 55
29093 6439 37 4 55
29095 6440 37 5 55
29096 6441 37 6 55
29097 6442 37 7 55
29098 6443 37 8 55
29100 6444 37 9 55
29103 6445 37 10 55
29104 6446 37 11 55
29105 6447 37 12 55
29106 6448 37 13 55
29107 6449 37 14 55
29109 6450 37 15 55
29112 6451 37 16 55
29113 6452 37 17 55
29116 6453 37 18 55
29117 6454 37 19 55
29118 6455 37 20 55
29119 6456 37 21 55
29120 6457 37 22 55
29121 6458 37 23 55
29122 6459 37 24 55
29123 6460 37 25 55
29124 6461 37 26 55
29125 6462 37 27 55
29126 6463 37 28 55
29127 6464 37 29 55
29128 6465 37 30 55
29129 6466 37 31 55
29130 6467 37 32 55
29131 6468 37 33 55
29134 6469 37 34 55
29135 6470 37 35 55
29136 6471 37 36 55
29138 6472 37 37 55
29140 6473 37 38 55
29141 6474 37 39 55
29142 6475 37 40 55
29144 6476 37 41 55
29145 6477 37 42 55
29146 6478 37 43 55
29147 6479 37 44 55
29148 6480 37 45 55
29151 6481 37 46 55
29152 6482 37 47 55
29153 6483 37 48 55
29154 6484 37 49 55
29156 6485 37 50 55
29157 6486 37 51 55
29158 6487 37 52 55
29159 6488 37 53 55
29160 6489 37 54 55
29164 6490 37 55 55
29165 6491 37 56 55
29166 6492 37 57 55
29168 6493 37 58 55
29169 6494 37 59 55
29170 6495 37 60 55
29172 6496 37 61 55
29176 6497 37 62 55
29177 6498 37 63 55
29179 6499 37 64 55
29180 6500 37 65 55
29181 6501 37 66 55
29182 6502 37 67 55
29183 6503 37 68 55
29185 6504 37 69 55
29186 6505 37 70 55
29187 6506 37 71 55
29189 6507 37 72 55
29190 6508 37 73 55
29191 6509 37 74 55
29194 6510 37 75 55
29196 6511 37 76 55
29197 6512 37 77 55
29200 6513 37 78 55
29203 6514 37 79 55
29204 6515 37 80 55
29209 6516 37 81 55
29210 6517 37 82 55
29211 6518 37 83 55
29213 6519 37 84 55
29214 6520 37 85 55
29215 6521 37 86 55
29218 6522 37 87 55
29219 6523 37 88 55
29222 6524 37 89 55
29223 6525 37 90 55
29224 6526 37 91 55
29225 6527 37 92 55
29226 6528 37 93 55
29228 6529 37 94 55
29229 6530 37 95 55
29232 6531 37 96 55
29237 6532 37 97 55
29238 6533 37 98 55
29240 6534 37 99 55
29241 6535 37 100 55
29242 6536 37 101 55
29243 6537 37 102 55
29245 6538 37 103 55
29246 6539 37 104 55
29247 6540 37 105 55
29249 6541 37 106 55
29250 6542 37 107 55
29252 6543 37 108 55
29254 6544 37 109 55
29255 6545 37 110 55
29256 6546 37 111 55
29257 6547 37 112 55
29258 6548 37 113 55
29259 6549 37 114 55
29260 6550 37 115 55
29263 6551 37 116 55
29266 6552 37 0 56
29267 6553 37 1 56
29270 6554 37 2 56
29272 6555 37 3 56
29273 6556 37 4 56
29274 6557 37 5 56
29275 6558 37 6 56
29277 6559 37 7 56
29278 6560 37 8 56
29279 6561 37 9 56
29280 6562 37 10 56
29281 6563 37 11 56
29282 6564 37 12 56
29283 6565 37 13 56
29287 6566 37 14 56
29289 6567 37 15 56
29290 6568 37 16 56
29292 6569 37 17 56
29294 6570 37 18 56
29295 6571 37 19 56
29296 6572 37 20 56
29298 6573 37 21 56
29299 6574 37 22 56
29300 6575 37 23 56
29302 6576 37 24 56
29303 6577 37 25 56
29304 6578 37 26 56
29305 6579 37 27 56
29307 6580 37 28 56
29308 6581 37 29 56
29309 6582 37 30 56
29310 6583 37 31 56
29311 6584 37 32 56
29312 6585 37 33 56
29313 6586 37 34 56
29316 6587 37 35 56
29317 6588 37 36 56
29318 6589 37 37 56
29320 6590 37 38 56
29321 6591 37 39 56
29323 6592 37 40 56
29324 6593 37 41 56
29325 6594 37 42 56
29326 6595 37 43 56
29328 6596 37 44 56
29329 6597 37 45 56
29330 6598 37 46 56
29331 6599 37 47 56
29333 6600 37 48 56
29334 6601 37 49 56
29335 6602 37 50 56
29336 6603 37 51 56
29338 6604 37 52 56
29339 6605 37 53 56
29341 6606 37 54 56
29342 6607 37 55 56
29345 6608 37 56 56
29346 6609 37 57 56
29347 6610 37 58 56
29348 6611 37 59 56
29349 6612 37 60 56
29350 6613 37 61 56
29351 6614 37 62 56
29352 6615 37 63 56
29353 6616 37 64 56
29354 6617 37 65 56
29356 6618 37 66 56
29358 6619 37 67 56
29359 6620 37 68 56
29360 6621 37 69 56
29364 6622 37 70 56
29365 6623 37 71 56
29370 6624 37 72 56
29373 6625 37 73 56
29375 6626 37 74 56
29376 6627 37 75 56
29377 6628 37 76 56
29378 6629 37 77 56
29379 6630 37 78 56
29380 6631 37 79 56
29381 6632 37 80 56
29382 6633 37 81 56
29385 6634 37 82 56
29386 6635 37 83 56
29387 6636 37 84 56
29388 6637 37 85 56
29390 6638 37 86 56
29392 6639 37 87 56
29393 6640 37 88 56
29394 6641 37 89 56
29396 6642 37 90 56
29398 6643 37 91 56
29399 6644 37 92 56
29400 6645 37 93 56
29401 6646 37 94 56
29402 6647 37 95 56
29404 6648 37 96 56
29407 6649 37 97 56
29408 6650 37 98 56
29409 6651 37 99 56
29411 6652 37 100 56
29412 6653 37 101 56
29414 6654 37 102 56
29416 6655 37 103 56
29417 6656 37 104 56
29418 6657 37 105 56
29419 6658 37 106 56
29427 6659 37 107 56
29428 6660 37 108 56
29430 6661 37 109 56
29431 6662 37 110 56
29432 6663 37 111 56
29433 6664 37 112 56
29434 6665 37 113 56
29435 6666 37 114 56
29436 6667 37 115 56
29437 6668 37 116 56
29438 6669 37 0 57
29439 6670 37 1 57
29440 6671 37 2 57
29441 6672 37 3 57
29447 6673 37 4 57
29448 6674 37 5 57
29450 6675 37 6 57
29451 6676 37 7 57
29452 6677 37 8 57
29455 6678 37 9 57
29457 6679 37 10 57
29458 6680 37 11 57
29459 6681 37 12 57
29462 6682 37 13 57
29463 6683 37 14 57
29464 6684 37 15 57
29465 6685 37 16 57
29467 6686 37 17 57
29468 6687 37 18 57
29469 6688 37 19 57
29470 6689 37 20 57
29474 6690 37 21 57
29475 6691 37 22 57
29477 6692 37 23 57
29478 6693 37 24 57
29479 6694 37 25 57
29481 6695 37 26 57
29485 6696 37 27 57
29488 6697 37 28 57
29489 6698 37 29 57
29490 6699 37 30 57
29491 6700 37 31 57
29492 6701 37 32 57
29493 6702 37 33 57
29494 6703 37 34 57
29495 6704 37 35 57
29498 6705 37 36 57
29499 6706 37 37 57
29500 6707 37 38 57
29502 6708 37 39 57
29503 6709 37 40 57
29504 6710 37 41 57
29506 6711 37 42 57
29507 6712 37 43 57
29508 6713 37 44 57
29509 6714 37 45 57
29513 6715 37 46 57
29514 6716 37 47 57
29516 6717 37 48 57
29517 6718 37 49 57
29518 6719 37 50 57
29520 6720 37 51 57
29521 6721 37 52 57
29522 6722 37 53 57
29527 6723 37 54 57
29528 6724 37 55 57
29529 6725 37 56 57
29530 6726 37 57 57
29531 6727 37 58 57
29533 6728 37 59 57
29534 6729 37 60 57
29535 6730 37 61 57
29536 6731 37 62 57
29537 6732 37 63 57
29538 6733 37 64 57
29541 6734 37 65 57
29542 6735 37 66 57
29543 6736 37 67 57
29544 6737 37 68 57
29545 6738 37 69 57
29546 6739 37 70 57
29547 6740 37 71 57
29548 6741 37 72 57
29550 6742 37 73 57
29551 6743 37 74 57
29552 6744 37 75 57
29554 6745 37 76 57
29555 6746 37 77 57
29557 6747 37 78 57
29558 6748 37 79 57
29559 6749 37 80 57
29560 6750 37 81 57
29562 6751 37 82 57
29563 6752 37 83 57
29564 6753 37 84 57
29565 6754 37 85 57
29566 6755 37 86 57
29567 6756 37 87 57
29568 6757 37 88 57
29569 6758 37 89 57
29570 6759 37 90 57
29571 6760 37 91 57
29572 6761 37 92 57
29573 6762 37 93 57
29574 6763 37 94 57
29575 6764 37 95 57
29576 6765 37 96 57
29577 6766 37 97 57
29578 6767 37 98 57
29579 6768 37 99 57
29582 6769 37 100 57
29586 6770 37 101 57
29587 6771 37 102 57
29588 6772 37 103 57
29589 6773 37 104 57
29590 6774 37 105 57
29591 6775 37 106 57
29597 6776 37 107 57
29599 6777 37 108 57
29600 6778 37 109 57
29601 6779 37 110 57
29602 6780 37 111 57
29604 6781 37 112 57
29605 6782 37 113 57
29606 6783 37 114 57
29608 6784 37 115 57
29609 6785 37 116 57
29611 6786 37 0 58
29612 6787 37 1 58
29613 6788 37 2 58
29618 6789 37 3 58
29619 6790 37 4 58
29620 6791 37 5 58
29621 6792 37 6 58
29622 6793 37 7 58
29623 6794 37 8 58
29624 6795 37 9 58
29625 6796 37 10 58
29627 6797 37 11 58
29628 6798 37 12 58
29630 6799 37 13 58
29631 6800 37 14 58
29632 6801 37 15 58
29634 6802 37 16 58
29635 6803 37 17 58
29637 6804 37 18 58
29638 6805 37 19 58
29639 6806 37 20 58
29640 6807 37 21 58
29642 6808 37 22 58
29643 6809 37 23 58
29644 6810 37 24 58
29645 6811 37 25 58
29650 6812 37 26 58
29651 6813 37 27 58
29652 6814 37 28 58
29654 6815 37 29 58
29655 6816 37 30 58
29656 6817 37 31 58
29657 6818 37 32 58
29658 6819 37 33 58
29659 6820 37 34 58
29660 6821 37 35 58
29661 6822 37 36 58
29662 6823 37 37 58
29664 6824 37 38 58
29667 6825 37 39 58
29669 6826 37 40 58
29671 6827 37 41 58
29672 6828 37 42 58
29673 6829 37 43 58
29674 6830 37 44 58
29675 6831 37 45 58
29677 6832 37 46 58
29678 6833 37 47 58
29684 6834 37 48 58
29685 6835 37 49 58
29686 6836 37 50 58
29688 6837 37 51 58
29690 6838 37 52 58
29692 6839 37 53 58
29693 6840 37 54 58
29694 6841 37 55 58
29695 6842 37 56 58
29696 6843 37 57 58
29697 6844 37 58 58
29699 6845 37 59 58
29700 6846 37 60 58
29701 6847 37 61 58
29702 6848 37 62 58
29703 6849 37 63 58
29704 6850 37 64 58
29705 6851 37 65 58
29706 6852 37 66 58
29707 6853 37 67 58
29708 6854 37 68 58
29709 6855 37 69 58
29718 6856 37 70 58
29722 6857 37 71 58
29723 6858 37 72 58
29725 6859 37 73 58
29728 6860 37 74 58
29729 6861 37 75 58
29730 6862 37 76 58
29731 6863 37 77 58
29732 6864 37 78 58
29733 6865 37 79 58
29734 6866 37 80 58
29736 6867 37 81 58
29737 6868 37 82 58
29738 6869 37 83 58
29739 6870 37 84 58
29740 6871 37 85 58
29741 6872 37 86 58
29742 6873 37 87 58
29743 6874 37 88 58
29744 6875 37 89 58
29745 6876 37 90 58
29746 6877 37 91 58
29747 6878 37 92 58
29748 6879 37 93 58
29749 6880 37 94 58
29750 6881 37 95 58
29754 6882 37 96 58
29759 6883 37 97 58
29760 6884 37 98 58
29761 6885 37 99 58
29762 6886 37 100 58
29764 6887 37 101 58
29766 6888 37 102 58
29770 6889 37 103 58
29771 6890 37 104 58
29773 6891 37 105 58
29774 6892 37 106 58
29775 6893 37 107 58
29776 6894 37 108 58
29777 6895 37 109 58
29778 6896 37 110 58
29780 6897 37 111 58
29781 6898 37 112 58
29783 6899 37 113 58
29785 6900 37 114 58
29786 6901 37 115 58
29787 6902 37 116 58
29788 6903 37 0 59
29790 6904 37 1 59
29791 6905 37 2 59
29794 6906 37 3 59
29795 6907 37 4 59
29796 6908 37 5 59
29799 6909 37 6 59
29801 6910 37 7 59
29802 6911 37 8 59
29805 6912 37 9 59
29806 6913 37 10 59
29807 6914 37 11 59
29808 6915 37 12 59
29809 6916 37 13 59
29810 6917 37 14 59
29811 6918 37 15 59
29813 6919 37 16 59
29817 6920 37 17 59
29820 6921 37 18 59
29821 6922 37 19 59
29822 6923 37 20 59
29823 6924 37 21 59
29824 6925 37 22 59
29825 6926 37 23 59
29827 6927 37 24 59
29829 6928 37 25 59
29830 6929 37 26 59
29831 6930 37 27 59
29832 6931 37 28 59
29833 6932 37 29 59
29834 6933 37 30 59
29835 6934 37 31 59
29840 6935 37 32 59
29842 6936 37 33 59
29844 6937 37 34 59
29845 6938 37 35 59
29847 6939 37 36 59
29848 6940 37 37 59
29850 6941 37 38 59
29852 6942 37 39 59
29854 6943 37 40 59
29855 6944 37 41 59
29856 6945 37 42 59
29857 6946 37 43 59
29859 6947 37 44 59
29861 6948 37 45 59
29862 6949 37 46 59
29863 6950 37 47 59
29864 6951 37 48 59
29865 6952 37 49 59
29866 6953 37 50 59
29867 6954 37 51 59
29869 6955 37 52 59
29871 6956 37 53 59
29872 6957 37 54 59
29873 6958 37 55 59
29874 6959 37 56 59
29877 6960 37 57 59
29878 6961 37 58 59
29879 6962 37 59 59
29880 6963 37 60 59
29882 6964 37 61 59
29883 6965 37 62 59
29885 6966 37 63 59
29886 6967 37 64 59
29887 6968 37 65 59
29888 6969 37 66 59
29889 6970 37 67 59
29890 6971 37 68 59
29891 6972 37 69 59
29893 6973 37 70 59
29898 6974 37 71 59
29899 6975 37 72 59
29903 6976 37 73 59
29908 6977 37 74 59
29909 6978 37 75 59
29910 6979 37 76 59
29911 6980 37 77 59
29912 6981 37 78 59
29913 6982 37 79 59
29914 6983 37 80 59
29915 6984 37 81 59
29916 6985 37 82 59
29917 6986 37 83 59
29918 6987 37 84 59
29919 6988 37 85 59
29920 6989 37 86 59
29921 6990 37 87 59
29922 6991 37 88 59
29923 6992 37 89 59
29924 6993 37 90 59
29925 6994 37 91 59
29926 6995 37 92 59
29928 6996 37 93 59
29929 6997 37 94 59
29932 6998 37 95 59
29934 6999 37 96 59
29940 7000 37 97 59
29941 7001 37 98 59
29942 7002 37 99 59
29943 7003 37 100 59
29947 7004 37 101 59
29949 7005 37 102 59
29950 7006 37 103 59
29951 7007 37 104 59
29952 7008 37 105 59
29954 7009 37 106 59
29955 7010 37 107 59
29956 7011 37 108 59
29959 7012 37 109 59
29960 7013 37 110 59
29963 7014 37 111 59
29964 7015 37 112 59
29965 7016 37 113 59
29967 7017 37 114 59
29968 7018 37 115 59
29969 7019 37 116 59
29970 7020 37 0 60
29971 7021 37 1 60
29972 7022 37 2 60
29973 7023 37 3 60
29974 7024 37 4 60
29975 7025 37 5 60
29976 7026 37 6 60
29978 7027 37 7 60
29980 7028 37 8 60
29981 7029 37 9 60
29983 7030 37 10 60
29985 7031 37 11 60
29986 7032 37 12 60
29989 7033 37 13 60
29990 7034 37 14 60
29992 7035 37 15 60
29993 7036 37 16 60
29994 7037 37 17 60
29995 7038 37 18 60
29996 7039 37 19 60
29997 7040 37 20 60
29998 7041 37 21 60
29999 7042 37 22 60
30000 7043 37 23 60
30001 7044 37 24 60
30002 7045 37 25 60
30003 7046 37 26 60
30007 7047 37 27 60
30008 7048 37 28 60
30009 7049 37 29 60
30010 7050 37 30 60
30013 7051 37 31 60
30014 7052 37 32 60
30015 7053 37 33 60
30016 7054 37 34 60
30023 7055 37 35 60
30024 7056 37 36 60
30027 7057 37 37 60
30028 7058 37 38 60
30030 7059 37 39 60
30031 7060 37 40 60
30036 7061 37 41 60
30041 7062 37 42 60
30042 7063 37 43 60
30043 7064 37 44 60
30044 7065 37 45 60
30045 7066 37 46 60
30047 7067 37 47 60
30050 7068 37 48 60
30051 7069 37 49 60
30052 7070 37 50 60
30053 7071 37 51 60
30054 7072 37 52 60
30058 7073 37 53 60
30059 7074 37 54 60
30060 7075 37 55 60
30063 7076 37 56 60
30064 7077 37 57 60
30070 7078 37 58 60
30071 7079 37 59 60
30072 7080 37 60 60
30073 7081 37 61 60
30077 7082 37 62 60
30078 7083 37 63 60
30079 7084 37 64 60
30080 7085 37 65 60
30084 7086 37 66 60
30086 7087 37 67 60
30087 7088 37 68 60
30090 7089 37 69 60
30091 7090 37 70 60
30092 7091 37 71 60
30095 7092 37 72 60
30096 7093 37 73 60
30097 7094 37 74 60
30100 7095 37 75 60
30101 7096 37 76 60
30104 7097 37 77 60
30105 7098 37 78 60
30106 7099 37 79 60
30109 7100 37 80 60
30114 7101 37 81 60
30115 7102 37 82 60
30116 7103 37 83 60
30117 7104 37 84 60
30119 7105 37 85 60
30122 7106 37 86 60
30123 7107 37 87 60
30128 7108 37 88 60
30130 7109 37 89 60
30131 7110 37 90 60
30133 7111 37 91 60
30134 7112 37 92 60
30136 7113 37 93 60
30137 7114 37 94 60
30138 7115 37 95 60
30139 7116 37 96 60
30140 7117 37 97 60
30141 7118 37 98 60
30142 7119 37 99 60
30143 7120 37 100 60
30144 7121 37 101 60
30145 7122 37 102 60
30146 7123 37 103 60
30148 7124 37 104 60
30149 7125 37 105 60
30151 7126 37 106 60
30154 7127 37 107 60
30155 7128 37 108 60
30156 7129 37 109 60
30157 7130 37 110 60
30158 7131 37 111 60
30159 7132 37 112 60
30160 7133 37 113 60
30161 7134 37 114 60
30162 7135 37 115 60
30164 7136 37 116 60
30165 7137 37 0 61
30167 7138 37 1 61
30168 7139 37 2 61
30169 7140 37 3 61
30170 7141 37 4 61
30171 7142 37 5 61
30173 7143 37 6 61
30174 7144 37 7 61
30175 7145 37 8 61
30176 7146 37 9 61
30177 7147 37 10 61
30178 7148 37 11 61
30179 7149 37 12 61
30180 7150 37 13 61
30182 7151 37 14 61
30183 7152 37 15 61
30189 7153 37 16 61
30191 7154 37 17 61
30192 7155 37 18 61
30193 7156 37 19 61
30194 7157 37 20 61
30195 7158 37 21 61
30196 7159 37 22 61
30197 7160 37 23 61
30198 7161 37 24 61
30199 7162 37 25 61
30200 7163 37 26 61
30201 7164 37 27 61
30202 7165 37 28 61
30203 7166 37 29 61
30204 7167 37 30 61
30205 7168 37 31 61
30206 7169 37 32 61
30207 7170 37 33 61
30208 7171 37 34 61
30209 7172 37 35 61
30211 7173 37 36 61
30216 7174 37 37 61
30217 7175 37 38 61
30218 7176 37 39 61
30219 7177 37 40 61
30220 7178 37 41 61
30221 7179 37 42 61
30223 7180 37 43 61
30224 7181 37 44 61
30225 7182 37 45 61
30227 7183 37 46 61
30228 7184 37 47 61
30229 7185 37 48 61
30230 7186 37 49 61
30233 7187 37 50 61
30234 7188 37 51 61
30235 7189 37 52 61
30236 7190 37 53 61
30237 7191 37 54 61
30238 7192 37 55 61
30239 7193 37 56 61
30240 7194 37 57 61
30241 7195 37 58 61
30242 7196 37 59 61
30243 7197 37 60 61
30244 7198 37 61 61
30245 7199 37 62 61
30246 7200 37 63 61
30247 7201 37 64 61
30248 7202 37 65 61
30249 7203 37 66 61
30253 7204 37 67 61
30255 7205 37 68 61
30256 7206 37 69 61
30257 7207 37 70 61
30258 7208 37 71 61
30259 7209 37 72 61
30260 7210 37 73 61
30261 7211 37 74 61
30264 7212 37 75 61
30266 7213 37 76 61
30268 7214 37 77 61
30269 7215 37 78 61
30274 7216 37 79 61
30275 7217 37 80 61
30278 7218 37 81 61
30279 7219 37 82 61
30280 7220 37 83 61
30281 7221 37 84 61
30284 7222 37 85 61
30288 7223 37 86 61
30290 7224 37 87 61
30291 7225 37 88 61
30294 7226 37 89 61
30295 7227 37 90 61
30296 7228 37 91 61
30297 7229 37 92 61
30298 7230 37 93 61
30300 7231 37 94 61
30303 7232 37 95 61
30304 7233 37 96 61
30305 7234 37 97 61
30306 7235 37 98 61
30308 7236 37 99 61
30309 7237 37 100 61
30313 7238 37 101 61
30314 7239 37 102 61
30316 7240 37 103 61
30317 7241 37 104 61
30318 7242 37 105 61
30320 7243 37 106 61
30321 7244 37 107 61
30322 7245 37 108 61
30325 7246 37 109 61
30328 7247 37 110 61
30329 7248 37 111 61
30331 7249 37 112 61
30332 7250 37 113 61
30333 7251 37 114 61
30334 7252 37 115 61
30335 7253 37 116 61
30337 7254 37 0 62
30338 7255 37 1 62
30340 7256 37 2 62
30342 7257 37 3 62
30343 7258 37 4 62
30344 7259 37 5 62
30345 7260 37 6 62
30346 7261 37 7 62
30347 7262 37 8 62
30350 7263 37 9 62
30351 7264 37 10 62
30354 7265 37 11 62
30355 7266 37 12 62
30357 7267 37 13 62
30358 7268 37 14 62
30361 7269 37 15 62
30362 7270 37 16 62
30363 7271 37 17 62
30364 7272 37 18 62
30365 7273 37 19 62
30366 7274 37 20 62
30372 7275 37 21 62
30374 7276 37 22 62
30378 7277 37 23 62
30379 7278 37 24 62
30381 7279 37 25 62
30382 7280 37 26 62
30383 7281 37 27 62
30384 7282 37 28 62
30388 7283 37 29 62
30389 7284 37 30 62
30392 7285 37 31 62
30394 7286 37 32 62
30395 7287 37 33 62
30397 7288 37 34 62
30398 7289 37 35 62
30399 7290 37 36 62
30402 7291 37 37 62
30403 7292 37 38 62
30404 7293 37 39 62
30405 7294 37 40 62
30406 7295 37 41 62
30408 7296 37 42 62
30409 7297 37 43 62
30410 7298 37 44 62
30413 7299 37 45 62
30414 7300 37 46 62
30418 7301 37 47 62
30419 7302 37 48 62
30420 7303 37 49 62
30426 7304 37 50 62
30427 7305 37 51 62
30428 7306 37 52 62
30429 7307 37 53 62
30430 7308 37 54 62
30431 7309 37 55 62
30433 7310 37 56 62
30435 7311 37 57 62
30436 7312 37 58 62
30437 7313 37 59 62
30438 7314 37 60 62
30439 7315 37 61 62
30441 7316 37 62 62
30442 7317 37 63 62
30444 7318 37 64 62
30445 7319 37 65 62
30446 7320 37 66 62
30447 7321 37 67 62
30448 7322 37 68 62
30449 7323 37 69 62
30450 7324 37 70 62
30451 7325 37 71 62
30452 7326 37 72 62
30453 7327 37 73 62
30455 7328 37 74 62
30456 7329 37 75 62
30457 7330 37 76 62
30458 7331 37 77 62
30459 7332 37 78 62
30460 7333 37 79 62
30462 7334 37 80 62
30465 7335 37 81 62
30467 7336 37 82 62
30468 7337 37 83 62
30469 7338 37 84 62
30471 7339 37 85 62
30472 7340 37 86 62
30473 7341 37 87 62
30474 7342 37 88 62
30475 7343 37 89 62
30480 7344 37 90 62
30481 7345 37 91 62
30482 7346 37 92 62
30483 7347 37 93 62
30485 7348 37 94 62
30489 7349 37 95 62
30490 7350 37 96 62
30491 7351 37 97 62
30493 7352 37 98 62
30495 7353 37 99 62
30496 7354 37 100 62
30498 7355 37 101 62
30499 7356 37 102 62
30501 7357 37 103 62
30503 7358 37 104 62
30504 7359 37 105 62
30505 7360 37 106 62
30509 7361 37 107 62
30511 7362 37 108 62
30513 7363 37 109 62
30514 7364 37 110 62
30515 7365 37 111 62
30516 7366 37 112 62
30517 7367 37 113 62
30518 7368 37 114 62
30519 7369 37 115 62
30520 7370 37 116 62
30521 7371 37 0 63
30522 7372 37 1 63
30523 7373 37 2 63
30524 7374 37 3 63
30525 7375 37 4 63
30526 7376 37 5 63
30532 7377 37 6 63
30533 7378 37 7 63
30534 7379 37 8 63
30535 7380 37 9 63
30538 7381 37 10 63
30539 7382 37 11 63
30540 7383 37 12 63
30541 7384 37 13 63
30542 7385 37 14 63
30543 7386 37 15 63
30546 7387 37 16 63
30548 7388 37 17 63
30549 7389 37 18 63
30550 7390 37 19 63
30553 7391 37 20 63
30554 7392 37 21 63
30555 7393 37 22 63
30556 7394 37 23 63
30558 7395 37 24 63
30559 7396 37 25 63
30560 7397 37 26 63
30561 7398 37 27 63
30562 7399 37 28 63
30563 7400 37 29 63
30565 7401 37 30 63
30566 7402 37 31 63
30567 7403 37 32 63
30568 7404 37 33 63
30569 7405 37 34 63
30570 7406 37 35 63
30571 7407 37 36 63
30572 7408 37 37 63
30573 7409 37 38 63
30574 7410 37 39 63
30575 7411 37 40 63
30585 7412 37 41 63
30588 7413 37 42 63
30589 7414 37 43 63
30590 7415 37 44 63
30591 7416 37 45 63
30592 7417 37 46 63
30593 7418 37 47 63
30594 7419 37 48 63
30595 7420 37 49 63
30596 7421 37 50 63
30597 7422 37 51 63
30599 7423 37 52 63
30600 7424 37 53 63
30601 7425 37 54 63
30603 7426 37 55 63
30604 7427 37 56 63
30605 7428 37 57 63
30606 7429 37 58 63
30607 7430 37 59 63
30609 7431 37 60 63
30613 7432 37 61 63
30615 7433 37 62 63
30617 7434 37 63 63
30618 7435 37 64 63
30619 7436 37 65 63
30620 7437 37 66 63
30621 7438 37 67 63
30622 7439 37 68 63
30623 7440 37 69 63
30624 7441 37 70 63
30625 7442 37 71 63
30626 7443 37 72 63
30627 7444 37 73 63
30629 7445 37 74 63
30631 7446 37 75 63
30632 7447 37 76 63
30634 7448 37 77 63
30635 7449 37 78 63
30636 7450 37 79 63
30637 7451 37 80 63
30640 7452 37 81 63
30641 7453 37 82 63
30642 7454 37 83 63
30643 7455 37 84 63
30644 7456 37 85 63
30645 7457 37 86 63
30646 7458 37 87 63
30647 7459 37 88 63
30650 7460 37 89 63
30651 7461 37 90 63
30652 7462 37 91 63
30653 7463 37 92 63
30655 7464 37 93 63
30658 7465 37 94 63
30660 7466 37 95 63
30663 7467 37 96 63
30665 7468 37 97 63
30666 7469 37 98 63
30668 7470 37 99 63
30669 7471 37 100 63
30670 7472 37 101 63
30671 7473 37 102 63
30672 7474 37 103 63
30675 7475 37 104 63
30676 7476 37 105 63
30677 7477 37 106 63
30679 7478 37 107 63
30680 7479 37 108 63
30681 7480 37 109 63
30682 7481 37 110 63
30683 7482 37 111 63
30684 7483 37 112 63
30686 7484 37 113 63
30688 7485 37 114 63
30690 7486 37 115 63
30691 7487 37 116 63
30693 7488 37 0 64
30695 7489 37 1 64
30696 7490 37 2 64
30697 7491 37 3 64
30700 7492 37 4 64
30701 7493 37 5 64
30702 7494 37 6 64
30703 7495 37 7 64
30704 7496 37 8 64
30705 7497 37 9 64
30706 7498 37 10 64
30707 7499 37 11 64
30711 7500 37 12 64
30712 7501 37 13 64
30713 7502 37 14 64
30714 7503 37 15 64
30715 7504 37 16 64
30716 7505 37 17 64
30717 7506 37 18 64
30722 7507 37 19 64
30723 7508 37 20 64
30725 7509 37 21 64
30726 7510 37 22 64
30729 7511 37 23 64
30732 7512 37 24 64
30733 7513 37 25 64
30734 7514 37 26 64
30735 7515 37 27 64
30736 7516 37 28 64
30737 7517 37 29 64
30738 7518 37 30 64
30739 7519 37 31 64
30740 7520 37 32 64
30749 7521 37 33 64
30751 7522 37 34 64
30752 7523 37 35 64
30753 7524 37 36 64
30754 7525 37 37 64
30755 7526 37 38 64
30757 7527 37 39 64
30758 7528 37 40 64
30759 7529 37 41 64
30760 7530 37 42 64
30761 7531 37 43 64
30762 7532 37 44 64
30763 7533 37 45 64
30764 7534 37 46 64
30765 7535 37 47 64
30766 7536 37 48 64
30767 7537 37 49 64
30768 7538 37 50 64
30769 7539 37 51 64
30770 7540 37 52 64
30771 7541 37 53 64
30772 7542 37 54 64
30773 7543 37 55 64
30775 7544 37 56 64
30776 7545 37 57 64
30787 7546 37 58 64
30789 7547 37 59 64
30792 7548 37 60 64
30793 7549 37 61 64
30794 7550 37 62 64
30796 7551 37 63 64
30797 7552 37 64 64
30798 7553 37 65 64
30800 7554 37 66 64
30802 7555 37 67 64
30812 7556 37 68 64
30813 7557 37 69 64
30814 7558 37 70 64
30816 7559 37 71 64
30818 7560 37 72 64
30820 7561 37 73 64
30821 7562 37 74 64
30824 7563 37 75 64
30825 7564 37 76 64
30826 7565 37 77 64
30827 7566 37 78 64
30828 7567 37 79 64
30829 7568 37 80 64
30830 7569 37 81 64
30831 7570 37 82 64
30832 7571 37 83 64
30833 7572 37 84 64
30841 7573 37 85 64
30843 7574 37 86 64
30844 7575 37 87 64
30846 7576 37 88 64
30847 7577 37 89 64
30848 7578 37 90 64
30851 7579 37 91 64
30852 7580 37 92 64
30853 7581 37 93 64
30854 7582 37 94 64
30855 7583 37 95 64
30857 7584 37 96 64
30860 7585 37 97 64
30862 7586 37 98 64
30863 7587 37 99 64
30865 7588 37 100 64
30867 7589 37 101 64
30868 7590 37 102 64
30869 7591 37 103 64
30870 7592 37 104 64
30871 7593 37 105 64
30872 7594 37 106 64
30873 7595 37 107 64
30874 7596 37 108 64
30878 7597 37 109 64
30879 7598 37 110 64
30880 7599 37 111 64
30881 7600 37 112 64
30882 7601 37 113 64
30883 7602 37 114 64
30884 7603 37 115 64
30885 7604 37 116 64
30887 7605 37 0 65
30888 7606 37 1 65
30889 7607 37 2 65
30890 7608 37 3 65
30891 7609 37 4 65
30892 7610 37 5 65
30893 7611 37 6 65
30896 7612 37 7 65
30898 7613 37 8 65
30899 7614 37 9 65
30900 7615 37 10 65
30906 7616 37 11 65
30907 7617 37 12 65
30908 7618 37 13 65
30910 7619 37 14 65
30913 7620 37 15 65
30915 7621 37 16 65
30916 7622 37 17 65
30917 7623 37 18 65
30920 7624 37 19 65
30921 7625 37 20 65
30922 7626 37 21 65
30923 7627 37 22 65
30924 7628 37 23 65
30925 7629 37 24 65
30926 7630 37 25 65
30927 7631 37 26 65
30928 7632 37 27 65
30929 7633 37 28 65
30932 7634 37 29 65
30933 7635 37 30 65
30938 7636 37 31 65
30939 7637 37 32 65
30941 7638 37 33 65
30942 7639 37 34 65
30943 7640 37 35 65
30944 7641 37 36 65
30945 7642 37 37 65
30946 7643 37 38 65
30947 7644 37 39 65
30949 7645 37 40 65
30951 7646 37 41 65
30952 7647 37 42 65
30953 7648 37 43 65
30954 7649 37 44 65
30956 7650 37 45 65
30957 7651 37 46 65
30959 7652 37 47 65
30962 7653 37 48 65
30963 7654 37 49 65
30964 7655 37 50 65
30967 7656 37 51 65
30969 7657 37 52 65
30970 7658 37 53 65
30971 7659 37 54 65
30972 7660 37 55 65
30973 7661 37 56 65
30974 7662 37 57 65
30975 7663 37 58 65
30977 7664 37 59 65
30978 7665 37 60 65
30980 7666 37 61 65
30981 7667 37 62 65
30985 7668 37 63 65
30988 7669 37 64 65
30990 7670 37 65 65
30992 7671 37 66 65
30993 7672 37 67 65
30994 7673 37 68 65
30995 7674 37 69 65
30996 7675 37 70 65
30999 7676 37 71 65
31001 7677 37 72 65
31003 7678 37 73 65
31004 7679 37 74 65
31005 7680 37 75 65
31006 7681 37 76 65
31009 7682 37 77 65
31011 7683 37 78 65
31012 7684 37 79 65
31013 7685 37 80 65
31014 7686 37 81 65
31015 7687 37 82 65
31016 7688 37 83 65
31017 7689 37 84 65
31018 7690 37 85 65
31019 7691 37 86 65
31020 7692 37 87 65
31021 7693 37 88 65
31023 7694 37 89 65
31025 7695 37 90 65
31029 7696 37 91 65
31032 7697 37 92 65
31033 7698 37 93 65
31034 7699 37 94 65
31037 7700 37 95 65
31038 7701 37 96 65
31039 7702 37 97 65
31040 7703 37 98 65
31041 7704 37 99 65
31042 7705 37 100 65
31044 7706 37 101 65
31045 7707 37 102 65
31046 7708 37 103 65
31047 7709 37 104 65
31048 7710 37 105 65
31049 7711 37 106 65
31050 7712 37 107 65
31051 7713 37 108 65
31052 7714 37 109 65
31055 7715 37 110 65
31056 7716 37 111 65
31057 7717 37 112 65
31058 7718 37 113 65
31059 7719 37 114 65
31060 7720 37 115 65
31061 7721 37 116 65
31062 7722 37 0 66
31063 7723 37 1 66
31066 7724 37 2 66
31067 7725 37 3 66
31068 7726 37 4 66
31069 7727 37 5 66
31070 7728 37 6 66
31071 7729 37 7 66
31072 7730 37 8 66
31073 7731 37 9 66
31075 7732 37 10 66
31076 7733 37 11 66
31077 7734 37 12 66
31079 7735 37 13 66
31080 7736 37 14 66
31081 7737 37 15 66
31082 7738 37 16 66
31083 7739 37 17 66
31085 7740 37 18 66
31088 7741 37 19 66
31090 7742 37 20 66
31091 7743 37 21 66
31092 7744 37 22 66
31097 7745 37 23 66
31098 7746 37 24 66
31100 7747 37 25 66
31101 7748 37 26 66
31103 7749 37 27 66
31105 7750 37 28 66
31106 7751 37 29 66
31112 7752 37 30 66
31114 7753 37 31 66
31115 7754 37 32 66
31117 7755 37 33 66
31118 7756 37 34 66
31119 7757 37 35 66
31120 7758 37 36 66
31122 7759 37 37 66
31123 7760 37 38 66
31124 7761 37 39 66
31125 7762 37 40 66
31126 7763 37 41 66
31127 7764 37 42 66
31128 7765 37 43 66
31130 7766 37 44 66
31131 7767 37 45 66
31132 7768 37 46 66
31136 7769 37 47 66
31137 7770 37 48 66
31138 7771 37 49 66
31140 7772 37 50 66
31142 7773 37 51 66
31143 7774 37 52 66
31144 7775 37 53 66
31146 7776 37 54 66
31147 7777 37 55 66
31148 7778 37 56 66
31149 7779 37 57 66
31150 7780 37 58 66
31152 7781 37 59 66
31153 7782 37 60 66
31154 7783 37 61 66
31155 7784 37 62 66
31156 7785 37 63 66
31158 7786 37 64 66
31159 7787 37 65 66
31160 7788 37 66 66
31161 7789 37 67 66
31162 7790 37 68 66
31163 7791 37 69 66
31165 7792 37 70 66
31166 7793 37 71 66
31167 7794 37 72 66
31168 7795 37 73 66
31169 7796 37 74 66
31173 7797 37 75 66
31176 7798 37 76 66
31177 7799 37 77 66
31179 7800 37 78 66
31181 7801 37 79 66
31182 7802 37 80 66
31183 7803 37 81 66
31185 7804 37 82 66
31186 7805 37 83 66
31189 7806 37 84 66
31190 7807 37 85 66
31192 7808 37 86 66
31196 7809 37 87 66
31197 7810 37 88 66
31198 7811 37 89 66
31199 7812 37 90 66
31200 7813 37 91 66
31203 7814 37 92 66
31204 7815 37 93 66
31206 7816 37 94 66
31207 7817 37 95 66
31209 7818 37 96 66
31210 7819 37 97 66
31211 7820 37 98 66
31212 7821 37 99 66
31213 7822 37 100 66
31214 7823 37 101 66
31222 7824 37 102 66
31223 7825 37 103 66
31224 7826 37 104 66
31226 7827 37 105 66
31227 7828 37 106 66
31232 7829 37 107 66
31234 7830 37 108 66
31235 7831 37 109 66
31236 7832 37 110 66
31237 7833 37 111 66
31240 7834 37 112 66
31242 7835 37 113 66
31243 7836 37 114 66
31244 7837 37 115 66
31245 7838 37 116 66
31248 7839 37 0 67
31249 7840 37 1 67
31250 7841 37 2 67
31251 7842 37 3 67
31252 7843 37 4 67
31253 7844 37 5 67
31255 7845 37 6 67
31256 7846 37 7 67
31257 7847 37 8 67
31258 7848 37 9 67
31259 7849 37 10 67
31260 7850 37 11 67
31262 7851 37 12 67
31263 7852 37 13 67
31264 7853 37 14 67
31266 7854 37 15 67
31270 7855 37 16 67
31272 7856 37 17 67
31275 7857 37 18 67
31278 7858 37 19 67
31279 7859 37 20 67
31280 7860 37 21 67
31281 7861 37 22 67
31287 7862 37 23 67
31289 7863 37 24 67
31291 7864 37 25 67
31292 7865 37 26 67
31293 7866 37 27 67
31295 7867 37 28 67
31296 7868 37 29 67
31300 7869 37 30 67
31302 7870 37 31 67
31303 7871 37 32 67
31304 7872 37 33 67
31306 7873 37 34 67
31307 7874 37 35 67
31308 7875 37 36 67
31309 7876 37 37 67
31310 7877 37 38 67
31316 7878 37 39 67
31318 7879 37 40 67
31319 7880 37 41 67
31320 7881 37 42 67
31322 7882 37 43 67
31323 7883 37 44 67
31324 7884 37 45 67
31327 7885 37 46 67
31328 7886 37 47 67
31329 7887 37 48 67
31330 7888 37 49 67
31335 7889 37 50 67
31336 7890 37 51 67
31337 7891 37 52 67
31339 7892 37 53 67
31340 7893 37 54 67
31341 7894 37 55 67
31342 7895 37 56 67
31344 7896 37 57 67
31345 7897 37 58 67
31348 7898 37 59 67
31349 7899 37 60 67
31350 7900 37 61 67
31352 7901 37 62 67
31353 7902 37 63 67
31354 7903 37 64 67
31355 7904 37 65 67
31358 7905 37 66 67
31359 7906 37 67 67
31360 7907 37 68 67
31361 7908 37 69 67
31364 7909 37 70 67
31365 7910 37 71 67
31366 7911 37 72 67
31367 7912 37 73 67
31368 7913 37 74 67
31369 7914 37 75 67
31370 7915 37 76 67
31371 7916 37 77 67
31372 7917 37 78 67
31375 7918 37 79 67
31376 7919 37 80 67
31378 7920 37 81 67
31380 7921 37 82 67
31381 7922 37 83 67
31382 7923 37 84 67
31383 7924 37 85 67
31384 7925 37 86 67
31385 7926 37 87 67
31390 7927 37 88 67
31391 7928 37 89 67
31392 7929 37 90 67
31394 7930 37 91 67
31395 7931 37 92 67
31400 7932 37 93 67
31401 7933 37 94 67
31402 7934 37 95 67
31403 7935 37 96 67
31404 7936 37 97 67
31406 7937 37 98 67
31407 7938 37 99 67
31409 7939 37 100 67
31410 7940 37 101 67
31411 7941 37 102 67
31412 7942 37 103 67
31413 7943 37 104 67
31414 7944 37 105 67
31415 7945 37 106 67
31416 7946 37 107 67
31418 7947 37 108 67
31422 7948 37 109 67
31423 7949 37 110 67
31424 7950 37 111 67
31425 7951 37 112 67
31428 7952 37 113 67
31429 7953 37 114 67
31431 7954 37 115 67
31434 7955 37 116 67
31435 7956 37 0 68
31441 7957 37 1 68
31448 7958 37 2 68
31449 7959 37 3 68
31455 7960 37 4 68
31456 7961 37 5 68
31459 7962 37 6 68
31460 7963 37 7 68
31461 7964 37 8 68
31462 7965 37 9 68
31467 7966 37 10 68
31469 7967 37 11 68
31470 7968 37 12 68
31471 7969 37 13 68
31478 7970 37 14 68
31479 7971 37 15 68
31481 7972 37 16 68
31482 7973 37 17 68
31483 7974 37 18 68
31485 7975 37 19 68
31487 7976 37 20 68
31488 7977 37 21 68
31489 7978 37 22 68
31492 7979 37 23 68
31493 7980 37 24 68
31494 7981 37 25 68
31496 7982 37 26 68
31497 7983 37 27 68
31498 7984 37 28 68
31502 7985 37 29 68
31503 7986 37 30 68
31504 7987 37 31 68
31505 7988 37 32 68
31506 7989 37 33 68
31507 7990 37 34 68
31512 7991 37 35 68
31513 7992 37 36 68
31514 7993 37 37 68
31515 7994 37 38 68
31517 7995 37 39 68
31518 7996 37 40 68
31520 7997 37 41 68
31522 7998 37 42 68
31523 7999 37 43 68
31524 8000 37 44 68
31525 8001 37 45 68
31526 8002 37 46 68
31528 8003 37 47 68
31530 8004 37 48 68
31531 8005 37 49 68
31532 8006 37 50 68
31533 8007 37 51 68
31534 8008 37 52 68
31535 8009 37 53 68
31536 8010 37 54 68
31537 8011 37 55 68
31538 8012 37 56 68
31539 8013 37 57 68
31540 8014 37 58 68
31541 8015 37 59 68
31544 8016 37 60 68
31547 8017 37 61 68
31552 8018 37 62 68
31556 8019 37 63 68
31557 8020 37 64 68
31558 8021 37 65 68
31559 8022 37 66 68
31560 8023 37 67 68
31561 8024 37 68 68
31562 8025 37 69 68
31563 8026 37 70 68
31564 8027 37 71 68
31565 8028 37 72 68
31566 8029 37 73 68
31567 8030 37 74 68
31568 8031 37 75 68
31569 8032 37 76 68
31570 8033 37 77 68
31572 8034 37 78 68
31574 8035 37 79 68
31576 8036 37 80 68
31584 8037 37 81 68
31585 8038 37 82 68
31587 8039 37 83 68
31588 8040 37 84 68
31589 8041 37 85 68
31590 8042 37 86 68
31591 8043 37 87 68
31593 8044 37 88 68
31597 8045 37 89 68
31598 8046 37 90 68
31600 8047 37 91 68
31601 8048 37 92 68
31602 8049 37 93 68
31603 8050 37 94 68
31604 8051 37 95 68
31605 8052 37 96 68
31606 8053 37 97 68
31607 8054 37 98 68
31608 8055 37 99 68
31618 8056 37 100 68
31620 8057 37 101 68
31621 8058 37 102 68
31623 8059 37 103 68
31624 8060 37 104 68
31626 8061 37 105 68
31627 8062 37 106 68
31628 8063 37 107 68
31629 8064 37 108 68
31630 8065 37 109 68
31631 8066 37 110 68
31632 8067 37 111 68
31633 8068 37 112 68
31636 8069 37 113 68
31637 8070 37 114 68
31638 8071 37 115 68
31639 8072 37 116 68
31640 8073 37 0 69
31641 8074 37 1 69
31643 8075 37 2 69
31644 8076 37 3 69
31645 8077 37 4 69
31648 8078 37 5 69
31649 8079 37 6 69
31652 8080 37 7 69
31660 8081 37 8 69
31661 8082 37 9 69
31663 8083 37 10 69
31665 8084 37 11 69
31668 8085 37 12 69
31669 8086 37 13 69
31671 8087 37 14 69
31672 8088 37 15 69
31673 8089 37 16 69
31678 8090 37 17 69
31680 8091 37 18 69
31681 8092 37 19 69
31684 8093 37 20 69
31686 8094 37 21 69
31687 8095 37 22 69
31689 8096 37 23 69
31690 8097 37 24 69
31691 8098 37 25 69
31692 8099 37 26 69
31694 8100 37 27 69
31700 8101 37 28 69
31701 8102 37 29 69
31704 8103 37 30 69
31705 8104 37 31 69
31706 8105 37 32 69
31707 8106 37 33 69
31708 8107 37 34 69
31709 8108 37 35 69
31710 8109 37 36 69
31711 8110 37 37 69
31712 8111 37 38 69
31713 8112 37 39 69
31714 8113 37 40 69
31715 8114 37 41 69
31716 8115 37 42 69
31717 8116 37 43 69
31718 8117 37 44 69
31719 8118 37 45 69
31720 8119 37 46 69
31721 8120 37 47 69
31722 8121 37 48 69
31723 8122 37 49 69
31728 8123 37 50 69
31729 8124 37 51 69
31730 8125 37 52 69
31731 8126 37 53 69
31732 8127 37 54 69
31735 8128 37 55 69
31736 8129 37 56 69
31737 8130 37 57 69
31739 8131 37 58 69
31741 8132 37 59 69
31742 8133 37 60 69
31743 8134 37 61 69
31744 8135 37 62 69
31745 8136 37 63 69
31746 8137 37 64 69
31747 8138 37 65 69
31749 8139 37 66 69
31750 8140 37 67 69
31751 8141 37 68 69
31753 8142 37 69 69
31754 8143 37 70 69
31755 8144 37 71 69
31756 8145 37 72 69
31757 8146 37 73 69
31758 8147 37 74 69
31759 8148 37 75 69
31760 8149 37 76 69
31761 8150 37 77 69
31769 8151 37 78 69
31772 8152 37 79 69
31773 8153 37 80 69
31774 8154 37 81 69
31775 8155 37 82 69
31776 8156 37 83 69
31777 8157 37 84 69
31778 8158 37 85 69
31779 8159 37 86 69
31781 8160 37 87 69
31782 8161 37 88 69
31783 8162 37 89 69
31784 8163 37 90 69
31785 8164 37 91 69
31786 8165 37 92 69
31787 8166 37 93 69
31788 8167 37 94 69
31789 8168 37 95 69
31792 8169 37 96 69
31795 8170 37 97 69
31799 8171 37 98 69
31800 8172 37 99 69
31801 8173 37 100 69
31803 8174 37 101 69
31804 8175 37 102 69
31805 8176 37 103 69
31806 8177 37 104 69
31807 8178 37 105 69
31808 8179 37 106 69
31811 8180 37 107 69
31813 8181 37 108 69
31815 8182 37 109 69
31816 8183 37 110 69
31817 8184 37 111 69
31818 8185 37 112 69
31820 8186 37 113 69
31821 8187 37 114 69
31824 8188 37 115 69
31827 8189 37 116 69
31828 8190 37 0 70
31831 8191 37 1 70
31833 8192 37 2 70
31834 8193 37 3 70
31835 8194 37 4 70
31836 8195 37 5 70
31839 8196 37 6 70
31840 8197 37 7 70
31843 8198 37 8 70
31844 8199 37 9 70
31845 8200 37 10 70
31846 8201 37 11 70
31847 8202 37 12 70
31849 8203 37 13 70
31850 8204 37 14 70
31851 8205 37 15 70
31852 8206 37 16 70
31854 8207 37 17 70
31855 8208 37 18 70
31858 8209 37 19 70
31859 8210 37 20 70
31861 8211 37 21 70
31864 8212 37 22 70
31865 8213 37 23 70
31866 8214 37 24 70
31869 8215 37 25 70
31871 8216 37 26 70
31872 8217 37 27 70
31873 8218 37 28 70
31876 8219 37 29 70
31877 8220 37 30 70
31880 8221 37 31 70
31881 8222 37 32 70
31882 8223 37 33 70
31884 8224 37 34 70
31885 8225 37 35 70
31889 8226 37 36 70
31890 8227 37 37 70
31892 8228 37 38 70
31893 8229 37 39 70
31894 8230 37 40 70
31895 8231 37 41 70
31896 8232 37 42 70
31902 8233 37 43 70
31903 8234 37 44 70
31905 8235 37 45 70
31906 8236 37 46 70
31907 8237 37 47 70
31909 8238 37 48 70
31912 8239 37 49 70
31919 8240 37 50 70
31921 8241 37 51 70
31922 8242 37 52 70
31923 8243 37 53 70
31924 8244 37 54 70
31925 8245 37 55 70
31929 8246 37 56 70
31930 8247 37 57 70
31931 8248 37 58 70
31932 8249 37 59 70
31933 8250 37 60 70
31934 8251 37 61 70
31935 8252 37 62 70
31941 8253 37 63 70
31944 8254 37 64 70
31946 8255 37 65 70
31947 8256 37 66 70
31948 8257 37 67 70
31950 8258 37 68 70
31952 8259 37 69 70
31953 8260 37 70 70
31954 8261 37 71 70
31956 8262 37 72 70
31957 8263 37 73 70
31958 8264 37 74 70
31959 8265 37 75 70
31961 8266 37 76 70
31964 8267 37 77 70
31965 8268 37 78 70
31966 8269 37 79 70
31967 8270 37 80 70
31968 8271 37 81 70
31970 8272 37 82 70
31975 8273 37 83 70
31976 8274 37 84 70
31978 8275 37 85 70
31980 8276 37 86 70
31982 8277 37 87 70
31983 8278 37 88 70
31984 8279 37 89 70
31985 8280 37 90 70
31986 8281 37 91 70
31988 8282 37 92 70
31990 8283 37 93 70
31991 8284 37 94 70
31992 8285 37 95 70
31995 8286 37 96 70
31997 8287 37 97 70
31998 8288 37 98 70
32000 8289 37 99 70
32001 8290 37 100 70
32002 8291 37 101 70
32003 8292 37 102 70
32004 8293 37 103 70
32005 8294 37 104 70
32006 8295 37 105 70
32007 8296 37 106 70
32008 8297 37 107 70
32009 8298 37 108 70
32010 8299 37 109 70
32011 8300 37 110 70
32012 8301 37 111 70
32013 8302 37 112 70
32014 8303 37 113 70
32015 8304 37 114 70
32016 8305 37 115 70
32017 8306 37 116 70
32018 8307 37 0 71
32019 8308 37 1 71
32020 8309 37 2 71
32021 8310 37 3 71
32022 8311 37 4 71
32023 8312 37 5 71
32024 8313 37 6 71
32025 8314 37 7 71
32026 8315 37 8 71
32027 8316 37 9 71
32028 8317 37 10 71
32029 8318 37 11 71
32030 8319 37 12 71
32031 8320 37 13 71
32032 8321 37 14 71
32033 8322 37 15 71
32034 8323 37 16 71
32040 8324 37 17 71
32041 8325 37 18 71
32043 8326 37 19 71
32044 8327 37 20 71
32046 8328 37 21 71
32047 8329 37 22 71
32048 8330 37 23 71
32049 8331 37 24 71
32050 8332 37 25 71
32051 8333 37 26 71
32053 8334 37 27 71
32054 8335 37 28 71
32056 8336 37 29 71
32057 8337 37 30 71
32058 8338 37 31 71
32059 8339 37 32 71
32060 8340 37 33 71
32061 8341 37 34 71
32062 8342 37 35 71
32063 8343 37 36 71
32064 8344 37 37 71
32065 8345 37 38 71
32066 8346 37 39 71
32067 8347 37 40 71
32068 8348 37 41 71
32069 8349 37 42 71
32070 8350 37 43 71
32071 8351 37 44 71
32074 8352 37 45 71
32078 8353 37 46 71
32079 8354 37 47 71
32080 8355 37 48 71
32081 8356 37 49 71
32082 8357 37 50 71
32083 8358 37 51 71
32084 8359 37 52 71
32085 8360 37 53 71
32086 8361 37 54 71
32088 8362 37 55 71
32091 8363 37 56 71
32092 8364 37 57 71
32094 8365 37 58 71
32095 8366 37 59 71
32097 8367 37 60 71
32098 8368 37 61 71
32099 8369 37 62 71
32102 8370 37 63 71
32103 8371 37 64 71
32104 8372 37 65 71
32105 8373 37 66 71
32106 8374 37 67 71
32107 8375 37 68 71
32109 8376 37 69 71
32110 8377 37 70 71
32111 8378 37 71 71
32112 8379 37 72 71
32113 8380 37 73 71
32114 8381 37 74 71
32115 8382 37 75 71
32121 8383 37 76 71
32122 8384 37 77 71
32123 8385 37 78 71
32124 8386 37 79 71
32125 8387 37 80 71
32127 8388 37 81 71
32128 8389 37 82 71
32129 8390 37 83 71
32131 8391 37 84 71
32132 8392 37 85 71
32133 8393 37 86 71
32134 8394 37 87 71
32136 8395 37 88 71
32140 8396 37 89 71
32141 8397 37 90 71
32142 8398 37 91 71
32143 8399 37 92 71
32145 8400 37 93 71
32146 8401 37 94 71
32147 8402 37 95 71
32148 8403 37 96 71
32150 8404 37 97 71
32156 8405 37 98 71
32157 8406 37 99 71
32158 8407 37 100 71
32159 8408 37 101 71
32160 8409 37 102 71
32161 8410 37 103 71
32162 8411 37 104 71
32163 8412 37 105 71
32166 8413 37 106 71
32167 8414 37 107 71
32169 8415 37 108 71
32170 8416 37 109 71
32172 8417 37 110 71
32173 8418 37 111 71
32174 8419 37 112 71
32175 8420 37 113 71
32176 8421 37 114 71
32177 8422 37 115 71
32178 8423 37 116 71
32180 8424 37 0 72
32181 8425 37 1 72
32183 8426 37 2 72
32184 8427 37 3 72
32185 8428 37 4 72
32186 8429 37 5 72
32187 8430 37 6 72
32188 8431 37 7 72
32189 8432 37 8 72
32190 8433 37 9 72
32191 8434 37 10 72
32192 8435 37 11 72
32193 8436 37 12 72
32194 8437 37 13 72
32196 8438 37 14 72
32197 8439 37 15 72
32198 8440 37 16 72
32199 8441 37 17 72
32201 8442 37 18 72
32202 8443 37 19 72
32203 8444 37 20 72
32204 8445 37 21 72
32206 8446 37 22 72
32210 8447 37 23 72
32215 8448 37 24 72
32216 8449 37 25 72
32217 8450 37 26 72
32218 8451 37 27 72
32219 8452 37 28 72
32221 8453 37 29 72
32222 8454 37 30 72
32223 8455 37 31 72
32224 8456 37 32 72
32225 8457 37 33 72
32227 8458 37 34 72
32230 8459 37 35 72
32231 8460 37 36 72
32232 8461 37 37 72
32233 8462 37 38 72
32234 8463 37 39 72
32236 8464 37 40 72
32238 8465 37 41 72
32239 8466 37 42 72
32240 8467 37 43 72
32241 8468 37 44 72
32242 8469 37 45 72
32243 8470 37 46 72
32244 8471 37 47 72
32246 8472 37 48 72
32247 8473 37 49 72
32249 8474 37 50 72
32250 8475 37 51 72
32251 8476 37 52 72
32259 8477 37 53 72
32264 8478 37 54 72
32265 8479 37 55 72
32266 8480 37 56 72
32267 8481 37 57 72
32268 8482 37 58 72
32269 8483 37 59 72
32270 8484 37 60 72
32271 8485 37 61 72
32272 8486 37 62 72
32273 8487 37 63 72
32274 8488 37 64 72
32275 8489 37 65 72
32276 8490 37 66 72
32277 8491 37 67 72
32278 8492 37 68 72
32279 8493 37 69 72
32282 8494 37 70 72
32283 8495 37 71 72
32284 8496 37 72 72
32285 8497 37 73 72
32286 8498 37 74 72
32287 8499 37 75 72
32288 8500 37 76 72
32289 8501 37 77 72
32290 8502 37 78 72
32291 8503 37 79 72
32292 8504 37 80 72
32293 8505 37 81 72
32297 8506 37 82 72
32298 8507 37 83 72
32299 8508 37 84 72
32301 8509 37 85 72
32302 8510 37 86 72
32303 8511 37 87 72
32304 8512 37 88 72
32305 8513 37 89 72
32306 8514 37 90 72
32307 8515 37 91 72
32308 8516 37 92 72
32309 8517 37 93 72
32310 8518 37 94 72
32311 8519 37 95 72
32312 8520 37 96 72
32313 8521 37 97 72
32314 8522 37 98 72
32315 8523 37 99 72
32316 8524 37 100 72
32317 8525 37 101 72
32318 8526 37 102 72
32319 8527 37 103 72
32320 8528 37 104 72
32321 8529 37 105 72
32322 8530 37 106 72
32323 8531 37 107 72
32324 8532 37 108 72
32325 8533 37 109 72
32326 8534 37 110 72
32327 8535 37 111 72
32328 8536 37 112 72
32329 8537 37 113 72
32332 8538 37 114 72
32336 8539 37 115 72
32337 8540 37 116 72
32338 8541 37 0 73
32339 8542 37 1 73
32340 8543 37 2 73
32341 8544 37 3 73
32342 8545 37 4 73
32343 8546 37 5 73
32344 8547 37 6 73
32345 8548 37 7 73
32346 8549 37 8 73
32348 8550 37 9 73
32350 8551 37 10 73
32351 8552 37 11 73
32352 8553 37 12 73
32353 8554 37 13 73
32354 8555 37 14 73
32355 8556 37 15 73
32360 8557 37 16 73
32361 8558 37 17 73
32362 8559 37 18 73
32363 8560 37 19 73
32365 8561 37 20 73
32367 8562 37 21 73
32368 8563 37 22 73
32370 8564 37 23 73
32371 8565 37 24 73
32372 8566 37 25 73
32373 8567 37 26 73
32374 8568 37 27 73
32375 8569 37 28 73
32376 8570 37 29 73
32377 8571 37 30 73
32378 8572 37 31 73
32379 8573 37 32 73
32380 8574 37 33 73
32381 8575 37 34 73
32382 8576 37 35 73
32384 8577 37 36 73
32385 8578 37 37 73
32386 8579 37 38 73
32390 8580 37 39 73
32391 8581 37 40 73
32392 8582 37 41 73
32394 8583 37 42 73
32395 8584 37 43 73
32396 8585 37 44 73
32397 8586 37 45 73
32399 8587 37 46 73
32401 8588 37 47 73
32403 8589 37 48 73
32404 8590 37 49 73
32405 8591 37 50 73
32406 8592 37 51 73
32407 8593 37 52 73
32408 8594 37 53 73
32409 8595 37 54 73
32410 8596 37 55 73
32411 8597 37 56 73
32412 8598 37 57 73
32566 8599 37 58 73
32568 8600 37 59 73
32569 8601 37 60 73
32570 8602 37 61 73
32573 8603 37 62 73
32574 8604 37 63 73
32575 8605 37 64 73
32579 8606 37 65 73
32580 8607 37 66 73
32581 8608 37 67 73
32584 8609 37 68 73
32586 8610 37 69 73
32587 8611 37 70 73
32588 8612 37 71 73
32589 8613 37 72 73
32591 8614 37 73 73
32592 8615 37 74 73
32593 8616 37 75 73
32596 8617 37 76 73
32597 8618 37 77 73
32600 8619 37 78 73
32603 8620 37 79 73
32604 8621 37 80 73
32605 8622 37 81 73
32606 8623 37 82 73
32607 8624 37 83 73
32608 8625 37 84 73
32609 8626 37 85 73
32611 8627 37 86 73
32613 8628 37 87 73
32614 8629 37 88 73
32615 8630 37 89 73
32616 8631 37 90 73
32617 8632 37 91 73
32618 8633 37 92 73
32619 8634 37 93 73
32620 8635 37 94 73
32621 8636 37 95 73
32622 8637 37 96 73
32624 8638 37 97 73
32626 8639 37 98 73
32627 8640 37 99 73
32629 8641 37 100 73
32630 8642 37 101 73
32631 8643 37 102 73
32633 8644 37 103 73
32634 8645 37 104 73
32635 8646 37 105 73
32636 8647 37 106 73
32637 8648 37 107 73
32638 8649 37 108 73
32639 8650 37 109 73
32643 8651 37 110 73
32645 8652 37 111 73
32646 8653 37 112 73
32647 8654 37 113 73
32648 8655 37 114 73
32649 8656 37 115 73
32650 8657 37 116 73
32651 8658 37 0 74
32652 8659 37 1 74
32653 8660 37 2 74
32654 8661 37 3 74
32657 8662 37 4 74
32658 8663 37 5 74
32660 8664 37 6 74
32661 8665 37 7 74
32662 8666 37 8 74
32666 8667 37 9 74
32667 8668 37 10 74
32668 8669 37 11 74
32669 8670 37 12 74
32670 8671 37 13 74
32672 8672 37 14 74
32673 8673 37 15 74
32674 8674 37 16 74
32676 8675 37 17 74
32677 8676 37 18 74
32678 8677 37 19 74
32679 8678 37 20 74
32680 8679 37 21 74
32681 8680 37 22 74
32684 8681 37 23 74
32685 8682 37 24 74
32687 8683 37 25 74
32688 8684 37 26 74
32689 8685 37 27 74
32690 8686 37 28 74
32691 8687 37 29 74
32693 8688 37 30 74
32694 8689 37 31 74
32695 8690 37 32 74
32696 8691 37 33 74
32697 8692 37 34 74
32698 8693 37 35 74
32699 8694 37 36 74
32700 8695 37 37 74
32701 8696 37 38 74
32702 8697 37 39 74
32703 8698 37 40 74
32704 8699 37 41 74
32705 8700 37 42 74
32706 8701 37 43 74
32707 8702 37 44 74
32709 8703 37 45 74
32711 8704 37 46 74
32713 8705 37 47 74
32714 8706 37 48 74
32715 8707 37 49 74
32716 8708 37 50 74
32717 8709 37 51 74
32718 8710 37 52 74
32719 8711 37 53 74
32720 8712 37 54 74
32721 8713 37 55 74
32722 8714 37 56 74
32724 8715 37 57 74
32725 8716 37 58 74
32727 8717 37 59 74
32731 8718 37 60 74
32732 8719 37 61 74
32734 8720 37 62 74
32735 8721 37 63 74
32736 8722 37 64 74
32737 8723 37 65 74
32738 8724 37 66 74
32739 8725 37 67 74
32741 8726 37 68 74
32742 8727 37 69 74
32744 8728 37 70 74
32745 8729 37 71 74
32746 8730 37 72 74
32747 8731 37 73 74
32748 8732 37 74 74
32749 8733 37 75 74
32750 8734 37 76 74
32751 8735 37 77 74
32752 8736 37 78 74
32753 8737 37 79 74
32754 8738 37 80 74
32755 8739 37 81 74
32756 8740 37 82 74
32757 8741 37 83 74
32759 8742 37 84 74
32760 8743 37 85 74
32761 8744 37 86 74
32763 8745 37 87 74
32764 8746 37 88 74
32765 8747 37 89 74
32766 8748 37 90 74
32767 8749 37 91 74
32768 8750 37 92 74
32769 8751 37 93 74
32771 8752 37 94 74
32772 8753 37 95 74
32773 8754 37 96 74
32774 8755 37 97 74
32775 8756 37 98 74
32779 8757 37 99 74
32780 8758 37 100 74
32781 8759 37 101 74
32782 8760 37 102 74
32783 8761 37 103 74
32784 8762 37 104 74
32785 8763 37 105 74
32786 8764 37 106 74
32788 8765 37 107 74
32789 8766 37 108 74
32790 8767 37 109 74
32791 8768 37 110 74
32792 8769 37 111 74
32793 8770 37 112 74
32795 8771 37 113 74
32796 8772 37 114 74
32798 8773 37 115 74
32799 8774 37 116 74
32801 8775 37 0 75
32804 8776 37 1 75
32806 8777 37 2 75
32808 8778 37 3 75
32809 8779 37 4 75
32810 8780 37 5 75
32812 8781 37 6 75
32816 8782 37 7 75
32819 8783 37 8 75
32820 8784 37 9 75
32821 8785 37 10 75
32822 8786 37 11 75
32823 8787 37 12 75
32825 8788 37 13 75
32829 8789 37 14 75
32830 8790 37 15 75
32831 8791 37 16 75
32835 8792 37 17 75
32838 8793 37 18 75
32839 8794 37 19 75
32840 8795 37 20 75
32842 8796 37 21 75
32847 8797 37 22 75
32848 8798 37 23 75
32849 8799 37 24 75
32850 8800 37 25 75
32854 8801 37 26 75
32856 8802 37 27 75
32858 8803 37 28 75
32860 8804 37 29 75
32861 8805 37 30 75
32862 8806 37 31 75
32868 8807 37 32 75
32871 8808 37 33 75
32876 8809 37 34 75
32879 8810 37 35 75
32880 8811 37 36 75
32881 8812 37 37 75
32882 8813 37 38 75
32883 8814 37 39 75
32885 8815 37 40 75
32886 8816 37 41 75
32887 8817 37 42 75
32888 8818 37 43 75
32889 8819 37 44 75
32893 8820 37 45 75
32894 8821 37 46 75
32895 8822 37 47 75
32898 8823 37 48 75
32900 8824 37 49 75
32901 8825 37 50 75
32902 8826 37 51 75
32903 8827 37 52 75
32905 8828 37 53 75
32906 8829 37 54 75
32907 8830 37 55 75
32908 8831 37 56 75
32911 8832 37 57 75
32912 8833 37 58 75
32914 8834 37 59 75
32915 8835 37 60 75
32917 8836 37 61 75
32918 8837 37 62 75
32920 8838 37 63 75
32921 8839 37 64 75
32922 8840 37 65 75
32923 8841 37 66 75
32924 8842 37 67 75
32925 8843 37 68 75
32929 8844 37 69 75
32930 8845 37 70 75
32931 8846 37 71 75
32933 8847 37 72 75
32937 8848 37 73 75
32938 8849 37 74 75
32939 8850 37 75 75
32941 8851 37 76 75
32942 8852 37 77 75
32943 8853 37 78 75
32945 8854 37 79 75
32946 8855 37 80 75
32948 8856 37 81 75
32949 8857 37 82 75
32952 8858 37 83 75
32954 8859 37 84 75
32962 8860 37 85 75
32963 8861 37 86 75
32964 8862 37 87 75
32965 8863 37 88 75
32967 8864 37 89 75
32968 8865 37 90 75
32969 8866 37 91 75
32970 8867 37 92 75
32972 8868 37 93 75
32973 8869 37 94 75
32974 8870 37 95 75
32975 8871 37 96 75
32976 8872 37 97 75
32977 8873 37 98 75
32980 8874 37 99 75
32981 8875 37 100 75
32982 8876 37 101 75
32983 8877 37 102 75
32984 8878 37 103 75
32985 8879 37 104 75
32986 8880 37 105 75
32987 8881 37 106 75
32988 8882 37 107 75
32989 8883 37 108 75
32990 8884 37 109 75
32992 8885 37 110 75
32993 8886 37 111 75
32995 8887 37 112 75
32996 8888 37 113 75
32997 8889 37 114 75
32998 8890 37 115 75
33005 8891 37 116 75
33007 8892 37 0 76
33008 8893 37 1 76
33009 8894 37 2 76
33010 8895 37 3 76
33011 8896 37 4 76
33012 8897 37 5 76
33013 8898 37 6 76
33016 8899 37 7 76
33017 8900 37 8 76
33018 8901 37 9 76
33019 8902 37 10 76
33020 8903 37 11 76
33021 8904 37 12 76
33022 8905 37 13 76
33024 8906 37 14 76
33025 8907 37 15 76
33026 8908 37 16 76
33029 8909 37 17 76
33030 8910 37 18 76
33032 8911 37 19 76
33034 8912 37 20 76
33045 8913 37 21 76
33046 8914 37 22 76
33048 8915 37 23 76
33049 8916 37 24 76
33051 8917 37 25 76
33053 8918 37 26 76
33054 8919 37 27 76
33055 8920 37 28 76
33057 8921 37 29 76
33058 8922 37 30 76
33059 8923 37 31 76
33060 8924 37 32 76
33061 8925 37 33 76
33063 8926 37 34 76
33065 8927 37 35 76
33067 8928 37 36 76
33068 8929 37 37 76
33069 8930 37 38 76
33071 8931 37 39 76
33072 8932 37 40 76
33081 8933 37 41 76
33082 8934 37 42 76
33085 8935 37 43 76
33086 8936 37 44 76
33091 8937 37 45 76
33092 8938 37 46 76
33094 8939 37 47 76
33095 8940 37 48 76
33098 8941 37 49 76
33099 8942 37 50 76
33100 8943 37 51 76
33101 8944 37 52 76
33102 8945 37 53 76
33103 8946 37 54 76
33104 8947 37 55 76
33105 8948 37 56 76
33106 8949 37 57 76
33107 8950 37 58 76
33108 8951 37 59 76
33109 8952 37 60 76
33115 8953 37 61 76
33116 8954 37 62 76
33118 8955 37 63 76
33120 8956 37 64 76
33121 8957 37 65 76
33122 8958 37 66 76
33124 8959 37 67 76
33125 8960 37 68 76
33126 8961 37 69 76
33127 8962 37 70 76
33129 8963 37 71 76
33131 8964 37 72 76
33134 8965 37 73 76
33135 8966 37 74 76
33136 8967 37 75 76
33137 8968 37 76 76
33138 8969 37 77 76
33139 8970 37 78 76
33140 8971 37 79 76
33142 8972 37 80 76
33143 8973 37 81 76
33144 8974 37 82 76
33145 8975 37 83 76
33146 8976 37 84 76
33151 8977 37 85 76
33152 8978 37 86 76
33154 8979 37 87 76
33155 8980 37 88 76
33158 8981 37 89 76
33159 8982 37 90 76
33160 8983 37 91 76
33161 8984 37 92 76
33162 8985 37 93 76
33163 8986 37 94 76
33164 8987 37 95 76
33165 8988 37 96 76
33167 8989 37 97 76
33173 8990 37 98 76
33175 8991 37 99 76
33176 8992 37 100 76
33177 8993 37 101 76
33178 8994 37 102 76
33179 8995 37 103 76
33180 8996 37 104 76
33181 8997 37 105 76
33182 8998 37 106 76
33183 8999 37 107 76
33184 9000 37 108 76
33186 9001 37 109 76
33187 9002 37 110 76
33190 9003 37 111 76
33191 9004 37 112 76
33192 9005 37 113 76
33193 9006 37 114 76
33195 9007 37 115 76
33196 9008 37 116 76
33198 9009 37 0 77
33200 9010 37 1 77
33201 9011 37 2 77
33202 9012 37 3 77
33203 9013 37 4 77
33204 9014 37 5 77
33205 9015 37 6 77
33207 9016 37 7 77
33209 9017 37 8 77
33210 9018 37 9 77
33211 9019 37 10 77
33212 9020 37 11 77
33213 9021 37 12 77
33214 9022 37 13 77
33215 9023 37 14 77
33216 9024 37 15 77
33218 9025 37 16 77
33219 9026 37 17 77
33220 9027 37 18 77
33221 9028 37 19 77
33222 9029 37 20 77
33223 9030 37 21 77
33225 9031 37 22 77
33226 9032 37 23 77
33228 9033 37 24 77
33229 9034 37 25 77
33231 9035 37 26 77
33232 9036 37 27 77
33233 9037 37 28 77
33234 9038 37 29 77
33237 9039 37 30 77
33239 9040 37 31 77
33240 9041 37 32 77
33241 9042 37 33 77
33242 9043 37 34 77
33243 9044 37 35 77
33245 9045 37 36 77
33246 9046 37 37 77
33247 9047 37 38 77
33248 9048 37 39 77
33249 9049 37 40 77
33250 9050 37 41 77
33251 9051 37 42 77
33253 9052 37 43 77
33254 9053 37 44 77
33255 9054 37 45 77
33256 9055 37 46 77
33257 9056 37 47 77
33258 9057 37 48 77
33260 9058 37 49 77
33261 9059 37 50 77
33262 9060 37 51 77
33266 9061 37 52 77
33267 9062 37 53 77
33268 9063 37 54 77
33271 9064 37 55 77
33272 9065 37 56 77
33273 9066 37 57 77
33274 9067 37 58 77
33275 9068 37 59 77
33276 9069 37 60 77
33278 9070 37 61 77
33279 9071 37 62 77
33280 9072 37 63 77
33281 9073 37 64 77
33282 9074 37 65 77
33284 9075 37 66 77
33285 9076 37 67 77
33287 9077 37 68 77
33288 9078 37 69 77
33289 9079 37 70 77
33290 9080 37 71 77
33291 9081 37 72 77
33292 9082 37 73 77
33293 9083 37 74 77
33296 9084 37 75 77
33297 9085 37 76 77
33298 9086 37 77 77
33300 9087 37 78 77
33301 9088 37 79 77
33302 9089 37 80 77
33307 9090 37 81 77
33308 9091 37 82 77
33309 9092 37 83 77
33310 9093 37 84 77
33311 9094 37 85 77
33312 9095 37 86 77
33313 9096 37 87 77
33314 9097 37 88 77
33317 9098 37 89 77
33320 9099 37 90 77
33322 9100 37 91 77
33323 9101 37 92 77
33324 9102 37 93 77
33327 9103 37 94 77
33330 9104 37 95 77
33331 9105 37 96 77
33332 9106 37 97 77
33333 9107 37 98 77
33334 9108 37 99 77
33335 9109 37 100 77
33336 9110 37 101 77
33337 9111 37 102 77
33338 9112 37 103 77
33340 9113 37 104 77
33341 9114 37 105 77
33343 9115 37 106 77
33344 9116 37 107 77
33346 9117 37 108 77
33348 9118 37 109 77
33349 9119 37 110 77
33351 9120 37 111 77
33353 9121 37 112 77
33355 9122 37 113 77
33358 9123 37 114 77
33359 9124 37 115 77
33360 9125 37 116 77
33361 9126 37 0 78
33362 9127 37 1 78
33363 9128 37 2 78
33365 9129 37 3 78
33366 9130 37 4 78
33367 9131 37 5 78
33368 9132 37 6 78
33369 9133 37 7 78
33370 9134 37 8 78
33371 9135 37 9 78
33372 9136 37 10 78
33374 9137 37 11 78
33375 9138 37 12 78
33377 9139 37 13 78
33379 9140 37 14 78
33380 9141 37 15 78
33382 9142 37 16 78
33384 9143 37 17 78
33385 9144 37 18 78
33387 9145 37 19 78
33388 9146 37 20 78
33389 9147 37 21 78
33390 9148 37 22 78
33391 9149 37 23 78
33393 9150 37 24 78
33394 9151 37 25 78
33396 9152 37 26 78
33397 9153 37 27 78
33399 9154 37 28 78
33400 9155 37 29 78
33404 9156 37 30 78
33405 9157 37 31 78
33406 9158 37 32 78
33407 9159 37 33 78
33408 9160 37 34 78
33411 9161 37 35 78
33412 9162 37 36 78
33413 9163 37 37 78
33418 9164 37 38 78
33419 9165 37 39 78
33421 9166 37 40 78
33422 9167 37 41 78
33423 9168 37 42 78
33424 9169 37 43 78
33425 9170 37 44 78
33426 9171 37 45 78
33427 9172 37 46 78
33428 9173 37 47 78
33432 9174 37 48 78
33433 9175 37 49 78
33434 9176 37 50 78
33435 9177 37 51 78
33437 9178 37 52 78
33438 9179 37 53 78
33439 9180 37 54 78
33440 9181 37 55 78
33441 9182 37 56 78
33442 9183 37 57 78
33443 9184 37 58 78
33444 9185 37 59 78
33445 9186 37 60 78
33447 9187 37 61 78
33448 9188 37 62 78
33449 9189 37 63 78
33451 9190 37 64 78
33452 9191 37 65 78
33453 9192 37 66 78
33454 9193 37 67 78
33455 9194 37 68 78
33456 9195 37 69 78
33457 9196 37 70 78
33459 9197 37 71 78
33460 9198 37 72 78
33461 9199 37 73 78
33462 9200 37 74 78
33463 9201 37 75 78
33464 9202 37 76 78
33465 9203 37 77 78
33466 9204 37 78 78
33467 9205 37 79 78
33468 9206 37 80 78
33469 9207 37 81 78
33470 9208 37 82 78
33472 9209 37 83 78
33474 9210 37 84 78
33475 9211 37 85 78
33489 9212 37 86 78
33490 9213 37 87 78
33491 9214 37 88 78
33492 9215 37 89 78
33493 9216 37 90 78
33494 9217 37 91 78
33495 9218 37 92 78
33497 9219 37 93 78
33499 9220 37 94 78
33500 9221 37 95 78
33502 9222 37 96 78
33503 9223 37 97 78
33504 9224 37 98 78
33505 9225 37 99 78
33507 9226 37 100 78
33508 9227 37 101 78
33509 9228 37 102 78
33510 9229 37 103 78
33511 9230 37 104 78
33512 9231 37 105 78
33514 9232 37 106 78
33515 9233 37 107 78
33516 9234 37 108 78
33517 9235 37 109 78
33519 9236 37 110 78
33520 9237 37 111 78
33521 9238 37 112 78
33522 9239 37 113 78
33523 9240 37 114 78
33524 9241 37 115 78
33525 9242 37 116 78
33526 9243 37 0 79
33529 9244 37 1 79
33530 9245 37 2 79
33531 9246 37 3 79
33534 9247 37 4 79
33536 9248 37 5 79
33537 9249 37 6 79
33538 9250 37 7 79
33539 9251 37 8 79
33540 9252 37 9 79
33541 9253 37 10 79
33542 9254 37 11 79
33543 9255 37 12 79
33544 9256 37 13 79
33545 9257 37 14 79
33548 9258 37 15 79
33549 9259 37 16 79
33558 9260 37 17 79
33559 9261 37 18 79
33561 9262 37 19 79
33563 9263 37 20 79
33564 9264 37 21 79
33566 9265 37 22 79
33568 9266 37 23 79
33570 9267 37 24 79
33572 9268 37 25 79
33573 9269 37 26 79
33574 9270 37 27 79
33575 9271 37 28 79
33576 9272 37 29 79
33577 9273 37 30 79
33578 9274 37 31 79
33579 9275 37 32 79
33580 9276 37 33 79
33581 9277 37 34 79
33583 9278 37 35 79
33585 9279 37 36 79
33586 9280 37 37 79
33587 9281 37 38 79
33588 9282 37 39 79
33589 9283 37 40 79
33590 9284 37 41 79
33591 9285 37 42 79
33592 9286 37 43 79
33593 9287 37 44 79
33594 9288 37 45 79
33595 9289 37 46 79
33596 9290 37 47 79
33599 9291 37 48 79
33600 9292 37 49 79
33601 9293 37 50 79
33602 9294 37 51 79
33603 9295 37 52 79
33604 9296 37 53 79
33605 9297 37 54 79
33607 9298 37 55 79
33608 9299 37 56 79
33609 9300 37 57 79
33610 9301 37 58 79
33611 9302 37 59 79
33612 9303 37 60 79
33613 9304 37 61 79
33614 9305 37 62 79
33615 9306 37 63 79
33616 9307 37 64 79
33617 9308 37 65 79
33618 9309 37 66 79
33619 9310 37 67 79
33620 9311 37 68 79
33622 9312 37 69 79
33651 9313 37 70 79
33652 9314 37 71 79
33653 9315 37 72 79
33654 9316 37 73 79
33655 9317 37 74 79
33656 9318 37 75 79
33658 9319 37 76 79
33659 9320 37 77 79
33660 9321 37 78 79
33661 9322 37 79 79
33662 9323 37 80 79
33663 9324 37 81 79
33665 9325 37 82 79
33667 9326 37 83 79
33670 9327 37 84 79
33671 9328 37 85 79
33672 9329 37 86 79
33673 9330 37 87 79
33674 9331 37 88 79
33675 9332 37 89 79
33676 9333 37 90 79
33677 9334 37 91 79
33678 9335 37 92 79
33679 9336 37 93 79
33680 9337 37 94 79
33682 9338 37 95 79
33683 9339 37 96 79
33684 9340 37 97 79
33685 9341 37 98 79
33686 9342 37 99 79
33687 9343 37 100 79
33688 9344 37 101 79
33689 9345 37 102 79
33690 9346 37 103 79
33691 9347 37 104 79
33693 9348 37 105 79
33694 9349 37 106 79
33696 9350 37 107 79
33698 9351 37 108 79
33699 9352 37 109 79
33700 9353 37 110 79
33701 9354 37 111 79
33702 9355 37 112 79
33703 9356 37 113 79
33704 9357 37 114 79
33705 9358 37 115 79
33706 9359 37 116 79
33707 9360 37 0 80
33710 9361 37 1 80
33711 9362 37 2 80
33712 9363 37 3 80
33725 9364 37 4 80
33727 9365 37 5 80
33728 9366 37 6 80
33729 9367 37 7 80
33730 9368 37 8 80
33731 9369 37 9 80
33732 9370 37 10 80
33733 9371 37 11 80
33734 9372 37 12 80
33735 9373 37 13 80
33736 9374 37 14 80
33737 9375 37 15 80
33738 9376 37 16 80
33739 9377 37 17 80
33740 9378 37 18 80
33742 9379 37 19 80
33743 9380 37 20 80
33745 9381 37 21 80
33748 9382 37 22 80
33749 9383 37 23 80
33750 9384 37 24 80
33751 9385 37 25 80
33752 9386 37 26 80
33753 9387 37 27 80
33755 9388 37 28 80
33756 9389 37 29 80
33757 9390 37 30 80
33758 9391 37 31 80
33759 9392 37 32 80
33760 9393 37 33 80
33761 9394 37 34 80
33762 9395 37 35 80
33763 9396 37 36 80
33764 9397 37 37 80
33765 9398 37 38 80
33767 9399 37 39 80
33768 9400 37 40 80
33769 9401 37 41 80
33770 9402 37 42 80
33771 9403 37 43 80
33772 9404 37 44 80
33774 9405 37 45 80
33775 9406 37 46 80
33776 9407 37 47 80
33777 9408 37 48 80
33778 9409 37 49 80
33779 9410 37 50 80
33780 9411 37 51 80
33781 9412 37 52 80
33782 9413 37 53 80
33784 9414 37 54 80
33785 9415 37 55 80
33786 9416 37 56 80
33787 9417 37 57 80
33788 9418 37 58 80
33789 9419 37 59 80
33790 9420 37 60 80
33791 9421 37 61 80
33793 9422 37 62 80
33795 9423 37 63 80
33796 9424 37 64 80
33798 9425 37 65 80
33799 9426 37 66 80
33801 9427 37 67 80
33802 9428 37 68 80
33803 9429 37 69 80
33804 9430 37 70 80
33805 9431 37 71 80
33806 9432 37 72 80
33807 9433 37 73 80
33808 9434 37 74 80
33809 9435 37 75 80
33810 9436 37 76 80
33811 9437 37 77 80
33819 9438 37 78 80
33827 9439 37 79 80
33833 9440 37 80 80
33835 9441 37 81 80
33836 9442 37 82 80
33837 9443 37 83 80
33839 9444 37 84 80
33840 9445 37 85 80
33841 9446 37 86 80
33842 9447 37 87 80
33843 9448 37 88 80
33844 9449 37 89 80
33845 9450 37 90 80
33846 9451 37 91 80
33847 9452 37 92 80
33848 9453 37 93 80
33849 9454 37 94 80
33850 9455 37 95 80
33851 9456 37 96 80
33852 9457 37 97 80
33853 9458 37 98 80
33855 9459 37 99 80
33856 9460 37 100 80
33858 9461 37 101 80
33859 9462 37 102 80
33860 9463 37 103 80
33861 9464 37 104 80
33862 9465 37 105 80
33863 9466 37 106 80
33865 9467 37 107 80
33867 9468 37 108 80
33868 9469 37 109 80
33869 9470 37 110 80
33870 9471 37 111 80
33872 9472 37 112 80
33873 9473 37 113 80
33874 9474 37 114 80
33876 9475 37 115 80
33878 9476 37 116 80
33879 9477 37 0 81
33881 9478 37 1 81
33882 9479 37 2 81
33883 9480 37 3 81
33885 9481 37 4 81
33886 9482 37 5 81
33887 9483 37 6 81
33888 9484 37 7 81
33889 9485 37 8 81
33891 9486 37 9 81
33893 9487 37 10 81
33894 9488 37 11 81
33895 9489 37 12 81
33896 9490 37 13 81
33897 9491 37 14 81
33899 9492 37 15 81
33900 9493 37 16 81
33901 9494 37 17 81
33902 9495 37 18 81
33903 9496 37 19 81
33904 9497 37 20 81
33907 9498 37 21 81
33908 9499 37 22 81
33909 9500 37 23 81
33910 9501 37 24 81
33911 9502 37 25 81
33912 9503 37 26 81
33913 9504 37 27 81
33914 9505 37 28 81
33917 9506 37 29 81
33918 9507 37 30 81
33922 9508 37 31 81
33926 9509 37 32 81
33933 9510 37 33 81
33934 9511 37 34 81
33935 9512 37 35 81
33936 9513 37 36 81
33937 9514 37 37 81
33940 9515 37 38 81
33943 9516 37 39 81
33944 9517 37 40 81
33945 9518 37 41 81
33946 9519 37 42 81
33947 9520 37 43 81
33948 9521 37 44 81
33949 9522 37 45 81
33950 9523 37 46 81
33951 9524 37 47 81
33952 9525 37 48 81
33953 9526 37 49 81
33954 9527 37 50 81
33956 9528 37 51 81
33959 9529 37 52 81
33960 9530 37 53 81
33961 9531 37 54 81
33962 9532 37 55 81
33963 9533 37 56 81
33964 9534 37 57 81
33966 9535 37 58 81
33967 9536 37 59 81
33968 9537 37 60 81
33969 9538 37 61 81
33970 9539 37 62 81
33972 9540 37 63 81
33974 9541 37 64 81
33976 9542 37 65 81
33977 9543 37 66 81
33978 9544 37 67 81
33979 9545 37 68 81
33980 9546 37 69 81
33983 9547 37 70 81
33984 9548 37 71 81
33985 9549 37 72 81
33986 9550 37 73 81
33988 9551 37 74 81
33989 9552 37 75 81
33990 9553 37 76 81
33991 9554 37 77 81
33993 9555 37 78 81
33994 9556 37 79 81
33995 9557 37 80 81
33996 9558 37 81 81
33997 9559 37 82 81
33998 9560 37 83 81
33999 9561 37 84 81
34000 9562 37 85 81
34001 9563 37 86 81
34002 9564 37 87 81
34003 9565 37 88 81
34004 9566 37 89 81
34006 9567 37 90 81
34007 9568 37 91 81
34011 9569 37 92 81
34023 9570 37 93 81
34024 9571 37 94 81
34025 9572 37 95 81
34026 9573 37 96 81
34027 9574 37 97 81
34028 9575 37 98 81
34030 9576 37 99 81
34031 9577 37 100 81
34032 9578 37 101 81
34033 9579 37 102 81
34034 9580 37 103 81
34035 9581 37 104 81
34036 9582 37 105 81
34038 9583 37 106 81
34039 9584 37 107 81
34041 9585 37 108 81
34042 9586 37 109 81
34043 9587 37 110 81
34044 9588 37 111 81
34045 9589 37 112 81
34046 9590 37 113 81
34047 9591 37 114 81
34048 9592 37 115 81
34050 9593 37 116 81
34054 9594 37 0 82
34055 9595 37 1 82
34056 9596 37 2 82
34057 9597 37 3 82
34058 9598 37 4 82
34059 9599 37 5 82
34060 9600 37 6 82
34061 9601 37 7 82
34062 9602 37 8 82
34063 9603 37 9 82
34065 9604 37 10 82
34066 9605 37 11 82
34067 9606 37 12 82
34068 9607 37 13 82
34069 9608 37 14 82
34070 9609 37 15 82
34071 9610 37 16 82
34072 9611 37 17 82
34073 9612 37 18 82
34074 9613 37 19 82
34076 9614 37 20 82
34077 9615 37 21 82
34078 9616 37 22 82
34079 9617 37 23 82
34080 9618 37 24 82
34081 9619 37 25 82
34083 9620 37 26 82
34084 9621 37 27 82
34085 9622 37 28 82
34086 9623 37 29 82
34087 9624 37 30 82
34088 9625 37 31 82
34089 9626 37 32 82
34090 9627 37 33 82
34091 9628 37 34 82
34092 9629 37 35 82
34093 9630 37 36 82
34094 9631 37 37 82
34095 9632 37 38 82
34096 9633 37 39 82
34097 9634 37 40 82
34107 9635 37 41 82
34109 9636 37 42 82
34110 9637 37 43 82
34112 9638 37 44 82
34113 9639 37 45 82
34115 9640 37 46 82
34116 9641 37 47 82
34117 9642 37 48 82
34118 9643 37 49 82
34119 9644 37 50 82
34120 9645 37 51 82
34121 9646 37 52 82
34122 9647 37 53 82
34125 9648 37 54 82
34126 9649 37 55 82
34129 9650 37 56 82
34131 9651 37 57 82
34132 9652 37 58 82
34133 9653 37 59 82
34134 9654 37 60 82
34135 9655 37 61 82
34136 9656 37 62 82
34137 9657 37 63 82
34139 9658 37 64 82
34141 9659 37 65 82
34142 9660 37 66 82
34144 9661 37 67 82
34145 9662 37 68 82
34146 9663 37 69 82
34147 9664 37 70 82
34148 9665 37 71 82
34149 9666 37 72 82
34150 9667 37 73 82
34151 9668 37 74 82
34152 9669 37 75 82
34153 9670 37 76 82
34154 9671 37 77 82
34155 9672 37 78 82
34156 9673 37 79 82
34157 9674 37 80 82
34158 9675 37 81 82
34161 9676 37 82 82
34165 9677 37 83 82
34166 9678 37 84 82
34167 9679 37 85 82
34168 9680 37 86 82
34169 9681 37 87 82
34170 9682 37 88 82
34171 9683 37 89 82
34172 9684 37 90 82
34174 9685 37 91 82
34176 9686 37 92 82
34177 9687 37 93 82
34178 9688 37 94 82
34179 9689 37 95 82
34180 9690 37 96 82
34181 9691 37 97 82
34182 9692 37 98 82
34183 9693 37 99 82
34184 9694 37 100 82
34185 9695 37 101 82
34186 9696 37 102 82
34187 9697 37 103 82
34188 9698 37 104 82
34189 9699 37 105 82
34190 9700 37 106 82
34191 9701 37 107 82
34192 9702 37 108 82
34193 9703 37 109 82
34196 9704 37 110 82
34197 9705 37 111 82
34198 9706 37 112 82
34200 9707 37 113 82
34201 9708 37 114 82
34202 9709 37 115 82
34203 9710 37 116 82
34204 9711 37 0 83
34205 9712 37 1 83
34206 9713 37 2 83
34207 9714 37 3 83
34208 9715 37 4 83
34209 9716 37 5 83
34210 9717 37 6 83
34211 9718 37 7 83
34212 9719 37 8 83
34214 9720 37 9 83
34215 9721 37 10 83
34216 9722 37 11 83
34217 9723 37 12 83
34218 9724 37 13 83
34223 9725 37 14 83
34224 9726 37 15 83
34225 9727 37 16 83
34227 9728 37 17 83
34228 9729 37 18 83
34229 9730 37 19 83
34230 9731 37 20 83
34231 9732 37 21 83
34232 9733 37 22 83
34233 9734 37 23 83
34234 9735 37 24 83
34237 9736 37 25 83
34238 9737 37 26 83
34239 9738 37 27 83
34240 9739 37 28 83
34242 9740 37 29 83
34243 9741 37 30 83
34244 9742 37 31 83
34245 9743 37 32 83
34246 9744 37 33 83
34247 9745 37 34 83
34248 9746 37 35 83
34249 9747 37 36 83
34251 9748 37 37 83
34253 9749 37 38 83
34254 9750 37 39 83
34255 9751 37 40 83
34256 9752 37 41 83
34257 9753 37 42 83
34258 9754 37 43 83
34261 9755 37 44 83
34263 9756 37 45 83
34264 9757 37 46 83
34265 9758 37 47 83
34266 9759 37 48 83
34268 9760 37 49 83
34269 9761 37 50 83
34270 9762 37 51 83
34271 9763 37 52 83
34273 9764 37 53 83
34274 9765 37 54 83
34275 9766 37 55 83
34276 9767 37 56 83
34277 9768 37 57 83
34278 9769 37 58 83
34280 9770 37 59 83
34281 9771 37 60 83
34282 9772 37 61 83
34283 9773 37 62 83
34284 9774 37 63 83
34285 9775 37 64 83
34287 9776 37 65 83
34288 9777 37 66 83
34289 9778 37 67 83
34290 9779 37 68 83
34294 9780 37 69 83
34295 9781 37 70 83
34296 9782 37 71 83
34297 9783 37 72 83
34298 9784 37 73 83
34299 9785 37 74 83
34301 9786 37 75 83
34302 9787 37 76 83
34303 9788 37 77 83
34304 9789 37 78 83
34305 9790 37 79 83
34308 9791 37 80 83
34309 9792 37 81 83
34310 9793 37 82 83
34311 9794 37 83 83
34313 9795 37 84 83
34314 9796 37 85 83
34315 9797 37 86 83
34316 9798 37 87 83
34321 9799 37 88 83
34327 9800 37 89 83
34328 9801 37 90 83
34329 9802 37 91 83
34330 9803 37 92 83
34331 9804 37 93 83
34332 9805 37 94 83
34334 9806 37 95 83
34335 9807 37 96 83
34336 9808 37 97 83
34337 9809 37 98 83
34338 9810 37 99 83
34339 9811 37 100 83
34340 9812 37 101 83
34341 9813 37 102 83
34342 9814 37 103 83
34343 9815 37 104 83
34345 9816 37 105 83
34346 9817 37 106 83
34348 9818 37 107 83
34349 9819 37 108 83
34350 9820 37 109 83
34353 9821 37 110 83
34354 9822 37 111 83
34355 9823 37 112 83
34356 9824 37 113 83
34357 9825 37 114 83
34358 9826 37 115 83
34360 9827 37 116 83
34361 9828 37 0 84
34362 9829 37 1 84
34363 9830 37 2 84
34364 9831 37 3 84
34366 9832 37 4 84
34367 9833 37 5 84
34368 9834 37 6 84
34371 9835 37 7 84
34374 9836 37 8 84
34375 9837 37 9 84
34376 9838 37 10 84
34379 9839 37 11 84
34380 9840 37 12 84
34381 9841 37 13 84
34382 9842 37 14 84
34384 9843 37 15 84
34386 9844 37 16 84
34387 9845 37 17 84
34388 9846 37 18 84
34389 9847 37 19 84
34390 9848 37 20 84
34393 9849 37 21 84
34395 9850 37 22 84
34396 9851 37 23 84
34398 9852 37 24 84
34399 9853 37 25 84
34401 9854 37 26 84
34402 9855 37 27 84
34403 9856 37 28 84
34404 9857 37 29 84
34405 9858 37 30 84
34407 9859 37 31 84
34408 9860 37 32 84
34409 9861 37 33 84
34410 9862 37 34 84
34411 9863 37 35 84
34413 9864 37 36 84
34414 9865 37 37 84
34415 9866 37 38 84
34416 9867 37 39 84
34417 9868 37 40 84
34419 9869 37 41 84
34420 9870 37 42 84
34423 9871 37 43 84
34425 9872 37 44 84
34426 9873 37 45 84
34427 9874 37 46 84
34428 9875 37 47 84
34437 9876 37 48 84
34438 9877 37 49 84
34439 9878 37 50 84
34442 9879 37 51 84
34443 9880 37 52 84
34444 9881 37 53 84
34445 9882 37 54 84
34446 9883 37 55 84
34448 9884 37 56 84
34449 9885 37 57 84
34451 9886 37 58 84
34452 9887 37 59 84
34453 9888 37 60 84
34454 9889 37 61 84
34455 9890 37 62 84
34456 9891 37 63 84
34457 9892 37 64 84
34458 9893 37 65 84
34460 9894 37 66 84
34461 9895 37 67 84
34462 9896 37 68 84
34465 9897 37 69 84
34466 9898 37 70 84
34467 9899 37 71 84
34468 9900 37 72 84
34469 9901 37 73 84
34471 9902 37 74 84
34472 9903 37 75 84
34473 9904 37 76 84
34474 9905 37 77 84
34479 9906 37 78 84
34480 9907 37 79 84
34481 9908 37 80 84
34483 9909 37 81 84
34484 9910 37 82 84
34485 9911 37 83 84
34486 9912 37 84 84
34487 9913 37 85 84
34488 9914 37 86 84
34489 9915 37 87 84
34490 9916 37 88 84
34491 9917 37 89 84
34492 9918 37 90 84
34493 9919 37 91 84
34494 9920 37 92 84
34495 9921 37 93 84
34496 9922 37 94 84
34497 9923 37 95 84
34498 9924 37 96 84
34499 9925 37 97 84
34500 9926 37 98 84
34501 9927 37 99 84
34502 9928 37 100 84
34503 9929 37 101 84
34504 9930 37 102 84
34505 9931 37 103 84
34507 9932 37 104 84
34508 9933 37 105 84
34512 9934 37 106 84
34513 9935 37 107 84
34515 9936 37 108 84
34516 9937 37 109 84
34518 9938 37 110 84
34519 9939 37 111 84
34520 9940 37 112 84
34521 9941 37 113 84
34522 9942 37 114 84
34523 9943 37 115 84
34524 9944 37 116 84
34525 9945 37 0 85
34526 9946 37 1 85
34527 9947 37 2 85
34530 9948 37 3 85
34531 9949 37 4 85
34532 9950 37 5 85
34534 9951 37 6 85
34536 9952 37 7 85
34537 9953 37 8 85
34538 9954 37 9 85
34539 9955 37 10 85
34540 9956 37 11 85
34541 9957 37 12 85
34549 9958 37 13 85
34550 9959 37 14 85
34551 9960 37 15 85
34552 9961 37 16 85
34553 9962 37 17 85
34554 9963 37 18 85
34555 9964 37 19 85
34558 9965 37 20 85
34560 9966 37 21 85
34561 9967 37 22 85
34562 9968 37 23 85
34563 9969 37 24 85
34564 9970 37 25 85
34565 9971 37 26 85
34566 9972 37 27 85
34567 9973 37 28 85
34568 9974 37 29 85
34569 9975 37 30 85
34570 9976 37 31 85
34571 9977 37 32 85
34572 9978 37 33 85
34573 9979 37 34 85
34574 9980 37 35 85
34577 9981 37 36 85
34578 9982 37 37 85
34579 9983 37 38 85
34584 9984 37 39 85
34585 9985 37 40 85
34586 9986 37 41 85
34587 9987 37 42 85
34588 9988 37 43 85
34590 9989 37 44 85
34592 9990 37 45 85
34593 9991 37 46 85
34594 9992 37 47 85
34595 9993 37 48 85
34596 9994 37 49 85
34597 9995 37 50 85
34598 9996 37 51 85
34599 9997 37 52 85
34600 9998 37 53 85
34601 9999 37 54 85
34602 10000 37 55 85
34604 10001 37 56 85
34605 10002 37 57 85
34606 10003 37 58 85
34608 10004 37 59 85
34609 10005 37 60 85
34610 10006 37 61 85
34611 10007 37 62 85
34612 10008 37 63 85
34613 10009 37 64 85
34615 10010 37 65 85
34616 10011 37 66 85
34618 10012 37 67 85
34619 10013 37 68 85
34620 10014 37 69 85
34622 10015 37 70 85
34623 10016 37 71 85
34624 10017 37 72 85
34625 10018 37 73 85
34626 10019 37 74 85
34627 10020 37 75 85
34630 10021 37 76 85
34636 10022 37 77 85
34637 10023 37 78 85
34638 10024 37 79 85
34639 10025 37 80 85
34640 10026 37 81 85
34641 10027 37 82 85
34642 10028 37 83 85
34643 10029 37 84 85
34644 10030 37 85 85
34645 10031 37 86 85
34646 10032 37 87 85
34647 10033 37 88 85
34648 10034 37 89 85
34649 10035 37 90 85
34650 10036 37 91 85
34651 10037 37 92 85
34652 10038 37 93 85
34653 10039 37 94 85
34654 10040 37 95 85
34655 10041 37 96 85
34656 10042 37 97 85
34657 10043 37 98 85
34658 10044 37 99 85
34659 10045 37 100 85
34660 10046 37 101 85
34661 10047 37 102 85
34662 10048 37 103 85
34663 10049 37 104 85
34664 10050 37 105 85
34665 10051 37 106 85
34666 10052 37 107 85
34667 10053 37 108 85
34668 10054 37 109 85
34669 10055 37 110 85
34670 10056 37 111 85
34671 10057 37 112 85
34675 10058 37 113 85
34676 10059 37 114 85
34677 10060 37 115 85
34678 10061 37 116 85
34679 10062 37 0 86
34680 10063 37 1 86
34681 10064 37 2 86
34682 10065 37 3 86
34683 10066 37 4 86
34689 10067 37 5 86
34690 10068 37 6 86
34691 10069 37 7 86
34692 10070 37 8 86
34693 10071 37 9 86
34695 10072 37 10 86
34696 10073 37 11 86
34697 10074 37 12 86
34701 10075 37 13 86
34703 10076 37 14 86
34704 10077 37 15 86
34705 10078 37 16 86
34706 10079 37 17 86
34707 10080 37 18 86
34708 10081 37 19 86
34710 10082 37 20 86
34711 10083 37 21 86
34712 10084 37 22 86
34714 10085 37 23 86
34715 10086 37 24 86
34716 10087 37 25 86
34717 10088 37 26 86
34718 10089 37 27 86
34719 10090 37 28 86
34722 10091 37 29 86
34723 10092 37 30 86
34724 10093 37 31 86
34730 10094 37 32 86
34731 10095 37 33 86
34732 10096 37 34 86
34733 10097 37 35 86
34734 10098 37 36 86
34735 10099 37 37 86
34736 10100 37 38 86
34738 10101 37 39 86
34739 10102 37 40 86
34740 10103 37 41 86
34741 10104 37 42 86
34742 10105 37 43 86
34743 10106 37 44 86
34744 10107 37 45 86
34745 10108 37 46 86
34746 10109 37 47 86
34747 10110 37 48 86
34748 10111 37 49 86
34749 10112 37 50 86
34750 10113 37 51 86
34751 10114 37 52 86
34752 10115 37 53 86
34754 10116 37 54 86
34755 10117 37 55 86
34756 10118 37 56 86
34757 10119 37 57 86
34758 10120 37 58 86
34760 10121 37 59 86
34761 10122 37 60 86
34762 10123 37 61 86
34763 10124 37 62 86
34764 10125 37 63 86
34769 10126 37 64 86
34770 10127 37 65 86
34771 10128 37 66 86
34772 10129 37 67 86
34775 10130 37 68 86
34776 10131 37 69 86
34777 10132 37 70 86
34779 10133 37 71 86
34780 10134 37 72 86
34781 10135 37 73 86
34782 10136 37 74 86
34783 10137 37 75 86
34784 10138 37 76 86
34785 10139 37 77 86
34786 10140 37 78 86
34787 10141 37 79 86
34788 10142 37 80 86
34789 10143 37 81 86
34790 10144 37 82 86
34791 10145 37 83 86
34792 10146 37 84 86
34794 10147 37 85 86
34795 10148 37 86 86
34796 10149 37 87 86
34797 10150 37 88 86
34799 10151 37 89 86
34802 10152 37 90 86
34803 10153 37 91 86
34804 10154 37 92 86
34806 10155 37 93 86
34807 10156 37 94 86
34809 10157 37 95 86
34810 10158 37 96 86
34811 10159 37 97 86
34812 10160 37 98 86
34814 10161 37 99 86
34815 10162 37 100 86
34816 10163 37 101 86
34817 10164 37 102 86
34818 10165 37 103 86
34819 10166 37 104 86
34821 10167 37 105 86
34822 10168 37 106 86
34824 10169 37 107 86
34825 10170 37 108 86
34826 10171 37 109 86
34827 10172 37 110 86
34828 10173 37 111 86
34829 10174 37 112 86
34832 10175 37 113 86
34833 10176 37 114 86
34835 10177 37 115 86
34836 10178 37 116 86
34837 10179 37 0 87
34838 10180 37 1 87
34839 10181 37 2 87
34841 10182 37 3 87
34843 10183 37 4 87
34844 10184 37 5 87
34845 10185 37 6 87
34847 10186 37 7 87
34848 10187 37 8 87
34849 10188 37 9 87
34850 10189 37 10 87
34851 10190 37 11 87
34852 10191 37 12 87
34853 10192 37 13 87
34854 10193 37 14 87
34856 10194 37 15 87
34857 10195 37 16 87
34858 10196 37 17 87
34859 10197 37 18 87
34860 10198 37 19 87
34862 10199 37 20 87
34863 10200 37 21 87
34864 10201 37 22 87
34865 10202 37 23 87
34866 10203 37 24 87
34867 10204 37 25 87
34869 10205 37 26 87
34870 10206 37 27 87
34871 10207 37 28 87
34872 10208 37 29 87
34873 10209 37 30 87
34875 10210 37 31 87
34876 10211 37 32 87
34877 10212 37 33 87
34878 10213 37 34 87
34879 10214 37 35 87
34880 10215 37 36 87
34881 10216 37 37 87
34883 10217 37 38 87
34884 10218 37 39 87
34888 10219 37 40 87
34890 10220 37 41 87
34891 10221 37 42 87
34892 10222 37 43 87
34893 10223 37 44 87
34894 10224 37 45 87
34898 10225 37 46 87
34899 10226 37 47 87
34901 10227 37 48 87
34902 10228 37 49 87
34903 10229 37 50 87
34905 10230 37 51 87
34906 10231 37 52 87
34907 10232 37 53 87
34909 10233 37 54 87
34913 10234 37 55 87
34914 10235 37 56 87
34915 10236 37 57 87
34919 10237 37 58 87
34920 10238 37 59 87
34921 10239 37 60 87
34922 10240 37 61 87
34923 10241 37 62 87
34925 10242 37 63 87
34927 10243 37 64 87
34928 10244 37 65 87
34929 10245 37 66 87
34930 10246 37 67 87
34932 10247 37 68 87
34933 10248 37 69 87
34934 10249 37 70 87
34935 10250 37 71 87
34937 10251 37 72 87
34940 10252 37 73 87
34941 10253 37 74 87
34942 10254 37 75 87
34943 10255 37 76 87
34944 10256 37 77 87
34945 10257 37 78 87
34946 10258 37 79 87
34947 10259 37 80 87
34952 10260 37 81 87
34953 10261 37 82 87
34955 10262 37 83 87
34956 10263 37 84 87
34957 10264 37 85 87
34958 10265 37 86 87
34961 10266 37 87 87
34962 10267 37 88 87
34963 10268 37 89 87
34965 10269 37 90 87
34966 10270 37 91 87
34967 10271 37 92 87
34968 10272 37 93 87
34969 10273 37 94 87
34970 10274 37 95 87
34971 10275 37 96 87
34974 10276 37 97 87
34975 10277 37 98 87
34977 10278 37 99 87
34978 10279 37 100 87
34980 10280 37 101 87
34983 10281 37 102 87
34984 10282 37 103 87
34986 10283 37 104 87
34987 10284 37 105 87
34988 10285 37 106 87
34993 10286 37 107 87
34994 10287 37 108 87
34998 10288 37 109 87
34999 10289 37 110 87
35000 10290 37 111 87
35001 10291 37 112 87
35002 10292 37 113 87
35004 10293 37 114 87
35005 10294 37 115 87
35006 10295 37 116 87
35008 10296 37 0 88
35009 10297 37 1 88
35010 10298 37 2 88
35017 10299 37 3 88
35018 10300 37 4 88
35019 10301 37 5 88
35020 10302 37 6 88
35021 10303 37 7 88
35022 10304 37 8 88
35024 10305 37 9 88
35026 10306 37 10 88
35028 10307 37 11 88
35029 10308 37 12 88
35030 10309 37 13 88
35031 10310 37 14 88
35032 10311 37 15 88
35033 10312 37 16 88
35034 10313 37 17 88
35035 10314 37 18 88
35036 10315 37 19 88
35037 10316 37 20 88
35038 10317 37 21 88
35039 10318 37 22 88
35041 10319 37 23 88
35047 10320 37 24 88
35048 10321 37 25 88
35051 10322 37 26 88
35052 10323 37 27 88
35054 10324 37 28 88
35055 10325 37 29 88
35056 10326 37 30 88
35057 10327 37 31 88
35058 10328 37 32 88
35059 10329 37 33 88
35060 10330 37 34 88
35062 10331 37 35 88
35063 10332 37 36 88
35064 10333 37 37 88
35065 10334 37 38 88
35066 10335 37 39 88
35067 10336 37 40 88
35068 10337 37 41 88
35069 10338 37 42 88
35070 10339 37 43 88
35073 10340 37 44 88
35074 10341 37 45 88
35077 10342 37 46 88
35078 10343 37 47 88
35079 10344 37 48 88
35081 10345 37 49 88
35082 10346 37 50 88
35083 10347 37 51 88
35084 10348 37 52 88
35086 10349 37 53 88
35088 10350 37 54 88
35089 10351 37 55 88
35090 10352 37 56 88
35091 10353 37 57 88
35092 10354 37 58 88
35093 10355 37 59 88
35094 10356 37 60 88
35095 10357 37 61 88
35096 10358 37 62 88
35097 10359 37 63 88
35098 10360 37 64 88
35102 10361 37 65 88
35103 10362 37 66 88
35105 10363 37 67 88
35106 10364 37 68 88
35107 10365 37 69 88
35109 10366 37 70 88
35110 10367 37 71 88
35111 10368 37 72 88
35113 10369 37 73 88
35114 10370 37 74 88
35115 10371 37 75 88
35116 10372 37 76 88
35117 10373 37 77 88
35118 10374 37 78 88
35119 10375 37 79 88
35120 10376 37 80 88
35121 10377 37 81 88
35122 10378 37 82 88
35123 10379 37 83 88
35125 10380 37 84 88
35126 10381 37 85 88
35127 10382 37 86 88
35128 10383 37 87 88
35131 10384 37 88 88
35132 10385 37 89 88
35133 10386 37 90 88
35134 10387 37 91 88
35137 10388 37 92 88
35138 10389 37 93 88
35140 10390 37 94 88
35142 10391 37 95 88
35145 10392 37 96 88
35147 10393 37 97 88
35148 10394 37 98 88
35151 10395 37 99 88
35152 10396 37 100 88
35153 10397 37 101 88
35154 10398 37 102 88
35155 10399 37 103 88
35158 10400 37 104 88
35159 10401 37 105 88
35160 10402 37 106 88
35161 10403 37 107 88
35162 10404 37 108 88
35163 10405 37 109 88
35164 10406 37 110 88
35165 10407 37 111 88
35166 10408 37 112 88
35167 10409 37 113 88
35168 10410 37 114 88
35169 10411 37 115 88
35170 10412 37 116 88
35171 10413 37 0 89
35172 10414 37 1 89
35174 10415 37 2 89
35177 10416 37 3 89
35178 10417 37 4 89
35179 10418 37 5 89
35180 10419 37 6 89
35181 10420 37 7 89
35182 10421 37 8 89
35183 10422 37 9 89
35185 10423 37 10 89
35186 10424 37 11 89
35187 10425 37 12 89
35188 10426 37 13 89
35190 10427 37 14 89
35193 10428 37 15 89
35194 10429 37 16 89
35195 10430 37 17 89
35196 10431 37 18 89
35198 10432 37 19 89
35199 10433 37 20 89
35201 10434 37 21 89
35202 10435 37 22 89
35203 10436 37 23 89
35205 10437 37 24 89
35206 10438 37 25 89
35208 10439 37 26 89
35211 10440 37 27 89
35215 10441 37 28 89
35219 10442 37 29 89
35221 10443 37 30 89
35222 10444 37 31 89
35223 10445 37 32 89
35224 10446 37 33 89
35227 10447 37 34 89
35228 10448 37 35 89
35229 10449 37 36 89
35230 10450 37 37 89
35231 10451 37 38 89
35233 10452 37 39 89
35234 10453 37 40 89
35235 10454 37 41 89
35236 10455 37 42 89
35238 10456 37 43 89
35242 10457 37 44 89
35244 10458 37 45 89
35245 10459 37 46 89
35246 10460 37 47 89
35247 10461 37 48 89
35250 10462 37 49 89
35254 10463 37 50 89
35255 10464 37 51 89
35257 10465 37 52 89
35258 10466 37 53 89
35261 10467 37 54 89
35262 10468 37 55 89
35263 10469 37 56 89
35264 10470 37 57 89
35282 10471 37 58 89
35283 10472 37 59 89
35284 10473 37 60 89
35285 10474 37 61 89
35286 10475 37 62 89
35289 10476 37 63 89
35290 10477 37 64 89
35291 10478 37 65 89
35292 10479 37 66 89
35293 10480 37 67 89
35295 10481 37 68 89
35296 10482 37 69 89
35297 10483 37 70 89
35298 10484 37 71 89
35299 10485 37 72 89
35300 10486 37 73 89
35301 10487 37 74 89
35302 10488 37 75 89
35304 10489 37 76 89
35305 10490 37 77 89
35307 10491 37 78 89
35308 10492 37 79 89
35309 10493 37 80 89
35312 10494 37 81 89
35313 10495 37 82 89
35314 10496 37 83 89
35315 10497 37 84 89
35316 10498 37 85 89
35318 10499 37 86 89
35319 10500 37 87 89
35320 10501 37 88 89
35322 10502 37 89 89
35323 10503 37 90 89
35324 10504 37 91 89
35326 10505 37 92 89
35327 10506 37 93 89
35328 10507 37 94 89
35330 10508 37 95 89
35331 10509 37 96 89
35332 10510 37 97 89
35335 10511 37 98 89
35336 10512 37 99 89
35338 10513 37 100 89
35340 10514 37 101 89
35342 10515 37 102 89
35343 10516 37 103 89
35344 10517 37 104 89
35345 10518 37 105 89
35346 10519 37 106 89
35347 10520 37 107 89
35349 10521 37 108 89
35350 10522 37 109 89
35351 10523 37 110 89
35352 10524 37 111 89
35355 10525 37 112 89
35357 10526 37 113 89
35358 10527 37 114 89
35359 10528 37 115 89
35362 10529 37 116 89
35363 10530 37 0 90
35365 10531 37 1 90
35367 10532 37 2 90
35370 10533 37 3 90
35372 10534 37 4 90
35373 10535 37 5 90
35376 10536 37 6 90
35377 10537 37 7 90
35380 10538 37 8 90
35382 10539 37 9 90
35385 10540 37 10 90
35386 10541 37 11 90
35387 10542 37 12 90
35388 10543 37 13 90
35390 10544 37 14 90
35391 10545 37 15 90
35392 10546 37 16 90
35393 10547 37 17 90
35396 10548 37 18 90
35397 10549 37 19 90
35398 10550 37 20 90
35400 10551 37 21 90
35402 10552 37 22 90
35404 10553 37 23 90
35405 10554 37 24 90
35406 10555 37 25 90
35407 10556 37 26 90
35408 10557 37 27 90
35409 10558 37 28 90
35410 10559 37 29 90
35412 10560 37 30 90
35413 10561 37 31 90
35414 10562 37 32 90
35415 10563 37 33 90
35416 10564 37 34 90
35417 10565 37 35 90
35419 10566 37 36 90
35422 10567 37 37 90
35424 10568 37 38 90
35425 10569 37 39 90
35426 10570 37 40 90
35427 10571 37 41 90
35430 10572 37 42 90
35432 10573 37 43 90
35433 10574 37 44 90
35435 10575 37 45 90
35436 10576 37 46 90
35437 10577 37 47 90
35438 10578 37 48 90
35440 10579 37 49 90
35441 10580 37 50 90
35442 10581 37 51 90
35443 10582 37 52 90
35444 10583 37 53 90
35445 10584 37 54 90
35446 10585 37 55 90
35447 10586 37 56 90
35449 10587 37 57 90
35450 10588 37 58 90
35451 10589 37 59 90
35452 10590 37 60 90
35455 10591 37 61 90
35457 10592 37 62 90
35458 10593 37 63 90
35459 10594 37 64 90
35460 10595 37 65 90
35461 10596 37 66 90
35462 10597 37 67 90
35463 10598 37 68 90
35467 10599 37 69 90
35468 10600 37 70 90
35469 10601 37 71 90
35471 10602 37 72 90
35473 10603 37 73 90
35474 10604 37 74 90
35475 10605 37 75 90
35477 10606 37 76 90
35478 10607 37 77 90
35480 10608 37 78 90
35481 10609 37 79 90
35482 10610 37 80 90
35486 10611 37 81 90
35488 10612 37 82 90
35489 10613 37 83 90
35491 10614 37 84 90
35492 10615 37 85 90
35493 10616 37 86 90
35494 10617 37 87 90
35495 10618 37 88 90
35496 10619 37 89 90
35498 10620 37 90 90
35499 10621 37 91 90
35504 10622 37 92 90
35506 10623 37 93 90
35510 10624 37 94 90
35512 10625 37 95 90
35513 10626 37 96 90
35514 10627 37 97 90
35515 10628 37 98 90
35516 10629 37 99 90
35517 10630 37 100 90
35518 10631 37 101 90
35519 10632 37 102 90
35520 10633 37 103 90
35522 10634 37 104 90
35523 10635 37 105 90
35524 10636 37 106 90
35525 10637 37 107 90
35526 10638 37 108 90
35527 10639 37 109 90
35528 10640 37 110 90
35529 10641 37 111 90
35531 10642 37 112 90
35533 10643 37 113 90
35535 10644 37 114 90
35537 10645 37 115 90
35538 10646 37 116 90
35539 10647 37 0 91
35540 10648 37 1 91
35541 10649 37 2 91
35542 10650 37 3 91
35543 10651 37 4 91
35544 10652 37 5 91
35545 10653 37 6 91
35547 10654 37 7 91
35548 10655 37 8 91
35549 10656 37 9 91
35550 10657 37 10 91
35551 10658 37 11 91
35552 10659 37 12 91
35553 10660 37 13 91
35554 10661 37 14 91
35556 10662 37 15 91
35558 10663 37 16 91
35559 10664 37 17 91
35560 10665 37 18 91
35563 10666 37 19 91
35565 10667 37 20 91
35566 10668 37 21 91
35567 10669 37 22 91
35568 10670 37 23 91
35569 10671 37 24 91
35570 10672 37 25 91
35571 10673 37 26 91
35572 10674 37 27 91
35573 10675 37 28 91
35574 10676 37 29 91
35575 10677 37 30 91
35576 10678 37 31 91
35578 10679 37 32 91
35579 10680 37 33 91
35580 10681 37 34 91
35582 10682 37 35 91
35583 10683 37 36 91
35584 10684 37 37 91
35585 10685 37 38 91
35586 10686 37 39 91
35588 10687 37 40 91
35589 10688 37 41 91
35590 10689 37 42 91
35591 10690 37 43 91
35592 10691 37 44 91
35594 10692 37 45 91
35595 10693 37 46 91
35597 10694 37 47 91
35598 10695 37 48 91
35599 10696 37 49 91
35600 10697 37 50 91
35601 10698 37 51 91
35602 10699 37 52 91
35603 10700 37 53 91
35604 10701 37 54 91
35605 10702 37 55 91
35606 10703 37 56 91
35607 10704 37 57 91
35608 10705 37 58 91
35609 10706 37 59 91
35610 10707 37 60 91
35611 10708 37 61 91
35612 10709 37 62 91
35613 10710 37 63 91
35614 10711 37 64 91
35616 10712 37 65 91
35618 10713 37 66 91
35619 10714 37 67 91
35620 10715 37 68 91
35621 10716 37 69 91
35622 10717 37 70 91
35623 10718 37 71 91
35624 10719 37 72 91
35626 10720 37 73 91
35627 10721 37 74 91
35628 10722 37 75 91
35630 10723 37 76 91
35631 10724 37 77 91
35632 10725 37 78 91
35633 10726 37 79 91
35635 10727 37 80 91
35637 10728 37 81 91
35638 10729 37 82 91
35639 10730 37 83 91
35641 10731 37 84 91
35642 10732 37 85 91
35643 10733 37 86 91
35644 10734 37 87 91
35645 10735 37 88 91
35646 10736 37 89 91
35648 10737 37 90 91
35649 10738 37 91 91
35650 10739 37 92 91
35653 10740 37 93 91
35654 10741 37 94 91
35655 10742 37 95 91
35656 10743 37 96 91
35657 10744 37 97 91
35658 10745 37 98 91
35659 10746 37 99 91
35662 10747 37 100 91
35663 10748 37 101 91
35664 10749 37 102 91
35665 10750 37 103 91
35666 10751 37 104 91
35667 10752 37 105 91
35668 10753 37 106 91
35669 10754 37 107 91
35670 10755 37 108 91
35671 10756 37 109 91
35672 10757 37 110 91
35673 10758 37 111 91
35674 10759 37 112 91
35676 10760 37 113 91
35677 10761 37 114 91
35679 10762 37 115 91
35680 10763 37 116 91
35683 10764 37 0 92
35685 10765 37 1 92
35686 10766 37 2 92
35687 10767 37 3 92
35688 10768 37 4 92
35690 10769 37 5 92
35691 10770 37 6 92
35692 10771 37 7 92
35693 10772 37 8 92
35695 10773 37 9 92
35696 10774 37 10 92
35700 10775 37 11 92
35703 10776 37 12 92
35704 10777 37 13 92
35705 10778 37 14 92
35706 10779 37 15 92
35707 10780 37 16 92
35709 10781 37 17 92
35710 10782 37 18 92
35711 10783 37 19 92
35712 10784 37 20 92
35714 10785 37 21 92
35716 10786 37 22 92
35717 10787 37 23 92
35718 10788 37 24 92
35720 10789 37 25 92
35722 10790 37 26 92
35723 10791 37 27 92
35724 10792 37 28 92
35726 10793 37 29 92
35730 10794 37 30 92
35731 10795 37 31 92
35732 10796 37 32 92
35733 10797 37 33 92
35734 10798 37 34 92
35736 10799 37 35 92
35737 10800 37 36 92
35738 10801 37 37 92
35740 10802 37 38 92
35742 10803 37 39 92
35743 10804 37 40 92
35895 10805 37 41 92
35897 10806 37 42 92
35899 10807 37 43 92
35900 10808 37 44 92
35901 10809 37 45 92
35902 10810 37 46 92
35903 10811 37 47 92
35905 10812 37 48 92
35906 10813 37 49 92
35907 10814 37 50 92
35909 10815 37 51 92
35910 10816 37 52 92
35911 10817 37 53 92
35912 10818 37 54 92
35913 10819 37 55 92
35914 10820 37 56 92
35915 10821 37 57 92
35916 10822 37 58 92
35917 10823 37 59 92
35918 10824 37 60 92
35919 10825 37 61 92
35920 10826 37 62 92
35924 10827 37 63 92
35925 10828 37 64 92
35926 10829 37 65 92
35927 10830 37 66 92
35930 10831 37 67 92
35932 10832 37 68 92
35933 10833 37 69 92
35935 10834 37 70 92
35937 10835 37 71 92
35938 10836 37 72 92
35940 10837 37 73 92
35941 10838 37 74 92
35942 10839 37 75 92
35944 10840 37 76 92
35945 10841 37 77 92
35946 10842 37 78 92
35947 10843 37 79 92
35948 10844 37 80 92
35949 10845 37 81 92
35951 10846 37 82 92
35952 10847 37 83 92
35953 10848 37 84 92
35954 10849 37 85 92
35955 10850 37 86 92
35957 10851 37 87 92
35958 10852 37 88 92
35959 10853 37 89 92
35960 10854 37 90 92
35961 10855 37 91 92
35962 10856 37 92 92
35963 10857 37 93 92
35965 10858 37 94 92
35968 10859 37 95 92
35969 10860 37 96 92
35970 10861 37 97 92
35972 10862 37 98 92
35973 10863 37 99 92
35974 10864 37 100 92
35977 10865 37 101 92
35978 10866 37 102 92
35980 10867 37 103 92
35981 10868 37 104 92
35983 10869 37 105 92
35984 10870 37 106 92
35985 10871 37 107 92
35986 10872 37 108 92
35987 10873 37 109 92
35988 10874 37 110 92
35989 10875 37 111 92
35991 10876 37 112 92
35992 10877 37 113 92
35993 10878 37 114 92
35994 10879 37 115 92
35996 10880 37 116 92
35997 10881 37 0 93
35998 10882 37 1 93
36000 10883 37 2 93
36001 10884 37 3 93
36002 10885 37 4 93
36003 10886 37 5 93
36004 10887 37 6 93
36005 10888 37 7 93
36007 10889 37 8 93
36008 10890 37 9 93
36009 10891 37 10 93
36010 10892 37 11 93
36011 10893 37 12 93
36012 10894 37 13 93
36015 10895 37 14 93
36016 10896 37 15 93
36018 10897 37 16 93
36019 10898 37 17 93
36020 10899 37 18 93
36021 10900 37 19 93
36022 10901 37 20 93
36023 10902 37 21 93
36024 10903 37 22 93
36025 10904 37 23 93
36026 10905 37 24 93
36027 10906 37 25 93
36028 10907 37 26 93
36029 10908 37 27 93
36030 10909 37 28 93
36031 10910 37 29 93
36032 10911 37 30 93
36033 10912 37 31 93
36034 10913 37 32 93
36035 10914 37 33 93
36036 10915 37 34 93
36037 10916 37 35 93
36039 10917 37 36 93
36040 10918 37 37 93
36042 10919 37 38 93
36044 10920 37 39 93
36047 10921 37 40 93
36049 10922 37 41 93
36050 10923 37 42 93
36051 10924 37 43 93
36053 10925 37 44 93
36055 10926 37 45 93
36057 10927 37 46 93
36058 10928 37 47 93
36060 10929 37 48 93
36061 10930 37 49 93
36062 10931 37 50 93
36063 10932 37 51 93
36064 10933 37 52 93
36065 10934 37 53 93
36066 10935 37 54 93
36067 10936 37 55 93
36068 10937 37 56 93
36069 10938 37 57 93
36070 10939 37 58 93
36071 10940 37 59 93
36072 10941 37 60 93
36074 10942 37 61 93
36076 10943 37 62 93
36077 10944 37 63 93
36078 10945 37 64 93
36080 10946 37 65 93
36081 10947 37 66 93
36083 10948 37 67 93
36084 10949 37 68 93
36085 10950 37 69 93
36088 10951 37 70 93
36089 10952 37 71 93
36090 10953 37 72 93
36091 10954 37 73 93
36092 10955 37 74 93
36093 10956 37 75 93
36094 10957 37 76 93
36096 10958 37 77 93
36098 10959 37 78 93
36100 10960 37 79 93
36101 10961 37 80 93
36102 10962 37 81 93
36103 10963 37 82 93
36104 10964 37 83 93
36105 10965 37 84 93
36106 10966 37 85 93
36109 10967 37 86 93
36111 10968 37 87 93
36112 10969 37 88 93
36115 10970 37 89 93
36116 10971 37 90 93
36117 10972 37 91 93
36118 10973 37 92 93
36119 10974 37 93 93
36121 10975 37 94 93
36123 10976 37 95 93
36196 10977 37 96 93
36198 10978 37 97 93
36199 10979 37 98 93
36200 10980 37 99 93
36201 10981 37 100 93
36203 10982 37 101 93
36204 10983 37 102 93
36205 10984 37 103 93
36206 10985 37 104 93
36207 10986 37 105 93
36208 10987 37 106 93
36210 10988 37 107 93
36211 10989 37 108 93
36212 10990 37 109 93
36214 10991 37 110 93
36215 10992 37 111 93
36216 10993 37 112 93
36217 10994 37 113 93
36219 10995 37 114 93
36221 10996 37 115 93
36224 10997 37 116 93
36225 10998 37 0 94
36228 10999 37 1 94
36229 11000 37 2 94
36233 11001 37 3 94
36234 11002 37 4 94
36236 11003 37 5 94
36237 11004 37 6 94
36238 11005 37 7 94
36239 11006 37 8 94
36240 11007 37 9 94
36241 11008 37 10 94
36242 11009 37 11 94
36243 11010 37 12 94
36244 11011 37 13 94
36245 11012 37 14 94
36246 11013 37 15 94
36249 11014 37 16 94
36251 11015 37 17 94
36252 11016 37 18 94
36255 11017 37 19 94
36256 11018 37 20 94
36257 11019 37 21 94
36259 11020 37 22 94
36261 11021 37 23 94
36263 11022 37 24 94
36264 11023 37 25 94
36266 11024 37 26 94
36267 11025 37 27 94
36268 11026 37 28 94
36269 11027 37 29 94
36270 11028 37 30 94
36271 11029 37 31 94
36274 11030 37 32 94
36275 11031 37 33 94
36276 11032 37 34 94
36277 11033 37 35 94
36278 11034 37 36 94
36279 11035 37 37 94
36281 11036 37 38 94
36282 11037 37 39 94
36284 11038 37 40 94
36286 11039 37 41 94
36287 11040 37 42 94
36289 11041 37 43 94
36290 11042 37 44 94
36293 11043 37 45 94
36294 11044 37 46 94
36295 11045 37 47 94
36296 11046 37 48 94
36299 11047 37 49 94
36300 11048 37 50 94
36301 11049 37 51 94
36302 11050 37 52 94
36303 11051 37 53 94
36304 11052 37 54 94
36305 11053 37 55 94
36307 11054 37 56 94
36309 11055 37 57 94
36310 11056 37 58 94
36311 11057 37 59 94
36312 11058 37 60 94
36313 11059 37 61 94
36314 11060 37 62 94
36315 11061 37 63 94
36316 11062 37 64 94
36317 11063 37 65 94
36319 11064 37 66 94
36320 11065 37 67 94
36321 11066 37 68 94
36322 11067 37 69 94
36323 11068 37 70 94
36324 11069 37 71 94
36326 11070 37 72 94
36327 11071 37 73 94
36328 11072 37 74 94
36329 11073 37 75 94
36330 11074 37 76 94
36331 11075 37 77 94
36332 11076 37 78 94
36334 11077 37 79 94
36335 11078 37 80 94
36336 11079 37 81 94
36337 11080 37 82 94
36338 11081 37 83 94
36339 11082 37 84 94
36340 11083 37 85 94
36346 11084 37 86 94
36348 11085 37 87 94
36349 11086 37 88 94
36350 11087 37 89 94
36351 11088 37 90 94
36352 11089 37 91 94
36354 11090 37 92 94
36355 11091 37 93 94
36356 11092 37 94 94
36357 11093 37 95 94
36358 11094 37 96 94
36359 11095 37 97 94
36361 11096 37 98 94
36362 11097 37 99 94
36365 11098 37 100 94
36367 11099 37 101 94
36368 11100 37 102 94
36369 11101 37 103 94
36370 11102 37 104 94
36371 11103 37 105 94
36372 11104 37 106 94
36373 11105 37 107 94
36374 11106 37 108 94
36375 11107 37 109 94
36376 11108 37 110 94
36377 11109 37 111 94
36378 11110 37 112 94
36379 11111 37 113 94
36380 11112 37 114 94
36381 11113 37 115 94
36382 11114 37 116 94
36383 11115 37 0 95
36384 11116 37 1 95
36385 11117 37 2 95
36386 11118 37 3 95
36387 11119 37 4 95
36388 11120 37 5 95
36389 11121 37 6 95
36390 11122 37 7 95
36391 11123 37 8 95
36393 11124 37 9 95
36395 11125 37 10 95
36398 11126 37 11 95
36400 11127 37 12 95
36401 11128 37 13 95
36403 11129 37 14 95
36404 11130 37 15 95
36405 11131 37 16 95
36406 11132 37 17 95
36408 11133 37 18 95
36409 11134 37 19 95
36412 11135 37 20 95
36413 11136 37 21 95
36414 11137 37 22 95
36415 11138 37 23 95
36416 11139 37 24 95
36417 11140 37 25 95
36418 11141 37 26 95
36420 11142 37 27 95
36421 11143 37 28 95
36423 11144 37 29 95
36424 11145 37 30 95
36425 11146 37 31 95
36426 11147 37 32 95
36427 11148 37 33 95
36428 11149 37 34 95
36429 11150 37 35 95
36430 11151 37 36 95
36432 11152 37 37 95
36435 11153 37 38 95
36436 11154 37 39 95
36437 11155 37 40 95
36438 11156 37 41 95
36439 11157 37 42 95
36441 11158 37 43 95
36442 11159 37 44 95
36443 11160 37 45 95
36444 11161 37 46 95
36445 11162 37 47 95
36446 11163 37 48 95
36447 11164 37 49 95
36448 11165 37 50 95
36449 11166 37 51 95
36450 11167 37 52 95
36451 11168 37 53 95
36452 11169 37 54 95
36453 11170 37 55 95
36454 11171 37 56 95
36455 11172 37 57 95
36457 11173 37 58 95
36458 11174 37 59 95
36460 11175 37 60 95
36461 11176 37 61 95
36463 11177 37 62 95
36466 11178 37 63 95
36467 11179 37 64 95
36468 11180 37 65 95
36470 11181 37 66 95
36472 11182 37 67 95
36474 11183 37 68 95
36475 11184 37 69 95
36476 11185 37 70 95
36481 11186 37 71 95
36482 11187 37 72 95
36484 11188 37 73 95
36485 11189 37 74 95
36486 11190 37 75 95
36487 11191 37 76 95
36488 11192 37 77 95
36489 11193 37 78 95
36490 11194 37 79 95
36491 11195 37 80 95
36492 11196 37 81 95
36493 11197 37 82 95
36494 11198 37 83 95
36496 11199 37 84 95
36497 11200 37 85 95
36498 11201 37 86 95
36499 11202 37 87 95
36500 11203 37 88 95
36501 11204 37 89 95
36502 11205 37 90 95
36503 11206 37 91 95
36504 11207 37 92 95
36506 11208 37 93 95
36509 11209 37 94 95
36510 11210 37 95 95
36511 11211 37 96 95
36512 11212 37 97 95
36513 11213 37 98 95
36515 11214 37 99 95
36516 11215 37 100 95
36517 11216 37 101 95
36518 11217 37 102 95
36520 11218 37 103 95
36521 11219 37 104 95
36522 11220 37 105 95
36523 11221 37 106 95
36524 11222 37 107 95
36530 11223 37 108 95
36538 11224 37 109 95
36541 11225 37 110 95
36544 11226 37 111 95
36546 11227 37 112 95
36553 11228 37 113 95
36554 11229 37 114 95
36555 11230 37 115 95
36556 11231 37 116 95
36557 11232 37 0 96
36559 11233 37 1 96
36561 11234 37 2 96
36562 11235 37 3 96
36563 11236 37 4 96
36564 11237 37 5 96
36567 11238 37 6 96
36568 11239 37 7 96
36571 11240 37 8 96
36572 11241 37 9 96
36573 11242 37 10 96
36574 11243 37 11 96
36575 11244 37 12 96
36576 11245 37 13 96
36577 11246 37 14 96
36581 11247 37 15 96
36582 11248 37 16 96
36583 11249 37 17 96
36584 11250 37 18 96
36585 11251 37 19 96
36587 11252 37 20 96
36588 11253 37 21 96
36590 11254 37 22 96
36591 11255 37 23 96
36593 11256 37 24 96
36596 11257 37 25 96
36597 11258 37 26 96
36598 11259 37 27 96
36599 11260 37 28 96
36600 11261 37 29 96
36601 11262 37 30 96
36602 11263 37 31 96
36603 11264 37 32 96
36604 11265 37 33 96
36606 11266 37 34 96
36607 11267 37 35 96
36608 11268 37 36 96
36609 11269 37 37 96
36610 11270 37 38 96
36611 11271 37 39 96
36613 11272 37 40 96
36614 11273 37 41 96
36615 11274 37 42 96
36616 11275 37 43 96
36617 11276 37 44 96
36618 11277 37 45 96
36619 11278 37 46 96
36621 11279 37 47 96
36622 11280 37 48 96
36624 11281 37 49 96
36625 11282 37 50 96
36626 11283 37 51 96
36627 11284 37 52 96
36628 11285 37 53 96
36629 11286 37 54 96
36630 11287 37 55 96
36631 11288 37 56 96
36632 11289 37 57 96
36634 11290 37 58 96
36635 11291 37 59 96
36636 11292 37 60 96
36637 11293 37 61 96
36638 11294 37 62 96
36639 11295 37 63 96
36640 11296 37 64 96
36643 11297 37 65 96
36644 11298 37 66 96
36645 11299 37 67 96
36646 11300 37 68 96
36649 11301 37 69 96
36650 11302 37 70 96
36652 11303 37 71 96
36654 11304 37 72 96
36655 11305 37 73 96
36658 11306 37 74 96
36659 11307 37 75 96
36660 11308 37 76 96
36661 11309 37 77 96
36662 11310 37 78 96
36663 11311 37 79 96
36664 11312 37 80 96
36665 11313 37 81 96
36667 11314 37 82 96
36670 11315 37 83 96
36671 11316 37 84 96
36672 11317 37 85 96
36674 11318 37 86 96
36675 11319 37 87 96
36676 11320 37 88 96
36677 11321 37 89 96
36678 11322 37 90 96
36679 11323 37 91 96
36680 11324 37 92 96
36681 11325 37 93 96
36683 11326 37 94 96
36685 11327 37 95 96
36686 11328 37 96 96
36687 11329 37 97 96
36688 11330 37 98 96
36689 11331 37 99 96
36690 11332 37 100 96
36691 11333 37 101 96
36692 11334 37 102 96
36693 11335 37 103 96
36694 11336 37 104 96
36695 11337 37 105 96
36696 11338 37 106 96
36697 11339 37 107 96
36698 11340 37 108 96
36699 11341 37 109 96
36701 11342 37 110 96
36702 11343 37 111 96
36703 11344 37 112 96
36704 11345 37 113 96
36705 11346 37 114 96
36706 11347 37 115 96
36707 11348 37 116 96
36708 11349 37 0 97
36763 11350 37 1 97
36764 11351 37 2 97
36767 11352 37 3 97
36771 11353 37 4 97
36774 11354 37 5 97
36776 11355 37 6 97
36781 11356 37 7 97
36782 11357 37 8 97
36783 11358 37 9 97
36784 11359 37 10 97
36785 11360 37 11 97
36786 11361 37 12 97
36788 11362 37 13 97
36799 11363 37 14 97
36802 11364 37 15 97
36804 11365 37 16 97
36805 11366 37 17 97
36806 11367 37 18 97
36809 11368 37 19 97
36811 11369 37 20 97
36813 11370 37 21 97
36814 11371 37 22 97
36817 11372 37 23 97
36818 11373 37 24 97
36819 11374 37 25 97
36820 11375 37 26 97
36821 11376 37 27 97
36822 11377 37 28 97
36823 11378 37 29 97
36832 11379 37 30 97
36833 11380 37 31 97
36834 11381 37 32 97
36835 11382 37 33 97
36836 11383 37 34 97
36837 11384 37 35 97
36838 11385 37 36 97
36840 11386 37 37 97
36842 11387 37 38 97
36843 11388 37 39 97
36845 11389 37 40 97
36846 11390 37 41 97
36848 11391 37 42 97
36852 11392 37 43 97
36853 11393 37 44 97
36854 11394 37 45 97
36855 11395 37 46 97
36856 11396 37 47 97
36858 11397 37 48 97
36859 11398 37 49 97
36860 11399 37 50 97
36861 11400 37 51 97
36862 11401 37 52 97
36863 11402 37 53 97
36864 11403 37 54 97
36865 11404 37 55 97
36866 11405 37 56 97
36867 11406 37 57 97
36868 11407 37 58 97
36869 11408 37 59 97
36870 11409 37 60 97
36875 11410 37 61 97
36876 11411 37 62 97
36877 11412 37 63 97
36879 11413 37 64 97
36880 11414 37 65 97
36881 11415 37 66 97
36884 11416 37 67 97
36885 11417 37 68 97
36886 11418 37 69 97
36887 11419 37 70 97
36889 11420 37 71 97
36890 11421 37 72 97
36891 11422 37 73 97
36892 11423 37 74 97
36893 11424 37 75 97
36894 11425 37 76 97
36895 11426 37 77 97
36896 11427 37 78 97
36897 11428 37 79 97
36898 11429 37 80 97
36899 11430 37 81 97
36900 11431 37 82 97
36909 11432 37 83 97
36910 11433 37 84 97
36911 11434 37 85 97
36913 11435 37 86 97
36914 11436 37 87 97
36916 11437 37 88 97
36917 11438 37 89 97
36918 11439 37 90 97
36920 11440 37 91 97
36924 11441 37 92 97
36925 11442 37 93 97
36926 11443 37 94 97
36927 11444 37 95 97
36929 11445 37 96 97
36930 11446 37 97 97
36932 11447 37 98 97
36935 11448 37 99 97
36937 11449 37 100 97
36938 11450 37 101 97
36939 11451 37 102 97
36941 11452 37 103 97
36942 11453 37 104 97
36943 11454 37 105 97
36944 11455 37 106 97
36945 11456 37 107 97
36946 11457 37 108 97
36947 11458 37 109 97
36948 11459 37 110 97
36949 11460 37 111 97
36952 11461 37 112 97
36953 11462 37 113 97
36955 11463 37 114 97
36956 11464 37 115 97
36957 11465 37 116 97
36958 11466 37 0 98
36960 11467 37 1 98
36962 11468 37 2 98
36963 11469 37 3 98
36967 11470 37 4 98
36968 11471 37 5 98
36969 11472 37 6 98
36971 11473 37 7 98
36973 11474 37 8 98
36974 11475 37 9 98
36975 11476 37 10 98
36976 11477 37 11 98
36978 11478 37 12 98
36979 11479 37 13 98
36980 11480 37 14 98
36981 11481 37 15 98
36982 11482 37 16 98
36983 11483 37 17 98
36984 11484 37 18 98
36985 11485 37 19 98
36986 11486 37 20 98
36987 11487 37 21 98
36988 11488 37 22 98
36989 11489 37 23 98
36990 11490 37 24 98
36991 11491 37 25 98
36992 11492 37 26 98
36993 11493 37 27 98
36994 11494 37 28 98
36995 11495 37 29 98
36996 11496 37 30 98
36997 11497 37 31 98
36998 11498 37 32 98
36999 11499 37 33 98
37000 11500 37 34 98
37002 11501 37 35 98
37003 11502 37 36 98
37005 11503 37 37 98
37007 11504 37 38 98
37008 11505 37 39 98
37009 11506 37 40 98
37012 11507 37 41 98
37013 11508 37 42 98
37015 11509 37 43 98
37016 11510 37 44 98
37017 11511 37 45 98
37019 11512 37 46 98
37022 11513 37 47 98
37023 11514 37 48 98
37024 11515 37 49 98
37025 11516 37 50 98
37026 11517 37 51 98
37027 11518 37 52 98
37029 11519 37 53 98
37030 11520 37 54 98
37031 11521 37 55 98
37034 11522 37 56 98
37039 11523 37 57 98
37040 11524 37 58 98
37041 11525 37 59 98
37042 11526 37 60 98
37043 11527 37 61 98
37044 11528 37 62 98
37045 11529 37 63 98
37046 11530 37 64 98
37048 11531 37 65 98
37053 11532 37 66 98
37054 11533 37 67 98
37055 11534 37 68 98
37057 11535 37 69 98
37059 11536 37 70 98
37061 11537 37 71 98
37063 11538 37 72 98
37064 11539 37 73 98
37066 11540 37 74 98
37067 11541 37 75 98
37070 11542 37 76 98
37076 11543 37 77 98
37077 11544 37 78 98
37078 11545 37 79 98
37079 11546 37 80 98
37080 11547 37 81 98
37081 11548 37 82 98
37082 11549 37 83 98
37083 11550 37 84 98
37084 11551 37 85 98
37085 11552 37 86 98
37087 11553 37 87 98
37088 11554 37 88 98
37089 11555 37 89 98
37090 11556 37 90 98
37091 11557 37 91 98
37092 11558 37 92 98
37093 11559 37 93 98
37096 11560 37 94 98
37097 11561 37 95 98
37098 11562 37 96 98
37099 11563 37 97 98
37100 11564 37 98 98
37101 11565 37 99 98
37103 11566 37 100 98
37104 11567 37 101 98
37105 11568 37 102 98
37106 11569 37 103 98
37107 11570 37 104 98
37108 11571 37 105 98
37109 11572 37 106 98
37113 11573 37 107 98
37114 11574 37 108 98
37115 11575 37 109 98
37116 11576 37 110 98
37117 11577 37 111 98
37118 11578 37 112 98
37119 11579 37 113 98
37120 11580 37 114 98
37121 11581 37 115 98
37122 11582 37 116 98
37123 11583 37 0 99
37124 11584 37 1 99
37125 11585 37 2 99
37126 11586 37 3 99
37127 11587 37 4 99
37128 11588 37 5 99
37129 11589 37 6 99
37131 11590 37 7 99
37133 11591 37 8 99
37134 11592 37 9 99
37135 11593 37 10 99
37136 11594 37 11 99
37137 11595 37 12 99
37138 11596 37 13 99
37140 11597 37 14 99
37142 11598 37 15 99
37143 11599 37 16 99
37144 11600 37 17 99
37145 11601 37 18 99
37146 11602 37 19 99
37147 11603 37 20 99
37148 11604 37 21 99
37149 11605 37 22 99
37150 11606 37 23 99
37151 11607 37 24 99
37152 11608 37 25 99
37153 11609 37 26 99
37154 11610 37 27 99
37155 11611 37 28 99
37156 11612 37 29 99
37158 11613 37 30 99
37159 11614 37 31 99
37160 11615 37 32 99
37161 11616 37 33 99
37162 11617 37 34 99
37163 11618 37 35 99
37164 11619 37 36 99
37165 11620 37 37 99
37166 11621 37 38 99
37167 11622 37 39 99
37168 11623 37 40 99
37169 11624 37 41 99
37170 11625 37 42 99
37171 11626 37 43 99
37172 11627 37 44 99
37173 11628 37 45 99
37174 11629 37 46 99
37176 11630 37 47 99
37177 11631 37 48 99
37178 11632 37 49 99
37179 11633 37 50 99
37182 11634 37 51 99
37183 11635 37 52 99
37184 11636 37 53 99
37185 11637 37 54 99
37187 11638 37 55 99
37188 11639 37 56 99
37189 11640 37 57 99
37190 11641 37 58 99
37191 11642 37 59 99
37192 11643 37 60 99
37193 11644 37 61 99
37194 11645 37 62 99
37195 11646 37 63 99
37196 11647 37 64 99
37197 11648 37 65 99
37198 11649 37 66 99
37199 11650 37 67 99
37200 11651 37 68 99
37202 11652 37 69 99
37203 11653 37 70 99
37205 11654 37 71 99
37206 11655 37 72 99
37207 11656 37 73 99
37208 11657 37 74 99
37210 11658 37 75 99
37215 11659 37 76 99
37216 11660 37 77 99
37217 11661 37 78 99
37218 11662 37 79 99
37219 11663 37 80 99
37220 11664 37 81 99
37221 11665 37 82 99
37224 11666 37 83 99
37225 11667 37 84 99
37226 11668 37 85 99
37228 11669 37 86 99
37230 11670 37 87 99
37231 11671 37 88 99
37234 11672 37 89 99
37235 11673 37 90 99
37236 11674 37 91 99
37237 11675 37 92 99
37239 11676 37 93 99
37240 11677 37 94 99
37241 11678 37 95 99
37242 11679 37 96 99
37248 11680 37 97 99
37249 11681 37 98 99
37250 11682 37 99 99
37251 11683 37 100 99
37252 11684 37 101 99
37253 11685 37 102 99
37254 11686 37 103 99
37255 11687 37 104 99
37257 11688 37 105 99
37258 11689 37 106 99
37259 11690 37 107 99
37261 11691 37 108 99
37263 11692 37 109 99
37264 11693 37 110 99
37265 11694 37 111 99
37266 11695 37 112 99
37267 11696 37 113 99
37273 11697 37 114 99
37274 11698 37 115 99
37275 11699 37 116 99
37276 11700 37 0 100
37277 11701 37 1 100
37278 11702 37 2 100
37279 11703 37 3 100
37280 11704 37 4 100
37281 11705 37 5 100
37282 11706 37 6 100
37283 11707 37 7 100
37285 11708 37 8 100
37287 11709 37 9 100
37288 11710 37 10 100
37290 11711 37 11 100
37291 11712 37 12 100
37292 11713 37 13 100
37293 11714 37 14 100
37294 11715 37 15 100
37295 11716 37 16 100
37296 11717 37 17 100
37297 11718 37 18 100
37298 11719 37 19 100
37299 11720 37 20 100
37300 11721 37 21 100
37301 11722 37 22 100
37303 11723 37 23 100
37305 11724 37 24 100
37306 11725 37 25 100
37308 11726 37 26 100
37309 11727 37 27 100
37310 11728 37 28 100
37312 11729 37 29 100
37313 11730 37 30 100
37314 11731 37 31 100
37315 11732 37 32 100
37317 11733 37 33 100
37318 11734 37 34 100
37319 11735 37 35 100
37321 11736 37 36 100
37323 11737 37 37 100
37324 11738 37 38 100
37325 11739 37 39 100
37326 11740 37 40 100
37327 11741 37 41 100
37328 11742 37 42 100
37329 11743 37 43 100
37331 11744 37 44 100
37332 11745 37 45 100
37333 11746 37 46 100
37335 11747 37 47 100
37336 11748 37 48 100
37337 11749 37 49 100
37338 11750 37 50 100
37340 11751 37 51 100
37341 11752 37 52 100
37346 11753 37 53 100
37347 11754 37 54 100
37348 11755 37 55 100
37350 11756 37 56 100
37351 11757 37 57 100
37352 11758 37 58 100
37353 11759 37 59 100
37354 11760 37 60 100
37355 11761 37 61 100
37356 11762 37 62 100
37357 11763 37 63 100
37358 11764 37 64 100
37361 11765 37 65 100
37363 11766 37 66 100
37364 11767 37 67 100
37365 11768 37 68 100
37367 11769 37 69 100
37368 11770 37 70 100
37369 11771 37 71 100
37373 11772 37 72 100
37375 11773 37 73 100
37376 11774 37 74 100
37377 11775 37 75 100
37378 11776 37 76 100
37379 11777 37 77 100
37380 11778 37 78 100
37381 11779 37 79 100
37382 11780 37 80 100
37383 11781 37 81 100
37385 11782 37 82 100
37386 11783 37 83 100
37388 11784 37 84 100
37389 11785 37 85 100
37391 11786 37 86 100
37392 11787 37 87 100
37393 11788 37 88 100
37394 11789 37 89 100
37396 11790 37 90 100
37397 11791 37 91 100
37398 11792 37 92 100
37399 11793 37 93 100
37401 11794 37 94 100
37402 11795 37 95 100
37404 11796 37 96 100
37406 11797 37 97 100
37411 11798 37 98 100
37412 11799 37 99 100
37413 11800 37 100 100
37414 11801 37 101 100
37415 11802 37 102 100
37421 11803 37 103 100
37422 11804 37 104 100
37424 11805 37 105 100
37425 11806 37 106 100
37426 11807 37 107 100
37427 11808 37 108 100
37428 11809 37 109 100
37430 11810 37 110 100
37431 11811 37 111 100
37432 11812 37 112 100
37433 11813 37 113 100
37434 11814 37 114 100
37437 11815 37 115 100
37438 11816 37 116 100
37439 11817 37 0 101
37440 11818 37 1 101
37445 11819 37 2 101
37446 11820 37 3 101
37448 11821 37 4 101
37449 11822 37 5 101
37450 11823 37 6 101
37451 11824 37 7 101
37452 11825 37 8 101
37453 11826 37 9 101
37454 11827 37 10 101
37455 11828 37 11 101
37456 11829 37 12 101
37457 11830 37 13 101
37458 11831 37 14 101
37459 11832 37 15 101
37460 11833 37 16 101
37462 11834 37 17 101
37463 11835 37 18 101
37466 11836 37 19 101
37467 11837 37 20 101
37470 11838 37 21 101
37472 11839 37 22 101
37473 11840 37 23 101
37475 11841 37 24 101
37476 11842 37 25 101
37477 11843 37 26 101
37478 11844 37 27 101
37479 11845 37 28 101
37484 11846 37 29 101
37485 11847 37 30 101
37487 11848 37 31 101
37488 11849 37 32 101
37490 11850 37 33 101
37494 11851 37 34 101
37496 11852 37 35 101
37497 11853 37 36 101
37498 11854 37 37 101
37499 11855 37 38 101
37500 11856 37 39 101
37501 11857 37 40 101
37502 11858 37 41 101
37503 11859 37 42 101
37504 11860 37 43 101
37506 11861 37 44 101
37507 11862 37 45 101
37509 11863 37 46 101
37510 11864 37 47 101
37511 11865 37 48 101
37512 11866 37 49 101
37514 11867 37 50 101
37515 11868 37 51 101
37516 11869 37 52 101
37517 11870 37 53 101
37518 11871 37 54 101
37521 11872 37 55 101
37523 11873 37 56 101
37524 11874 37 57 101
37525 11875 37 58 101
37526 11876 37 59 101
37527 11877 37 60 101
37528 11878 37 61 101
37529 11879 37 62 101
37530 11880 37 63 101
37531 11881 37 64 101
37532 11882 37 65 101
37533 11883 37 66 101
37536 11884 37 67 101
37537 11885 37 68 101
37538 11886 37 69 101
37539 11887 37 70 101
37540 11888 37 71 101
37541 11889 37 72 101
37542 11890 37 73 101
37543 11891 37 74 101
37544 11892 37 75 101
37545 11893 37 76 101
37546 11894 37 77 101
37547 11895 37 78 101
37548 11896 37 79 101
37554 11897 37 80 101
37555 11898 37 81 101
37556 11899 37 82 101
37557 11900 37 83 101
37558 11901 37 84 101
37559 11902 37 85 101
37563 11903 37 86 101
37564 11904 37 87 101
37568 11905 37 88 101
37569 11906 37 89 101
37570 11907 37 90 101
37571 11908 37 91 101
37572 11909 37 92 101
37573 11910 37 93 101
37574 11911 37 94 101
37575 11912 37 95 101
37576 11913 37 96 101
37577 11914 37 97 101
37578 11915 37 98 101
37579 11916 37 99 101
37580 11917 37 100 101
37581 11918 37 101 101
37582 11919 37 102 101
37583 11920 37 103 101
37584 11921 37 104 101
37585 11922 37 105 101
37586 11923 37 106 101
37587 11924 37 107 101
37589 11925 37 108 101
37591 11926 37 109 101
37592 11927 37 110 101
37593 11928 37 111 101
37597 11929 37 112 101
37598 11930 37 113 101
37599 11931 37 114 101
37600 11932 37 115 101
37601 11933 37 116 101
37604 11934 37 0 102
37606 11935 37 1 102
37607 11936 37 2 102
37608 11937 37 3 102
37609 11938 37 4 102
37610 11939 37 5 102
37614 11940 37 6 102
37615 11941 37 7 102
37616 11942 37 8 102
37617 11943 37 9 102
37623 11944 37 10 102
37624 11945 37 11 102
37625 11946 37 12 102
37626 11947 37 13 102
37627 11948 37 14 102
37628 11949 37 15 102
37630 11950 37 16 102
37631 11951 37 17 102
37632 11952 37 18 102
37633 11953 37 19 102
37634 11954 37 20 102
37636 11955 37 21 102
37638 11956 37 22 102
37640 11957 37 23 102
37641 11958 37 24 102
37643 11959 37 25 102
37644 11960 37 26 102
37645 11961 37 27 102
37646 11962 37 28 102
37647 11963 37 29 102
37648 11964 37 30 102
37650 11965 37 31 102
37651 11966 37 32 102
37652 11967 37 33 102
37653 11968 37 34 102
37654 11969 37 35 102
37656 11970 37 36 102
37657 11971 37 37 102
37658 11972 37 38 102
37659 11973 37 39 102
37661 11974 37 40 102
37662 11975 37 41 102
37663 11976 37 42 102
37664 11977 37 43 102
37665 11978 37 44 102
37666 11979 37 45 102
37667 11980 37 46 102
37668 11981 37 47 102
37669 11982 37 48 102
37670 11983 37 49 102
37671 11984 37 50 102
37672 11985 37 51 102
37673 11986 37 52 102
37674 11987 37 53 102
37675 11988 37 54 102
37677 11989 37 55 102
37678 11990 37 56 102
37679 11991 37 57 102
37683 11992 37 58 102
37684 11993 37 59 102
37685 11994 37 60 102
37686 11995 37 61 102
37688 11996 37 62 102
37689 11997 37 63 102
37692 11998 37 64 102
37702 11999 37 65 102
37703 12000 37 66 102
37705 12001 37 67 102
37706 12002 37 68 102
37707 12003 37 69 102
37708 12004 37 70 102
37709 12005 37 71 102
37710 12006 37 72 102
37711 12007 37 73 102
37712 12008 37 74 102
37713 12009 37 75 102
37714 12010 37 76 102
37716 12011 37 77 102
37717 12012 37 78 102
37718 12013 37 79 102
37719 12014 37 80 102
37720 12015 37 81 102
37721 12016 37 82 102
37722 12017 37 83 102
37723 12018 37 84 102
37724 12019 37 85 102
37726 12020 37 86 102
37728 12021 37 87 102
37729 12022 37 88 102
37731 12023 37 89 102
37732 12024 37 90 102
37733 12025 37 91 102
37735 12026 37 92 102
37738 12027 37 93 102
37740 12028 37 94 102
37741 12029 37 95 102
37744 12030 37 96 102
37745 12031 37 97 102
37749 12032 37 98 102
37750 12033 37 99 102
37751 12034 37 100 102
37753 12035 37 101 102
37754 12036 37 102 102
37755 12037 37 103 102
37756 12038 37 104 102
37758 12039 37 105 102
37760 12040 37 106 102
37762 12041 37 107 102
37763 12042 37 108 102
37768 12043 37 109 102
37769 12044 37 110 102
37770 12045 37 111 102
37772 12046 37 112 102
37773 12047 37 113 102
37774 12048 37 114 102
37775 12049 37 115 102
37777 12050 37 116 102
37778 12051 37 0 103
37780 12052 37 1 103
37781 12053 37 2 103
37782 12054 37 3 103
37783 12055 37 4 103
37784 12056 37 5 103
37785 12057 37 6 103
37786 12058 37 7 103
37787 12059 37 8 103
37789 12060 37 9 103
37790 12061 37 10 103
37791 12062 37 11 103
37793 12063 37 12 103
37794 12064 37 13 103
37795 12065 37 14 103
37796 12066 37 15 103
37797 12067 37 16 103
37798 12068 37 17 103
37799 12069 37 18 103
37800 12070 37 19 103
37801 12071 37 20 103
37802 12072 37 21 103
37804 12073 37 22 103
37806 12074 37 23 103
37807 12075 37 24 103
37808 12076 37 25 103
37809 12077 37 26 103
37810 12078 37 27 103
37811 12079 37 28 103
37812 12080 37 29 103
37813 12081 37 30 103
37815 12082 37 31 103
37824 12083 37 32 103
37826 12084 37 33 103
37827 12085 37 34 103
37828 12086 37 35 103
37831 12087 37 36 103
37832 12088 37 37 103
37834 12089 37 38 103
37836 12090 37 39 103
37837 12091 37 40 103
37838 12092 37 41 103
37839 12093 37 42 103
37840 12094 37 43 103
37841 12095 37 44 103
37842 12096 37 45 103
37844 12097 37 46 103
37845 12098 37 47 103
37846 12099 37 48 103
37847 12100 37 49 103
37848 12101 37 50 103
37849 12102 37 51 103
37850 12103 37 52 103
37852 12104 37 53 103
37853 12105 37 54 103
37854 12106 37 55 103
37855 12107 37 56 103
37857 12108 37 57 103
37858 12109 37 58 103
37859 12110 37 59 103
37860 12111 37 60 103
37862 12112 37 61 103
37863 12113 37 62 103
37864 12114 37 63 103
37868 12115 37 64 103
37870 12116 37 65 103
37877 12117 37 66 103
37878 12118 37 67 103
37879 12119 37 68 103
37880 12120 37 69 103
37881 12121 37 70 103
37882 12122 37 71 103
37883 12123 37 72 103
37884 12124 37 73 103
37885 12125 37 74 103
37886 12126 37 75 103
37887 12127 37 76 103
37888 12128 37 77 103
37891 12129 37 78 103
37894 12130 37 79 103
37895 12131 37 80 103
37897 12132 37 81 103
37898 12133 37 82 103
37899 12134 37 83 103
37900 12135 37 84 103
37901 12136 37 85 103
37902 12137 37 86 103
37903 12138 37 87 103
37904 12139 37 88 103
37905 12140 37 89 103
37906 12141 37 90 103
37907 12142 37 91 103
37908 12143 37 92 103
37909 12144 37 93 103
37910 12145 37 94 103
37912 12146 37 95 103
37913 12147 37 96 103
37920 12148 37 97 103
37928 12149 37 98 103
37929 12150 37 99 103
37930 12151 37 100 103
37931 12152 37 101 103
37932 12153 37 102 103
37934 12154 37 103 103
37936 12155 37 104 103
37937 12156 37 105 103
37938 12157 37 106 103
37939 12158 37 107 103
37941 12159 37 108 103
37942 12160 37 109 103
37943 12161 37 110 103
37944 12162 37 111 103
37945 12163 37 112 103
37946 12164 37 113 103
37947 12165 37 114 103
37948 12166 37 115 103
37949 12167 37 116 103
37951 12168 37 0 104
37952 12169 37 1 104
37956 12170 37 2 104
37957 12171 37 3 104
37958 12172 37 4 104
37959 12173 37 5 104
37960 12174 37 6 104
37961 12175 37 7 104
37962 12176 37 8 104
37963 12177 37 9 104
37964 12178 37 10 104
37967 12179 37 11 104
37968 12180 37 12 104
37969 12181 37 13 104
37970 12182 37 14 104
37973 12183 37 15 104
37975 12184 37 16 104
37981 12185 37 17 104
37982 12186 37 18 104
37984 12187 37 19 104
37986 12188 37 20 104
37987 12189 37 21 104
37988 12190 37 22 104
37992 12191 37 23 104
37993 12192 37 24 104
37994 12193 37 25 104
37995 12194 37 26 104
37997 12195 37 27 104
37998 12196 37 28 104
37999 12197 37 29 104
38000 12198 37 30 104
38001 12199 37 31 104
38002 12200 37 32 104
38003 12201 37 33 104
38004 12202 37 34 104
38005 12203 37 35 104
38006 12204 37 36 104
38007 12205 37 37 104
38008 12206 37 38 104
38012 12207 37 39 104
38013 12208 37 40 104
38014 12209 37 41 104
38015 12210 37 42 104
38016 12211 37 43 104
38017 12212 37 44 104
38018 12213 37 45 104
38019 12214 37 46 104
38263 12215 37 47 104
38266 12216 37 48 104
38267 12217 37 49 104
38268 12218 37 50 104
38269 12219 37 51 104
38272 12220 37 52 104
38274 12221 37 53 104
38275 12222 37 54 104
38278 12223 37 55 104
38280 12224 37 56 104
38281 12225 37 57 104
38283 12226 37 58 104
38284 12227 37 59 104
38285 12228 37 60 104
38286 12229 37 61 104
38287 12230 37 62 104
38288 12231 37 63 104
38289 12232 37 64 104
38290 12233 37 65 104
38291 12234 37 66 104
38292 12235 37 67 104
38296 12236 37 68 104
38299 12237 37 69 104
38300 12238 37 70 104
38302 12239 37 71 104
38303 12240 37 72 104
38305 12241 37 73 104
38307 12242 37 74 104
38308 12243 37 75 104
38309 12244 37 76 104
38312 12245 37 77 104
38313 12246 37 78 104
38315 12247 37 79 104
38316 12248 37 80 104
38317 12249 37 81 104
38318 12250 37 82 104
38320 12251 37 83 104
38321 12252 37 84 104
38325 12253 37 85 104
38326 12254 37 86 104
38327 12255 37 87 104
38329 12256 37 88 104
38330 12257 37 89 104
38331 12258 37 90 104
38332 12259 37 91 104
38333 12260 37 92 104
38334 12261 37 93 104
38335 12262 37 94 104
38336 12263 37 95 104
38339 12264 37 96 104
38341 12265 37 97 104
38342 12266 37 98 104
38343 12267 37 99 104
38344 12268 37 100 104
38345 12269 37 101 104
38346 12270 37 102 104
38347 12271 37 103 104
38348 12272 37 104 104
38349 12273 37 105 104
38352 12274 37 106 104
38353 12275 37 107 104
38354 12276 37 108 104
38355 12277 37 109 104
38356 12278 37 110 104
38357 12279 37 111 104
38358 12280 37 112 104
38362 12281 37 113 104
38363 12282 37 114 104
38364 12283 37 115 104
38366 12284 37 116 104
38367 12285 37 0 105
38368 12286 37 1 105
38369 12287 37 2 105
38370 12288 37 3 105
38371 12289 37 4 105
38372 12290 37 5 105
38373 12291 37 6 105
38428 12292 37 7 105
38430 12293 37 8 105
38432 12294 37 9 105
38433 12295 37 10 105
38434 12296 37 11 105
38435 12297 37 12 105
38436 12298 37 13 105
38440 12299 37 14 105
38442 12300 37 15 105
38444 12301 37 16 105
38445 12302 37 17 105
38446 12303 37 18 105
38447 12304 37 19 105
38448 12305 37 20 105
38449 12306 37 21 105
38450 12307 37 22 105
38457 12308 37 23 105
38458 12309 37 24 105
38459 12310 37 25 105
38460 12311 37 26 105
38461 12312 37 27 105
38463 12313 37 28 105
38464 12314 37 29 105
38466 12315 37 30 105
38467 12316 37 31 105
38468 12317 37 32 105
38474 12318 37 33 105
38475 12319 37 34 105
38476 12320 37 35 105
38477 12321 37 36 105
38478 12322 37 37 105
38479 12323 37 38 105
38480 12324 37 39 105
38481 12325 37 40 105
38483 12326 37 41 105
38484 12327 37 42 105
38488 12328 37 43 105
38491 12329 37 44 105
38492 12330 37 45 105
38493 12331 37 46 105
38494 12332 37 47 105
38495 12333 37 48 105
38497 12334 37 49 105
38498 12335 37 50 105
38499 12336 37 51 105
38500 12337 37 52 105
38506 12338 37 53 105
38507 12339 37 54 105
38508 12340 37 55 105
38509 12341 37 56 105
38511 12342 37 57 105
38512 12343 37 58 105
38513 12344 37 59 105
38514 12345 37 60 105
38515 12346 37 61 105
38516 12347 37 62 105
38517 12348 37 63 105
38518 12349 37 64 105
38519 12350 37 65 105
38520 12351 37 66 105
38524 12352 37 67 105
38525 12353 37 68 105
38526 12354 37 69 105
38528 12355 37 70 105
38531 12356 37 71 105
38532 12357 37 72 105
38533 12358 37 73 105
38534 12359 37 74 105
38535 12360 37 75 105
38536 12361 37 76 105
38537 12362 37 77 105
38538 12363 37 78 105
38539 12364 37 79 105
38541 12365 37 80 105
38542 12366 37 81 105
38545 12367 37 82 105
38546 12368 37 83 105
38547 12369 37 84 105
38548 12370 37 85 105
38549 12371 37 86 105
38551 12372 37 87 105
38552 12373 37 88 105
38553 12374 37 89 105
38555 12375 37 90 105
38556 12376 37 91 105
38558 12377 37 92 105
38561 12378 37 93 105
38562 12379 37 94 105
38564 12380 37 95 105
38567 12381 37 96 105
38568 12382 37 97 105
38569 12383 37 98 105
38570 12384 37 99 105
38572 12385 37 100 105
38574 12386 37 101 105
38576 12387 37 102 105
38577 12388 37 103 105
38579 12389 37 104 105
38580 12390 37 105 105
38584 12391 37 106 105
38585 12392 37 107 105
38587 12393 37 108 105
38588 12394 37 109 105
38591 12395 37 110 105
38592 12396 37 111 105
38593 12397 37 112 105
38594 12398 37 113 105
38595 12399 37 114 105
38596 12400 37 115 105
38597 12401 37 116 105
38598 12402 37 0 106
38599 12403 37 1 106
38600 12404 37 2 106
38601 12405 37 3 106
38602 12406 37 4 106
38603 12407 37 5 106
38604 12408 37 6 106
38605 12409 37 7 106
38606 12410 37 8 106
38610 12411 37 9 106
38611 12412 37 10 106
38612 12413 37 11 106
38613 12414 37 12 106
38614 12415 37 13 106
38615 12416 37 14 106
38616 12417 37 15 106
38617 12418 37 16 106
38618 12419 37 17 106
38619 12420 37 18 106
38620 12421 37 19 106
38621 12422 37 20 106
38622 12423 37 21 106
38623 12424 37 22 106
38625 12425 37 23 106
38626 12426 37 24 106
38627 12427 37 25 106
38629 12428 37 26 106
38632 12429 37 27 106
38633 12430 37 28 106
38634 12431 37 29 106
38639 12432 37 30 106
38640 12433 37 31 106
38641 12434 37 32 106
38642 12435 37 33 106
38645 12436 37 34 106
38646 12437 37 35 106
38647 12438 37 36 106
38648 12439 37 37 106
38649 12440 37 38 106
38650 12441 37 39 106
38651 12442 37 40 106
38653 12443 37 41 106
38655 12444 37 42 106
38656 12445 37 43 106
38658 12446 37 44 106
38660 12447 37 45 106
38661 12448 37 46 106
38662 12449 37 47 106
38663 12450 37 48 106
38664 12451 37 49 106
38665 12452 37 50 106
38667 12453 37 51 106
38669 12454 37 52 106
38670 12455 37 53 106
38671 12456 37 54 106
38672 12457 37 55 106
38673 12458 37 56 106
38674 12459 37 57 106
38675 12460 37 58 106
38678 12461 37 59 106
38680 12462 37 60 106
38681 12463 37 61 106
38684 12464 37 62 106
38685 12465 37 63 106
38686 12466 37 64 106
38687 12467 37 65 106
38688 12468 37 66 106
38690 12469 37 67 106
38691 12470 37 68 106
38692 12471 37 69 106
38693 12472 37 70 106
38694 12473 37 71 106
38695 12474 37 72 106
38696 12475 37 73 106
38697 12476 37 74 106
38698 12477 37 75 106
38699 12478 37 76 106
38700 12479 37 77 106
38702 12480 37 78 106
38703 12481 37 79 106
38704 12482 37 80 106
38706 12483 37 81 106
38709 12484 37 82 106
38712 12485 37 83 106
38713 12486 37 84 106
38714 12487 37 85 106
38717 12488 37 86 106
38718 12489 37 87 106
38719 12490 37 88 106
38722 12491 37 89 106
38723 12492 37 90 106
38724 12493 37 91 106
38726 12494 37 92 106
38727 12495 37 93 106
38728 12496 37 94 106
38729 12497 37 95 106
38731 12498 37 96 106
38738 12499 37 97 106
38742 12500 37 98 106
38744 12501 37 99 106
38746 12502 37 100 106
38747 12503 37 101 106
38748 12504 37 102 106
38750 12505 37 103 106
38752 12506 37 104 106
38753 12507 37 105 106
38754 12508 37 106 106
38758 12509 37 107 106
38760 12510 37 108 106
38761 12511 37 109 106
38762 12512 37 110 106
38764 12513 37 111 106
38766 12514 37 112 106
38768 12515 37 113 106
38770 12516 37 114 106
38771 12517 37 115 106
38772 12518 37 116 106
38774 12519 37 0 107
38775 12520 37 1 107
38776 12521 37 2 107
38778 12522 37 3 107
38779 12523 37 4 107
38780 12524 37 5 107
38781 12525 37 6 107
38782 12526 37 7 107
38783 12527 37 8 107
38784 12528 37 9 107
38785 12529 37 10 107
38786 12530 37 11 107
38787 12531 37 12 107
38788 12532 37 13 107
38789 12533 37 14 107
38792 12534 37 15 107
38794 12535 37 16 107
38795 12536 37 17 107
38797 12537 37 18 107
38798 12538 37 19 107
38799 12539 37 20 107
38804 12540 37 21 107
38807 12541 37 22 107
38808 12542 37 23 107
38809 12543 37 24 107
38810 12544 37 25 107
38812 12545 37 26 107
38813 12546 37 27 107
38814 12547 37 28 107
38816 12548 37 29 107
38817 12549 37 30 107
38818 12550 37 31 107
38819 12551 37 32 107
38820 12552 37 33 107
38821 12553 37 34 107
38822 12554 37 35 107
38824 12555 37 36 107
38826 12556 37 37 107
38827 12557 37 38 107
38828 12558 37 39 107
38829 12559 37 40 107
38830 12560 37 41 107
38835 12561 37 42 107
38838 12562 37 43 107
38839 12563 37 44 107
38841 12564 37 45 107
38843 12565 37 46 107
38847 12566 37 47 107
38849 12567 37 48 107
38851 12568 37 49 107
38852 12569 37 50 107
38853 12570 37 51 107
38854 12571 37 52 107
38855 12572 37 53 107
38857 12573 37 54 107
38859 12574 37 55 107
38860 12575 37 56 107
38861 12576 37 57 107
38862 12577 37 58 107
38863 12578 37 59 107
38864 12579 37 60 107
38867 12580 37 61 107
38868 12581 37 62 107
38869 12582 37 63 107
38870 12583 37 64 107
38871 12584 37 65 107
38872 12585 37 66 107
38873 12586 37 67 107
38876 12587 37 68 107
38877 12588 37 69 107
38878 12589 37 70 107
38879 12590 37 71 107
38881 12591 37 72 107
38883 12592 37 73 107
38885 12593 37 74 107
38893 12594 37 75 107
38896 12595 37 76 107
38897 12596 37 77 107
38899 12597 37 78 107
38902 12598 37 79 107
38904 12599 37 80 107
38905 12600 37 81 107
38906 12601 37 82 107
38907 12602 37 83 107
38909 12603 37 84 107
38910 12604 37 85 107
38911 12605 37 86 107
38912 12606 37 87 107
38913 12607 37 88 107
38914 12608 37 89 107
38915 12609 37 90 107
38916 12610 37 91 107
38917 12611 37 92 107
38918 12612 37 93 107
38919 12613 37 94 107
38920 12614 37 95 107
38922 12615 37 96 107
38924 12616 37 97 107
38925 12617 37 98 107
38926 12618 37 99 107
38927 12619 37 100 107
38928 12620 37 101 107
38929 12621 37 102 107
38930 12622 37 103 107
38931 12623 37 104 107
38934 12624 37 105 107
38935 12625 37 106 107
38936 12626 37 107 107
38939 12627 37 108 107
38940 12628 37 109 107
38941 12629 37 110 107
38942 12630 37 111 107
38944 12631 37 112 107
38945 12632 37 113 107
38948 12633 37 114 107
38950 12634 37 115 107
38951 12635 37 116 107
38952 12636 37 0 108
38953 12637 37 1 108
38955 12638 37 2 108
38957 12639 37 3 108
38959 12640 37 4 108
38960 12641 37 5 108
38962 12642 37 6 108
38965 12643 37 7 108
38967 12644 37 8 108
38968 12645 37 9 108
38969 12646 37 10 108
38971 12647 37 11 108
38977 12648 37 12 108
38979 12649 37 13 108
38980 12650 37 14 108
38981 12651 37 15 108
38982 12652 37 16 108
38984 12653 37 17 108
38985 12654 37 18 108
38986 12655 37 19 108
38988 12656 37 20 108
38989 12657 37 21 108
38990 12658 37 22 108
38991 12659 37 23 108
38992 12660 37 24 108
38993 12661 37 25 108
38994 12662 37 26 108
38995 12663 37 27 108
38999 12664 37 28 108
39000 12665 37 29 108
39001 12666 37 30 108
39003 12667 37 31 108
39004 12668 37 32 108
39005 12669 37 33 108
39006 12670 37 34 108
39007 12671 37 35 108
39008 12672 37 36 108
39010 12673 37 37 108
39011 12674 37 38 108
39012 12675 37 39 108
39013 12676 37 40 108
39015 12677 37 41 108
39017 12678 37 42 108
39018 12679 37 43 108
39019 12680 37 44 108
39023 12681 37 45 108
39024 12682 37 46 108
39025 12683 37 47 108
39026 12684 37 48 108
39027 12685 37 49 108
39028 12686 37 50 108
39080 12687 37 51 108
39081 12688 37 52 108
39084 12689 37 53 108
39085 12690 37 54 108
39086 12691 37 55 108
39087 12692 37 56 108
39089 12693 37 57 108
39090 12694 37 58 108
39091 12695 37 59 108
39094 12696 37 60 108
39096 12697 37 61 108
39098 12698 37 62 108
39099 12699 37 63 108
39100 12700 37 64 108
39101 12701 37 65 108
39102 12702 37 66 108
39103 12703 37 67 108
39104 12704 37 68 108
39105 12705 37 69 108
39106 12706 37 70 108
39108 12707 37 71 108
39110 12708 37 72 108
39113 12709 37 73 108
39115 12710 37 74 108
39116 12711 37 75 108
39131 12712 37 76 108
39135 12713 37 77 108
39138 12714 37 78 108
39139 12715 37 79 108
39141 12716 37 80 108
39143 12717 37 81 108
39145 12718 37 82 108
39146 12719 37 83 108
39147 12720 37 84 108
39149 12721 37 85 108
39151 12722 37 86 108
39154 12723 37 87 108
39156 12724 37 88 108
39158 12725 37 89 108
39161 12726 37 90 108
39162 12727 37 91 108
39164 12728 37 92 108
39165 12729 37 93 108
39166 12730 37 94 108
39168 12731 37 95 108
39170 12732 37 96 108
39171 12733 37 97 108
39173 12734 37 98 108
39175 12735 37 99 108
39176 12736 37 100 108
39177 12737 37 101 108
39178 12738 37 102 108
39180 12739 37 103 108
39184 12740 37 104 108
39185 12741 37 105 108
39186 12742 37 106 108
39187 12743 37 107 108
39188 12744 37 108 108
39189 12745 37 109 108
39190 12746 37 110 108
39191 12747 37 111 108
39192 12748 37 112 108
39194 12749 37 113 108
39195 12750 37 114 108
39198 12751 37 115 108
39199 12752 37 116 108
39201 12753 37 0 109
39204 12754 37 1 109
39205 12755 37 2 109
39207 12756 37 3 109
39208 12757 37 4 109
39209 12758 37 5 109
39210 12759 37 6 109
39211 12760 37 7 109
39212 12761 37 8 109
39213 12762 37 9 109
39214 12763 37 10 109
39215 12764 37 11 109
39216 12765 37 12 109
39217 12766 37 13 109
39218 12767 37 14 109
39219 12768 37 15 109
39221 12769 37 16 109
39226 12770 37 17 109
39228 12771 37 18 109
39229 12772 37 19 109
39230 12773 37 20 109
39231 12774 37 21 109
39233 12775 37 22 109
39235 12776 37 23 109
39237 12777 37 24 109
39239 12778 37 25 109
39240 12779 37 26 109
39241 12780 37 27 109
39243 12781 37 28 109
39244 12782 37 29 109
39246 12783 37 30 109
39248 12784 37 31 109
39249 12785 37 32 109
39250 12786 37 33 109
39251 12787 37 34 109
39252 12788 37 35 109
39253 12789 37 36 109
39254 12790 37 37 109
39255 12791 37 38 109
39256 12792 37 39 109
39257 12793 37 40 109
39259 12794 37 41 109
39260 12795 37 42 109
39262 12796 37 43 109
39263 12797 37 44 109
39265 12798 37 45 109
39318 12799 37 46 109
39319 12800 37 47 109
39320 12801 37 48 109
39321 12802 37 49 109
39324 12803 37 50 109
39325 12804 37 51 109
39326 12805 37 52 109
39329 12806 37 53 109
39331 12807 37 54 109
39333 12808 37 55 109
39334 12809 37 56 109
39335 12810 37 57 109
39336 12811 37 58 109
39339 12812 37 59 109
39340 12813 37 60 109
39341 12814 37 61 109
39342 12815 37 62 109
39343 12816 37 63 109
39344 12817 37 64 109
39345 12818 37 65 109
39346 12819 37 66 109
39347 12820 37 67 109
39348 12821 37 68 109
39349 12822 37 69 109
39353 12823 37 70 109
39354 12824 37 71 109
39355 12825 37 72 109
39357 12826 37 73 109
39361 12827 37 74 109
39362 12828 37 75 109
39363 12829 37 76 109
39367 12830 37 77 109
39369 12831 37 78 109
39371 12832 37 79 109
39372 12833 37 80 109
39373 12834 37 81 109
39374 12835 37 82 109
39375 12836 37 83 109
39376 12837 37 84 109
39377 12838 37 85 109
39378 12839 37 86 109
39379 12840 37 87 109
39380 12841 37 88 109
39381 12842 37 89 109
39382 12843 37 90 109
39383 12844 37 91 109
39384 12845 37 92 109
39385 12846 37 93 109
39387 12847 37 94 109
39388 12848 37 95 109
39389 12849 37 96 109
39391 12850 37 97 109
39394 12851 37 98 109
39395 12852 37 99 109
39396 12853 37 100 109
39397 12854 37 101 109
39399 12855 37 102 109
39401 12856 37 103 109
39402 12857 37 104 109
39404 12858 37 105 109
39405 12859 37 106 109
39406 12860 37 107 109
39408 12861 37 108 109
39409 12862 37 109 109
39412 12863 37 110 109
39414 12864 37 111 109
39415 12865 37 112 109
39416 12866 37 113 109
39417 12867 37 114 109
39418 12868 37 115 109
39419 12869 37 116 109
39420 12870 37 0 110
39421 12871 37 1 110
39422 12872 37 2 110
39423 12873 37 3 110
39425 12874 37 4 110
39426 12875 37 5 110
39427 12876 37 6 110
39428 12877 37 7 110
39429 12878 37 8 110
39430 12879 37 9 110
39431 12880 37 10 110
39433 12881 37 11 110
39434 12882 37 12 110
39435 12883 37 13 110
39437 12884 37 14 110
39438 12885 37 15 110
39439 12886 37 16 110
39441 12887 37 17 110
39444 12888 37 18 110
39445 12889 37 19 110
39446 12890 37 20 110
39449 12891 37 21 110
39450 12892 37 22 110
39451 12893 37 23 110
39452 12894 37 24 110
39453 12895 37 25 110
39454 12896 37 26 110
39456 12897 37 27 110
39458 12898 37 28 110
39459 12899 37 29 110
39460 12900 37 30 110
39461 12901 37 31 110
39463 12902 37 32 110
39465 12903 37 33 110
39466 12904 37 34 110
39467 12905 37 35 110
39468 12906 37 36 110
39469 12907 37 37 110
39470 12908 37 38 110
39472 12909 37 39 110
39473 12910 37 40 110
39474 12911 37 41 110
39476 12912 37 42 110
39477 12913 37 43 110
39478 12914 37 44 110
39479 12915 37 45 110
39480 12916 37 46 110
39481 12917 37 47 110
39482 12918 37 48 110
39485 12919 37 49 110
39486 12920 37 50 110
39487 12921 37 51 110
39488 12922 37 52 110
39489 12923 37 53 110
39490 12924 37 54 110
39491 12925 37 55 110
39492 12926 37 56 110
39493 12927 37 57 110
39494 12928 37 58 110
39496 12929 37 59 110
39497 12930 37 60 110
39498 12931 37 61 110
39500 12932 37 62 110
39501 12933 37 63 110
39502 12934 37 64 110
39503 12935 37 65 110
39504 12936 37 66 110
39506 12937 37 67 110
39507 12938 37 68 110
39508 12939 37 69 110
39509 12940 37 70 110
39510 12941 37 71 110
39511 12942 37 72 110
39513 12943 37 73 110
39514 12944 37 74 110
39515 12945 37 75 110
39518 12946 37 76 110
39519 12947 37 77 110
39520 12948 37 78 110
39522 12949 37 79 110
39524 12950 37 80 110
39525 12951 37 81 110
39526 12952 37 82 110
39527 12953 37 83 110
39528 12954 37 84 110
39529 12955 37 85 110
39530 12956 37 86 110
39531 12957 37 87 110
39592 12958 37 88 110
39595 12959 37 89 110
39597 12960 37 90 110
39599 12961 37 91 110
39600 12962 37 92 110
39601 12963 37 93 110
39603 12964 37 94 110
39604 12965 37 95 110
39607 12966 37 96 110
39608 12967 37 97 110
39609 12968 37 98 110
39611 12969 37 99 110
39612 12970 37 100 110
39614 12971 37 101 110
39615 12972 37 102 110
39616 12973 37 103 110
39617 12974 37 104 110
39618 12975 37 105 110
39622 12976 37 106 110
39623 12977 37 107 110
39626 12978 37 108 110
39629 12979 37 109 110
39631 12980 37 110 110
39632 12981 37 111 110
39633 12982 37 112 110
39634 12983 37 113 110
39635 12984 37 114 110
39636 12985 37 115 110
39637 12986 37 116 110
39638 12987 37 0 111
39640 12988 37 1 111
39644 12989 37 2 111
39647 12990 37 3 111
39649 12991 37 4 111
39651 12992 37 5 111
39654 12993 37 6 111
39655 12994 37 7 111
39659 12995 37 8 111
39660 12996 37 9 111
39661 12997 37 10 111
39662 12998 37 11 111
39663 12999 37 12 111
39665 13000 37 13 111
39666 13001 37 14 111
39667 13002 37 15 111
39670 13003 37 16 111
39671 13004 37 17 111
39673 13005 37 18 111
39674 13006 37 19 111
39675 13007 37 20 111
39676 13008 37 21 111
39677 13009 37 22 111
39678 13010 37 23 111
39681 13011 37 24 111
39683 13012 37 25 111
39684 13013 37 26 111
39685 13014 37 27 111
39686 13015 37 28 111
39688 13016 37 29 111
39690 13017 37 30 111
39691 13018 37 31 111
39692 13019 37 32 111
39693 13020 37 33 111
39694 13021 37 34 111
39696 13022 37 35 111
39697 13023 37 36 111
39698 13024 37 37 111
39701 13025 37 38 111
39702 13026 37 39 111
39703 13027 37 40 111
39704 13028 37 41 111
39705 13029 37 42 111
39706 13030 37 43 111
39710 13031 37 44 111
39711 13032 37 45 111
39712 13033 37 46 111
39714 13034 37 47 111
39715 13035 37 48 111
39716 13036 37 49 111
39717 13037 37 50 111
39719 13038 37 51 111
39720 13039 37 52 111
39721 13040 37 53 111
39723 13041 37 54 111
39726 13042 37 55 111
39727 13043 37 56 111
39729 13044 37 57 111
39730 13045 37 58 111
39731 13046 37 59 111
39733 13047 37 60 111
39735 13048 37 61 111
39738 13049 37 62 111
39739 13050 37 63 111
39740 13051 37 64 111
39742 13052 37 65 111
39743 13053 37 66 111
39745 13054 37 67 111
39746 13055 37 68 111
39747 13056 37 69 111
39748 13057 37 70 111
39749 13058 37 71 111
39750 13059 37 72 111
39752 13060 37 73 111
39754 13061 37 74 111
39755 13062 37 75 111
39756 13063 37 76 111
39757 13064 37 77 111
39758 13065 37 78 111
39759 13066 37 79 111
39761 13067 37 80 111
39762 13068 37 81 111
39764 13069 37 82 111
39765 13070 37 83 111
39766 13071 37 84 111
39768 13072 37 85 111
39769 13073 37 86 111
39770 13074 37 87 111
39771 13075 37 88 111
39775 13076 37 89 111
39776 13077 37 90 111
39777 13078 37 91 111
39780 13079 37 92 111
39782 13080 37 93 111
39783 13081 37 94 111
39784 13082 37 95 111
39788 13083 37 96 111
39791 13084 37 97 111
39792 13085 37 98 111
39793 13086 37 99 111
39796 13087 37 100 111
39797 13088 37 101 111
39798 13089 37 102 111
39799 13090 37 103 111
39802 13091 37 104 111
39803 13092 37 105 111
39804 13093 37 106 111
39805 13094 37 107 111
39806 13095 37 108 111
39808 13096 37 109 111
39810 13097 37 110 111
39813 13098 37 111 111
39814 13099 37 112 111
39815 13100 37 113 111
39816 13101 37 114 111
39824 13102 37 115 111
39825 13103 37 116 111
39826 13104 37 0 112
39827 13105 37 1 112
39829 13106 37 2 112
39834 13107 37 3 112
39835 13108 37 4 112
39838 13109 37 5 112
39840 13110 37 6 112
39841 13111 37 7 112
39842 13112 37 8 112
39844 13113 37 9 112
39845 13114 37 10 112
39846 13115 37 11 112
39848 13116 37 12 112
39850 13117 37 13 112
39851 13118 37 14 112
39853 13119 37 15 112
39854 13120 37 16 112
39855 13121 37 17 112
39861 13122 37 18 112
39862 13123 37 19 112
39864 13124 37 20 112
39865 13125 37 21 112
39869 13126 37 22 112
39871 13127 37 23 112
39872 13128 37 24 112
39873 13129 37 25 112
39875 13130 37 26 112
39876 13131 37 27 112
39878 13132 37 28 112
39879 13133 37 29 112
39880 13134 37 30 112
39881 13135 37 31 112
39882 13136 37 32 112
39891 13137 37 33 112
39892 13138 37 34 112
39893 13139 37 35 112
39894 13140 37 36 112
39895 13141 37 37 112
39897 13142 37 38 112
39898 13143 37 39 112
39899 13144 37 40 112
39900 13145 37 41 112
39902 13146 37 42 112
39904 13147 37 43 112
39905 13148 37 44 112
39906 13149 37 45 112
39908 13150 37 46 112
39909 13151 37 47 112
39910 13152 37 48 112
39911 13153 37 49 112
39912 13154 37 50 112
39914 13155 37 51 112
39915 13156 37 52 112
39916 13157 37 53 112
39920 13158 37 54 112
39927 13159 37 55 112
39928 13160 37 56 112
39933 13161 37 57 112
39941 13162 37 58 112
39942 13163 37 59 112
39943 13164 37 60 112
39944 13165 37 61 112
39945 13166 37 62 112
39947 13167 37 63 112
39949 13168 37 64 112
39950 13169 37 65 112
39954 13170 37 66 112
39955 13171 37 67 112
39956 13172 37 68 112
39959 13173 37 69 112
39964 13174 37 70 112
39965 13175 37 71 112
39969 13176 37 72 112
39971 13177 37 73 112
39972 13178 37 74 112
39973 13179 37 75 112
39976 13180 37 76 112
39977 13181 37 77 112
39979 13182 37 78 112
39980 13183 37 79 112
39981 13184 37 80 112
39985 13185 37 81 112
39986 13186 37 82 112
39987 13187 37 83 112
39988 13188 37 84 112
39990 13189 37 85 112
39991 13190 37 86 112
39993 13191 37 87 112
39995 13192 37 88 112
39996 13193 37 89 112
39997 13194 37 90 112
39998 13195 37 91 112
39999 13196 37 92 112
40000 13197 37 93 112
40001 13198 37 94 112
40004 13199 37 95 112
40006 13200 37 96 112
40008 13201 37 97 112
40009 13202 37 98 112
40010 13203 37 99 112
40011 13204 37 100 112
40012 13205 37 101 112
40013 13206 37 102 112
40014 13207 37 103 112
40016 13208 37 104 112
40018 13209 37 105 112
40020 13210 37 106 112
40021 13211 37 107 112
40022 13212 37 108 112
40023 13213 37 109 112
40024 13214 37 110 112
40025 13215 37 111 112
40030 13216 37 112 112
40031 13217 37 113 112
40032 13218 37 114 112
40034 13219 37 115 112
40035 13220 37 116 112
40038 13221 37 0 113
40039 13222 37 1 113
40040 13223 37 2 113
40045 13224 37 3 113
40046 13225 37 4 113
40049 13226 37 5 113
40051 13227 37 6 113
40052 13228 37 7 113
40053 13229 37 8 113
40055 13230 37 9 113
40056 13231 37 10 113
40057 13232 37 11 113
40058 13233 37 12 113
40165 13234 37 13 113
40166 13235 37 14 113
40167 13236 37 15 113
40169 13237 37 16 113
40170 13238 37 17 113
40173 13239 37 18 113
40177 13240 37 19 113
40178 13241 37 20 113
40179 13242 37 21 113
40180 13243 37 22 113
40181 13244 37 23 113
40182 13245 37 24 113
40183 13246 37 25 113
40185 13247 37 26 113
40186 13248 37 27 113
40187 13249 37 28 113
40188 13250 37 29 113
40189 13251 37 30 113
40191 13252 37 31 113
40192 13253 37 32 113
40195 13254 37 33 113
40196 13255 37 34 113
40197 13256 37 35 113
40198 13257 37 36 113
40199 13258 37 37 113
40200 13259 37 38 113
40201 13260 37 39 113
40208 13261 37 40 113
40210 13262 37 41 113
40212 13263 37 42 113
40213 13264 37 43 113
40215 13265 37 44 113
40216 13266 37 45 113
40217 13267 37 46 113
40219 13268 37 47 113
40221 13269 37 48 113
40222 13270 37 49 113
40223 13271 37 50 113
40224 13272 37 51 113
40226 13273 37 52 113
40227 13274 37 53 113
40229 13275 37 54 113
40230 13276 37 55 113
40232 13277 37 56 113
40233 13278 37 57 113
40237 13279 37 58 113
40238 13280 37 59 113
40239 13281 37 60 113
40240 13282 37 61 113
40241 13283 37 62 113
40243 13284 37 63 113
40246 13285 37 64 113
40247 13286 37 65 113
40248 13287 37 66 113
40251 13288 37 67 113
40253 13289 37 68 113
40254 13290 37 69 113
40255 13291 37 70 113
40256 13292 37 71 113
40257 13293 37 72 113
40258 13294 37 73 113
40259 13295 37 74 113
40261 13296 37 75 113
40266 13297 37 76 113
40267 13298 37 77 113
40268 13299 37 78 113
40271 13300 37 79 113
40273 13301 37 80 113
40274 13302 37 81 113
40275 13303 37 82 113
40276 13304 37 83 113
40278 13305 37 84 113
40279 13306 37 85 113
40280 13307 37 86 113
40281 13308 37 87 113
40282 13309 37 88 113
40283 13310 37 89 113
40284 13311 37 90 113
40285 13312 37 91 113
40287 13313 37 92 113
40288 13314 37 93 113
40289 13315 37 94 113
40295 13316 37 95 113
40296 13317 37 96 113
40297 13318 37 97 113
40298 13319 37 98 113
40299 13320 37 99 113
40300 13321 37 100 113
40303 13322 37 101 113
40304 13323 37 102 113
40305 13324 37 103 113
40306 13325 37 104 113
40307 13326 37 105 113
40308 13327 37 106 113
40309 13328 37 107 113
40311 13329 37 108 113
40312 13330 37 109 113
40313 13331 37 110 113
40315 13332 37 111 113
40317 13333 37 112 113
40319 13334 37 113 113
40320 13335 37 114 113
40321 13336 37 115 113
40322 13337 37 116 113
40324 13338 37 0 114
40325 13339 37 1 114
40326 13340 37 2 114
40327 13341 37 3 114
40328 13342 37 4 114
40329 13343 37 5 114
40330 13344 37 6 114
40331 13345 37 7 114
40332 13346 37 8 114
40336 13347 37 9 114
40338 13348 37 10 114
40340 13349 37 11 114
40342 13350 37 12 114
40343 13351 37 13 114
40344 13352 37 14 114
40345 13353 37 15 114
40346 13354 37 16 114
40347 13355 37 17 114
40348 13356 37 18 114
40349 13357 37 19 114
40350 13358 37 20 114
40351 13359 37 21 114
40352 13360 37 22 114
40353 13361 37 23 114
40354 13362 37 24 114
40355 13363 37 25 114
40356 13364 37 26 114
40358 13365 37 27 114
40359 13366 37 28 114
40360 13367 37 29 114
40361 13368 37 30 114
40362 13369 37 31 114
40364 13370 37 32 114
40365 13371 37 33 114
40367 13372 37 34 114
40369 13373 37 35 114
40370 13374 37 36 114
40371 13375 37 37 114
40372 13376 37 38 114
40373 13377 37 39 114
40374 13378 37 40 114
40375 13379 37 41 114
40376 13380 37 42 114
40377 13381 37 43 114
40378 13382 37 44 114
40379 13383 37 45 114
40380 13384 37 46 114
40382 13385 37 47 114
40383 13386 37 48 114
40385 13387 37 49 114
40386 13388 37 50 114
40387 13389 37 51 114
40389 13390 37 52 114
40391 13391 37 53 114
40392 13392 37 54 114
40394 13393 37 55 114
40395 13394 37 56 114
40396 13395 37 57 114
40397 13396 37 58 114
40398 13397 37 59 114
40399 13398 37 60 114
40400 13399 37 61 114
40401 13400 37 62 114
40402 13401 37 63 114
40403 13402 37 64 114
40405 13403 37 65 114
40406 13404 37 66 114
40407 13405 37 67 114
40408 13406 37 68 114
40409 13407 37 69 114
40410 13408 37 70 114
40411 13409 37 71 114
40412 13410 37 72 114
40413 13411 37 73 114
40414 13412 37 74 114
40415 13413 37 75 114
40417 13414 37 76 114
40418 13415 37 77 114
40419 13416 37 78 114
40420 13417 37 79 114
40421 13418 37 80 114
40422 13419 37 81 114
40424 13420 37 82 114
40425 13421 37 83 114
40427 13422 37 84 114
40428 13423 37 85 114
40429 13424 37 86 114
40430 13425 37 87 114
40431 13426 37 88 114
40432 13427 37 89 114
40434 13428 37 90 114
40435 13429 37 91 114
40436 13430 37 92 114
40437 13431 37 93 114
40438 13432 37 94 114
40439 13433 37 95 114
40440 13434 37 96 114
40441 13435 37 97 114
40442 13436 37 98 114
40443 13437 37 99 114
40445 13438 37 100 114
40446 13439 37 101 114
40447 13440 37 102 114
40448 13441 37 103 114
40449 13442 37 104 114
40450 13443 37 105 114
40451 13444 37 106 114
40452 13445 37 107 114
40453 13446 37 108 114
40454 13447 37 109 114
40455 13448 37 110 114
40457 13449 37 111 114
40459 13450 37 112 114
40461 13451 37 113 114
40463 13452 37 114 114
40464 13453 37 115 114
40465 13454 37 116 114
40466 13455 37 0 115
40467 13456 37 1 115
40468 13457 37 2 115
40469 13458 37 3 115
40471 13459 37 4 115
40473 13460 37 5 115
40474 13461 37 6 115
40475 13462 37 7 115
40477 13463 37 8 115
40478 13464 37 9 115
40565 13465 37 10 115
40569 13466 37 11 115
40570 13467 37 12 115
40572 13468 37 13 115
40573 13469 37 14 115
40575 13470 37 15 115
40576 13471 37 16 115
40578 13472 37 17 115
40579 13473 37 18 115
40582 13474 37 19 115
40583 13475 37 20 115
40584 13476 37 21 115
40585 13477 37 22 115
40586 13478 37 23 115
40587 13479 37 24 115
40588 13480 37 25 115
40589 13481 37 26 115
40590 13482 37 27 115
40593 13483 37 28 115
40594 13484 37 29 115
40595 13485 37 30 115
40596 13486 37 31 115
40599 13487 37 32 115
40601 13488 37 33 115
40602 13489 37 34 115
40603 13490 37 35 115
40604 13491 37 36 115
40605 13492 37 37 115
40607 13493 37 38 115
40608 13494 37 39 115
40609 13495 37 40 115
40612 13496 37 41 115
40613 13497 37 42 115
40615 13498 37 43 115
40617 13499 37 44 115
40621 13500 37 45 115
40622 13501 37 46 115
40624 13502 37 47 115
40628 13503 37 48 115
40629 13504 37 49 115
40630 13505 37 50 115
40631 13506 37 51 115
40635 13507 37 52 115
40636 13508 37 53 115
40638 13509 37 54 115
40640 13510 37 55 115
40642 13511 37 56 115
40643 13512 37 57 115
40648 13513 37 58 115
40652 13514 37 59 115
40653 13515 37 60 115
40654 13516 37 61 115
40655 13517 37 62 115
40656 13518 37 63 115
40657 13519 37 64 115
40659 13520 37 65 115
40660 13521 37 66 115
40661 13522 37 67 115
40662 13523 37 68 115
40664 13524 37 69 115
40666 13525 37 70 115
40667 13526 37 71 115
40668 13527 37 72 115
40669 13528 37 73 115
40670 13529 37 74 115
40671 13530 37 75 115
40672 13531 37 76 115
40676 13532 37 77 115
40677 13533 37 78 115
40678 13534 37 79 115
40679 13535 37 80 115
40680 13536 37 81 115
40683 13537 37 82 115
40685 13538 37 83 115
40686 13539 37 84 115
40687 13540 37 85 115
40688 13541 37 86 115
40690 13542 37 87 115
40691 13543 37 88 115
40692 13544 37 89 115
40693 13545 37 90 115
40694 13546 37 91 115
40695 13547 37 92 115
40697 13548 37 93 115
40698 13549 37 94 115
40699 13550 37 95 115
40700 13551 37 96 115
40701 13552 37 97 115
40703 13553 37 98 115
40704 13554 37 99 115
40705 13555 37 100 115
40710 13556 37 101 115
40711 13557 37 102 115
40713 13558 37 103 115
40714 13559 37 104 115
40718 13560 37 105 115
40719 13561 37 106 115
40720 13562 37 107 115
40722 13563 37 108 115
40723 13564 37 109 115
40725 13565 37 110 115
40726 13566 37 111 115
40728 13567 37 112 115
40729 13568 37 113 115
40730 13569 37 114 115
40731 13570 37 115 115
40732 13571 37 116 115
40734 13572 37 0 116
40736 13573 37 1 116
40738 13574 37 2 116
40739 13575 37 3 116
40740 13576 37 4 116
40741 13577 37 5 116
40744 13578 37 6 116
40745 13579 37 7 116
40746 13580 37 8 116
40747 13581 37 9 116
40748 13582 37 10 116
40749 13583 37 11 116
40750 13584 37 12 116
40751 13585 37 13 116
40752 13586 37 14 116
40753 13587 37 15 116
40754 13588 37 16 116
40755 13589 37 17 116
40756 13590 37 18 116
40757 13591 37 19 116
40758 13592 37 20 116
40759 13593 37 21 116
40760 13594 37 22 116
40763 13595 37 23 116
40765 13596 37 24 116
40766 13597 37 25 116
40768 13598 37 26 116
40769 13599 37 27 116
40770 13600 37 28 116
40771 13601 37 29 116
40774 13602 37 30 116
40775 13603 37 31 116
40776 13604 37 32 116
40777 13605 37 33 116
40778 13606 37 34 116
40779 13607 37 35 116
40780 13608 37 36 116
40781 13609 37 37 116
40782 13610 37 38 116
40783 13611 37 39 116
40786 13612 37 40 116
40788 13613 37 41 116
40789 13614 37 42 116
40790 13615 37 43 116
40791 13616 37 44 116
40792 13617 37 45 116
40793 13618 37 46 116
40795 13619 37 47 116
40796 13620 37 48 116
40797 13621 37 49 116
40798 13622 37 50 116
40799 13623 37 51 116
40800 13624 37 52 116
40801 13625 37 53 116
40803 13626 37 54 116
40804 13627 37 55 116
40805 13628 37 56 116
40806 13629 37 57 116
40807 13630 37 58 116
40810 13631 37 59 116
40811 13632 37 60 116
40812 13633 37 61 116
40814 13634 37 62 116
40815 13635 37 63 116
40816 13636 37 64 116
40817 13637 37 65 116
40818 13638 37 66 116
40820 13639 37 67 116
40821 13640 37 68 116
40822 13641 37 69 116
40823 13642 37 70 116
40824 13643 37 71 116
40825 13644 37 72 116
40826 13645 37 73 116
40827 13646 37 74 116
40830 13647 37 75 116
40845 13648 37 76 116
40848 13649 37 77 116
40849 13650 37 78 116
40850 13651 37 79 116
40852 13652 37 80 116
40853 13653 37 81 116
40856 13654 37 82 116
40860 13655 37 83 116
40864 13656 37 84 116
40866 13657 37 85 116
40868 13658 37 86 116
64012 13659 37 87 116
64013 13660 37 88 116
65072 13661 37 89 116
65073 13662 37 90 116
65075 13663 37 91 116
65076 13664 37 92 116
65077 13665 37 93 116
65078 13666 37 94 116
65079 13667 37 95 116
65080 13668 37 96 116
65081 13669 37 97 116
65082 13670 37 98 116
65083 13671 37 99 116
65084 13672 37 100 116
65085 13673 37 101 116
65086 13674 37 102 116
65087 13675 37 103 116
65088 13676 37 104 116
65089 13677 37 105 116
65090 13678 37 106 116
65091 13679 37 107 116
65092 13680 37 108 116
65097 13681 37 109 116
65098 13682 37 110 116
65099 13683 37 111 116
65100 13684 37 112 116
65101 13685 37 113 116
65102 13686 37 114 116
65103 13687 37 115 116
65104 13688 37 116 116
65106 13689 37 0 117
65108 13690 37 1 117
65109 13691 37 2 117
65110 13692 37 3 117
65111 13693 37 4 117
65113 13694 37 5 117
65114 13695 37 6 117
65115 13696 37 7 117
65116 13697 37 8 117
65117 13698 37 9 117
65118 13699 37 10 117
65119 13700 37 11 117
65120 13701 37 12 117
65121 13702 37 13 117
65122 13703 37 14 117
65123 13704 37 15 117
65124 13705 37 16 117
65125 13706 37 17 117
65126 13707 37 18 117
65129 13708 37 19 117
65130 13709 37 20 117
65131 13710 37 21 117
65281 13711 37 22 117
65283 13712 37 23 117
65284 13713 37 24 117
65285 13714 37 25 117
65286 13715 37 26 117
65288 13716 37 27 117
65289 13717 37 28 117
65290 13718 37 29 117
65291 13719 37 30 117
65292 13720 37 31 117
65293 13721 37 32 117
65294 13722 37 33 117
65295 13723 37 34 117
65296 13724 37 35 117
65297 13725 37 36 117
65298 13726 37 37 117
65299 13727 37 38 117
65300 13728 37 39 117
65301 13729 37 40 117
65302 13730 37 41 117
65303 13731 37 42 117
65304 13732 37 43 117
65305 13733 37 44 117
65306 13734 37 45 117
65307 13735 37 46 117
65308 13736 37 47 117
65309 13737 37 48 117
65310 13738 37 49 117
65311 13739 37 50 117
65312 13740 37 51 117
65313 13741 37 52 117
65314 13742 37 53 117
65315 13743 37 54 117
65316 13744 37 55 117
65317 13745 37 56 117
65318 13746 37 57 117
65319 13747 37 58 117
65320 13748 37 59 117
65321 13749 37 60 117
65322 13750 37 61 117
65323 13751 37 62 117
65324 13752 37 63 117
65325 13753 37 64 117
65326 13754 37 65 117
65327 13755 37 66 117
65328 13756 37 67 117
65329 13757 37 68 117
65330 13758 37 69 117
65331 13759 37 70 117
65332 13760 37 71 117
65333 13761 37 72 117
65334 13762 37 73 117
65335 13763 37 74 117
65336 13764 37 75 117
65337 13765 37 76 117
65338 13766 37 77 117
65340 13767 37 78 117
65343 13768 37 79 117
65345 13769 37 80 117
65346 13770 37 81 117
65347 13771 37 82 117
65348 13772 37 83 117
65349 13773 37 84 117
65350 13774 37 85 117
65351 13775 37 86 117
65352 13776 37 87 117
65353 13777 37 88 117
65354 13778 37 89 117
65355 13779 37 90 117
65356 13780 37 91 117
65357 13781 37 92 117
65358 13782 37 93 117
65359 13783 37 94 117
65360 13784 37 95 117
65361 13785 37 96 117
65362 13786 37 97 117
65363 13787 37 98 117
65364 13788 37 99 117
65365 13789 37 100 117
65366 13790 37 101 117
65367 13791 37 102 117
65368 13792 37 103 117
65369 13793 37 104 117
65370 13794 37 105 117
65371 13795 37 106 117
65372 13796 37 107 117
65373 13797 37 108 117
65380 13798 37 109 117
65533 13799 37 110 117
65533 13800 37 111 117
65533 13801 37 112 117
65533 13802 37 113 117
65533 13803 37 114 117
65533 13804 37 115 117
65533 13805 37 116 117
