# 原版中文位图字体 font8：帧→字符 + 排版度量（**生成物，不要手改**）
# 生成命令：python tools/d2codec/make_chifont_assets.py
# 源：原版资源/导出的字体映射/font8_chi.tsv（原版 data/LOCAL/FONT/chi/font8.tbl
#     格式出处 libd2 packages/formats/src/font.zig L59-117）
# 图集：D2/Fonts/font8_chi.png（整幅，按行主序规则网格摆放）
# 字段：code frame advance col row（code=Unicode 码位；advance=该字排版步进=原版 width；
#       col/row=该字在图集里的格子；格子尺寸 = 11×11；列数 = 117）
COLS 117
CELL 11 11
COUNT 13806
32 0 3 0 0
33 1 3 1 0
34 2 4 2 0
35 3 5 3 0
36 4 5 4 0
37 5 9 5 0
38 6 8 6 0
39 7 2 7 0
40 8 3 8 0
41 9 3 9 0
42 10 5 10 0
43 11 6 11 0
44 12 3 12 0
45 13 3 13 0
46 14 3 14 0
47 15 3 15 0
48 16 5 16 0
49 17 5 17 0
50 18 5 18 0
51 19 5 19 0
52 20 5 20 0
53 21 5 21 0
54 22 5 22 0
55 23 5 23 0
56 24 5 24 0
57 25 5 25 0
58 26 3 26 0
59 27 3 27 0
60 28 6 28 0
61 29 6 29 0
62 30 6 30 0
63 31 5 31 0
64 32 10 32 0
65 33 7 33 0
66 34 7 34 0
67 35 7 35 0
68 36 7 36 0
69 37 6 37 0
70 38 6 38 0
71 39 7 39 0
72 40 7 40 0
73 41 3 41 0
74 42 4 42 0
75 43 7 43 0
76 44 6 44 0
77 45 9 45 0
78 46 7 46 0
79 47 7 47 0
80 48 6 48 0
81 49 7 49 0
82 50 7 50 0
83 51 6 51 0
84 52 6 52 0
85 53 7 53 0
86 54 7 54 0
87 55 10 55 0
88 56 7 56 0
89 57 7 57 0
90 58 6 58 0
91 59 3 59 0
92 60 3 60 0
93 61 3 61 0
94 62 5 62 0
95 63 5 63 0
96 64 3 64 0
97 65 5 65 0
98 66 5 66 0
99 67 5 67 0
100 68 5 68 0
101 69 5 69 0
102 70 3 70 0
103 71 5 71 0
104 72 5 72 0
105 73 3 73 0
106 74 3 74 0
107 75 5 75 0
108 76 3 76 0
109 77 8 77 0
110 78 5 78 0
111 79 5 79 0
112 80 5 80 0
113 81 5 81 0
114 82 3 82 0
115 83 4 83 0
116 84 3 84 0
117 85 5 85 0
118 86 5 86 0
119 87 7 87 0
120 88 5 88 0
121 89 5 89 0
122 90 5 90 0
123 91 5 91 0
124 92 2 92 0
125 93 5 93 0
126 94 6 94 0
127 95 0 95 0
162 96 6 96 0
163 97 5 97 0
165 98 11 98 0
167 99 4 99 0
176 100 3 100 0
177 101 6 101 0
183 102 2 102 0
215 103 6 103 0
247 104 6 104 0
711 105 11 105 0
713 106 11 106 0
714 107 11 107 0
715 108 11 108 0
729 109 11 109 0
913 110 11 110 0
914 111 11 111 0
915 112 11 112 0
916 113 11 113 0
917 114 11 114 0
918 115 11 115 0
919 116 11 116 0
920 117 11 0 1
921 118 11 1 1
922 119 11 2 1
923 120 11 3 1
924 121 11 4 1
925 122 11 5 1
926 123 11 6 1
927 124 11 7 1
928 125 11 8 1
929 126 11 9 1
931 127 11 10 1
932 128 11 11 1
933 129 11 12 1
934 130 11 13 1
935 131 11 14 1
936 132 11 15 1
937 133 11 16 1
945 134 11 17 1
946 135 11 18 1
947 136 11 19 1
948 137 11 20 1
949 138 11 21 1
950 139 11 22 1
951 140 11 23 1
952 141 11 24 1
953 142 11 25 1
954 143 11 26 1
955 144 11 27 1
956 145 11 28 1
957 146 11 29 1
958 147 11 30 1
959 148 11 31 1
960 149 11 32 1
961 150 11 33 1
963 151 11 34 1
964 152 11 35 1
965 153 11 36 1
966 154 11 37 1
967 155 11 38 1
968 156 11 39 1
969 157 11 40 1
1025 158 11 41 1
1044 159 11 42 1
1045 160 11 43 1
1046 161 11 44 1
1047 162 11 45 1
1048 163 11 46 1
1049 164 11 47 1
1050 165 11 48 1
1051 166 11 49 1
1052 167 11 50 1
1059 168 11 51 1
1060 169 11 52 1
1061 170 11 53 1
1062 171 11 54 1
1063 172 11 55 1
1064 173 11 56 1
1065 174 11 57 1
1066 175 11 58 1
1067 176 11 59 1
1068 177 11 60 1
1069 178 11 61 1
1070 179 11 62 1
1071 180 11 63 1
1072 181 11 64 1
1073 182 11 65 1
1074 183 11 66 1
1075 184 11 67 1
1076 185 11 68 1
1077 186 11 69 1
1078 187 11 70 1
1079 188 11 71 1
1080 189 11 72 1
1081 190 11 73 1
1082 191 11 74 1
1083 192 11 75 1
1084 193 11 76 1
1085 194 11 77 1
1086 195 11 78 1
1087 196 11 79 1
1088 197 11 80 1
1089 198 11 81 1
1090 199 11 82 1
1091 200 11 83 1
1092 201 11 84 1
1093 202 11 85 1
1094 203 11 86 1
1095 204 11 87 1
1096 205 11 88 1
1097 206 11 89 1
1098 207 11 90 1
1099 208 11 91 1
1100 209 11 92 1
1101 210 11 93 1
1102 211 11 94 1
1103 212 11 95 1
1105 213 11 96 1
8211 214 11 97 1
8212 215 11 98 1
8216 216 11 99 1
8217 217 11 100 1
8220 218 11 101 1
8221 219 11 102 1
8226 220 11 103 1
8229 221 11 104 1
8230 222 11 105 1
8242 223 11 106 1
8245 224 11 107 1
8251 225 11 108 1
8254 226 11 109 1
8451 227 11 110 1
8453 228 11 111 1
8457 229 11 112 1
8544 230 11 113 1
8545 231 11 114 1
8546 232 11 115 1
8547 233 11 116 1
8548 234 11 0 2
8549 235 11 1 2
8550 236 11 2 2
8551 237 11 3 2
8552 238 11 4 2
8553 239 11 5 2
8592 240 11 6 2
8593 241 11 7 2
8594 242 11 8 2
8595 243 11 9 2
8598 244 11 10 2
8599 245 11 11 2
8600 246 11 12 2
8601 247 11 13 2
8730 248 11 14 2
8734 249 11 15 2
8735 250 11 16 2
8736 251 11 17 2
8739 252 11 18 2
8741 253 11 19 2
8745 254 11 20 2
8746 255 11 21 2
8747 256 11 22 2
8750 257 11 23 2
8756 258 11 24 2
8757 259 11 25 2
8764 260 11 26 2
8786 261 11 27 2
8800 262 11 28 2
8801 263 11 29 2
8806 264 11 30 2
8807 265 11 31 2
8869 266 11 32 2
8895 267 11 33 2
9312 268 11 34 2
9313 269 11 35 2
9314 270 11 36 2
9315 271 11 37 2
9316 272 11 38 2
9317 273 11 39 2
9318 274 11 40 2
9319 275 11 41 2
9320 276 11 42 2
9321 277 11 43 2
9332 278 11 44 2
9333 279 11 45 2
9334 280 11 46 2
9335 281 11 47 2
9336 282 11 48 2
9337 283 11 49 2
9338 284 11 50 2
9339 285 11 51 2
9340 286 11 52 2
9341 287 11 53 2
9472 288 11 54 2
9474 289 11 55 2
9484 290 11 56 2
9488 291 11 57 2
9492 292 11 58 2
9496 293 11 59 2
9500 294 11 60 2
9508 295 11 61 2
9516 296 11 62 2
9524 297 11 63 2
9532 298 11 64 2
9552 299 11 65 2
9566 300 11 66 2
9569 301 11 67 2
9578 302 11 68 2
9581 303 11 69 2
9582 304 11 70 2
9583 305 11 71 2
9584 306 11 72 2
9585 307 11 73 2
9586 308 11 74 2
9587 309 11 75 2
9601 310 11 76 2
9602 311 11 77 2
9603 312 11 78 2
9604 313 11 79 2
9605 314 11 80 2
9606 315 11 81 2
9607 316 11 82 2
9608 317 11 83 2
9609 318 11 84 2
9610 319 11 85 2
9611 320 11 86 2
9612 321 11 87 2
9613 322 11 88 2
9614 323 11 89 2
9615 324 11 90 2
9620 325 11 91 2
9621 326 11 92 2
9632 327 11 93 2
9633 328 11 94 2
9650 329 11 95 2
9651 330 11 96 2
9660 331 11 97 2
9661 332 11 98 2
9670 333 11 99 2
9671 334 11 100 2
9675 335 11 101 2
9678 336 11 102 2
9679 337 11 103 2
9698 338 11 104 2
9699 339 11 105 2
9700 340 11 106 2
9701 341 11 107 2
9733 342 11 108 2
9734 343 11 109 2
9737 344 11 110 2
9792 345 11 111 2
9793 346 11 112 2
9794 347 11 113 2
12288 348 11 114 2
12289 349 11 115 2
12290 350 11 116 2
12291 351 11 0 3
12293 352 11 1 3
12296 353 11 2 3
12297 354 11 3 3
12298 355 11 4 3
12299 356 11 5 3
12300 357 11 6 3
12301 358 11 7 3
12302 359 11 8 3
12303 360 11 9 3
12304 361 11 10 3
12305 362 11 11 3
12306 363 11 12 3
12308 364 11 13 3
12309 365 11 14 3
12317 366 11 15 3
12318 367 11 16 3
12321 368 11 17 3
12322 369 11 18 3
12323 370 11 19 3
12324 371 11 20 3
12325 372 11 21 3
12326 373 11 22 3
12327 374 11 23 3
12328 375 11 24 3
12329 376 11 25 3
12353 377 11 26 3
12354 378 11 27 3
12355 379 11 28 3
12356 380 11 29 3
12357 381 11 30 3
12358 382 11 31 3
12359 383 11 32 3
12360 384 11 33 3
12361 385 11 34 3
12362 386 11 35 3
12363 387 11 36 3
12364 388 11 37 3
12365 389 11 38 3
12366 390 11 39 3
12367 391 11 40 3
12368 392 11 41 3
12369 393 11 42 3
12370 394 11 43 3
12371 395 11 44 3
12372 396 11 45 3
12373 397 11 46 3
12374 398 11 47 3
12375 399 11 48 3
12376 400 11 49 3
12377 401 11 50 3
12378 402 11 51 3
12379 403 11 52 3
12380 404 11 53 3
12381 405 11 54 3
12382 406 11 55 3
12383 407 11 56 3
12384 408 11 57 3
12385 409 11 58 3
12386 410 11 59 3
12387 411 11 60 3
12388 412 11 61 3
12389 413 11 62 3
12390 414 11 63 3
12391 415 11 64 3
12392 416 11 65 3
12393 417 11 66 3
12394 418 11 67 3
12395 419 11 68 3
12396 420 11 69 3
12397 421 11 70 3
12398 422 11 71 3
12399 423 11 72 3
12400 424 11 73 3
12401 425 11 74 3
12402 426 11 75 3
12403 427 11 76 3
12404 428 11 77 3
12405 429 11 78 3
12406 430 11 79 3
12407 431 11 80 3
12408 432 11 81 3
12409 433 11 82 3
12410 434 11 83 3
12411 435 11 84 3
12412 436 11 85 3
12413 437 11 86 3
12414 438 11 87 3
12415 439 11 88 3
12416 440 11 89 3
12417 441 11 90 3
12418 442 11 91 3
12419 443 11 92 3
12420 444 11 93 3
12421 445 11 94 3
12422 446 11 95 3
12423 447 11 96 3
12424 448 11 97 3
12425 449 11 98 3
12426 450 11 99 3
12427 451 11 100 3
12428 452 11 101 3
12429 453 11 102 3
12430 454 11 103 3
12431 455 11 104 3
12432 456 11 105 3
12433 457 11 106 3
12434 458 11 107 3
12435 459 11 108 3
12445 460 11 109 3
12446 461 11 110 3
12449 462 11 111 3
12450 463 11 112 3
12451 464 11 113 3
12452 465 11 114 3
12453 466 11 115 3
12454 467 11 116 3
12455 468 11 0 4
12456 469 11 1 4
12457 470 11 2 4
12458 471 11 3 4
12459 472 11 4 4
12460 473 11 5 4
12461 474 11 6 4
12462 475 11 7 4
12463 476 11 8 4
12464 477 11 9 4
12465 478 11 10 4
12466 479 11 11 4
12467 480 11 12 4
12468 481 11 13 4
12469 482 11 14 4
12470 483 11 15 4
12471 484 11 16 4
12472 485 11 17 4
12473 486 11 18 4
12474 487 11 19 4
12475 488 11 20 4
12476 489 11 21 4
12477 490 11 22 4
12478 491 11 23 4
12479 492 11 24 4
12480 493 11 25 4
12481 494 11 26 4
12482 495 11 27 4
12483 496 11 28 4
12484 497 11 29 4
12485 498 11 30 4
12486 499 11 31 4
12487 500 11 32 4
12488 501 11 33 4
12489 502 11 34 4
12490 503 11 35 4
12491 504 11 36 4
12492 505 11 37 4
12493 506 11 38 4
12494 507 11 39 4
12495 508 11 40 4
12496 509 11 41 4
12497 510 11 42 4
12498 511 11 43 4
12499 512 11 44 4
12500 513 11 45 4
12501 514 11 46 4
12502 515 11 47 4
12503 516 11 48 4
12504 517 11 49 4
12505 518 11 50 4
12506 519 11 51 4
12507 520 11 52 4
12508 521 11 53 4
12509 522 11 54 4
12510 523 11 55 4
12511 524 11 56 4
12512 525 11 57 4
12513 526 11 58 4
12514 527 11 59 4
12515 528 11 60 4
12516 529 11 61 4
12517 530 11 62 4
12518 531 11 63 4
12519 532 11 64 4
12520 533 11 65 4
12521 534 11 66 4
12522 535 11 67 4
12523 536 11 68 4
12524 537 11 69 4
12525 538 11 70 4
12526 539 11 71 4
12527 540 11 72 4
12528 541 11 73 4
12529 542 11 74 4
12530 543 11 75 4
12531 544 11 76 4
12532 545 11 77 4
12533 546 11 78 4
12534 547 11 79 4
12542 548 11 80 4
12549 549 11 81 4
12550 550 11 82 4
12551 551 11 83 4
12552 552 11 84 4
12553 553 11 85 4
12554 554 11 86 4
12555 555 11 87 4
12556 556 11 88 4
12557 557 11 89 4
12558 558 11 90 4
12559 559 11 91 4
12560 560 11 92 4
12561 561 11 93 4
12562 562 11 94 4
12563 563 11 95 4
12564 564 11 96 4
12565 565 11 97 4
12566 566 11 98 4
12567 567 11 99 4
12568 568 11 100 4
12569 569 11 101 4
12570 570 11 102 4
12571 571 11 103 4
12572 572 11 104 4
12573 573 11 105 4
12574 574 11 106 4
12575 575 11 107 4
12576 576 11 108 4
12577 577 11 109 4
12578 578 11 110 4
12579 579 11 111 4
12580 580 11 112 4
12581 581 11 113 4
12582 582 11 114 4
12583 583 11 115 4
12584 584 11 116 4
12585 585 11 0 5
12963 586 11 1 5
13198 587 11 2 5
13199 588 11 3 5
13212 589 11 4 5
13213 590 11 5 5
13214 591 11 6 5
13217 592 11 7 5
13252 593 11 8 5
13262 594 11 9 5
13265 595 11 10 5
13266 596 11 11 5
13269 597 11 12 5
19968 598 11 13 5
19969 599 11 14 5
19971 600 11 15 5
19975 601 11 16 5
19976 602 11 17 5
19977 603 11 18 5
19978 604 11 19 5
19979 605 11 20 5
19980 606 11 21 5
19981 607 11 22 5
19982 608 11 23 5
19983 609 11 24 5
19984 610 11 25 5
19985 611 11 26 5
19988 612 11 27 5
19989 613 11 28 5
19990 614 11 29 5
19992 615 11 30 5
19993 616 11 31 5
19998 617 11 32 5
19999 618 11 33 5
20006 619 11 34 5
20011 620 11 35 5
20013 621 11 36 5
20014 622 11 37 5
20016 623 11 38 5
20017 624 11 39 5
20018 625 11 40 5
20019 626 11 41 5
20024 627 11 42 5
20025 628 11 43 5
20027 629 11 44 5
20028 630 11 45 5
20034 631 11 46 5
20035 632 11 47 5
20037 633 11 48 5
20039 634 11 49 5
20040 635 11 50 5
20043 636 11 51 5
20045 637 11 52 5
20046 638 11 53 5
20047 639 11 54 5
20050 640 11 55 5
20051 641 11 56 5
20054 642 11 57 5
20056 643 11 58 5
20057 644 11 59 5
20060 645 11 60 5
20061 646 11 61 5
20062 647 11 62 5
20063 648 11 63 5
20073 649 11 64 5
20083 650 11 65 5
20094 651 11 66 5
20095 652 11 67 5
20098 653 11 68 5
20099 654 11 69 5
20100 655 11 70 5
20102 656 11 71 5
20104 657 11 72 5
20107 658 11 73 5
20108 659 11 74 5
20109 660 11 75 5
20110 661 11 76 5
20113 662 11 77 5
20114 663 11 78 5
20115 664 11 79 5
20116 665 11 80 5
20117 666 11 81 5
20121 667 11 82 5
20123 668 11 83 5
20126 669 11 84 5
20127 670 11 85 5
20129 671 11 86 5
20130 672 11 87 5
20132 673 11 88 5
20133 674 11 89 5
20134 675 11 90 5
20136 676 11 91 5
20139 677 11 92 5
20140 678 11 93 5
20141 679 11 94 5
20142 680 11 95 5
20147 681 11 96 5
20150 682 11 97 5
20153 683 11 98 5
20154 684 11 99 5
20160 685 11 100 5
20161 686 11 101 5
20162 687 11 102 5
20163 688 11 103 5
20164 689 11 104 5
20166 690 11 105 5
20167 691 11 106 5
20168 692 11 107 5
20169 693 11 108 5
20170 694 11 109 5
20171 695 11 110 5
20173 696 11 111 5
20180 697 11 112 5
20181 698 11 113 5
20182 699 11 114 5
20183 700 11 115 5
20184 701 11 116 5
20185 702 11 0 6
20186 703 11 1 6
20188 704 11 2 6
20189 705 11 3 6
20190 706 11 4 6
20191 707 11 5 6
20193 708 11 6 6
20195 709 11 7 6
20196 710 11 8 6
20197 711 11 9 6
20200 712 11 10 6
20201 713 11 11 6
20208 714 11 12 6
20209 715 11 13 6
20210 716 11 14 6
20211 717 11 15 6
20212 718 11 16 6
20213 719 11 17 6
20214 720 11 18 6
20215 721 11 19 6
20219 722 11 20 6
20221 723 11 21 6
20223 724 11 22 6
20224 725 11 23 6
20225 726 11 24 6
20226 727 11 25 6
20228 728 11 26 6
20229 729 11 27 6
20232 730 11 28 6
20233 731 11 29 6
20234 732 11 30 6
20235 733 11 31 6
20237 734 11 32 6
20238 735 11 33 6
20239 736 11 34 6
20240 737 11 35 6
20241 738 11 36 6
20242 739 11 37 6
20243 740 11 38 6
20244 741 11 39 6
20245 742 11 40 6
20248 743 11 41 6
20249 744 11 42 6
20253 745 11 43 6
20258 746 11 44 6
20268 747 11 45 6
20269 748 11 46 6
20271 749 11 47 6
20272 750 11 48 6
20275 751 11 49 6
20276 752 11 50 6
20278 753 11 51 6
20280 754 11 52 6
20282 755 11 53 6
20283 756 11 54 6
20284 757 11 55 6
20285 758 11 56 6
20286 759 11 57 6
20287 760 11 58 6
20289 761 11 59 6
20291 762 11 60 6
20294 763 11 61 6
20295 764 11 62 6
20296 765 11 63 6
20297 766 11 64 6
20300 767 11 65 6
20301 768 11 66 6
20302 769 11 67 6
20303 770 11 68 6
20304 771 11 69 6
20305 772 11 70 6
20306 773 11 71 6
20307 774 11 72 6
20308 775 11 73 6
20309 776 11 74 6
20310 777 11 75 6
20311 778 11 76 6
20312 779 11 77 6
20313 780 11 78 6
20314 781 11 79 6
20315 782 11 80 6
20316 783 11 81 6
20317 784 11 82 6
20318 785 11 83 6
20319 786 11 84 6
20320 787 11 85 6
20321 788 11 86 6
20322 789 11 87 6
20323 790 11 88 6
20324 791 11 89 6
20327 792 11 90 6
20329 793 11 91 6
20330 794 11 92 6
20331 795 11 93 6
20332 796 11 94 6
20334 797 11 95 6
20335 798 11 96 6
20336 799 11 97 6
20339 800 11 98 6
20340 801 11 99 6
20341 802 11 100 6
20342 803 11 101 6
20343 804 11 102 6
20344 805 11 103 6
20345 806 11 104 6
20346 807 11 105 6
20347 808 11 106 6
20348 809 11 107 6
20349 810 11 108 6
20350 811 11 109 6
20351 812 11 110 6
20352 813 11 111 6
20353 814 11 112 6
20354 815 11 113 6
20355 816 11 114 6
20356 817 11 115 6
20357 818 11 116 6
20358 819 11 0 7
20359 820 11 1 7
20360 821 11 2 7
20361 822 11 3 7
20363 823 11 4 7
20365 824 11 5 7
20367 825 11 6 7
20368 826 11 7 7
20369 827 11 8 7
20370 828 11 9 7
20372 829 11 10 7
20373 830 11 11 7
20374 831 11 12 7
20375 832 11 13 7
20376 833 11 14 7
20378 834 11 15 7
20379 835 11 16 7
20380 836 11 17 7
20381 837 11 18 7
20382 838 11 19 7
20398 839 11 20 7
20399 840 11 21 7
20402 841 11 22 7
20403 842 11 23 7
20405 843 11 24 7
20406 844 11 25 7
20407 845 11 26 7
20409 846 11 27 7
20410 847 11 28 7
20411 848 11 29 7
20415 849 11 30 7
20416 850 11 31 7
20417 851 11 32 7
20418 852 11 33 7
20419 853 11 34 7
20420 854 11 35 7
20421 855 11 36 7
20423 856 11 37 7
20425 857 11 38 7
20426 858 11 39 7
20427 859 11 40 7
20429 860 11 41 7
20430 861 11 42 7
20431 862 11 43 7
20432 863 11 44 7
20433 864 11 45 7
20435 865 11 46 7
20436 866 11 47 7
20438 867 11 48 7
20439 868 11 49 7
20440 869 11 50 7
20441 870 11 51 7
20442 871 11 52 7
20443 872 11 53 7
20444 873 11 54 7
20445 874 11 55 7
20446 875 11 56 7
20447 876 11 57 7
20448 877 11 58 7
20449 878 11 59 7
20460 879 11 60 7
20462 880 11 61 7
20463 881 11 62 7
20465 882 11 63 7
20467 883 11 64 7
20468 884 11 65 7
20469 885 11 66 7
20470 886 11 67 7
20471 887 11 68 7
20472 888 11 69 7
20474 889 11 70 7
20478 890 11 71 7
20480 891 11 72 7
20485 892 11 73 7
20486 893 11 74 7
20487 894 11 75 7
20489 895 11 76 7
20491 896 11 77 7
20492 897 11 78 7
20493 898 11 79 7
20494 899 11 80 7
20495 900 11 81 7
20497 901 11 82 7
20498 902 11 83 7
20499 903 11 84 7
20500 904 11 85 7
20501 905 11 86 7
20502 906 11 87 7
20503 907 11 88 7
20504 908 11 89 7
20505 909 11 90 7
20506 910 11 91 7
20507 911 11 92 7
20508 912 11 93 7
20510 913 11 94 7
20511 914 11 95 7
20512 915 11 96 7
20513 916 11 97 7
20514 917 11 98 7
20515 918 11 99 7
20517 919 11 100 7
20518 920 11 101 7
20519 921 11 102 7
20520 922 11 103 7
20521 923 11 104 7
20522 924 11 105 7
20523 925 11 106 7
20524 926 11 107 7
20525 927 11 108 7
20527 928 11 109 7
20528 929 11 110 7
20529 930 11 111 7
20531 931 11 112 7
20533 932 11 113 7
20535 933 11 114 7
20540 934 11 115 7
20544 935 11 116 7
20545 936 11 0 8
20547 937 11 1 8
20549 938 11 2 8
20550 939 11 3 8
20551 940 11 4 8
20552 941 11 5 8
20553 942 11 6 8
20554 943 11 7 8
20555 944 11 8 8
20556 945 11 9 8
20557 946 11 10 8
20558 947 11 11 8
20559 948 11 12 8
20561 949 11 13 8
20563 950 11 14 8
20565 951 11 15 8
20567 952 11 16 8
20570 953 11 17 8
20571 954 11 18 8
20572 955 11 19 8
20573 956 11 20 8
20574 957 11 21 8
20575 958 11 22 8
20576 959 11 23 8
20577 960 11 24 8
20578 961 11 25 8
20579 962 11 26 8
20580 963 11 27 8
20581 964 11 28 8
20584 965 11 29 8
20585 966 11 30 8
20586 967 11 31 8
20587 968 11 32 8
20589 969 11 33 8
20590 970 11 34 8
20591 971 11 35 8
20592 972 11 36 8
20594 973 11 37 8
20595 974 11 38 8
20596 975 11 39 8
20597 976 11 40 8
20598 977 11 41 8
20599 978 11 42 8
20602 979 11 43 8
20605 980 11 44 8
20608 981 11 45 8
20610 982 11 46 8
20611 983 11 47 8
20613 984 11 48 8
20615 985 11 49 8
20619 986 11 50 8
20620 987 11 51 8
20621 988 11 52 8
20622 989 11 53 8
20625 990 11 54 8
20626 991 11 55 8
20628 992 11 56 8
20629 993 11 57 8
20630 994 11 58 8
20632 995 11 59 8
20633 996 11 60 8
20634 997 11 61 8
20635 998 11 62 8
20636 999 11 63 8
20637 1000 11 64 8
20638 1001 11 65 8
20642 1002 11 66 8
20643 1003 11 67 8
20652 1004 11 68 8
20653 1005 11 69 8
20654 1006 11 70 8
20655 1007 11 71 8
20656 1008 11 72 8
20657 1009 11 73 8
20658 1010 11 74 8
20659 1011 11 75 8
20660 1012 11 76 8
20661 1013 11 77 8
20662 1014 11 78 8
20663 1015 11 79 8
20664 1016 11 80 8
20666 1017 11 81 8
20667 1018 11 82 8
20669 1019 11 83 8
20670 1020 11 84 8
20671 1021 11 85 8
20673 1022 11 86 8
20674 1023 11 87 8
20676 1024 11 88 8
20677 1025 11 89 8
20678 1026 11 90 8
20679 1027 11 91 8
20680 1028 11 92 8
20681 1029 11 93 8
20682 1030 11 94 8
20683 1031 11 95 8
20686 1032 11 96 8
20687 1033 11 97 8
20689 1034 11 98 8
20691 1035 11 99 8
20692 1036 11 100 8
20693 1037 11 101 8
20694 1038 11 102 8
20695 1039 11 103 8
20698 1040 11 104 8
20699 1041 11 105 8
20701 1042 11 106 8
20704 1043 11 107 8
20707 1044 11 108 8
20708 1045 11 109 8
20709 1046 11 110 8
20710 1047 11 111 8
20711 1048 11 112 8
20712 1049 11 113 8
20713 1050 11 114 8
20714 1051 11 115 8
20716 1052 11 116 8
20717 1053 11 0 9
20718 1054 11 1 9
20719 1055 11 2 9
20720 1056 11 3 9
20721 1057 11 4 9
20723 1058 11 5 9
20725 1059 11 6 9
20726 1060 11 7 9
20728 1061 11 8 9
20729 1062 11 9 9
20731 1063 11 10 9
20733 1064 11 11 9
20734 1065 11 12 9
20735 1066 11 13 9
20736 1067 11 14 9
20738 1068 11 15 9
20739 1069 11 16 9
20740 1070 11 17 9
20741 1071 11 18 9
20742 1072 11 19 9
20743 1073 11 20 9
20744 1074 11 21 9
20745 1075 11 22 9
20746 1076 11 23 9
20747 1077 11 24 9
20748 1078 11 25 9
20752 1079 11 26 9
20753 1080 11 27 9
20754 1081 11 28 9
20755 1082 11 29 9
20756 1083 11 30 9
20757 1084 11 31 9
20759 1085 11 32 9
20760 1086 11 33 9
20762 1087 11 34 9
20764 1088 11 35 9
20767 1089 11 36 9
20768 1090 11 37 9
20769 1091 11 38 9
20770 1092 11 39 9
20772 1093 11 40 9
20773 1094 11 41 9
20774 1095 11 42 9
20777 1096 11 43 9
20778 1097 11 44 9
20781 1098 11 45 9
20782 1099 11 46 9
20784 1100 11 47 9
20785 1101 11 48 9
20786 1102 11 49 9
20787 1103 11 50 9
20788 1104 11 51 9
20789 1105 11 52 9
20791 1106 11 53 9
20792 1107 11 54 9
20793 1108 11 55 9
20794 1109 11 56 9
20795 1110 11 57 9
20796 1111 11 58 9
20797 1112 11 59 9
20799 1113 11 60 9
20800 1114 11 61 9
20801 1115 11 62 9
20803 1116 11 63 9
20804 1117 11 64 9
20805 1118 11 65 9
20806 1119 11 66 9
20807 1120 11 67 9
20808 1121 11 68 9
20809 1122 11 69 9
20811 1123 11 70 9
20812 1124 11 71 9
20813 1125 11 72 9
20818 1126 11 73 9
20820 1127 11 74 9
20821 1128 11 75 9
20823 1129 11 76 9
20825 1130 11 77 9
20826 1131 11 78 9
20827 1132 11 79 9
20828 1133 11 80 9
20829 1134 11 81 9
20830 1135 11 82 9
20831 1136 11 83 9
20833 1137 11 84 9
20834 1138 11 85 9
20835 1139 11 86 9
20837 1140 11 87 9
20839 1141 11 88 9
20840 1142 11 89 9
20841 1143 11 90 9
20843 1144 11 91 9
20844 1145 11 92 9
20845 1146 11 93 9
20846 1147 11 94 9
20849 1148 11 95 9
20853 1149 11 96 9
20854 1150 11 97 9
20855 1151 11 98 9
20856 1152 11 99 9
20860 1153 11 100 9
20864 1154 11 101 9
20871 1155 11 102 9
20873 1156 11 103 9
20874 1157 11 104 9
20877 1158 11 105 9
20879 1159 11 106 9
20881 1160 11 107 9
20882 1161 11 108 9
20883 1162 11 109 9
20884 1163 11 110 9
20885 1164 11 111 9
20887 1165 11 112 9
20888 1166 11 113 9
20894 1167 11 114 9
20896 1168 11 115 9
20898 1169 11 116 9
20900 1170 11 0 10
20901 1171 11 1 10
20906 1172 11 2 10
20908 1173 11 3 10
20912 1174 11 4 10
20913 1175 11 5 10
20918 1176 11 6 10
20919 1177 11 7 10
20921 1178 11 8 10
20924 1179 11 9 10
20925 1180 11 10 10
20926 1181 11 11 10
20932 1182 11 12 10
20933 1183 11 13 10
20934 1184 11 14 10
20936 1185 11 15 10
20938 1186 11 16 10
20939 1187 11 17 10
20940 1188 11 18 10
20941 1189 11 19 10
20942 1190 11 20 10
20944 1191 11 21 10
20948 1192 11 22 10
20951 1193 11 23 10
20952 1194 11 24 10
20956 1195 11 25 10
20957 1196 11 26 10
20958 1197 11 27 10
20960 1198 11 28 10
20961 1199 11 29 10
20976 1200 11 30 10
20977 1201 11 31 10
20979 1202 11 32 10
20981 1203 11 33 10
20982 1204 11 34 10
20984 1205 11 35 10
20985 1206 11 36 10
20986 1207 11 37 10
20989 1208 11 38 10
20992 1209 11 39 10
20993 1210 11 40 10
20995 1211 11 41 10
20998 1212 11 42 10
20999 1213 11 43 10
21000 1214 11 44 10
21001 1215 11 45 10
21002 1216 11 46 10
21004 1217 11 47 10
21006 1218 11 48 10
21008 1219 11 49 10
21009 1220 11 50 10
21010 1221 11 51 10
21011 1222 11 52 10
21014 1223 11 53 10
21015 1224 11 54 10
21020 1225 11 55 10
21021 1226 11 56 10
21022 1227 11 57 10
21025 1228 11 58 10
21028 1229 11 59 10
21029 1230 11 60 10
21032 1231 11 61 10
21033 1232 11 62 10
21034 1233 11 63 10
21038 1234 11 64 10
21040 1235 11 65 10
21041 1236 11 66 10
21042 1237 11 67 10
21043 1238 11 68 10
21045 1239 11 69 10
21046 1240 11 70 10
21047 1241 11 71 10
21048 1242 11 72 10
21050 1243 11 73 10
21051 1244 11 74 10
21057 1245 11 75 10
21059 1246 11 76 10
21060 1247 11 77 10
21062 1248 11 78 10
21063 1249 11 79 10
21065 1250 11 80 10
21066 1251 11 81 10
21067 1252 11 82 10
21068 1253 11 83 10
21069 1254 11 84 10
21070 1255 11 85 10
21074 1256 11 86 10
21076 1257 11 87 10
21077 1258 11 88 10
21078 1259 11 89 10
21082 1260 11 90 10
21083 1261 11 91 10
21084 1262 11 92 10
21085 1263 11 93 10
21086 1264 11 94 10
21087 1265 11 95 10
21089 1266 11 96 10
21090 1267 11 97 10
21097 1268 11 98 10
21098 1269 11 99 10
21099 1270 11 100 10
21100 1271 11 101 10
21101 1272 11 102 10
21102 1273 11 103 10
21103 1274 11 104 10
21106 1275 11 105 10
21108 1276 11 106 10
21109 1277 11 107 10
21111 1278 11 108 10
21112 1279 11 109 10
21114 1280 11 110 10
21115 1281 11 111 10
21116 1282 11 112 10
21117 1283 11 113 10
21119 1284 11 114 10
21120 1285 11 115 10
21121 1286 11 116 10
21122 1287 11 0 11
21123 1288 11 1 11
21124 1289 11 2 11
21127 1290 11 3 11
21128 1291 11 4 11
21129 1292 11 5 11
21130 1293 11 6 11
21131 1294 11 7 11
21132 1295 11 8 11
21133 1296 11 9 11
21137 1297 11 10 11
21139 1298 11 11 11
21142 1299 11 12 11
21143 1300 11 13 11
21144 1301 11 14 11
21145 1302 11 15 11
21147 1303 11 16 11
21151 1304 11 17 11
21152 1305 11 18 11
21155 1306 11 19 11
21158 1307 11 20 11
21161 1308 11 21 11
21162 1309 11 22 11
21163 1310 11 23 11
21164 1311 11 24 11
21165 1312 11 25 11
21166 1313 11 26 11
21179 1314 11 27 11
21180 1315 11 28 11
21182 1316 11 29 11
21184 1317 11 30 11
21185 1318 11 31 11
21186 1319 11 32 11
21187 1320 11 33 11
21191 1321 11 34 11
21193 1322 11 35 11
21197 1323 11 36 11
21202 1324 11 37 11
21203 1325 11 38 11
21205 1326 11 39 11
21206 1327 11 40 11
21207 1328 11 41 11
21208 1329 11 42 11
21209 1330 11 43 11
21211 1331 11 44 11
21213 1332 11 45 11
21214 1333 11 46 11
21215 1334 11 47 11
21218 1335 11 48 11
21219 1336 11 49 11
21220 1337 11 50 11
21222 1338 11 51 11
21225 1339 11 52 11
21227 1340 11 53 11
21231 1341 11 54 11
21232 1342 11 55 11
21233 1343 11 56 11
21235 1344 11 57 11
21236 1345 11 58 11
21237 1346 11 59 11
21239 1347 11 60 11
21240 1348 11 61 11
21242 1349 11 62 11
21243 1350 11 63 11
21244 1351 11 64 11
21246 1352 11 65 11
21247 1353 11 66 11
21253 1354 11 67 11
21254 1355 11 68 11
21256 1356 11 69 11
21257 1357 11 70 11
21258 1358 11 71 11
21259 1359 11 72 11
21261 1360 11 73 11
21262 1361 11 74 11
21263 1362 11 75 11
21264 1363 11 76 11
21265 1364 11 77 11
21266 1365 11 78 11
21269 1366 11 79 11
21270 1367 11 80 11
21271 1368 11 81 11
21273 1369 11 82 11
21274 1370 11 83 11
21276 1371 11 84 11
21277 1372 11 85 11
21279 1373 11 86 11
21280 1374 11 87 11
21281 1375 11 88 11
21282 1376 11 89 11
21283 1377 11 90 11
21290 1378 11 91 11
21293 1379 11 92 11
21295 1380 11 93 11
21296 1381 11 94 11
21297 1382 11 95 11
21300 1383 11 96 11
21303 1384 11 97 11
21305 1385 11 98 11
21308 1386 11 99 11
21309 1387 11 100 11
21310 1388 11 101 11
21311 1389 11 102 11
21312 1390 11 103 11
21313 1391 11 104 11
21315 1392 11 105 11
21316 1393 11 106 11
21317 1394 11 107 11
21319 1395 11 108 11
21320 1396 11 109 11
21321 1397 11 110 11
21322 1398 11 111 11
21324 1399 11 112 11
21325 1400 11 113 11
21329 1401 11 114 11
21330 1402 11 115 11
21331 1403 11 116 11
21332 1404 11 0 12
21335 1405 11 1 12
21338 1406 11 2 12
21340 1407 11 3 12
21342 1408 11 4 12
21344 1409 11 5 12
21345 1410 11 6 12
21347 1411 11 7 12
21350 1412 11 8 12
21356 1413 11 9 12
21358 1414 11 10 12
21359 1415 11 11 12
21360 1416 11 12 12
21361 1417 11 13 12
21362 1418 11 14 12
21363 1419 11 15 12
21365 1420 11 16 12
21367 1421 11 17 12
21368 1422 11 18 12
21369 1423 11 19 12
21371 1424 11 20 12
21372 1425 11 21 12
21375 1426 11 22 12
21378 1427 11 23 12
21380 1428 11 24 12
21386 1429 11 25 12
21390 1430 11 26 12
21391 1431 11 27 12
21394 1432 11 28 12
21396 1433 11 29 12
21398 1434 11 30 12
21399 1435 11 31 12
21400 1436 11 32 12
21401 1437 11 33 12
21402 1438 11 34 12
21404 1439 11 35 12
21405 1440 11 36 12
21406 1441 11 37 12
21407 1442 11 38 12
21412 1443 11 39 12
21413 1444 11 40 12
21415 1445 11 41 12
21420 1446 11 42 12
21421 1447 11 43 12
21426 1448 11 44 12
21428 1449 11 45 12
21433 1450 11 46 12
21435 1451 11 47 12
21443 1452 11 48 12
21448 1453 11 49 12
21449 1454 11 50 12
21450 1455 11 51 12
21451 1456 11 52 12
21453 1457 11 53 12
21460 1458 11 54 12
21462 1459 11 55 12
21463 1460 11 56 12
21467 1461 11 57 12
21471 1462 11 58 12
21473 1463 11 59 12
21474 1464 11 60 12
21475 1465 11 61 12
21476 1466 11 62 12
21477 1467 11 63 12
21478 1468 11 64 12
21480 1469 11 65 12
21481 1470 11 66 12
21482 1471 11 67 12
21483 1472 11 68 12
21484 1473 11 69 12
21485 1474 11 70 12
21486 1475 11 71 12
21487 1476 11 72 12
21488 1477 11 73 12
21489 1478 11 74 12
21490 1479 11 75 12
21491 1480 11 76 12
21493 1481 11 77 12
21496 1482 11 78 12
21499 1483 11 79 12
21500 1484 11 80 12
21505 1485 11 81 12
21507 1486 11 82 12
21508 1487 11 83 12
21510 1488 11 84 12
21511 1489 11 85 12
21512 1490 11 86 12
21513 1491 11 87 12
21514 1492 11 88 12
21515 1493 11 89 12
21516 1494 11 90 12
21517 1495 11 91 12
21518 1496 11 92 12
21519 1497 11 93 12
21520 1498 11 94 12
21521 1499 11 95 12
21522 1500 11 96 12
21528 1501 11 97 12
21529 1502 11 98 12
21531 1503 11 99 12
21532 1504 11 100 12
21533 1505 11 101 12
21534 1506 11 102 12
21535 1507 11 103 12
21536 1508 11 104 12
21540 1509 11 105 12
21541 1510 11 106 12
21542 1511 11 107 12
21543 1512 11 108 12
21544 1513 11 109 12
21545 1514 11 110 12
21546 1515 11 111 12
21547 1516 11 112 12
21548 1517 11 113 12
21549 1518 11 114 12
21550 1519 11 115 12
21552 1520 11 116 12
21553 1521 11 0 13
21555 1522 11 1 13
21557 1523 11 2 13
21558 1524 11 3 13
21559 1525 11 4 13
21560 1526 11 5 13
21561 1527 11 6 13
21563 1528 11 7 13
21564 1529 11 8 13
21565 1530 11 9 13
21566 1531 11 10 13
21568 1532 11 11 13
21569 1533 11 12 13
21570 1534 11 13 13
21571 1535 11 14 13
21573 1536 11 15 13
21574 1537 11 16 13
21575 1538 11 17 13
21576 1539 11 18 13
21578 1540 11 19 13
21582 1541 11 20 13
21583 1542 11 21 13
21588 1543 11 22 13
21600 1544 11 23 13
21601 1545 11 24 13
21602 1546 11 25 13
21603 1547 11 26 13
21604 1548 11 27 13
21605 1549 11 28 13
21606 1550 11 29 13
21607 1551 11 30 13
21608 1552 11 31 13
21611 1553 11 32 13
21612 1554 11 33 13
21615 1555 11 34 13
21616 1556 11 35 13
21617 1557 11 36 13
21618 1558 11 37 13
21619 1559 11 38 13
21620 1560 11 39 13
21621 1561 11 40 13
21622 1562 11 41 13
21623 1563 11 42 13
21624 1564 11 43 13
21626 1565 11 44 13
21627 1566 11 45 13
21628 1567 11 46 13
21629 1568 11 47 13
21630 1569 11 48 13
21631 1570 11 49 13
21632 1571 11 50 13
21633 1572 11 51 13
21634 1573 11 52 13
21636 1574 11 53 13
21638 1575 11 54 13
21639 1576 11 55 13
21640 1577 11 56 13
21643 1578 11 57 13
21644 1579 11 58 13
21645 1580 11 59 13
21646 1581 11 60 13
21648 1582 11 61 13
21649 1583 11 62 13
21650 1584 11 63 13
21653 1585 11 64 13
21654 1586 11 65 13
21656 1587 11 66 13
21658 1588 11 67 13
21664 1589 11 68 13
21665 1590 11 69 13
21666 1591 11 70 13
21669 1592 11 71 13
21670 1593 11 72 13
21671 1594 11 73 13
21672 1595 11 74 13
21673 1596 11 75 13
21674 1597 11 76 13
21675 1598 11 77 13
21676 1599 11 78 13
21677 1600 11 79 13
21678 1601 11 80 13
21679 1602 11 81 13
21680 1603 11 82 13
21681 1604 11 83 13
21683 1605 11 84 13
21686 1606 11 85 13
21687 1607 11 86 13
21688 1608 11 87 13
21690 1609 11 88 13
21691 1610 11 89 13
21692 1611 11 90 13
21693 1612 11 91 13
21694 1613 11 92 13
21695 1614 11 93 13
21696 1615 11 94 13
21697 1616 11 95 13
21698 1617 11 96 13
21699 1618 11 97 13
21700 1619 11 98 13
21701 1620 11 99 13
21702 1621 11 100 13
21703 1622 11 101 13
21704 1623 11 102 13
21705 1624 11 103 13
21710 1625 11 104 13
21711 1626 11 105 13
21718 1627 11 106 13
21726 1628 11 107 13
21728 1629 11 108 13
21729 1630 11 109 13
21730 1631 11 110 13
21732 1632 11 111 13
21733 1633 11 112 13
21734 1634 11 113 13
21735 1635 11 114 13
21736 1636 11 115 13
21737 1637 11 116 13
21738 1638 11 0 14
21739 1639 11 1 14
21741 1640 11 2 14
21742 1641 11 3 14
21745 1642 11 4 14
21746 1643 11 5 14
21747 1644 11 6 14
21751 1645 11 7 14
21752 1646 11 8 14
21754 1647 11 9 14
21755 1648 11 10 14
21756 1649 11 11 14
21757 1650 11 12 14
21759 1651 11 13 14
21761 1652 11 14 14
21763 1653 11 15 14
21764 1654 11 16 14
21765 1655 11 17 14
21766 1656 11 18 14
21767 1657 11 19 14
21768 1658 11 20 14
21769 1659 11 21 14
21770 1660 11 22 14
21771 1661 11 23 14
21772 1662 11 24 14
21774 1663 11 25 14
21775 1664 11 26 14
21776 1665 11 27 14
21777 1666 11 28 14
21778 1667 11 29 14
21780 1668 11 30 14
21783 1669 11 31 14
21786 1670 11 32 14
21798 1671 11 33 14
21799 1672 11 34 14
21802 1673 11 35 14
21804 1674 11 36 14
21805 1675 11 37 14
21806 1676 11 38 14
21807 1677 11 39 14
21808 1678 11 40 14
21809 1679 11 41 14
21810 1680 11 42 14
21811 1681 11 43 14
21812 1682 11 44 14
21813 1683 11 45 14
21814 1684 11 46 14
21815 1685 11 47 14
21816 1686 11 48 14
21817 1687 11 49 14
21819 1688 11 50 14
21820 1689 11 51 14
21822 1690 11 52 14
21824 1691 11 53 14
21825 1692 11 54 14
21827 1693 11 55 14
21828 1694 11 56 14
21829 1695 11 57 14
21830 1696 11 58 14
21832 1697 11 59 14
21834 1698 11 60 14
21835 1699 11 61 14
21837 1700 11 62 14
21838 1701 11 63 14
21839 1702 11 64 14
21840 1703 11 65 14
21841 1704 11 66 14
21842 1705 11 67 14
21845 1706 11 68 14
21846 1707 11 69 14
21847 1708 11 70 14
21852 1709 11 71 14
21854 1710 11 72 14
21855 1711 11 73 14
21857 1712 11 74 14
21858 1713 11 75 14
21859 1714 11 76 14
21860 1715 11 77 14
21861 1716 11 78 14
21862 1717 11 79 14
21866 1718 11 80 14
21877 1719 11 81 14
21878 1720 11 82 14
21879 1721 11 83 14
21883 1722 11 84 14
21884 1723 11 85 14
21885 1724 11 86 14
21886 1725 11 87 14
21887 1726 11 88 14
21888 1727 11 89 14
21889 1728 11 90 14
21890 1729 11 91 14
21891 1730 11 92 14
21892 1731 11 93 14
21895 1732 11 94 14
21896 1733 11 95 14
21897 1734 11 96 14
21898 1735 11 97 14
21899 1736 11 98 14
21900 1737 11 99 14
21901 1738 11 100 14
21902 1739 11 101 14
21903 1740 11 102 14
21905 1741 11 103 14
21906 1742 11 104 14
21907 1743 11 105 14
21908 1744 11 106 14
21909 1745 11 107 14
21912 1746 11 108 14
21913 1747 11 109 14
21914 1748 11 110 14
21916 1749 11 111 14
21917 1750 11 112 14
21919 1751 11 113 14
21921 1752 11 114 14
21922 1753 11 115 14
21923 1754 11 116 14
21924 1755 11 0 15
21925 1756 11 1 15
21926 1757 11 2 15
21927 1758 11 3 15
21928 1759 11 4 15
21930 1760 11 5 15
21931 1761 11 6 15
21932 1762 11 7 15
21933 1763 11 8 15
21934 1764 11 9 15
21937 1765 11 10 15
21938 1766 11 11 15
21939 1767 11 12 15
21941 1768 11 13 15
21947 1769 11 14 15
21951 1770 11 15 15
21952 1771 11 16 15
21954 1772 11 17 15
21955 1773 11 18 15
21956 1774 11 19 15
21957 1775 11 20 15
21958 1776 11 21 15
21959 1777 11 22 15
21960 1778 11 23 15
21961 1779 11 24 15
21962 1780 11 25 15
21963 1781 11 26 15
21964 1782 11 27 15
21965 1783 11 28 15
21966 1784 11 29 15
21967 1785 11 30 15
21968 1786 11 31 15
21969 1787 11 32 15
21970 1788 11 33 15
21971 1789 11 34 15
21972 1790 11 35 15
21973 1791 11 36 15
21974 1792 11 37 15
21977 1793 11 38 15
21978 1794 11 39 15
21979 1795 11 40 15
21980 1796 11 41 15
21981 1797 11 42 15
21983 1798 11 43 15
21985 1799 11 44 15
21986 1800 11 45 15
21987 1801 11 46 15
21988 1802 11 47 15
21989 1803 11 48 15
21990 1804 11 49 15
21991 1805 11 50 15
21992 1806 11 51 15
21993 1807 11 52 15
21999 1808 11 53 15
22002 1809 11 54 15
22006 1810 11 55 15
22007 1811 11 56 15
22009 1812 11 57 15
22010 1813 11 58 15
22012 1814 11 59 15
22013 1815 11 60 15
22014 1816 11 61 15
22015 1817 11 62 15
22016 1818 11 63 15
22017 1819 11 64 15
22018 1820 11 65 15
22020 1821 11 66 15
22022 1822 11 67 15
22024 1823 11 68 15
22025 1824 11 69 15
22028 1825 11 70 15
22029 1826 11 71 15
22030 1827 11 72 15
22031 1828 11 73 15
22032 1829 11 74 15
22034 1830 11 75 15
22035 1831 11 76 15
22036 1832 11 77 15
22037 1833 11 78 15
22038 1834 11 79 15
22039 1835 11 80 15
22043 1836 11 81 15
22044 1837 11 82 15
22045 1838 11 83 15
22047 1839 11 84 15
22055 1840 11 85 15
22057 1841 11 86 15
22058 1842 11 87 15
22060 1843 11 88 15
22062 1844 11 89 15
22063 1845 11 90 15
22064 1846 11 91 15
22066 1847 11 92 15
22067 1848 11 93 15
22068 1849 11 94 15
22069 1850 11 95 15
22070 1851 11 96 15
22072 1852 11 97 15
22073 1853 11 98 15
22074 1854 11 99 15
22075 1855 11 100 15
22077 1856 11 101 15
22078 1857 11 102 15
22079 1858 11 103 15
22080 1859 11 104 15
22081 1860 11 105 15
22082 1861 11 106 15
22085 1862 11 107 15
22086 1863 11 108 15
22088 1864 11 109 15
22089 1865 11 110 15
22090 1866 11 111 15
22092 1867 11 112 15
22094 1868 11 113 15
22099 1869 11 114 15
22103 1870 11 115 15
22104 1871 11 116 15
22105 1872 11 0 16
22106 1873 11 1 16
22110 1874 11 2 16
22112 1875 11 3 16
22114 1876 11 4 16
22115 1877 11 5 16
22116 1878 11 6 16
22117 1879 11 7 16
22118 1880 11 8 16
22120 1881 11 9 16
22121 1882 11 10 16
22122 1883 11 11 16
22123 1884 11 12 16
22124 1885 11 13 16
22125 1886 11 14 16
22126 1887 11 15 16
22127 1888 11 16 16
22128 1889 11 17 16
22129 1890 11 18 16
22130 1891 11 19 16
22131 1892 11 20 16
22132 1893 11 21 16
22134 1894 11 22 16
22135 1895 11 23 16
22136 1896 11 24 16
22137 1897 11 25 16
22142 1898 11 26 16
22143 1899 11 27 16
22144 1900 11 28 16
22145 1901 11 29 16
22146 1902 11 30 16
22147 1903 11 31 16
22148 1904 11 32 16
22149 1905 11 33 16
22150 1906 11 34 16
22151 1907 11 35 16
22156 1908 11 36 16
22157 1909 11 37 16
22158 1910 11 38 16
22159 1911 11 39 16
22160 1912 11 40 16
22163 1913 11 41 16
22165 1914 11 42 16
22167 1915 11 43 16
22168 1916 11 44 16
22169 1917 11 45 16
22170 1918 11 46 16
22172 1919 11 47 16
22173 1920 11 48 16
22181 1921 11 49 16
22182 1922 11 50 16
22183 1923 11 51 16
22184 1924 11 52 16
22186 1925 11 53 16
22187 1926 11 54 16
22188 1927 11 55 16
22189 1928 11 56 16
22190 1929 11 57 16
22194 1930 11 58 16
22195 1931 11 59 16
22196 1932 11 60 16
22197 1933 11 61 16
22198 1934 11 62 16
22199 1935 11 63 16
22204 1936 11 64 16
22205 1937 11 65 16
22206 1938 11 66 16
22208 1939 11 67 16
22209 1940 11 68 16
22210 1941 11 69 16
22211 1942 11 70 16
22213 1943 11 71 16
22214 1944 11 72 16
22216 1945 11 73 16
22217 1946 11 74 16
22218 1947 11 75 16
22219 1948 11 76 16
22220 1949 11 77 16
22221 1950 11 78 16
22225 1951 11 79 16
22227 1952 11 80 16
22228 1953 11 81 16
22231 1954 11 82 16
22234 1955 11 83 16
22235 1956 11 84 16
22237 1957 11 85 16
22238 1958 11 86 16
22239 1959 11 87 16
22240 1960 11 88 16
22241 1961 11 89 16
22244 1962 11 90 16
22245 1963 11 91 16
22247 1964 11 92 16
22250 1965 11 93 16
22251 1966 11 94 16
22254 1967 11 95 16
22256 1968 11 96 16
22263 1969 11 97 16
22265 1970 11 98 16
22266 1971 11 99 16
22271 1972 11 100 16
22273 1973 11 101 16
22274 1974 11 102 16
22275 1975 11 103 16
22276 1976 11 104 16
22279 1977 11 105 16
22280 1978 11 106 16
22281 1979 11 107 16
22282 1980 11 108 16
22283 1981 11 109 16
22284 1982 11 110 16
22285 1983 11 111 16
22290 1984 11 112 16
22291 1985 11 113 16
22292 1986 11 114 16
22294 1987 11 115 16
22296 1988 11 116 16
22298 1989 11 0 17
22299 1990 11 1 17
22300 1991 11 2 17
22302 1992 11 3 17
22303 1993 11 4 17
22304 1994 11 5 17
22306 1995 11 6 17
22307 1996 11 7 17
22312 1997 11 8 17
22313 1998 11 9 17
22314 1999 11 10 17
22316 2000 11 11 17
22317 2001 11 12 17
22318 2002 11 13 17
22319 2003 11 14 17
22320 2004 11 15 17
22323 2005 11 16 17
22324 2006 11 17 17
22331 2007 11 18 17
22334 2008 11 19 17
22336 2009 11 20 17
22337 2010 11 21 17
22341 2011 11 22 17
22343 2012 11 23 17
22345 2013 11 24 17
22346 2014 11 25 17
22347 2015 11 26 17
22348 2016 11 27 17
22349 2017 11 28 17
22350 2018 11 29 17
22351 2019 11 30 17
22352 2020 11 31 17
22353 2021 11 32 17
22354 2022 11 33 17
22369 2023 11 34 17
22370 2024 11 35 17
22372 2025 11 36 17
22374 2026 11 37 17
22376 2027 11 38 17
22377 2028 11 39 17
22378 2029 11 40 17
22379 2030 11 41 17
22381 2031 11 42 17
22383 2032 11 43 17
22384 2033 11 44 17
22385 2034 11 45 17
22386 2035 11 46 17
22387 2036 11 47 17
22388 2037 11 48 17
22389 2038 11 49 17
22390 2039 11 50 17
22391 2040 11 51 17
22395 2041 11 52 17
22396 2042 11 53 17
22397 2043 11 54 17
22400 2044 11 55 17
22402 2045 11 56 17
22403 2046 11 57 17
22411 2047 11 58 17
22412 2048 11 59 17
22415 2049 11 60 17
22419 2050 11 61 17
22420 2051 11 62 17
22421 2052 11 63 17
22423 2053 11 64 17
22424 2054 11 65 17
22425 2055 11 66 17
22426 2056 11 67 17
22427 2057 11 68 17
22429 2058 11 69 17
22430 2059 11 70 17
22431 2060 11 71 17
22432 2061 11 72 17
22434 2062 11 73 17
22435 2063 11 74 17
22436 2064 11 75 17
22437 2065 11 76 17
22446 2066 11 77 17
22453 2067 11 78 17
22454 2068 11 79 17
22456 2069 11 80 17
22457 2070 11 81 17
22458 2071 11 82 17
22460 2072 11 83 17
22461 2073 11 84 17
22463 2074 11 85 17
22465 2075 11 86 17
22466 2076 11 87 17
22467 2077 11 88 17
22470 2078 11 89 17
22471 2079 11 90 17
22475 2080 11 91 17
22476 2081 11 92 17
22478 2082 11 93 17
22479 2083 11 94 17
22480 2084 11 95 17
22482 2085 11 96 17
22484 2086 11 97 17
22485 2087 11 98 17
22492 2088 11 99 17
22495 2089 11 100 17
22496 2090 11 101 17
22497 2091 11 102 17
22498 2092 11 103 17
22499 2093 11 104 17
22500 2094 11 105 17
22501 2095 11 106 17
22503 2096 11 107 17
22505 2097 11 108 17
22508 2098 11 109 17
22509 2099 11 110 17
22510 2100 11 111 17
22512 2101 11 112 17
22513 2102 11 113 17
22514 2103 11 114 17
22515 2104 11 115 17
22516 2105 11 116 17
22517 2106 11 0 18
22518 2107 11 1 18
22519 2108 11 2 18
22520 2109 11 3 18
22521 2110 11 4 18
22522 2111 11 5 18
22523 2112 11 6 18
22524 2113 11 7 18
22525 2114 11 8 18
22528 2115 11 9 18
22529 2116 11 10 18
22530 2117 11 11 18
22532 2118 11 12 18
22533 2119 11 13 18
22534 2120 11 14 18
22535 2121 11 15 18
22536 2122 11 16 18
22537 2123 11 17 18
22538 2124 11 18 18
22539 2125 11 19 18
22540 2126 11 20 18
22541 2127 11 21 18
22542 2128 11 22 18
22544 2129 11 23 18
22548 2130 11 24 18
22553 2131 11 25 18
22555 2132 11 26 18
22556 2133 11 27 18
22557 2134 11 28 18
22558 2135 11 29 18
22560 2136 11 30 18
22561 2137 11 31 18
22563 2138 11 32 18
22564 2139 11 33 18
22565 2140 11 34 18
22567 2141 11 35 18
22568 2142 11 36 18
22569 2143 11 37 18
22570 2144 11 38 18
22572 2145 11 39 18
22573 2146 11 40 18
22574 2147 11 41 18
22575 2148 11 42 18
22576 2149 11 43 18
22577 2150 11 44 18
22578 2151 11 45 18
22579 2152 11 46 18
22580 2153 11 47 18
22581 2154 11 48 18
22582 2155 11 49 18
22583 2156 11 50 18
22584 2157 11 51 18
22585 2158 11 52 18
22587 2159 11 53 18
22589 2160 11 54 18
22591 2161 11 55 18
22600 2162 11 56 18
22601 2163 11 57 18
22602 2164 11 58 18
22603 2165 11 59 18
22604 2166 11 60 18
22605 2167 11 61 18
22606 2168 11 62 18
22607 2169 11 63 18
22609 2170 11 64 18
22610 2171 11 65 18
22611 2172 11 66 18
22612 2173 11 67 18
22613 2174 11 68 18
22615 2175 11 69 18
22616 2176 11 70 18
22617 2177 11 71 18
22618 2178 11 72 18
22619 2179 11 73 18
22621 2180 11 74 18
22622 2181 11 75 18
22626 2182 11 76 18
22627 2183 11 77 18
22628 2184 11 78 18
22629 2185 11 79 18
22632 2186 11 80 18
22635 2187 11 81 18
22637 2188 11 82 18
22639 2189 11 83 18
22641 2190 11 84 18
22644 2191 11 85 18
22645 2192 11 86 18
22646 2193 11 87 18
22649 2194 11 88 18
22650 2195 11 89 18
22651 2196 11 90 18
22652 2197 11 91 18
22653 2198 11 92 18
22654 2199 11 93 18
22655 2200 11 94 18
22656 2201 11 95 18
22657 2202 11 96 18
22658 2203 11 97 18
22659 2204 11 98 18
22661 2205 11 99 18
22662 2206 11 100 18
22663 2207 11 101 18
22664 2208 11 102 18
22665 2209 11 103 18
22666 2210 11 104 18
22667 2211 11 105 18
22670 2212 11 106 18
22671 2213 11 107 18
22672 2214 11 108 18
22673 2215 11 109 18
22675 2216 11 110 18
22676 2217 11 111 18
22680 2218 11 112 18
22684 2219 11 113 18
22685 2220 11 114 18
22686 2221 11 115 18
22687 2222 11 116 18
22688 2223 11 0 19
22689 2224 11 1 19
22691 2225 11 2 19
22693 2226 11 3 19
22694 2227 11 4 19
22696 2228 11 5 19
22697 2229 11 6 19
22699 2230 11 7 19
22700 2231 11 8 19
22702 2232 11 9 19
22703 2233 11 10 19
22705 2234 11 11 19
22707 2235 11 12 19
22714 2236 11 13 19
22716 2237 11 14 19
22717 2238 11 15 19
22718 2239 11 16 19
22719 2240 11 17 19
22721 2241 11 18 19
22722 2242 11 19 19
22725 2243 11 20 19
22726 2244 11 21 19
22727 2245 11 22 19
22728 2246 11 23 19
22729 2247 11 24 19
22734 2248 11 25 19
22735 2249 11 26 19
22737 2250 11 27 19
22738 2251 11 28 19
22739 2252 11 29 19
22740 2253 11 30 19
22741 2254 11 31 19
22742 2255 11 32 19
22744 2256 11 33 19
22745 2257 11 34 19
22746 2258 11 35 19
22747 2259 11 36 19
22749 2260 11 37 19
22750 2261 11 38 19
22751 2262 11 39 19
22754 2263 11 40 19
22755 2264 11 41 19
22756 2265 11 42 19
22759 2266 11 43 19
22760 2267 11 44 19
22761 2268 11 45 19
22763 2269 11 46 19
22764 2270 11 47 19
22767 2271 11 48 19
22772 2272 11 49 19
22777 2273 11 50 19
22778 2274 11 51 19
22780 2275 11 52 19
22781 2276 11 53 19
22782 2277 11 54 19
22783 2278 11 55 19
22787 2279 11 56 19
22790 2280 11 57 19
22796 2281 11 58 19
22797 2282 11 59 19
22798 2283 11 60 19
22799 2284 11 61 19
22802 2285 11 62 19
22804 2286 11 63 19
22805 2287 11 64 19
22806 2288 11 65 19
22807 2289 11 66 19
22809 2290 11 67 19
22810 2291 11 68 19
22812 2292 11 69 19
22816 2293 11 70 19
22818 2294 11 71 19
22820 2295 11 72 19
22821 2296 11 73 19
22823 2297 11 74 19
22825 2298 11 75 19
22826 2299 11 76 19
22827 2300 11 77 19
22828 2301 11 78 19
22829 2302 11 79 19
22830 2303 11 80 19
22831 2304 11 81 19
22833 2305 11 82 19
22839 2306 11 83 19
22840 2307 11 84 19
22844 2308 11 85 19
22846 2309 11 86 19
22848 2310 11 87 19
22852 2311 11 88 19
22853 2312 11 89 19
22855 2313 11 90 19
22856 2314 11 91 19
22857 2315 11 92 19
22858 2316 11 93 19
22862 2317 11 94 19
22863 2318 11 95 19
22864 2319 11 96 19
22865 2320 11 97 19
22867 2321 11 98 19
22868 2322 11 99 19
22869 2323 11 100 19
22871 2324 11 101 19
22872 2325 11 102 19
22874 2326 11 103 19
22876 2327 11 104 19
22880 2328 11 105 19
22881 2329 11 106 19
22882 2330 11 107 19
22887 2331 11 108 19
22889 2332 11 109 19
22890 2333 11 110 19
22891 2334 11 111 19
22893 2335 11 112 19
22894 2336 11 113 19
22896 2337 11 114 19
22897 2338 11 115 19
22898 2339 11 116 19
22899 2340 11 0 20
22900 2341 11 1 20
22902 2342 11 2 20
22903 2343 11 3 20
22904 2344 11 4 20
22905 2345 11 5 20
22907 2346 11 6 20
22908 2347 11 7 20
22909 2348 11 8 20
22910 2349 11 9 20
22911 2350 11 10 20
22912 2351 11 11 20
22913 2352 11 12 20
22914 2353 11 13 20
22915 2354 11 14 20
22916 2355 11 15 20
22917 2356 11 16 20
22922 2357 11 17 20
22925 2358 11 18 20
22926 2359 11 19 20
22927 2360 11 20 20
22928 2361 11 21 20
22930 2362 11 22 20
22931 2363 11 23 20
22934 2364 11 24 20
22935 2365 11 25 20
22936 2366 11 26 20
22937 2367 11 27 20
22941 2368 11 28 20
22942 2369 11 29 20
22944 2370 11 30 20
22945 2371 11 31 20
22946 2372 11 32 20
22947 2373 11 33 20
22948 2374 11 34 20
22949 2375 11 35 20
22950 2376 11 36 20
22951 2377 11 37 20
22952 2378 11 38 20
22958 2379 11 39 20
22959 2380 11 40 20
22961 2381 11 41 20
22962 2382 11 42 20
22963 2383 11 43 20
22964 2384 11 44 20
22965 2385 11 45 20
22966 2386 11 46 20
22969 2387 11 47 20
22970 2388 11 48 20
22971 2389 11 49 20
22972 2390 11 50 20
22973 2391 11 51 20
22974 2392 11 52 20
22976 2393 11 53 20
22977 2394 11 54 20
22979 2395 11 55 20
22981 2396 11 56 20
22982 2397 11 57 20
22983 2398 11 58 20
22984 2399 11 59 20
22986 2400 11 60 20
22987 2401 11 61 20
22988 2402 11 62 20
22989 2403 11 63 20
22990 2404 11 64 20
22991 2405 11 65 20
22992 2406 11 66 20
22993 2407 11 67 20
22994 2408 11 68 20
22995 2409 11 69 20
22996 2410 11 70 20
22998 2411 11 71 20
23000 2412 11 72 20
23002 2413 11 73 20
23003 2414 11 74 20
23004 2415 11 75 20
23005 2416 11 76 20
23006 2417 11 77 20
23008 2418 11 78 20
23009 2419 11 79 20
23011 2420 11 80 20
23012 2421 11 81 20
23013 2422 11 82 20
23014 2423 11 83 20
23016 2424 11 84 20
23017 2425 11 85 20
23018 2426 11 86 20
23020 2427 11 87 20
23021 2428 11 88 20
23022 2429 11 89 20
23025 2430 11 90 20
23026 2431 11 91 20
23027 2432 11 92 20
23028 2433 11 93 20
23029 2434 11 94 20
23030 2435 11 95 20
23031 2436 11 96 20
23034 2437 11 97 20
23035 2438 11 98 20
23036 2439 11 99 20
23037 2440 11 100 20
23038 2441 11 101 20
23039 2442 11 102 20
23040 2443 11 103 20
23041 2444 11 104 20
23043 2445 11 105 20
23049 2446 11 106 20
23050 2447 11 107 20
23052 2448 11 108 20
23055 2449 11 109 20
23057 2450 11 110 20
23059 2451 11 111 20
23061 2452 11 112 20
23062 2453 11 113 20
23063 2454 11 114 20
23064 2455 11 115 20
23065 2456 11 116 20
23067 2457 11 0 21
23068 2458 11 1 21
23070 2459 11 2 21
23071 2460 11 3 21
23072 2461 11 4 21
23075 2462 11 5 21
23077 2463 11 6 21
23081 2464 11 7 21
23085 2465 11 8 21
23086 2466 11 9 21
23091 2467 11 10 21
23093 2468 11 11 21
23094 2469 11 12 21
23095 2470 11 13 21
23096 2471 11 14 21
23097 2472 11 15 21
23100 2473 11 16 21
23102 2474 11 17 21
23104 2475 11 18 21
23105 2476 11 19 21
23106 2477 11 20 21
23107 2478 11 21 21
23108 2479 11 22 21
23110 2480 11 23 21
23111 2481 11 24 21
23112 2482 11 25 21
23113 2483 11 26 21
23114 2484 11 27 21
23116 2485 11 28 21
23117 2486 11 29 21
23120 2487 11 30 21
23121 2488 11 31 21
23122 2489 11 32 21
23123 2490 11 33 21
23125 2491 11 34 21
23126 2492 11 35 21
23127 2493 11 36 21
23128 2494 11 37 21
23130 2495 11 38 21
23131 2496 11 39 21
23132 2497 11 40 21
23133 2498 11 41 21
23134 2499 11 42 21
23135 2500 11 43 21
23136 2501 11 44 21
23138 2502 11 45 21
23140 2503 11 46 21
23141 2504 11 47 21
23142 2505 11 48 21
23143 2506 11 49 21
23145 2507 11 50 21
23146 2508 11 51 21
23148 2509 11 52 21
23149 2510 11 53 21
23152 2511 11 54 21
23159 2512 11 55 21
23160 2513 11 56 21
23162 2514 11 57 21
23163 2515 11 58 21
23164 2516 11 59 21
23165 2517 11 60 21
23167 2518 11 61 21
23171 2519 11 62 21
23172 2520 11 63 21
23178 2521 11 64 21
23179 2522 11 65 21
23180 2523 11 66 21
23182 2524 11 67 21
23183 2525 11 68 21
23184 2526 11 69 21
23186 2527 11 70 21
23187 2528 11 71 21
23188 2529 11 72 21
23189 2530 11 73 21
23191 2531 11 74 21
23194 2532 11 75 21
23195 2533 11 76 21
23196 2534 11 77 21
23197 2535 11 78 21
23198 2536 11 79 21
23199 2537 11 80 21
23202 2538 11 81 21
23205 2539 11 82 21
23206 2540 11 83 21
23207 2541 11 84 21
23209 2542 11 85 21
23212 2543 11 86 21
23214 2544 11 87 21
23215 2545 11 88 21
23216 2546 11 89 21
23217 2547 11 90 21
23218 2548 11 91 21
23219 2549 11 92 21
23220 2550 11 93 21
23221 2551 11 94 21
23222 2552 11 95 21
23223 2553 11 96 21
23224 2554 11 97 21
23225 2555 11 98 21
23226 2556 11 99 21
23227 2557 11 100 21
23228 2558 11 101 21
23229 2559 11 102 21
23230 2560 11 103 21
23231 2561 11 104 21
23232 2562 11 105 21
23233 2563 11 106 21
23234 2564 11 107 21
23236 2565 11 108 21
23238 2566 11 109 21
23239 2567 11 110 21
23240 2568 11 111 21
23241 2569 11 112 21
23242 2570 11 113 21
23243 2571 11 114 21
23244 2572 11 115 21
23245 2573 11 116 21
23253 2574 11 0 22
23254 2575 11 1 22
23255 2576 11 2 22
23256 2577 11 3 22
23257 2578 11 4 22
23258 2579 11 5 22
23259 2580 11 6 22
23260 2581 11 7 22
23261 2582 11 8 22
23262 2583 11 9 22
23263 2584 11 10 22
23264 2585 11 11 22
23265 2586 11 12 22
23266 2587 11 13 22
23267 2588 11 14 22
23269 2589 11 15 22
23270 2590 11 16 22
23272 2591 11 17 22
23273 2592 11 18 22
23274 2593 11 19 22
23275 2594 11 20 22
23276 2595 11 21 22
23277 2596 11 22 22
23278 2597 11 23 22
23283 2598 11 24 22
23284 2599 11 25 22
23285 2600 11 26 22
23286 2601 11 27 22
23287 2602 11 28 22
23288 2603 11 29 22
23289 2604 11 30 22
23291 2605 11 31 22
23293 2606 11 32 22
23295 2607 11 33 22
23297 2608 11 34 22
23298 2609 11 35 22
23299 2610 11 36 22
23301 2611 11 37 22
23303 2612 11 38 22
23304 2613 11 39 22
23305 2614 11 40 22
23307 2615 11 41 22
23308 2616 11 42 22
23311 2617 11 43 22
23312 2618 11 44 22
23315 2619 11 45 22
23316 2620 11 46 22
23318 2621 11 47 22
23319 2622 11 48 22
23321 2623 11 49 22
23322 2624 11 50 22
23323 2625 11 51 22
23325 2626 11 52 22
23326 2627 11 53 22
23328 2628 11 54 22
23329 2629 11 55 22
23331 2630 11 56 22
23332 2631 11 57 22
23333 2632 11 58 22
23334 2633 11 59 22
23335 2634 11 60 22
23336 2635 11 61 22
23338 2636 11 62 22
23340 2637 11 63 22
23341 2638 11 64 22
23342 2639 11 65 22
23343 2640 11 66 22
23344 2641 11 67 22
23346 2642 11 68 22
23348 2643 11 69 22
23352 2644 11 70 22
23356 2645 11 71 22
23357 2646 11 72 22
23358 2647 11 73 22
23359 2648 11 74 22
23360 2649 11 75 22
23363 2650 11 76 22
23365 2651 11 77 22
23367 2652 11 78 22
23368 2653 11 79 22
23371 2654 11 80 22
23372 2655 11 81 22
23373 2656 11 82 22
23374 2657 11 83 22
23376 2658 11 84 22
23377 2659 11 85 22
23379 2660 11 86 22
23380 2661 11 87 22
23381 2662 11 88 22
23382 2663 11 89 22
23383 2664 11 90 22
23384 2665 11 91 22
23386 2666 11 92 22
23387 2667 11 93 22
23388 2668 11 94 22
23389 2669 11 95 22
23391 2670 11 96 22
23394 2671 11 97 22
23395 2672 11 98 22
23396 2673 11 99 22
23397 2674 11 100 22
23401 2675 11 101 22
23403 2676 11 102 22
23404 2677 11 103 22
23406 2678 11 104 22
23408 2679 11 105 22
23409 2680 11 106 22
23410 2681 11 107 22
23411 2682 11 108 22
23413 2683 11 109 22
23415 2684 11 110 22
23416 2685 11 111 22
23418 2686 11 112 22
23419 2687 11 113 22
23421 2688 11 114 22
23423 2689 11 115 22
23425 2690 11 116 22
23427 2691 11 0 23
23428 2692 11 1 23
23429 2693 11 2 23
23431 2694 11 3 23
23432 2695 11 4 23
23433 2696 11 5 23
23435 2697 11 6 23
23436 2698 11 7 23
23438 2699 11 8 23
23439 2700 11 9 23
23442 2701 11 10 23
23443 2702 11 11 23
23445 2703 11 12 23
23447 2704 11 13 23
23448 2705 11 14 23
23449 2706 11 15 23
23450 2707 11 16 23
23451 2708 11 17 23
23452 2709 11 18 23
23458 2710 11 19 23
23459 2711 11 20 23
23460 2712 11 21 23
23461 2713 11 22 23
23462 2714 11 23 23
23463 2715 11 24 23
23464 2716 11 25 23
23468 2717 11 26 23
23469 2718 11 27 23
23470 2719 11 28 23
23472 2720 11 29 23
23475 2721 11 30 23
23476 2722 11 31 23
23477 2723 11 32 23
23478 2724 11 33 23
23480 2725 11 34 23
23481 2726 11 35 23
23487 2727 11 36 23
23488 2728 11 37 23
23489 2729 11 38 23
23490 2730 11 39 23
23492 2731 11 40 23
23493 2732 11 41 23
23494 2733 11 42 23
23495 2734 11 43 23
23498 2735 11 44 23
23499 2736 11 45 23
23500 2737 11 46 23
23501 2738 11 47 23
23502 2739 11 48 23
23504 2740 11 49 23
23505 2741 11 50 23
23506 2742 11 51 23
23507 2743 11 52 23
23508 2744 11 53 23
23510 2745 11 54 23
23512 2746 11 55 23
23513 2747 11 56 23
23518 2748 11 57 23
23519 2749 11 58 23
23520 2750 11 59 23
23521 2751 11 60 23
23522 2752 11 61 23
23523 2753 11 62 23
23524 2754 11 63 23
23525 2755 11 64 23
23526 2756 11 65 23
23527 2757 11 66 23
23528 2758 11 67 23
23529 2759 11 68 23
23530 2760 11 69 23
23531 2761 11 70 23
23532 2762 11 71 23
23534 2763 11 72 23
23535 2764 11 73 23
23536 2765 11 74 23
23537 2766 11 75 23
23538 2767 11 76 23
23541 2768 11 77 23
23542 2769 11 78 23
23544 2770 11 79 23
23546 2771 11 80 23
23553 2772 11 81 23
23555 2773 11 82 23
23556 2774 11 83 23
23559 2775 11 84 23
23560 2776 11 85 23
23561 2777 11 86 23
23562 2778 11 87 23
23563 2779 11 88 23
23564 2780 11 89 23
23565 2781 11 90 23
23566 2782 11 91 23
23567 2783 11 92 23
23568 2784 11 93 23
23569 2785 11 94 23
23570 2786 11 95 23
23573 2787 11 96 23
23574 2788 11 97 23
23578 2789 11 98 23
23583 2790 11 99 23
23586 2791 11 100 23
23588 2792 11 101 23
23589 2793 11 102 23
23592 2794 11 103 23
23594 2795 11 104 23
23596 2796 11 105 23
23600 2797 11 106 23
23601 2798 11 107 23
23603 2799 11 108 23
23607 2800 11 109 23
23608 2801 11 110 23
23609 2802 11 111 23
23610 2803 11 112 23
23611 2804 11 113 23
23612 2805 11 114 23
23614 2806 11 115 23
23615 2807 11 116 23
23616 2808 11 0 24
23617 2809 11 1 24
23620 2810 11 2 24
23621 2811 11 3 24
23622 2812 11 4 24
23623 2813 11 5 24
23624 2814 11 6 24
23627 2815 11 7 24
23628 2816 11 8 24
23629 2817 11 9 24
23630 2818 11 10 24
23631 2819 11 11 24
23632 2820 11 12 24
23633 2821 11 13 24
23636 2822 11 14 24
23637 2823 11 15 24
23638 2824 11 16 24
23640 2825 11 17 24
23641 2826 11 18 24
23644 2827 11 19 24
23645 2828 11 20 24
23648 2829 11 21 24
23650 2830 11 22 24
23651 2831 11 23 24
23652 2832 11 24 24
23653 2833 11 25 24
23655 2834 11 26 24
23656 2835 11 27 24
23657 2836 11 28 24
23658 2837 11 29 24
23660 2838 11 30 24
23661 2839 11 31 24
23662 2840 11 32 24
23663 2841 11 33 24
23665 2842 11 34 24
23667 2843 11 35 24
23668 2844 11 36 24
23673 2845 11 37 24
23674 2846 11 38 24
23675 2847 11 39 24
23676 2848 11 40 24
23678 2849 11 41 24
23686 2850 11 42 24
23688 2851 11 43 24
23689 2852 11 44 24
23690 2853 11 45 24
23691 2854 11 46 24
23692 2855 11 47 24
23693 2856 11 48 24
23695 2857 11 49 24
23696 2858 11 50 24
23697 2859 11 51 24
23698 2860 11 52 24
23699 2861 11 53 24
23700 2862 11 54 24
23701 2863 11 55 24
23709 2864 11 56 24
23711 2865 11 57 24
23712 2866 11 58 24
23713 2867 11 59 24
23714 2868 11 60 24
23715 2869 11 61 24
23716 2870 11 62 24
23717 2871 11 63 24
23718 2872 11 64 24
23719 2873 11 65 24
23720 2874 11 66 24
23721 2875 11 67 24
23722 2876 11 68 24
23723 2877 11 69 24
23724 2878 11 70 24
23725 2879 11 71 24
23726 2880 11 72 24
23727 2881 11 73 24
23728 2882 11 74 24
23729 2883 11 75 24
23731 2884 11 76 24
23733 2885 11 77 24
23734 2886 11 78 24
23735 2887 11 79 24
23736 2888 11 80 24
23750 2889 11 81 24
23751 2890 11 82 24
23752 2891 11 83 24
23753 2892 11 84 24
23754 2893 11 85 24
23755 2894 11 86 24
23756 2895 11 87 24
23758 2896 11 88 24
23759 2897 11 89 24
23760 2898 11 90 24
23762 2899 11 91 24
23763 2900 11 92 24
23764 2901 11 93 24
23766 2902 11 94 24
23767 2903 11 95 24
23768 2904 11 96 24
23769 2905 11 97 24
23770 2906 11 98 24
23771 2907 11 99 24
23774 2908 11 100 24
23775 2909 11 101 24
23784 2910 11 102 24
23786 2911 11 103 24
23788 2912 11 104 24
23789 2913 11 105 24
23790 2914 11 106 24
23792 2915 11 107 24
23793 2916 11 108 24
23796 2917 11 109 24
23798 2918 11 110 24
23799 2919 11 111 24
23800 2920 11 112 24
23801 2921 11 113 24
23803 2922 11 114 24
23805 2923 11 115 24
23807 2924 11 116 24
23808 2925 11 0 25
23809 2926 11 1 25
23814 2927 11 2 25
23815 2928 11 3 25
23819 2929 11 4 25
23820 2930 11 5 25
23821 2931 11 6 25
23822 2932 11 7 25
23823 2933 11 8 25
23825 2934 11 9 25
23826 2935 11 10 25
23828 2936 11 11 25
23830 2937 11 12 25
23831 2938 11 13 25
23833 2939 11 14 25
23834 2940 11 15 25
23835 2941 11 16 25
23837 2942 11 17 25
23838 2943 11 18 25
23839 2944 11 19 25
23840 2945 11 20 25
23842 2946 11 21 25
23843 2947 11 22 25
23844 2948 11 23 25
23845 2949 11 24 25
23846 2950 11 25 25
23847 2951 11 26 25
23848 2952 11 27 25
23849 2953 11 28 25
23854 2954 11 29 25
23856 2955 11 30 25
23857 2956 11 31 25
23858 2957 11 32 25
23859 2958 11 33 25
23860 2959 11 34 25
23861 2960 11 35 25
23862 2961 11 36 25
23863 2962 11 37 25
23864 2963 11 38 25
23865 2964 11 39 25
23866 2965 11 40 25
23868 2966 11 41 25
23869 2967 11 42 25
23871 2968 11 43 25
23872 2969 11 44 25
23873 2970 11 45 25
23874 2971 11 46 25
23875 2972 11 47 25
23877 2973 11 48 25
23879 2974 11 49 25
23881 2975 11 50 25
23882 2976 11 51 25
23883 2977 11 52 25
23884 2978 11 53 25
23886 2979 11 54 25
23888 2980 11 55 25
23889 2981 11 56 25
23890 2982 11 57 25
23893 2983 11 58 25
23897 2984 11 59 25
23902 2985 11 60 25
23906 2986 11 61 25
23907 2987 11 62 25
23909 2988 11 63 25
23911 2989 11 64 25
23912 2990 11 65 25
23913 2991 11 66 25
23915 2992 11 67 25
23916 2993 11 68 25
23919 2994 11 69 25
23921 2995 11 70 25
23922 2996 11 71 25
23927 2997 11 72 25
23929 2998 11 73 25
23930 2999 11 74 25
23932 3000 11 75 25
23933 3001 11 76 25
23934 3002 11 77 25
23935 3003 11 78 25
23936 3004 11 79 25
23937 3005 11 80 25
23938 3006 11 81 25
23940 3007 11 82 25
23942 3008 11 83 25
23943 3009 11 84 25
23944 3010 11 85 25
23945 3011 11 86 25
23946 3012 11 87 25
23949 3013 11 88 25
23954 3014 11 89 25
23955 3015 11 90 25
23956 3016 11 91 25
23957 3017 11 92 25
23959 3018 11 93 25
23961 3019 11 94 25
23962 3020 11 95 25
23964 3021 11 96 25
23965 3022 11 97 25
23966 3023 11 98 25
23967 3024 11 99 25
23968 3025 11 100 25
23969 3026 11 101 25
23970 3027 11 102 25
23975 3028 11 103 25
23976 3029 11 104 25
23977 3030 11 105 25
23978 3031 11 106 25
23980 3032 11 107 25
23981 3033 11 108 25
23982 3034 11 109 25
23983 3035 11 110 25
23984 3036 11 111 25
23985 3037 11 112 25
23986 3038 11 113 25
23988 3039 11 114 25
23989 3040 11 115 25
23991 3041 11 116 25
23992 3042 11 0 26
23994 3043 11 1 26
23996 3044 11 2 26
23997 3045 11 3 26
24000 3046 11 4 26
24002 3047 11 5 26
24003 3048 11 6 26
24006 3049 11 7 26
24007 3050 11 8 26
24009 3051 11 9 26
24011 3052 11 10 26
24013 3053 11 11 26
24015 3054 11 12 26
24017 3055 11 13 26
24018 3056 11 14 26
24020 3057 11 15 26
24021 3058 11 16 26
24022 3059 11 17 26
24024 3060 11 18 26
24029 3061 11 19 26
24030 3062 11 20 26
24031 3063 11 21 26
24032 3064 11 22 26
24033 3065 11 23 26
24034 3066 11 24 26
24037 3067 11 25 26
24038 3068 11 26 26
24039 3069 11 27 26
24040 3070 11 28 26
24043 3071 11 29 26
24046 3072 11 30 26
24048 3073 11 31 26
24049 3074 11 32 26
24050 3075 11 33 26
24051 3076 11 34 26
24052 3077 11 35 26
24055 3078 11 36 26
24057 3079 11 37 26
24061 3080 11 38 26
24062 3081 11 39 26
24063 3082 11 40 26
24066 3083 11 41 26
24067 3084 11 42 26
24068 3085 11 43 26
24070 3086 11 44 26
24074 3087 11 45 26
24076 3088 11 46 26
24078 3089 11 47 26
24081 3090 11 48 26
24084 3091 11 49 26
24085 3092 11 50 26
24086 3093 11 51 26
24087 3094 11 52 26
24088 3095 11 53 26
24089 3096 11 54 26
24090 3097 11 55 26
24091 3098 11 56 26
24093 3099 11 57 26
24095 3100 11 58 26
24096 3101 11 59 26
24097 3102 11 60 26
24098 3103 11 61 26
24099 3104 11 62 26
24100 3105 11 63 26
24101 3106 11 64 26
24104 3107 11 65 26
24105 3108 11 66 26
24107 3109 11 67 26
24109 3110 11 68 26
24115 3111 11 69 26
24116 3112 11 70 26
24118 3113 11 71 26
24119 3114 11 72 26
24120 3115 11 73 26
24125 3116 11 74 26
24126 3117 11 75 26
24128 3118 11 76 26
24129 3119 11 77 26
24131 3120 11 78 26
24132 3121 11 79 26
24133 3122 11 80 26
24138 3123 11 81 26
24139 3124 11 82 26
24140 3125 11 83 26
24141 3126 11 84 26
24142 3127 11 85 26
24143 3128 11 86 26
24147 3129 11 87 26
24148 3130 11 88 26
24149 3131 11 89 26
24151 3132 11 90 26
24152 3133 11 91 26
24153 3134 11 92 26
24155 3135 11 93 26
24156 3136 11 94 26
24157 3137 11 95 26
24159 3138 11 96 26
24160 3139 11 97 26
24161 3140 11 98 26
24162 3141 11 99 26
24163 3142 11 100 26
24166 3143 11 101 26
24167 3144 11 102 26
24168 3145 11 103 26
24169 3146 11 104 26
24170 3147 11 105 26
24171 3148 11 106 26
24172 3149 11 107 26
24173 3150 11 108 26
24174 3151 11 109 26
24175 3152 11 110 26
24176 3153 11 111 26
24178 3154 11 112 26
24179 3155 11 113 26
24180 3156 11 114 26
24181 3157 11 115 26
24182 3158 11 116 26
24184 3159 11 0 27
24185 3160 11 1 27
24187 3161 11 2 27
24188 3162 11 3 27
24189 3163 11 4 27
24190 3164 11 5 27
24192 3165 11 6 27
24194 3166 11 7 27
24196 3167 11 8 27
24199 3168 11 9 27
24200 3169 11 10 27
24201 3170 11 11 27
24202 3171 11 12 27
24203 3172 11 13 27
24204 3173 11 14 27
24205 3174 11 15 27
24207 3175 11 16 27
24213 3176 11 17 27
24214 3177 11 18 27
24215 3178 11 19 27
24218 3179 11 20 27
24219 3180 11 21 27
24220 3181 11 22 27
24224 3182 11 23 27
24226 3183 11 24 27
24227 3184 11 25 27
24228 3185 11 26 27
24229 3186 11 27 27
24230 3187 11 28 27
24231 3188 11 29 27
24232 3189 11 30 27
24234 3190 11 31 27
24235 3191 11 32 27
24236 3192 11 33 27
24237 3193 11 34 27
24238 3194 11 35 27
24240 3195 11 36 27
24241 3196 11 37 27
24242 3197 11 38 27
24243 3198 11 39 27
24244 3199 11 40 27
24245 3200 11 41 27
24246 3201 11 42 27
24247 3202 11 43 27
24248 3203 11 44 27
24249 3204 11 45 27
24254 3205 11 46 27
24257 3206 11 47 27
24258 3207 11 48 27
24260 3208 11 49 27
24261 3209 11 50 27
24262 3210 11 51 27
24263 3211 11 52 27
24264 3212 11 53 27
24265 3213 11 54 27
24266 3214 11 55 27
24267 3215 11 56 27
24268 3216 11 57 27
24270 3217 11 58 27
24273 3218 11 59 27
24274 3219 11 60 27
24275 3220 11 61 27
24276 3221 11 62 27
24277 3222 11 63 27
24278 3223 11 64 27
24279 3224 11 65 27
24280 3225 11 66 27
24281 3226 11 67 27
24282 3227 11 68 27
24283 3228 11 69 27
24284 3229 11 70 27
24285 3230 11 71 27
24286 3231 11 72 27
24287 3232 11 73 27
24288 3233 11 74 27
24289 3234 11 75 27
24290 3235 11 76 27
24291 3236 11 77 27
24293 3237 11 78 27
24294 3238 11 79 27
24295 3239 11 80 27
24296 3240 11 81 27
24297 3241 11 82 27
24300 3242 11 83 27
24302 3243 11 84 27
24303 3244 11 85 27
24305 3245 11 86 27
24306 3246 11 87 27
24307 3247 11 88 27
24310 3248 11 89 27
24311 3249 11 90 27
24314 3250 11 91 27
24318 3251 11 92 27
24319 3252 11 93 27
24321 3253 11 94 27
24322 3254 11 95 27
24324 3255 11 96 27
24325 3256 11 97 27
24327 3257 11 98 27
24328 3258 11 99 27
24330 3259 11 100 27
24331 3260 11 101 27
24335 3261 11 102 27
24338 3262 11 103 27
24339 3263 11 104 27
24340 3264 11 105 27
24341 3265 11 106 27
24343 3266 11 107 27
24344 3267 11 108 27
24346 3268 11 109 27
24347 3269 11 110 27
24349 3270 11 111 27
24351 3271 11 112 27
24354 3272 11 113 27
24355 3273 11 114 27
24356 3274 11 115 27
24358 3275 11 116 27
24359 3276 11 0 28
24360 3277 11 1 28
24361 3278 11 2 28
24365 3279 11 3 28
24366 3280 11 4 28
24368 3281 11 5 28
24369 3282 11 6 28
24371 3283 11 7 28
24373 3284 11 8 28
24374 3285 11 9 28
24375 3286 11 10 28
24376 3287 11 11 28
24380 3288 11 12 28
24384 3289 11 13 28
24387 3290 11 14 28
24388 3291 11 15 28
24390 3292 11 16 28
24392 3293 11 17 28
24393 3294 11 18 28
24394 3295 11 19 28
24395 3296 11 20 28
24396 3297 11 21 28
24398 3298 11 22 28
24399 3299 11 23 28
24404 3300 11 24 28
24406 3301 11 25 28
24407 3302 11 26 28
24408 3303 11 27 28
24409 3304 11 28 28
24413 3305 11 29 28
24418 3306 11 30 28
24420 3307 11 31 28
24421 3308 11 32 28
24423 3309 11 33 28
24425 3310 11 34 28
24426 3311 11 35 28
24427 3312 11 36 28
24428 3313 11 37 28
24429 3314 11 38 28
24431 3315 11 39 28
24432 3316 11 40 28
24433 3317 11 41 28
24435 3318 11 42 28
24436 3319 11 43 28
24438 3320 11 44 28
24439 3321 11 45 28
24440 3322 11 46 28
24441 3323 11 47 28
24444 3324 11 48 28
24445 3325 11 49 28
24446 3326 11 50 28
24447 3327 11 51 28
24448 3328 11 52 28
24449 3329 11 53 28
24450 3330 11 54 28
24453 3331 11 55 28
24454 3332 11 56 28
24455 3333 11 57 28
24456 3334 11 58 28
24457 3335 11 59 28
24458 3336 11 60 28
24459 3337 11 61 28
24460 3338 11 62 28
24464 3339 11 63 28
24465 3340 11 64 28
24466 3341 11 65 28
24470 3342 11 66 28
24471 3343 11 67 28
24472 3344 11 68 28
24473 3345 11 69 28
24475 3346 11 70 28
24476 3347 11 71 28
24478 3348 11 72 28
24479 3349 11 73 28
24480 3350 11 74 28
24481 3351 11 75 28
24485 3352 11 76 28
24486 3353 11 77 28
24488 3354 11 78 28
24489 3355 11 79 28
24490 3356 11 80 28
24491 3357 11 81 28
24492 3358 11 82 28
24493 3359 11 83 28
24494 3360 11 84 28
24495 3361 11 85 28
24498 3362 11 86 28
24501 3363 11 87 28
24502 3364 11 88 28
24503 3365 11 89 28
24505 3366 11 90 28
24507 3367 11 91 28
24508 3368 11 92 28
24509 3369 11 93 28
24510 3370 11 94 28
24511 3371 11 95 28
24512 3372 11 96 28
24513 3373 11 97 28
24515 3374 11 98 28
24517 3375 11 99 28
24521 3376 11 100 28
24524 3377 11 101 28
24525 3378 11 102 28
24527 3379 11 103 28
24528 3380 11 104 28
24529 3381 11 105 28
24530 3382 11 106 28
24532 3383 11 107 28
24533 3384 11 108 28
24534 3385 11 109 28
24535 3386 11 110 28
24536 3387 11 111 28
24537 3388 11 112 28
24541 3389 11 113 28
24542 3390 11 114 28
24544 3391 11 115 28
24545 3392 11 116 28
24547 3393 11 0 29
24548 3394 11 1 29
24549 3395 11 2 29
24552 3396 11 3 29
24554 3397 11 4 29
24555 3398 11 5 29
24557 3399 11 6 29
24558 3400 11 7 29
24559 3401 11 8 29
24561 3402 11 9 29
24563 3403 11 10 29
24564 3404 11 11 29
24565 3405 11 12 29
24567 3406 11 13 29
24568 3407 11 14 29
24570 3408 11 15 29
24571 3409 11 16 29
24573 3410 11 17 29
24575 3411 11 18 29
24576 3412 11 19 29
24585 3413 11 20 29
24586 3414 11 21 29
24587 3415 11 22 29
24588 3416 11 23 29
24589 3417 11 24 29
24590 3418 11 25 29
24591 3419 11 26 29
24592 3420 11 27 29
24593 3421 11 28 29
24594 3422 11 29 29
24595 3423 11 30 29
24596 3424 11 31 29
24597 3425 11 32 29
24598 3426 11 33 29
24599 3427 11 34 29
24601 3428 11 35 29
24602 3429 11 36 29
24603 3430 11 37 29
24604 3431 11 38 29
24605 3432 11 39 29
24606 3433 11 40 29
24608 3434 11 41 29
24609 3435 11 42 29
24610 3436 11 43 29
24612 3437 11 44 29
24613 3438 11 45 29
24614 3439 11 46 29
24615 3440 11 47 29
24616 3441 11 48 29
24617 3442 11 49 29
24618 3443 11 50 29
24619 3444 11 51 29
24620 3445 11 52 29
24621 3446 11 53 29
24622 3447 11 54 29
24623 3448 11 55 29
24626 3449 11 56 29
24627 3450 11 57 29
24628 3451 11 58 29
24629 3452 11 59 29
24631 3453 11 60 29
24633 3454 11 61 29
24640 3455 11 62 29
24641 3456 11 63 29
24642 3457 11 64 29
24643 3458 11 65 29
24644 3459 11 66 29
24645 3460 11 67 29
24646 3461 11 68 29
24647 3462 11 69 29
24649 3463 11 70 29
24652 3464 11 71 29
24653 3465 11 72 29
24656 3466 11 73 29
24659 3467 11 74 29
24660 3468 11 75 29
24661 3469 11 76 29
24664 3470 11 77 29
24665 3471 11 78 29
24666 3472 11 79 29
24667 3473 11 80 29
24669 3474 11 81 29
24670 3475 11 82 29
24671 3476 11 83 29
24674 3477 11 84 29
24675 3478 11 85 29
24676 3479 11 86 29
24677 3480 11 87 29
24678 3481 11 88 29
24679 3482 11 89 29
24680 3483 11 90 29
24681 3484 11 91 29
24682 3485 11 92 29
24683 3486 11 93 29
24684 3487 11 94 29
24685 3488 11 95 29
24686 3489 11 96 29
24687 3490 11 97 29
24688 3491 11 98 29
24690 3492 11 99 29
24703 3493 11 100 29
24704 3494 11 101 29
24705 3495 11 102 29
24707 3496 11 103 29
24708 3497 11 104 29
24709 3498 11 105 29
24710 3499 11 106 29
24711 3500 11 107 29
24712 3501 11 108 29
24713 3502 11 109 29
24714 3503 11 110 29
24716 3504 11 111 29
24717 3505 11 112 29
24718 3506 11 113 29
24720 3507 11 114 29
24722 3508 11 115 29
24724 3509 11 116 29
24725 3510 11 0 30
24726 3511 11 1 30
24727 3512 11 2 30
24730 3513 11 3 30
24731 3514 11 4 30
24732 3515 11 5 30
24733 3516 11 6 30
24735 3517 11 7 30
24736 3518 11 8 30
24738 3519 11 9 30
24739 3520 11 10 30
24744 3521 11 11 30
24752 3522 11 12 30
24753 3523 11 13 30
24754 3524 11 14 30
24756 3525 11 15 30
24757 3526 11 16 30
24758 3527 11 17 30
24759 3528 11 18 30
24760 3529 11 19 30
24761 3530 11 20 30
24762 3531 11 21 30
24763 3532 11 22 30
24764 3533 11 23 30
24765 3534 11 24 30
24766 3535 11 25 30
24767 3536 11 26 30
24768 3537 11 27 30
24769 3538 11 28 30
24771 3539 11 29 30
24772 3540 11 30 30
24773 3541 11 31 30
24774 3542 11 32 30
24775 3543 11 33 30
24776 3544 11 34 30
24777 3545 11 35 30
24778 3546 11 36 30
24779 3547 11 37 30
24780 3548 11 38 30
24781 3549 11 39 30
24782 3550 11 40 30
24783 3551 11 41 30
24785 3552 11 42 30
24787 3553 11 43 30
24788 3554 11 44 30
24789 3555 11 45 30
24792 3556 11 46 30
24793 3557 11 47 30
24794 3558 11 48 30
24795 3559 11 49 30
24796 3560 11 50 30
24797 3561 11 51 30
24799 3562 11 52 30
24800 3563 11 53 30
24801 3564 11 54 30
24802 3565 11 55 30
24804 3566 11 56 30
24806 3567 11 57 30
24816 3568 11 58 30
24817 3569 11 59 30
24818 3570 11 60 30
24819 3571 11 61 30
24820 3572 11 62 30
24821 3573 11 63 30
24822 3574 11 64 30
24823 3575 11 65 30
24824 3576 11 66 30
24825 3577 11 67 30
24826 3578 11 68 30
24827 3579 11 69 30
24828 3580 11 70 30
24830 3581 11 71 30
24831 3582 11 72 30
24832 3583 11 73 30
24833 3584 11 74 30
24835 3585 11 75 30
24836 3586 11 76 30
24837 3587 11 77 30
24838 3588 11 78 30
24840 3589 11 79 30
24841 3590 11 80 30
24842 3591 11 81 30
24843 3592 11 82 30
24845 3593 11 83 30
24846 3594 11 84 30
24847 3595 11 85 30
24848 3596 11 86 30
24850 3597 11 87 30
24851 3598 11 88 30
24852 3599 11 89 30
24853 3600 11 90 30
24854 3601 11 91 30
24856 3602 11 92 30
24858 3603 11 93 30
24859 3604 11 94 30
24860 3605 11 95 30
24861 3606 11 96 30
24863 3607 11 97 30
24867 3608 11 98 30
24871 3609 11 99 30
24872 3610 11 100 30
24873 3611 11 101 30
24875 3612 11 102 30
24876 3613 11 103 30
24878 3614 11 104 30
24879 3615 11 105 30
24882 3616 11 106 30
24884 3617 11 107 30
24886 3618 11 108 30
24887 3619 11 109 30
24891 3620 11 110 30
24894 3621 11 111 30
24895 3622 11 112 30
24896 3623 11 113 30
24897 3624 11 114 30
24900 3625 11 115 30
24901 3626 11 116 30
24902 3627 11 0 31
24903 3628 11 1 31
24904 3629 11 2 31
24905 3630 11 3 31
24906 3631 11 4 31
24907 3632 11 5 31
24908 3633 11 6 31
24909 3634 11 7 31
24910 3635 11 8 31
24911 3636 11 9 31
24914 3637 11 10 31
24915 3638 11 11 31
24916 3639 11 12 31
24917 3640 11 13 31
24918 3641 11 14 31
24920 3642 11 15 31
24922 3643 11 16 31
24923 3644 11 17 31
24925 3645 11 18 31
24926 3646 11 19 31
24927 3647 11 20 31
24929 3648 11 21 31
24930 3649 11 22 31
24931 3650 11 23 31
24933 3651 11 24 31
24934 3652 11 25 31
24935 3653 11 26 31
24936 3654 11 27 31
24938 3655 11 28 31
24939 3656 11 29 31
24940 3657 11 30 31
24942 3658 11 31 31
24944 3659 11 32 31
24945 3660 11 33 31
24946 3661 11 34 31
24947 3662 11 35 31
24948 3663 11 36 31
24949 3664 11 37 31
24950 3665 11 38 31
24951 3666 11 39 31
24953 3667 11 40 31
24954 3668 11 41 31
24956 3669 11 42 31
24958 3670 11 43 31
24960 3671 11 44 31
24962 3672 11 45 31
24963 3673 11 46 31
24969 3674 11 47 31
24970 3675 11 48 31
24971 3676 11 49 31
24972 3677 11 50 31
24973 3678 11 51 31
24974 3679 11 52 31
24976 3680 11 53 31
24977 3681 11 54 31
24978 3682 11 55 31
24979 3683 11 56 31
24980 3684 11 57 31
24982 3685 11 58 31
24986 3686 11 59 31
24987 3687 11 60 31
24989 3688 11 61 31
24991 3689 11 62 31
24993 3690 11 63 31
24994 3691 11 64 31
24996 3692 11 65 31
24999 3693 11 66 31
25000 3694 11 67 31
25001 3695 11 68 31
25002 3696 11 69 31
25003 3697 11 70 31
25004 3698 11 71 31
25005 3699 11 72 31
25006 3700 11 73 31
25007 3701 11 74 31
25008 3702 11 75 31
25009 3703 11 76 31
25010 3704 11 77 31
25011 3705 11 78 31
25012 3706 11 79 31
25013 3707 11 80 31
25014 3708 11 81 31
25016 3709 11 82 31
25018 3710 11 83 31
25020 3711 11 84 31
25022 3712 11 85 31
25023 3713 11 86 31
25025 3714 11 87 31
25026 3715 11 88 31
25027 3716 11 89 31
25029 3717 11 90 31
25030 3718 11 91 31
25031 3719 11 92 31
25032 3720 11 93 31
25033 3721 11 94 31
25034 3722 11 95 31
25035 3723 11 96 31
25036 3724 11 97 31
25037 3725 11 98 31
25046 3726 11 99 31
25048 3727 11 100 31
25054 3728 11 101 31
25055 3729 11 102 31
25056 3730 11 103 31
25059 3731 11 104 31
25060 3732 11 105 31
25061 3733 11 106 31
25062 3734 11 107 31
25063 3735 11 108 31
25064 3736 11 109 31
25065 3737 11 110 31
25066 3738 11 111 31
25067 3739 11 112 31
25069 3740 11 113 31
25070 3741 11 114 31
25072 3742 11 115 31
25073 3743 11 116 31
25074 3744 11 0 32
25077 3745 11 1 32
25078 3746 11 2 32
25079 3747 11 3 32
25080 3748 11 4 32
25081 3749 11 5 32
25082 3750 11 6 32
25083 3751 11 7 32
25084 3752 11 8 32
25085 3753 11 9 32
25086 3754 11 10 32
25087 3755 11 11 32
25088 3756 11 12 32
25089 3757 11 13 32
25091 3758 11 14 32
25092 3759 11 15 32
25095 3760 11 16 32
25096 3761 11 17 32
25097 3762 11 18 32
25098 3763 11 19 32
25100 3764 11 20 32
25101 3765 11 21 32
25102 3766 11 22 32
25104 3767 11 23 32
25105 3768 11 24 32
25106 3769 11 25 32
25108 3770 11 26 32
25109 3771 11 27 32
25110 3772 11 28 32
25113 3773 11 29 32
25114 3774 11 30 32
25115 3775 11 31 32
25119 3776 11 32 32
25120 3777 11 33 32
25121 3778 11 34 32
25122 3779 11 35 32
25123 3780 11 36 32
25124 3781 11 37 32
25125 3782 11 38 32
25127 3783 11 39 32
25129 3784 11 40 32
25130 3785 11 41 32
25131 3786 11 42 32
25133 3787 11 43 32
25134 3788 11 44 32
25136 3789 11 45 32
25138 3790 11 46 32
25139 3791 11 47 32
25140 3792 11 48 32
25142 3793 11 49 32
25146 3794 11 50 32
25149 3795 11 51 32
25150 3796 11 52 32
25151 3797 11 53 32
25152 3798 11 54 32
25153 3799 11 55 32
25154 3800 11 56 32
25155 3801 11 57 32
25158 3802 11 58 32
25159 3803 11 59 32
25160 3804 11 60 32
25161 3805 11 61 32
25162 3806 11 62 32
25163 3807 11 63 32
25165 3808 11 64 32
25166 3809 11 65 32
25168 3810 11 66 32
25169 3811 11 67 32
25170 3812 11 68 32
25171 3813 11 69 32
25172 3814 11 70 32
25176 3815 11 71 32
25177 3816 11 72 32
25178 3817 11 73 32
25179 3818 11 74 32
25180 3819 11 75 32
25182 3820 11 76 32
25184 3821 11 77 32
25185 3822 11 78 32
25186 3823 11 79 32
25187 3824 11 80 32
25188 3825 11 81 32
25189 3826 11 82 32
25190 3827 11 83 32
25197 3828 11 84 32
25198 3829 11 85 32
25199 3830 11 86 32
25200 3831 11 87 32
25201 3832 11 88 32
25202 3833 11 89 32
25203 3834 11 90 32
25204 3835 11 91 32
25206 3836 11 92 32
25207 3837 11 93 32
25209 3838 11 94 32
25210 3839 11 95 32
25211 3840 11 96 32
25212 3841 11 97 32
25213 3842 11 98 32
25214 3843 11 99 32
25215 3844 11 100 32
25216 3845 11 101 32
25217 3846 11 102 32
25219 3847 11 103 32
25220 3848 11 104 32
25222 3849 11 105 32
25223 3850 11 106 32
25224 3851 11 107 32
25225 3852 11 108 32
25226 3853 11 109 32
25228 3854 11 110 32
25230 3855 11 111 32
25231 3856 11 112 32
25233 3857 11 113 32
25234 3858 11 114 32
25235 3859 11 115 32
25236 3860 11 116 32
25237 3861 11 0 33
25238 3862 11 1 33
25239 3863 11 2 33
25240 3864 11 3 33
25256 3865 11 4 33
25257 3866 11 5 33
25258 3867 11 6 33
25259 3868 11 7 33
25260 3869 11 8 33
25261 3870 11 9 33
25262 3871 11 10 33
25263 3872 11 11 33
25264 3873 11 12 33
25265 3874 11 13 33
25267 3875 11 14 33
25268 3876 11 15 33
25269 3877 11 16 33
25270 3878 11 17 33
25272 3879 11 18 33
25273 3880 11 19 33
25275 3881 11 20 33
25276 3882 11 21 33
25277 3883 11 22 33
25278 3884 11 23 33
25279 3885 11 24 33
25282 3886 11 25 33
25284 3887 11 26 33
25286 3888 11 27 33
25287 3889 11 28 33
25288 3890 11 29 33
25289 3891 11 30 33
25290 3892 11 31 33
25291 3893 11 32 33
25292 3894 11 33 33
25293 3895 11 34 33
25294 3896 11 35 33
25295 3897 11 36 33
25296 3898 11 37 33
25297 3899 11 38 33
25298 3900 11 39 33
25299 3901 11 40 33
25300 3902 11 41 33
25302 3903 11 42 33
25303 3904 11 43 33
25304 3905 11 44 33
25305 3906 11 45 33
25306 3907 11 46 33
25307 3908 11 47 33
25308 3909 11 48 33
25323 3910 11 49 33
25324 3911 11 50 33
25325 3912 11 51 33
25326 3913 11 52 33
25327 3914 11 53 33
25328 3915 11 54 33
25329 3916 11 55 33
25330 3917 11 56 33
25331 3918 11 57 33
25332 3919 11 58 33
25333 3920 11 59 33
25334 3921 11 60 33
25335 3922 11 61 33
25336 3923 11 62 33
25337 3924 11 63 33
25338 3925 11 64 33
25339 3926 11 65 33
25340 3927 11 66 33
25341 3928 11 67 33
25342 3929 11 68 33
25343 3930 11 69 33
25344 3931 11 70 33
25345 3932 11 71 33
25346 3933 11 72 33
25347 3934 11 73 33
25351 3935 11 74 33
25352 3936 11 75 33
25353 3937 11 76 33
25355 3938 11 77 33
25356 3939 11 78 33
25357 3940 11 79 33
25358 3941 11 80 33
25359 3942 11 81 33
25360 3943 11 82 33
25361 3944 11 83 33
25363 3945 11 84 33
25364 3946 11 85 33
25365 3947 11 86 33
25366 3948 11 87 33
25384 3949 11 88 33
25385 3950 11 89 33
25386 3951 11 90 33
25387 3952 11 91 33
25388 3953 11 92 33
25389 3954 11 93 33
25391 3955 11 94 33
25394 3956 11 95 33
25395 3957 11 96 33
25396 3958 11 97 33
25398 3959 11 98 33
25400 3960 11 99 33
25401 3961 11 100 33
25402 3962 11 101 33
25403 3963 11 102 33
25404 3964 11 103 33
25405 3965 11 104 33
25406 3966 11 105 33
25408 3967 11 106 33
25409 3968 11 107 33
25410 3969 11 108 33
25411 3970 11 109 33
25412 3971 11 110 33
25413 3972 11 111 33
25414 3973 11 112 33
25415 3974 11 113 33
25416 3975 11 114 33
25417 3976 11 115 33
25418 3977 11 116 33
25419 3978 11 0 34
25420 3979 11 1 34
25421 3980 11 2 34
25422 3981 11 3 34
25423 3982 11 4 34
25424 3983 11 5 34
25425 3984 11 6 34
25428 3985 11 7 34
25429 3986 11 8 34
25430 3987 11 9 34
25431 3988 11 10 34
25432 3989 11 11 34
25433 3990 11 12 34
25434 3991 11 13 34
25445 3992 11 14 34
25447 3993 11 15 34
25448 3994 11 16 34
25449 3995 11 17 34
25451 3996 11 18 34
25453 3997 11 19 34
25454 3998 11 20 34
25455 3999 11 21 34
25456 4000 11 22 34
25457 4001 11 23 34
25458 4002 11 24 34
25461 4003 11 25 34
25462 4004 11 26 34
25463 4005 11 27 34
25464 4006 11 28 34
25466 4007 11 29 34
25467 4008 11 30 34
25468 4009 11 31 34
25469 4010 11 32 34
25472 4011 11 33 34
25473 4012 11 34 34
25474 4013 11 35 34
25475 4014 11 36 34
25476 4015 11 37 34
25477 4016 11 38 34
25479 4017 11 39 34
25480 4018 11 40 34
25481 4019 11 41 34
25482 4020 11 42 34
25484 4021 11 43 34
25485 4022 11 44 34
25486 4023 11 45 34
25487 4024 11 46 34
25488 4025 11 47 34
25489 4026 11 48 34
25490 4027 11 49 34
25492 4028 11 50 34
25494 4029 11 51 34
25495 4030 11 52 34
25496 4031 11 53 34
25497 4032 11 54 34
25499 4033 11 55 34
25500 4034 11 56 34
25501 4035 11 57 34
25502 4036 11 58 34
25503 4037 11 59 34
25504 4038 11 60 34
25505 4039 11 61 34
25506 4040 11 62 34
25507 4041 11 63 34
25508 4042 11 64 34
25509 4043 11 65 34
25511 4044 11 66 34
25512 4045 11 67 34
25513 4046 11 68 34
25514 4047 11 69 34
25515 4048 11 70 34
25516 4049 11 71 34
25517 4050 11 72 34
25518 4051 11 73 34
25519 4052 11 74 34
25520 4053 11 75 34
25521 4054 11 76 34
25533 4055 11 77 34
25534 4056 11 78 34
25536 4057 11 79 34
25538 4058 11 80 34
25539 4059 11 81 34
25540 4060 11 82 34
25541 4061 11 83 34
25542 4062 11 84 34
25543 4063 11 85 34
25544 4064 11 86 34
25545 4065 11 87 34
25546 4066 11 88 34
25547 4067 11 89 34
25548 4068 11 90 34
25549 4069 11 91 34
25550 4070 11 92 34
25551 4071 11 93 34
25552 4072 11 94 34
25554 4073 11 95 34
25555 4074 11 96 34
25557 4075 11 97 34
25558 4076 11 98 34
25559 4077 11 99 34
25560 4078 11 100 34
25561 4079 11 101 34
25562 4080 11 102 34
25563 4081 11 103 34
25564 4082 11 104 34
25565 4083 11 105 34
25567 4084 11 106 34
25568 4085 11 107 34
25569 4086 11 108 34
25571 4087 11 109 34
25572 4088 11 110 34
25573 4089 11 111 34
25575 4090 11 112 34
25576 4091 11 113 34
25577 4092 11 114 34
25578 4093 11 115 34
25579 4094 11 116 34
25581 4095 11 0 35
25582 4096 11 1 35
25583 4097 11 2 35
25584 4098 11 3 35
25585 4099 11 4 35
25586 4100 11 5 35
25587 4101 11 6 35
25588 4102 11 7 35
25589 4103 11 8 35
25590 4104 11 9 35
25593 4105 11 10 35
25606 4106 11 11 35
25609 4107 11 12 35
25610 4108 11 13 35
25611 4109 11 14 35
25612 4110 11 15 35
25613 4111 11 16 35
25614 4112 11 17 35
25615 4113 11 18 35
25616 4114 11 19 35
25618 4115 11 20 35
25619 4116 11 21 35
25620 4117 11 22 35
25621 4118 11 23 35
25622 4119 11 24 35
25623 4120 11 25 35
25624 4121 11 26 35
25626 4122 11 27 35
25627 4123 11 28 35
25628 4124 11 29 35
25630 4125 11 30 35
25631 4126 11 31 35
25632 4127 11 32 35
25633 4128 11 33 35
25634 4129 11 34 35
25635 4130 11 35 35
25636 4131 11 36 35
25637 4132 11 37 35
25638 4133 11 38 35
25639 4134 11 39 35
25640 4135 11 40 35
25642 4136 11 41 35
25643 4137 11 42 35
25644 4138 11 43 35
25645 4139 11 44 35
25646 4140 11 45 35
25647 4141 11 46 35
25648 4142 11 47 35
25651 4143 11 48 35
25652 4144 11 49 35
25653 4145 11 50 35
25654 4146 11 51 35
25655 4147 11 52 35
25657 4148 11 53 35
25661 4149 11 54 35
25662 4150 11 55 35
25663 4151 11 56 35
25664 4152 11 57 35
25665 4153 11 58 35
25667 4154 11 59 35
25675 4155 11 60 35
25677 4156 11 61 35
25678 4157 11 62 35
25680 4158 11 63 35
25681 4159 11 64 35
25682 4160 11 65 35
25683 4161 11 66 35
25684 4162 11 67 35
25688 4163 11 68 35
25689 4164 11 69 35
25691 4165 11 70 35
25692 4166 11 71 35
25693 4167 11 72 35
25694 4168 11 73 35
25695 4169 11 74 35
25696 4170 11 75 35
25697 4171 11 76 35
25701 4172 11 77 35
25702 4173 11 78 35
25703 4174 11 79 35
25704 4175 11 80 35
25705 4176 11 81 35
25707 4177 11 82 35
25708 4178 11 83 35
25709 4179 11 84 35
25710 4180 11 85 35
25711 4181 11 86 35
25712 4182 11 87 35
25714 4183 11 88 35
25715 4184 11 89 35
25716 4185 11 90 35
25717 4186 11 91 35
25718 4187 11 92 35
25719 4188 11 93 35
25720 4189 11 94 35
25721 4190 11 95 35
25722 4191 11 96 35
25723 4192 11 97 35
25725 4193 11 98 35
25727 4194 11 99 35
25730 4195 11 100 35
25733 4196 11 101 35
25735 4197 11 102 35
25736 4198 11 103 35
25737 4199 11 104 35
25738 4200 11 105 35
25739 4201 11 106 35
25740 4202 11 107 35
25743 4203 11 108 35
25744 4204 11 109 35
25746 4205 11 110 35
25747 4206 11 111 35
25749 4207 11 112 35
25750 4208 11 113 35
25751 4209 11 114 35
25752 4210 11 115 35
25753 4211 11 116 35
25754 4212 11 0 36
25756 4213 11 1 36
25757 4214 11 2 36
25758 4215 11 3 36
25759 4216 11 4 36
25760 4217 11 5 36
25762 4218 11 6 36
25763 4219 11 7 36
25764 4220 11 8 36
25765 4221 11 9 36
25766 4222 11 10 36
25769 4223 11 11 36
25771 4224 11 12 36
25772 4225 11 13 36
25773 4226 11 14 36
25774 4227 11 15 36
25776 4228 11 16 36
25777 4229 11 17 36
25778 4230 11 18 36
25779 4231 11 19 36
25787 4232 11 20 36
25788 4233 11 21 36
25789 4234 11 22 36
25790 4235 11 23 36
25791 4236 11 24 36
25793 4237 11 25 36
25794 4238 11 26 36
25795 4239 11 27 36
25796 4240 11 28 36
25797 4241 11 29 36
25799 4242 11 30 36
25801 4243 11 31 36
25802 4244 11 32 36
25803 4245 11 33 36
25805 4246 11 34 36
25806 4247 11 35 36
25807 4248 11 36 36
25808 4249 11 37 36
25810 4250 11 38 36
25812 4251 11 39 36
25814 4252 11 40 36
25815 4253 11 41 36
25816 4254 11 42 36
25817 4255 11 43 36
25818 4256 11 44 36
25819 4257 11 45 36
25824 4258 11 46 36
25826 4259 11 47 36
25827 4260 11 48 36
25828 4261 11 49 36
25830 4262 11 50 36
25832 4263 11 51 36
25833 4264 11 52 36
25835 4265 11 53 36
25836 4266 11 54 36
25837 4267 11 55 36
25839 4268 11 56 36
25840 4269 11 57 36
25841 4270 11 58 36
25842 4271 11 59 36
25843 4272 11 60 36
25844 4273 11 61 36
25847 4274 11 62 36
25848 4275 11 63 36
25850 4276 11 64 36
25851 4277 11 65 36
25852 4278 11 66 36
25853 4279 11 67 36
25854 4280 11 68 36
25855 4281 11 69 36
25856 4282 11 70 36
25857 4283 11 71 36
25859 4284 11 72 36
25860 4285 11 73 36
25862 4286 11 74 36
25863 4287 11 75 36
25865 4288 11 76 36
25868 4289 11 77 36
25869 4290 11 78 36
25870 4291 11 79 36
25871 4292 11 80 36
25872 4293 11 81 36
25875 4294 11 82 36
25876 4295 11 83 36
25877 4296 11 84 36
25878 4297 11 85 36
25879 4298 11 86 36
25880 4299 11 87 36
25881 4300 11 88 36
25883 4301 11 89 36
25884 4302 11 90 36
25885 4303 11 91 36
25888 4304 11 92 36
25889 4305 11 93 36
25890 4306 11 94 36
25891 4307 11 95 36
25892 4308 11 96 36
25893 4309 11 97 36
25894 4310 11 98 36
25897 4311 11 99 36
25898 4312 11 100 36
25899 4313 11 101 36
25900 4314 11 102 36
25901 4315 11 103 36
25902 4316 11 104 36
25903 4317 11 105 36
25906 4318 11 106 36
25907 4319 11 107 36
25910 4320 11 108 36
25911 4321 11 109 36
25912 4322 11 110 36
25913 4323 11 111 36
25915 4324 11 112 36
25917 4325 11 113 36
25918 4326 11 114 36
25919 4327 11 115 36
25921 4328 11 116 36
25923 4329 11 0 37
25925 4330 11 1 37
25926 4331 11 2 37
25928 4332 11 3 37
25929 4333 11 4 37
25930 4334 11 5 37
25935 4335 11 6 37
25937 4336 11 7 37
25939 4337 11 8 37
25940 4338 11 9 37
25941 4339 11 10 37
25942 4340 11 11 37
25943 4341 11 12 37
25944 4342 11 13 37
25945 4343 11 14 37
25948 4344 11 15 37
25949 4345 11 16 37
25950 4346 11 17 37
25954 4347 11 18 37
25955 4348 11 19 37
25956 4349 11 20 37
25957 4350 11 21 37
25958 4351 11 22 37
25959 4352 11 23 37
25960 4353 11 24 37
25962 4354 11 25 37
25964 4355 11 26 37
25967 4356 11 27 37
25970 4357 11 28 37
25971 4358 11 29 37
25972 4359 11 30 37
25973 4360 11 31 37
25974 4361 11 32 37
25975 4362 11 33 37
25976 4363 11 34 37
25977 4364 11 35 37
25978 4365 11 36 37
25979 4366 11 37 37
25980 4367 11 38 37
25983 4368 11 39 37
25984 4369 11 40 37
25985 4370 11 41 37
25986 4371 11 42 37
25987 4372 11 43 37
25988 4373 11 44 37
25991 4374 11 45 37
25996 4375 11 46 37
26000 4376 11 47 37
26001 4377 11 48 37
26002 4378 11 49 37
26004 4379 11 50 37
26005 4380 11 51 37
26006 4381 11 52 37
26007 4382 11 53 37
26009 4383 11 54 37
26011 4384 11 55 37
26012 4385 11 56 37
26013 4386 11 57 37
26014 4387 11 58 37
26015 4388 11 59 37
26016 4389 11 60 37
26017 4390 11 61 37
26018 4391 11 62 37
26020 4392 11 63 37
26021 4393 11 64 37
26023 4394 11 65 37
26024 4395 11 66 37
26026 4396 11 67 37
26027 4397 11 68 37
26028 4398 11 69 37
26030 4399 11 70 37
26031 4400 11 71 37
26032 4401 11 72 37
26034 4402 11 73 37
26035 4403 11 74 37
26038 4404 11 75 37
26039 4405 11 76 37
26040 4406 11 77 37
26041 4407 11 78 37
26043 4408 11 79 37
26044 4409 11 80 37
26045 4410 11 81 37
26047 4411 11 82 37
26049 4412 11 83 37
26050 4413 11 84 37
26051 4414 11 85 37
26052 4415 11 86 37
26053 4416 11 87 37
26054 4417 11 88 37
26059 4418 11 89 37
26060 4419 11 90 37
26061 4420 11 91 37
26062 4421 11 92 37
26063 4422 11 93 37
26064 4423 11 94 37
26066 4424 11 95 37
26067 4425 11 96 37
26070 4426 11 97 37
26071 4427 11 98 37
26074 4428 11 99 37
26075 4429 11 100 37
26077 4430 11 101 37
26078 4431 11 102 37
26079 4432 11 103 37
26081 4433 11 104 37
26082 4434 11 105 37
26085 4435 11 106 37
26086 4436 11 107 37
26088 4437 11 108 37
26089 4438 11 109 37
26092 4439 11 110 37
26093 4440 11 111 37
26094 4441 11 112 37
26095 4442 11 113 37
26096 4443 11 114 37
26097 4444 11 115 37
26098 4445 11 116 37
26099 4446 11 0 38
26100 4447 11 1 38
26101 4448 11 2 38
26106 4449 11 3 38
26107 4450 11 4 38
26108 4451 11 5 38
26109 4452 11 6 38
26112 4453 11 7 38
26114 4454 11 8 38
26115 4455 11 9 38
26116 4456 11 10 38
26117 4457 11 11 38
26118 4458 11 12 38
26119 4459 11 13 38
26120 4460 11 14 38
26121 4461 11 15 38
26122 4462 11 16 38
26123 4463 11 17 38
26124 4464 11 18 38
26125 4465 11 19 38
26126 4466 11 20 38
26127 4467 11 21 38
26128 4468 11 22 38
26129 4469 11 23 38
26130 4470 11 24 38
26131 4471 11 25 38
26132 4472 11 26 38
26133 4473 11 27 38
26140 4474 11 28 38
26141 4475 11 29 38
26143 4476 11 30 38
26144 4477 11 31 38
26145 4478 11 32 38
26146 4479 11 33 38
26148 4480 11 34 38
26149 4481 11 35 38
26150 4482 11 36 38
26151 4483 11 37 38
26152 4484 11 38 38
26155 4485 11 39 38
26157 4486 11 40 38
26158 4487 11 41 38
26159 4488 11 42 38
26161 4489 11 43 38
26162 4490 11 44 38
26163 4491 11 45 38
26164 4492 11 46 38
26165 4493 11 47 38
26166 4494 11 48 38
26169 4495 11 49 38
26170 4496 11 50 38
26177 4497 11 51 38
26178 4498 11 52 38
26179 4499 11 53 38
26181 4500 11 54 38
26183 4501 11 55 38
26185 4502 11 56 38
26186 4503 11 57 38
26188 4504 11 58 38
26191 4505 11 59 38
26193 4506 11 60 38
26194 4507 11 61 38
26201 4508 11 62 38
26202 4509 11 63 38
26203 4510 11 64 38
26204 4511 11 65 38
26205 4512 11 66 38
26206 4513 11 67 38
26207 4514 11 68 38
26209 4515 11 69 38
26210 4516 11 70 38
26212 4517 11 71 38
26213 4518 11 72 38
26214 4519 11 73 38
26216 4520 11 74 38
26218 4521 11 75 38
26220 4522 11 76 38
26222 4523 11 77 38
26223 4524 11 78 38
26224 4525 11 79 38
26225 4526 11 80 38
26226 4527 11 81 38
26228 4528 11 82 38
26230 4529 11 83 38
26231 4530 11 84 38
26232 4531 11 85 38
26233 4532 11 86 38
26234 4533 11 87 38
26235 4534 11 88 38
26236 4535 11 89 38
26238 4536 11 90 38
26240 4537 11 91 38
26244 4538 11 92 38
26246 4539 11 93 38
26247 4540 11 94 38
26248 4541 11 95 38
26249 4542 11 96 38
26250 4543 11 97 38
26251 4544 11 98 38
26252 4545 11 99 38
26253 4546 11 100 38
26256 4547 11 101 38
26257 4548 11 102 38
26260 4549 11 103 38
26261 4550 11 104 38
26262 4551 11 105 38
26263 4552 11 106 38
26264 4553 11 107 38
26265 4554 11 108 38
26269 4555 11 109 38
26271 4556 11 110 38
26272 4557 11 111 38
26273 4558 11 112 38
26274 4559 11 113 38
26280 4560 11 114 38
26281 4561 11 115 38
26282 4562 11 116 38
26283 4563 11 0 39
26286 4564 11 1 39
26287 4565 11 2 39
26288 4566 11 3 39
26289 4567 11 4 39
26290 4568 11 5 39
26292 4569 11 6 39
26293 4570 11 7 39
26295 4571 11 8 39
26296 4572 11 9 39
26297 4573 11 10 39
26298 4574 11 11 39
26299 4575 11 12 39
26301 4576 11 13 39
26302 4577 11 14 39
26304 4578 11 15 39
26308 4579 11 16 39
26310 4580 11 17 39
26311 4581 11 18 39
26312 4582 11 19 39
26313 4583 11 20 39
26314 4584 11 21 39
26315 4585 11 22 39
26316 4586 11 23 39
26319 4587 11 24 39
26322 4588 11 25 39
26326 4589 11 26 39
26328 4590 11 27 39
26329 4591 11 28 39
26330 4592 11 29 39
26331 4593 11 30 39
26332 4594 11 31 39
26333 4595 11 32 39
26334 4596 11 33 39
26336 4597 11 34 39
26339 4598 11 35 39
26340 4599 11 36 39
26342 4600 11 37 39
26344 4601 11 38 39
26345 4602 11 39 39
26347 4603 11 40 39
26348 4604 11 41 39
26349 4605 11 42 39
26350 4606 11 43 39
26352 4607 11 44 39
26354 4608 11 45 39
26355 4609 11 46 39
26356 4610 11 47 39
26358 4611 11 48 39
26359 4612 11 49 39
26360 4613 11 50 39
26361 4614 11 51 39
26364 4615 11 52 39
26366 4616 11 53 39
26367 4617 11 54 39
26368 4618 11 55 39
26369 4619 11 56 39
26371 4620 11 57 39
26372 4621 11 58 39
26373 4622 11 59 39
26376 4623 11 60 39
26377 4624 11 61 39
26378 4625 11 62 39
26379 4626 11 63 39
26381 4627 11 64 39
26383 4628 11 65 39
26384 4629 11 66 39
26386 4630 11 67 39
26387 4631 11 68 39
26388 4632 11 69 39
26389 4633 11 70 39
26391 4634 11 71 39
26392 4635 11 72 39
26395 4636 11 73 39
26397 4637 11 74 39
26399 4638 11 75 39
26400 4639 11 76 39
26401 4640 11 77 39
26402 4641 11 78 39
26403 4642 11 79 39
26406 4643 11 80 39
26407 4644 11 81 39
26408 4645 11 82 39
26410 4646 11 83 39
26411 4647 11 84 39
26412 4648 11 85 39
26413 4649 11 86 39
26414 4650 11 87 39
26417 4651 11 88 39
26419 4652 11 89 39
26420 4653 11 90 39
26421 4654 11 91 39
26424 4655 11 92 39
26425 4656 11 93 39
26426 4657 11 94 39
26427 4658 11 95 39
26428 4659 11 96 39
26429 4660 11 97 39
26430 4661 11 98 39
26431 4662 11 99 39
26437 4663 11 100 39
26438 4664 11 101 39
26439 4665 11 102 39
26440 4666 11 103 39
26441 4667 11 104 39
26443 4668 11 105 39
26444 4669 11 106 39
26445 4670 11 107 39
26446 4671 11 108 39
26447 4672 11 109 39
26448 4673 11 110 39
26449 4674 11 111 39
26451 4675 11 112 39
26453 4676 11 113 39
26454 4677 11 114 39
26455 4678 11 115 39
26457 4679 11 116 39
26458 4680 11 0 40
26460 4681 11 1 40
26461 4682 11 2 40
26462 4683 11 3 40
26463 4684 11 4 40
26464 4685 11 5 40
26474 4686 11 6 40
26476 4687 11 7 40
26477 4688 11 8 40
26479 4689 11 9 40
26480 4690 11 10 40
26481 4691 11 11 40
26482 4692 11 12 40
26483 4693 11 13 40
26484 4694 11 14 40
26485 4695 11 15 40
26486 4696 11 16 40
26487 4697 11 17 40
26488 4698 11 18 40
26489 4699 11 19 40
26490 4700 11 20 40
26491 4701 11 21 40
26492 4702 11 22 40
26493 4703 11 23 40
26494 4704 11 24 40
26495 4705 11 25 40
26497 4706 11 26 40
26499 4707 11 27 40
26500 4708 11 28 40
26501 4709 11 29 40
26502 4710 11 30 40
26503 4711 11 31 40
26505 4712 11 32 40
26507 4713 11 33 40
26508 4714 11 34 40
26509 4715 11 35 40
26510 4716 11 36 40
26512 4717 11 37 40
26513 4718 11 38 40
26514 4719 11 39 40
26515 4720 11 40 40
26516 4721 11 41 40
26517 4722 11 42 40
26519 4723 11 43 40
26520 4724 11 44 40
26521 4725 11 45 40
26522 4726 11 46 40
26524 4727 11 47 40
26525 4728 11 48 40
26527 4729 11 49 40
26542 4730 11 50 40
26543 4731 11 51 40
26544 4732 11 52 40
26546 4733 11 53 40
26547 4734 11 54 40
26548 4735 11 55 40
26549 4736 11 56 40
26550 4737 11 57 40
26551 4738 11 58 40
26552 4739 11 59 40
26553 4740 11 60 40
26554 4741 11 61 40
26555 4742 11 62 40
26560 4743 11 63 40
26561 4744 11 64 40
26562 4745 11 65 40
26563 4746 11 66 40
26564 4747 11 67 40
26565 4748 11 68 40
26566 4749 11 69 40
26568 4750 11 70 40
26569 4751 11 71 40
26570 4752 11 72 40
26571 4753 11 73 40
26572 4754 11 74 40
26573 4755 11 75 40
26574 4756 11 76 40
26575 4757 11 77 40
26576 4758 11 78 40
26577 4759 11 79 40
26578 4760 11 80 40
26579 4761 11 81 40
26580 4762 11 82 40
26584 4763 11 83 40
26585 4764 11 84 40
26586 4765 11 85 40
26587 4766 11 86 40
26588 4767 11 87 40
26589 4768 11 88 40
26590 4769 11 89 40
26591 4770 11 90 40
26594 4771 11 91 40
26595 4772 11 92 40
26596 4773 11 93 40
26597 4774 11 94 40
26598 4775 11 95 40
26599 4776 11 96 40
26601 4777 11 97 40
26602 4778 11 98 40
26603 4779 11 99 40
26604 4780 11 100 40
26605 4781 11 101 40
26606 4782 11 102 40
26607 4783 11 103 40
26608 4784 11 104 40
26609 4785 11 105 40
26610 4786 11 106 40
26611 4787 11 107 40
26612 4788 11 108 40
26613 4789 11 109 40
26614 4790 11 110 40
26615 4791 11 111 40
26616 4792 11 112 40
26618 4793 11 113 40
26620 4794 11 114 40
26623 4795 11 115 40
26642 4796 11 116 40
26643 4797 11 0 41
26644 4798 11 1 41
26646 4799 11 2 41
26647 4800 11 3 41
26648 4801 11 4 41
26650 4802 11 5 41
26652 4803 11 6 41
26653 4804 11 7 41
26655 4805 11 8 41
26656 4806 11 9 41
26657 4807 11 10 41
26661 4808 11 11 41
26662 4809 11 12 41
26664 4810 11 13 41
26665 4811 11 14 41
26666 4812 11 15 41
26667 4813 11 16 41
26669 4814 11 17 41
26670 4815 11 18 41
26671 4816 11 19 41
26673 4817 11 20 41
26674 4818 11 21 41
26675 4819 11 22 41
26676 4820 11 23 41
26677 4821 11 24 41
26680 4822 11 25 41
26681 4823 11 26 41
26682 4824 11 27 41
26683 4825 11 28 41
26684 4826 11 29 41
26685 4827 11 30 41
26688 4828 11 31 41
26689 4829 11 32 41
26690 4830 11 33 41
26691 4831 11 34 41
26692 4832 11 35 41
26693 4833 11 36 41
26694 4834 11 37 41
26696 4835 11 38 41
26697 4836 11 39 41
26699 4837 11 40 41
26700 4838 11 41 41
26701 4839 11 42 41
26702 4840 11 43 41
26703 4841 11 44 41
26704 4842 11 45 41
26705 4843 11 46 41
26707 4844 11 47 41
26708 4845 11 48 41
26731 4846 11 49 41
26733 4847 11 50 41
26734 4848 11 51 41
26735 4849 11 52 41
26737 4850 11 53 41
26738 4851 11 54 41
26740 4852 11 55 41
26741 4853 11 56 41
26742 4854 11 57 41
26743 4855 11 58 41
26744 4856 11 59 41
26745 4857 11 60 41
26747 4858 11 61 41
26748 4859 11 62 41
26749 4860 11 63 41
26750 4861 11 64 41
26751 4862 11 65 41
26752 4863 11 66 41
26753 4864 11 67 41
26754 4865 11 68 41
26755 4866 11 69 41
26757 4867 11 70 41
26758 4868 11 71 41
26759 4869 11 72 41
26761 4870 11 73 41
26762 4871 11 74 41
26763 4872 11 75 41
26764 4873 11 76 41
26767 4874 11 77 41
26768 4875 11 78 41
26769 4876 11 79 41
26770 4877 11 80 41
26771 4878 11 81 41
26772 4879 11 82 41
26774 4880 11 83 41
26775 4881 11 84 41
26779 4882 11 85 41
26780 4883 11 86 41
26781 4884 11 87 41
26783 4885 11 88 41
26784 4886 11 89 41
26785 4887 11 90 41
26786 4888 11 91 41
26787 4889 11 92 41
26788 4890 11 93 41
26791 4891 11 94 41
26792 4892 11 95 41
26793 4893 11 96 41
26794 4894 11 97 41
26795 4895 11 98 41
26796 4896 11 99 41
26797 4897 11 100 41
26798 4898 11 101 41
26799 4899 11 102 41
26800 4900 11 103 41
26801 4901 11 104 41
26802 4902 11 105 41
26803 4903 11 106 41
26804 4904 11 107 41
26805 4905 11 108 41
26820 4906 11 109 41
26822 4907 11 110 41
26823 4908 11 111 41
26824 4909 11 112 41
26825 4910 11 113 41
26827 4911 11 114 41
26828 4912 11 115 41
26829 4913 11 116 41
26830 4914 11 0 42
26832 4915 11 1 42
26833 4916 11 2 42
26834 4917 11 3 42
26835 4918 11 4 42
26836 4919 11 5 42
26837 4920 11 6 42
26838 4921 11 7 42
26839 4922 11 8 42
26840 4923 11 9 42
26842 4924 11 10 42
26844 4925 11 11 42
26845 4926 11 12 42
26846 4927 11 13 42
26847 4928 11 14 42
26848 4929 11 15 42
26849 4930 11 16 42
26851 4931 11 17 42
26852 4932 11 18 42
26854 4933 11 19 42
26855 4934 11 20 42
26856 4935 11 21 42
26857 4936 11 22 42
26858 4937 11 23 42
26859 4938 11 24 42
26860 4939 11 25 42
26862 4940 11 26 42
26863 4941 11 27 42
26864 4942 11 28 42
26865 4943 11 29 42
26866 4944 11 30 42
26867 4945 11 31 42
26868 4946 11 32 42
26869 4947 11 33 42
26870 4948 11 34 42
26871 4949 11 35 42
26872 4950 11 36 42
26873 4951 11 37 42
26874 4952 11 38 42
26875 4953 11 39 42
26876 4954 11 40 42
26877 4955 11 41 42
26884 4956 11 42 42
26885 4957 11 43 42
26886 4958 11 44 42
26887 4959 11 45 42
26888 4960 11 46 42
26890 4961 11 47 42
26891 4962 11 48 42
26892 4963 11 49 42
26893 4964 11 50 42
26894 4965 11 51 42
26895 4966 11 52 42
26896 4967 11 53 42
26897 4968 11 54 42
26898 4969 11 55 42
26899 4970 11 56 42
26900 4971 11 57 42
26901 4972 11 58 42
26903 4973 11 59 42
26917 4974 11 60 42
26922 4975 11 61 42
26927 4976 11 62 42
26928 4977 11 63 42
26930 4978 11 64 42
26931 4979 11 65 42
26932 4980 11 66 42
26933 4981 11 67 42
26935 4982 11 68 42
26936 4983 11 69 42
26937 4984 11 70 42
26939 4985 11 71 42
26940 4986 11 72 42
26941 4987 11 73 42
26943 4988 11 74 42
26944 4989 11 75 42
26945 4990 11 76 42
26946 4991 11 77 42
26948 4992 11 78 42
26949 4993 11 79 42
26952 4994 11 80 42
26953 4995 11 81 42
26954 4996 11 82 42
26955 4997 11 83 42
26956 4998 11 84 42
26958 4999 11 85 42
26959 5000 11 86 42
26961 5001 11 87 42
26962 5002 11 88 42
26963 5003 11 89 42
26964 5004 11 90 42
26966 5005 11 91 42
26967 5006 11 92 42
26968 5007 11 93 42
26969 5008 11 94 42
26970 5009 11 95 42
26971 5010 11 96 42
26972 5011 11 97 42
26973 5012 11 98 42
26974 5013 11 99 42
26975 5014 11 100 42
26976 5015 11 101 42
26978 5016 11 102 42
26979 5017 11 103 42
26981 5018 11 104 42
26982 5019 11 105 42
26984 5020 11 106 42
26985 5021 11 107 42
26986 5022 11 108 42
26987 5023 11 109 42
26988 5024 11 110 42
26989 5025 11 111 42
26990 5026 11 112 42
26991 5027 11 113 42
26992 5028 11 114 42
26993 5029 11 115 42
26996 5030 11 116 42
26997 5031 11 0 43
26998 5032 11 1 43
26999 5033 11 2 43
27000 5034 11 3 43
27001 5035 11 4 43
27002 5036 11 5 43
27003 5037 11 6 43
27010 5038 11 7 43
27011 5039 11 8 43
27014 5040 11 9 43
27021 5041 11 10 43
27022 5042 11 11 43
27024 5043 11 12 43
27025 5044 11 13 43
27027 5045 11 14 43
27028 5046 11 15 43
27029 5047 11 16 43
27030 5048 11 17 43
27031 5049 11 18 43
27033 5050 11 19 43
27034 5051 11 20 43
27035 5052 11 21 43
27036 5053 11 22 43
27038 5054 11 23 43
27040 5055 11 24 43
27041 5056 11 25 43
27043 5057 11 26 43
27044 5058 11 27 43
27045 5059 11 28 43
27046 5060 11 29 43
27047 5061 11 30 43
27048 5062 11 31 43
27049 5063 11 32 43
27050 5064 11 33 43
27051 5065 11 34 43
27052 5066 11 35 43
27053 5067 11 36 43
27054 5068 11 37 43
27055 5069 11 38 43
27056 5070 11 39 43
27057 5071 11 40 43
27059 5072 11 41 43
27060 5073 11 42 43
27061 5074 11 43 43
27062 5075 11 44 43
27063 5076 11 45 43
27065 5077 11 46 43
27067 5078 11 47 43
27068 5079 11 48 43
27069 5080 11 49 43
27070 5081 11 50 43
27071 5082 11 51 43
27073 5083 11 52 43
27074 5084 11 53 43
27075 5085 11 54 43
27076 5086 11 55 43
27078 5087 11 56 43
27081 5088 11 57 43
27082 5089 11 58 43
27083 5090 11 59 43
27084 5091 11 60 43
27085 5092 11 61 43
27086 5093 11 62 43
27087 5094 11 63 43
27088 5095 11 64 43
27091 5096 11 65 43
27092 5097 11 66 43
27097 5098 11 67 43
27106 5099 11 68 43
27108 5100 11 69 43
27109 5101 11 70 43
27110 5102 11 71 43
27111 5103 11 72 43
27112 5104 11 73 43
27115 5105 11 74 43
27116 5106 11 75 43
27117 5107 11 76 43
27118 5108 11 77 43
27121 5109 11 78 43
27122 5110 11 79 43
27123 5111 11 80 43
27124 5112 11 81 43
27126 5113 11 82 43
27127 5114 11 83 43
27128 5115 11 84 43
27131 5116 11 85 43
27132 5117 11 86 43
27133 5118 11 87 43
27134 5119 11 88 43
27135 5120 11 89 43
27136 5121 11 90 43
27137 5122 11 91 43
27138 5123 11 92 43
27140 5124 11 93 43
27141 5125 11 94 43
27142 5126 11 95 43
27143 5127 11 96 43
27144 5128 11 97 43
27145 5129 11 98 43
27146 5130 11 99 43
27149 5131 11 100 43
27151 5132 11 101 43
27153 5133 11 102 43
27155 5134 11 103 43
27156 5135 11 104 43
27157 5136 11 105 43
27158 5137 11 106 43
27159 5138 11 107 43
27160 5139 11 108 43
27161 5140 11 109 43
27163 5141 11 110 43
27165 5142 11 111 43
27166 5143 11 112 43
27167 5144 11 113 43
27168 5145 11 114 43
27169 5146 11 115 43
27171 5147 11 116 43
27173 5148 11 0 44
27174 5149 11 1 44
27175 5150 11 2 44
27176 5151 11 3 44
27186 5152 11 4 44
27188 5153 11 5 44
27189 5154 11 6 44
27192 5155 11 7 44
27193 5156 11 8 44
27194 5157 11 9 44
27195 5158 11 10 44
27196 5159 11 11 44
27197 5160 11 12 44
27198 5161 11 13 44
27199 5162 11 14 44
27200 5163 11 15 44
27201 5164 11 16 44
27204 5165 11 17 44
27206 5166 11 18 44
27207 5167 11 19 44
27208 5168 11 20 44
27209 5169 11 21 44
27211 5170 11 22 44
27213 5171 11 23 44
27214 5172 11 24 44
27215 5173 11 25 44
27216 5174 11 26 44
27217 5175 11 27 44
27220 5176 11 28 44
27221 5177 11 29 44
27222 5178 11 30 44
27224 5179 11 31 44
27225 5180 11 32 44
27226 5181 11 33 44
27227 5182 11 34 44
27229 5183 11 35 44
27230 5184 11 36 44
27231 5185 11 37 44
27232 5186 11 38 44
27233 5187 11 39 44
27234 5188 11 40 44
27236 5189 11 41 44
27238 5190 11 42 44
27239 5191 11 43 44
27240 5192 11 44 44
27241 5193 11 45 44
27242 5194 11 46 44
27243 5195 11 47 44
27245 5196 11 48 44
27247 5197 11 49 44
27254 5198 11 50 44
27262 5199 11 51 44
27263 5200 11 52 44
27264 5201 11 53 44
27265 5202 11 54 44
27267 5203 11 55 44
27268 5204 11 56 44
27269 5205 11 57 44
27271 5206 11 58 44
27273 5207 11 59 44
27276 5208 11 60 44
27277 5209 11 61 44
27278 5210 11 62 44
27280 5211 11 63 44
27281 5212 11 64 44
27282 5213 11 65 44
27283 5214 11 66 44
27284 5215 11 67 44
27285 5216 11 68 44
27286 5217 11 69 44
27287 5218 11 70 44
27290 5219 11 71 44
27291 5220 11 72 44
27292 5221 11 73 44
27294 5222 11 74 44
27295 5223 11 75 44
27296 5224 11 76 44
27297 5225 11 77 44
27298 5226 11 78 44
27299 5227 11 79 44
27300 5228 11 80 44
27301 5229 11 81 44
27302 5230 11 82 44
27304 5231 11 83 44
27308 5232 11 84 44
27309 5233 11 85 44
27310 5234 11 86 44
27311 5235 11 87 44
27315 5236 11 88 44
27316 5237 11 89 44
27318 5238 11 90 44
27319 5239 11 91 44
27320 5240 11 92 44
27321 5241 11 93 44
27322 5242 11 94 44
27323 5243 11 95 44
27325 5244 11 96 44
27330 5245 11 97 44
27331 5246 11 98 44
27333 5247 11 99 44
27334 5248 11 100 44
27335 5249 11 101 44
27339 5250 11 102 44
27340 5251 11 103 44
27341 5252 11 104 44
27343 5253 11 105 44
27344 5254 11 106 44
27345 5255 11 107 44
27347 5256 11 108 44
27353 5257 11 109 44
27354 5258 11 110 44
27355 5259 11 111 44
27356 5260 11 112 44
27357 5261 11 113 44
27358 5262 11 114 44
27359 5263 11 115 44
27360 5264 11 116 44
27361 5265 11 0 45
27365 5266 11 1 45
27367 5267 11 2 45
27368 5268 11 3 45
27370 5269 11 4 45
27371 5270 11 5 45
27372 5271 11 6 45
27374 5272 11 7 45
27375 5273 11 8 45
27376 5274 11 9 45
27377 5275 11 10 45
27379 5276 11 11 45
27384 5277 11 12 45
27385 5278 11 13 45
27386 5279 11 14 45
27387 5280 11 15 45
27388 5281 11 16 45
27392 5282 11 17 45
27394 5283 11 18 45
27395 5284 11 19 45
27396 5285 11 20 45
27400 5286 11 21 45
27401 5287 11 22 45
27402 5288 11 23 45
27403 5289 11 24 45
27407 5290 11 25 45
27408 5291 11 26 45
27409 5292 11 27 45
27410 5293 11 28 45
27411 5294 11 29 45
27414 5295 11 30 45
27415 5296 11 31 45
27416 5297 11 32 45
27417 5298 11 33 45
27418 5299 11 34 45
27422 5300 11 35 45
27424 5301 11 36 45
27425 5302 11 37 45
27427 5303 11 38 45
27429 5304 11 39 45
27432 5305 11 40 45
27436 5306 11 41 45
27437 5307 11 42 45
27439 5308 11 43 45
27441 5309 11 44 45
27442 5310 11 45 45
27443 5311 11 46 45
27444 5312 11 47 45
27446 5313 11 48 45
27447 5314 11 49 45
27448 5315 11 50 45
27449 5316 11 51 45
27450 5317 11 52 45
27451 5318 11 53 45
27452 5319 11 54 45
27453 5320 11 55 45
27454 5321 11 56 45
27455 5322 11 57 45
27457 5323 11 58 45
27458 5324 11 59 45
27459 5325 11 60 45
27461 5326 11 61 45
27462 5327 11 62 45
27463 5328 11 63 45
27464 5329 11 64 45
27465 5330 11 65 45
27466 5331 11 66 45
27467 5332 11 67 45
27468 5333 11 68 45
27469 5334 11 69 45
27470 5335 11 70 45
27472 5336 11 71 45
27473 5337 11 72 45
27476 5338 11 73 45
27477 5339 11 74 45
27478 5340 11 75 45
27481 5341 11 76 45
27483 5342 11 77 45
27484 5343 11 78 45
27486 5344 11 79 45
27487 5345 11 80 45
27488 5346 11 81 45
27489 5347 11 82 45
27490 5348 11 83 45
27491 5349 11 84 45
27492 5350 11 85 45
27493 5351 11 86 45
27494 5352 11 87 45
27495 5353 11 88 45
27498 5354 11 89 45
27501 5355 11 90 45
27506 5356 11 91 45
27510 5357 11 92 45
27511 5358 11 93 45
27512 5359 11 94 45
27513 5360 11 95 45
27515 5361 11 96 45
27518 5362 11 97 45
27519 5363 11 98 45
27520 5364 11 99 45
27522 5365 11 100 45
27523 5366 11 101 45
27524 5367 11 102 45
27526 5368 11 103 45
27528 5369 11 104 45
27529 5370 11 105 45
27530 5371 11 106 45
27532 5372 11 107 45
27533 5373 11 108 45
27534 5374 11 109 45
27535 5375 11 110 45
27537 5376 11 111 45
27540 5377 11 112 45
27541 5378 11 113 45
27542 5379 11 114 45
27543 5380 11 115 45
27544 5381 11 116 45
27545 5382 11 0 46
27547 5383 11 1 46
27550 5384 11 2 46
27551 5385 11 3 46
27552 5386 11 4 46
27554 5387 11 5 46
27555 5388 11 6 46
27556 5389 11 7 46
27557 5390 11 8 46
27558 5391 11 9 46
27559 5392 11 10 46
27562 5393 11 11 46
27563 5394 11 12 46
27565 5395 11 13 46
27566 5396 11 14 46
27567 5397 11 15 46
27568 5398 11 16 46
27570 5399 11 17 46
27571 5400 11 18 46
27573 5401 11 19 46
27574 5402 11 20 46
27575 5403 11 21 46
27578 5404 11 22 46
27580 5405 11 23 46
27581 5406 11 24 46
27583 5407 11 25 46
27584 5408 11 26 46
27587 5409 11 27 46
27588 5410 11 28 46
27589 5411 11 29 46
27590 5412 11 30 46
27591 5413 11 31 46
27592 5414 11 32 46
27593 5415 11 33 46
27594 5416 11 34 46
27595 5417 11 35 46
27596 5418 11 36 46
27597 5419 11 37 46
27599 5420 11 38 46
27600 5421 11 39 46
27602 5422 11 40 46
27603 5423 11 41 46
27604 5424 11 42 46
27606 5425 11 43 46
27607 5426 11 44 46
27608 5427 11 45 46
27610 5428 11 46 46
27611 5429 11 47 46
27614 5430 11 48 46
27616 5431 11 49 46
27618 5432 11 50 46
27619 5433 11 51 46
27620 5434 11 52 46
27622 5435 11 53 46
27623 5436 11 54 46
27624 5437 11 55 46
27627 5438 11 56 46
27628 5439 11 57 46
27631 5440 11 58 46
27632 5441 11 59 46
27634 5442 11 60 46
27635 5443 11 61 46
27639 5444 11 62 46
27640 5445 11 63 46
27641 5446 11 64 46
27643 5447 11 65 46
27644 5448 11 66 46
27645 5449 11 67 46
27646 5450 11 68 46
27647 5451 11 69 46
27648 5452 11 70 46
27649 5453 11 71 46
27650 5454 11 72 46
27651 5455 11 73 46
27652 5456 11 74 46
27653 5457 11 75 46
27654 5458 11 76 46
27656 5459 11 77 46
27657 5460 11 78 46
27659 5461 11 79 46
27660 5462 11 80 46
27661 5463 11 81 46
27663 5464 11 82 46
27664 5465 11 83 46
27665 5466 11 84 46
27667 5467 11 85 46
27668 5468 11 86 46
27669 5469 11 87 46
27670 5470 11 88 46
27672 5471 11 89 46
27673 5472 11 90 46
27674 5473 11 91 46
27675 5474 11 92 46
27677 5475 11 93 46
27679 5476 11 94 46
27680 5477 11 95 46
27681 5478 11 96 46
27683 5479 11 97 46
27684 5480 11 98 46
27685 5481 11 99 46
27686 5482 11 100 46
27687 5483 11 101 46
27688 5484 11 102 46
27690 5485 11 103 46
27691 5486 11 104 46
27692 5487 11 105 46
27694 5488 11 106 46
27695 5489 11 107 46
27696 5490 11 108 46
27699 5491 11 109 46
27700 5492 11 110 46
27702 5493 11 111 46
27704 5494 11 112 46
27707 5495 11 113 46
27710 5496 11 114 46
27711 5497 11 115 46
27712 5498 11 116 46
27713 5499 11 0 47
27714 5500 11 1 47
27715 5501 11 2 47
27718 5502 11 3 47
27722 5503 11 4 47
27723 5504 11 5 47
27724 5505 11 6 47
27725 5506 11 7 47
27726 5507 11 8 47
27727 5508 11 9 47
27728 5509 11 10 47
27730 5510 11 11 47
27732 5511 11 12 47
27733 5512 11 13 47
27735 5513 11 14 47
27737 5514 11 15 47
27739 5515 11 16 47
27740 5516 11 17 47
27741 5517 11 18 47
27742 5518 11 19 47
27743 5519 11 20 47
27744 5520 11 21 47
27745 5521 11 22 47
27749 5522 11 23 47
27750 5523 11 24 47
27751 5524 11 25 47
27752 5525 11 26 47
27753 5526 11 27 47
27754 5527 11 28 47
27755 5528 11 29 47
27757 5529 11 30 47
27759 5530 11 31 47
27760 5531 11 32 47
27761 5532 11 33 47
27762 5533 11 34 47
27763 5534 11 35 47
27764 5535 11 36 47
27766 5536 11 37 47
27768 5537 11 38 47
27770 5538 11 39 47
27771 5539 11 40 47
27773 5540 11 41 47
27774 5541 11 42 47
27776 5542 11 43 47
27777 5543 11 44 47
27778 5544 11 45 47
27779 5545 11 46 47
27780 5546 11 47 47
27781 5547 11 48 47
27782 5548 11 49 47
27783 5549 11 50 47
27784 5550 11 51 47
27785 5551 11 52 47
27786 5552 11 53 47
27787 5553 11 54 47
27788 5554 11 55 47
27789 5555 11 56 47
27790 5556 11 57 47
27791 5557 11 58 47
27792 5558 11 59 47
27794 5559 11 60 47
27795 5560 11 61 47
27796 5561 11 62 47
27797 5562 11 63 47
27798 5563 11 64 47
27800 5564 11 65 47
27801 5565 11 66 47
27802 5566 11 67 47
27803 5567 11 68 47
27804 5568 11 69 47
27805 5569 11 70 47
27819 5570 11 71 47
27820 5571 11 72 47
27821 5572 11 73 47
27822 5573 11 74 47
27824 5574 11 75 47
27825 5575 11 76 47
27827 5576 11 77 47
27828 5577 11 78 47
27830 5578 11 79 47
27831 5579 11 80 47
27832 5580 11 81 47
27833 5581 11 82 47
27834 5582 11 83 47
27835 5583 11 84 47
27836 5584 11 85 47
27837 5585 11 86 47
27838 5586 11 87 47
27839 5587 11 88 47
27840 5588 11 89 47
27841 5589 11 90 47
27842 5590 11 91 47
27843 5591 11 92 47
27844 5592 11 93 47
27845 5593 11 94 47
27846 5594 11 95 47
27847 5595 11 96 47
27849 5596 11 97 47
27850 5597 11 98 47
27852 5598 11 99 47
27853 5599 11 100 47
27855 5600 11 101 47
27856 5601 11 102 47
27857 5602 11 103 47
27858 5603 11 104 47
27859 5604 11 105 47
27860 5605 11 106 47
27861 5606 11 107 47
27862 5607 11 108 47
27863 5608 11 109 47
27865 5609 11 110 47
27866 5610 11 111 47
27867 5611 11 112 47
27868 5612 11 113 47
27869 5613 11 114 47
27870 5614 11 115 47
27872 5615 11 116 47
27873 5616 11 0 48
27874 5617 11 1 48
27875 5618 11 2 48
27877 5619 11 3 48
27879 5620 11 4 48
27880 5621 11 5 48
27881 5622 11 6 48
27883 5623 11 7 48
27884 5624 11 8 48
27885 5625 11 9 48
27886 5626 11 10 48
27887 5627 11 11 48
27888 5628 11 12 48
27889 5629 11 13 48
27890 5630 11 14 48
27891 5631 11 15 48
27893 5632 11 16 48
27897 5633 11 17 48
27904 5634 11 18 48
27905 5635 11 19 48
27907 5636 11 20 48
27908 5637 11 21 48
27911 5638 11 22 48
27912 5639 11 23 48
27913 5640 11 24 48
27914 5641 11 25 48
27915 5642 11 26 48
27916 5643 11 27 48
27917 5644 11 28 48
27918 5645 11 29 48
27919 5646 11 30 48
27920 5647 11 31 48
27921 5648 11 32 48
27922 5649 11 33 48
27926 5650 11 34 48
27927 5651 11 35 48
27928 5652 11 36 48
27929 5653 11 37 48
27930 5654 11 38 48
27931 5655 11 39 48
27933 5656 11 40 48
27934 5657 11 41 48
27935 5658 11 42 48
27936 5659 11 43 48
27938 5660 11 44 48
27941 5661 11 45 48
27943 5662 11 46 48
27944 5663 11 47 48
27945 5664 11 48 48
27946 5665 11 49 48
27947 5666 11 50 48
27948 5667 11 51 48
27949 5668 11 52 48
27950 5669 11 53 48
27951 5670 11 54 48
27952 5671 11 55 48
27953 5672 11 56 48
27954 5673 11 57 48
27955 5674 11 58 48
27956 5675 11 59 48
27957 5676 11 60 48
27958 5677 11 61 48
27959 5678 11 62 48
27960 5679 11 63 48
27961 5680 11 64 48
27962 5681 11 65 48
27963 5682 11 66 48
27964 5683 11 67 48
27965 5684 11 68 48
27966 5685 11 69 48
27967 5686 11 70 48
27968 5687 11 71 48
27969 5688 11 72 48
27970 5689 11 73 48
27992 5690 11 74 48
27993 5691 11 75 48
27994 5692 11 76 48
27998 5693 11 77 48
27999 5694 11 78 48
28000 5695 11 79 48
28001 5696 11 80 48
28002 5697 11 81 48
28003 5698 11 82 48
28004 5699 11 83 48
28005 5700 11 84 48
28006 5701 11 85 48
28007 5702 11 86 48
28008 5703 11 87 48
28009 5704 11 88 48
28010 5705 11 89 48
28012 5706 11 90 48
28013 5707 11 91 48
28014 5708 11 92 48
28015 5709 11 93 48
28016 5710 11 94 48
28020 5711 11 95 48
28021 5712 11 96 48
28022 5713 11 97 48
28023 5714 11 98 48
28024 5715 11 99 48
28025 5716 11 100 48
28026 5717 11 101 48
28027 5718 11 102 48
28028 5719 11 103 48
28029 5720 11 104 48
28030 5721 11 105 48
28031 5722 11 106 48
28032 5723 11 107 48
28034 5724 11 108 48
28035 5725 11 109 48
28036 5726 11 110 48
28037 5727 11 111 48
28038 5728 11 112 48
28039 5729 11 113 48
28040 5730 11 114 48
28041 5731 11 115 48
28042 5732 11 116 48
28043 5733 11 0 49
28044 5734 11 1 49
28045 5735 11 2 49
28046 5736 11 3 49
28048 5737 11 4 49
28049 5738 11 5 49
28050 5739 11 6 49
28051 5740 11 7 49
28052 5741 11 8 49
28053 5742 11 9 49
28055 5743 11 10 49
28056 5744 11 11 49
28074 5745 11 12 49
28075 5746 11 13 49
28076 5747 11 14 49
28078 5748 11 15 49
28079 5749 11 16 49
28082 5750 11 17 49
28083 5751 11 18 49
28084 5752 11 19 49
28085 5753 11 20 49
28087 5754 11 21 49
28088 5755 11 22 49
28090 5756 11 23 49
28091 5757 11 24 49
28092 5758 11 25 49
28093 5759 11 26 49
28094 5760 11 27 49
28095 5761 11 28 49
28096 5762 11 29 49
28098 5763 11 30 49
28100 5764 11 31 49
28101 5765 11 32 49
28102 5766 11 33 49
28103 5767 11 34 49
28104 5768 11 35 49
28105 5769 11 36 49
28106 5770 11 37 49
28107 5771 11 38 49
28108 5772 11 39 49
28109 5773 11 40 49
28111 5774 11 41 49
28112 5775 11 42 49
28113 5776 11 43 49
28114 5777 11 44 49
28115 5778 11 45 49
28116 5779 11 46 49
28117 5780 11 47 49
28118 5781 11 48 49
28119 5782 11 49 49
28120 5783 11 50 49
28121 5784 11 51 49
28122 5785 11 52 49
28123 5786 11 53 49
28124 5787 11 54 49
28125 5788 11 55 49
28126 5789 11 56 49
28127 5790 11 57 49
28128 5791 11 58 49
28129 5792 11 59 49
28130 5793 11 60 49
28131 5794 11 61 49
28132 5795 11 62 49
28133 5796 11 63 49
28134 5797 11 64 49
28136 5798 11 65 49
28137 5799 11 66 49
28138 5800 11 67 49
28139 5801 11 68 49
28140 5802 11 69 49
28141 5803 11 70 49
28142 5804 11 71 49
28143 5805 11 72 49
28144 5806 11 73 49
28145 5807 11 74 49
28146 5808 11 75 49
28147 5809 11 76 49
28148 5810 11 77 49
28149 5811 11 78 49
28150 5812 11 79 49
28151 5813 11 80 49
28153 5814 11 81 49
28154 5815 11 82 49
28155 5816 11 83 49
28156 5817 11 84 49
28157 5818 11 85 49
28160 5819 11 86 49
28163 5820 11 87 49
28165 5821 11 88 49
28185 5822 11 89 49
28186 5823 11 90 49
28187 5824 11 91 49
28188 5825 11 92 49
28189 5826 11 93 49
28191 5827 11 94 49
28192 5828 11 95 49
28193 5829 11 96 49
28194 5830 11 97 49
28195 5831 11 98 49
28196 5832 11 99 49
28197 5833 11 100 49
28198 5834 11 101 49
28199 5835 11 102 49
28200 5836 11 103 49
28203 5837 11 104 49
28204 5838 11 105 49
28205 5839 11 106 49
28206 5840 11 107 49
28207 5841 11 108 49
28208 5842 11 109 49
28209 5843 11 110 49
28210 5844 11 111 49
28211 5845 11 112 49
28212 5846 11 113 49
28213 5847 11 114 49
28214 5848 11 115 49
28216 5849 11 116 49
28217 5850 11 0 50
28218 5851 11 1 50
28219 5852 11 2 50
28220 5853 11 3 50
28221 5854 11 4 50
28222 5855 11 5 50
28223 5856 11 6 50
28224 5857 11 7 50
28225 5858 11 8 50
28227 5859 11 9 50
28228 5860 11 10 50
28229 5861 11 11 50
28230 5862 11 12 50
28231 5863 11 13 50
28233 5864 11 14 50
28234 5865 11 15 50
28235 5866 11 16 50
28237 5867 11 17 50
28238 5868 11 18 50
28241 5869 11 19 50
28242 5870 11 20 50
28243 5871 11 21 50
28244 5872 11 22 50
28245 5873 11 23 50
28246 5874 11 24 50
28248 5875 11 25 50
28250 5876 11 26 50
28251 5877 11 27 50
28252 5878 11 28 50
28253 5879 11 29 50
28254 5880 11 30 50
28255 5881 11 31 50
28256 5882 11 32 50
28257 5883 11 33 50
28258 5884 11 34 50
28259 5885 11 35 50
28260 5886 11 36 50
28261 5887 11 37 50
28262 5888 11 38 50
28263 5889 11 39 50
28264 5890 11 40 50
28265 5891 11 41 50
28267 5892 11 42 50
28270 5893 11 43 50
28271 5894 11 44 50
28273 5895 11 45 50
28274 5896 11 46 50
28275 5897 11 47 50
28276 5898 11 48 50
28279 5899 11 49 50
28280 5900 11 50 50
28281 5901 11 51 50
28296 5902 11 52 50
28297 5903 11 53 50
28301 5904 11 54 50
28302 5905 11 55 50
28303 5906 11 56 50
28304 5907 11 57 50
28306 5908 11 58 50
28307 5909 11 59 50
28308 5910 11 60 50
28310 5911 11 61 50
28311 5912 11 62 50
28312 5913 11 63 50
28313 5914 11 64 50
28315 5915 11 65 50
28316 5916 11 66 50
28317 5917 11 67 50
28318 5918 11 68 50
28319 5919 11 69 50
28320 5920 11 70 50
28321 5921 11 71 50
28322 5922 11 72 50
28323 5923 11 73 50
28324 5924 11 74 50
28325 5925 11 75 50
28326 5926 11 76 50
28327 5927 11 77 50
28330 5928 11 78 50
28331 5929 11 79 50
28334 5930 11 80 50
28335 5931 11 81 50
28336 5932 11 82 50
28337 5933 11 83 50
28338 5934 11 84 50
28339 5935 11 85 50
28340 5936 11 86 50
28342 5937 11 87 50
28343 5938 11 88 50
28345 5939 11 89 50
28346 5940 11 90 50
28348 5941 11 91 50
28349 5942 11 92 50
28350 5943 11 93 50
28351 5944 11 94 50
28352 5945 11 95 50
28353 5946 11 96 50
28354 5947 11 97 50
28355 5948 11 98 50
28356 5949 11 99 50
28357 5950 11 100 50
28358 5951 11 101 50
28359 5952 11 102 50
28360 5953 11 103 50
28361 5954 11 104 50
28362 5955 11 105 50
28363 5956 11 106 50
28364 5957 11 107 50
28365 5958 11 108 50
28366 5959 11 109 50
28367 5960 11 110 50
28368 5961 11 111 50
28369 5962 11 112 50
28370 5963 11 113 50
28371 5964 11 114 50
28372 5965 11 115 50
28373 5966 11 116 50
28374 5967 11 0 51
28376 5968 11 1 51
28380 5969 11 2 51
28395 5970 11 3 51
28396 5971 11 4 51
28397 5972 11 5 51
28398 5973 11 6 51
28399 5974 11 7 51
28401 5975 11 8 51
28402 5976 11 9 51
28404 5977 11 10 51
28405 5978 11 11 51
28406 5979 11 12 51
28407 5980 11 13 51
28408 5981 11 14 51
28409 5982 11 15 51
28411 5983 11 16 51
28412 5984 11 17 51
28413 5985 11 18 51
28414 5986 11 19 51
28415 5987 11 20 51
28416 5988 11 21 51
28417 5989 11 22 51
28418 5990 11 23 51
28419 5991 11 24 51
28421 5992 11 25 51
28422 5993 11 26 51
28423 5994 11 27 51
28424 5995 11 28 51
28425 5996 11 29 51
28426 5997 11 30 51
28429 5998 11 31 51
28430 5999 11 32 51
28431 6000 11 33 51
28434 6001 11 34 51
28435 6002 11 35 51
28436 6003 11 36 51
28437 6004 11 37 51
28440 6005 11 38 51
28441 6006 11 39 51
28442 6007 11 40 51
28444 6008 11 41 51
28446 6009 11 42 51
28447 6010 11 43 51
28448 6011 11 44 51
28449 6012 11 45 51
28450 6013 11 46 51
28451 6014 11 47 51
28453 6015 11 48 51
28454 6016 11 49 51
28455 6017 11 50 51
28457 6018 11 51 51
28458 6019 11 52 51
28459 6020 11 53 51
28460 6021 11 54 51
28461 6022 11 55 51
28462 6023 11 56 51
28463 6024 11 57 51
28464 6025 11 58 51
28465 6026 11 59 51
28466 6027 11 60 51
28467 6028 11 61 51
28469 6029 11 62 51
28470 6030 11 63 51
28471 6031 11 64 51
28472 6032 11 65 51
28473 6033 11 66 51
28474 6034 11 67 51
28475 6035 11 68 51
28476 6036 11 69 51
28478 6037 11 70 51
28479 6038 11 71 51
28480 6039 11 72 51
28481 6040 11 73 51
28483 6041 11 74 51
28494 6042 11 75 51
28495 6043 11 76 51
28496 6044 11 77 51
28497 6045 11 78 51
28498 6046 11 79 51
28499 6047 11 80 51
28500 6048 11 81 51
28501 6049 11 82 51
28503 6050 11 83 51
28504 6051 11 84 51
28506 6052 11 85 51
28507 6053 11 86 51
28509 6054 11 87 51
28510 6055 11 88 51
28511 6056 11 89 51
28512 6057 11 90 51
28513 6058 11 91 51
28514 6059 11 92 51
28515 6060 11 93 51
28516 6061 11 94 51
28518 6062 11 95 51
28519 6063 11 96 51
28521 6064 11 97 51
28522 6065 11 98 51
28523 6066 11 99 51
28524 6067 11 100 51
28525 6068 11 101 51
28526 6069 11 102 51
28527 6070 11 103 51
28528 6071 11 104 51
28530 6072 11 105 51
28531 6073 11 106 51
28534 6074 11 107 51
28535 6075 11 108 51
28536 6076 11 109 51
28538 6077 11 110 51
28539 6078 11 111 51
28540 6079 11 112 51
28541 6080 11 113 51
28542 6081 11 114 51
28543 6082 11 115 51
28544 6083 11 116 51
28546 6084 11 0 52
28548 6085 11 1 52
28549 6086 11 2 52
28550 6087 11 3 52
28551 6088 11 4 52
28552 6089 11 5 52
28553 6090 11 6 52
28555 6091 11 7 52
28556 6092 11 8 52
28557 6093 11 9 52
28558 6094 11 10 52
28560 6095 11 11 52
28562 6096 11 12 52
28563 6097 11 13 52
28564 6098 11 14 52
28565 6099 11 15 52
28566 6100 11 16 52
28567 6101 11 17 52
28574 6102 11 18 52
28576 6103 11 19 52
28577 6104 11 20 52
28578 6105 11 21 52
28579 6106 11 22 52
28580 6107 11 23 52
28581 6108 11 24 52
28582 6109 11 25 52
28583 6110 11 26 52
28584 6111 11 27 52
28585 6112 11 28 52
28586 6113 11 29 52
28587 6114 11 30 52
28588 6115 11 31 52
28589 6116 11 32 52
28590 6117 11 33 52
28591 6118 11 34 52
28592 6119 11 35 52
28593 6120 11 36 52
28594 6121 11 37 52
28595 6122 11 38 52
28596 6123 11 39 52
28598 6124 11 40 52
28600 6125 11 41 52
28601 6126 11 42 52
28602 6127 11 43 52
28604 6128 11 44 52
28605 6129 11 45 52
28607 6130 11 46 52
28608 6131 11 47 52
28609 6132 11 48 52
28610 6133 11 49 52
28611 6134 11 50 52
28612 6135 11 51 52
28614 6136 11 52 52
28615 6137 11 53 52
28616 6138 11 54 52
28617 6139 11 55 52
28618 6140 11 56 52
28619 6141 11 57 52
28620 6142 11 58 52
28621 6143 11 59 52
28622 6144 11 60 52
28623 6145 11 61 52
28628 6146 11 62 52
28629 6147 11 63 52
28632 6148 11 64 52
28635 6149 11 65 52
28636 6150 11 66 52
28637 6151 11 67 52
28638 6152 11 68 52
28639 6153 11 69 52
28640 6154 11 70 52
28641 6155 11 71 52
28642 6156 11 72 52
28643 6157 11 73 52
28644 6158 11 74 52
28646 6159 11 75 52
28647 6160 11 76 52
28648 6161 11 77 52
28649 6162 11 78 52
28651 6163 11 79 52
28652 6164 11 80 52
28653 6165 11 81 52
28654 6166 11 82 52
28655 6167 11 83 52
28656 6168 11 84 52
28657 6169 11 85 52
28658 6170 11 86 52
28660 6171 11 87 52
28663 6172 11 88 52
28666 6173 11 89 52
28667 6174 11 90 52
28668 6175 11 91 52
28670 6176 11 92 52
28671 6177 11 93 52
28672 6178 11 94 52
28673 6179 11 95 52
28676 6180 11 96 52
28677 6181 11 97 52
28678 6182 11 98 52
28679 6183 11 99 52
28681 6184 11 100 52
28682 6185 11 101 52
28683 6186 11 102 52
28684 6187 11 103 52
28685 6188 11 104 52
28686 6189 11 105 52
28687 6190 11 106 52
28689 6191 11 107 52
28692 6192 11 108 52
28693 6193 11 109 52
28694 6194 11 110 52
28695 6195 11 111 52
28696 6196 11 112 52
28697 6197 11 113 52
28698 6198 11 114 52
28699 6199 11 115 52
28700 6200 11 116 52
28701 6201 11 0 53
28703 6202 11 1 53
28704 6203 11 2 53
28705 6204 11 3 53
28706 6205 11 4 53
28707 6206 11 5 53
28708 6207 11 6 53
28710 6208 11 7 53
28711 6209 11 8 53
28712 6210 11 9 53
28713 6211 11 10 53
28714 6212 11 11 53
28715 6213 11 12 53
28719 6214 11 13 53
28720 6215 11 14 53
28721 6216 11 15 53
28722 6217 11 16 53
28723 6218 11 17 53
28724 6219 11 18 53
28725 6220 11 19 53
28727 6221 11 20 53
28728 6222 11 21 53
28729 6223 11 22 53
28730 6224 11 23 53
28731 6225 11 24 53
28732 6226 11 25 53
28734 6227 11 26 53
28735 6228 11 27 53
28736 6229 11 28 53
28737 6230 11 29 53
28738 6231 11 30 53
28739 6232 11 31 53
28740 6233 11 32 53
28741 6234 11 33 53
28742 6235 11 34 53
28744 6236 11 35 53
28745 6237 11 36 53
28746 6238 11 37 53
28748 6239 11 38 53
28753 6240 11 39 53
28754 6241 11 40 53
28757 6242 11 41 53
28758 6243 11 42 53
28759 6244 11 43 53
28760 6245 11 44 53
28762 6246 11 45 53
28763 6247 11 46 53
28765 6248 11 47 53
28766 6249 11 48 53
28767 6250 11 49 53
28768 6251 11 50 53
28769 6252 11 51 53
28770 6253 11 52 53
28771 6254 11 53 53
28772 6255 11 54 53
28773 6256 11 55 53
28774 6257 11 56 53
28776 6258 11 57 53
28777 6259 11 58 53
28778 6260 11 59 53
28779 6261 11 60 53
28784 6262 11 61 53
28785 6263 11 62 53
28788 6264 11 63 53
28790 6265 11 64 53
28792 6266 11 65 53
28794 6267 11 66 53
28796 6268 11 67 53
28797 6269 11 68 53
28802 6270 11 69 53
28803 6271 11 70 53
28804 6272 11 71 53
28805 6273 11 72 53
28806 6274 11 73 53
28810 6275 11 74 53
28814 6276 11 75 53
28817 6277 11 76 53
28818 6278 11 77 53
28819 6279 11 78 53
28820 6280 11 79 53
28821 6281 11 80 53
28822 6282 11 81 53
28824 6283 11 82 53
28825 6284 11 83 53
28826 6285 11 84 53
28831 6286 11 85 53
28833 6287 11 86 53
28836 6288 11 87 53
28841 6289 11 88 53
28843 6290 11 89 53
28844 6291 11 90 53
28845 6292 11 91 53
28846 6293 11 92 53
28847 6294 11 93 53
28848 6295 11 94 53
28849 6296 11 95 53
28851 6297 11 96 53
28852 6298 11 97 53
28853 6299 11 98 53
28855 6300 11 99 53
28856 6301 11 100 53
28858 6302 11 101 53
28862 6303 11 102 53
28869 6304 11 103 53
28870 6305 11 104 53
28871 6306 11 105 53
28872 6307 11 106 53
28874 6308 11 107 53
28875 6309 11 108 53
28877 6310 11 109 53
28878 6311 11 110 53
28879 6312 11 111 53
28881 6313 11 112 53
28882 6314 11 113 53
28883 6315 11 114 53
28884 6316 11 115 53
28887 6317 11 116 53
28888 6318 11 0 54
28889 6319 11 1 54
28890 6320 11 2 54
28892 6321 11 3 54
28893 6322 11 4 54
28894 6323 11 5 54
28896 6324 11 6 54
28897 6325 11 7 54
28898 6326 11 8 54
28900 6327 11 9 54
28911 6328 11 10 54
28912 6329 11 11 54
28915 6330 11 12 54
28916 6331 11 13 54
28918 6332 11 14 54
28919 6333 11 15 54
28920 6334 11 16 54
28921 6335 11 17 54
28922 6336 11 18 54
28923 6337 11 19 54
28924 6338 11 20 54
28925 6339 11 21 54
28927 6340 11 22 54
28928 6341 11 23 54
28930 6342 11 24 54
28932 6343 11 25 54
28934 6344 11 26 54
28937 6345 11 27 54
28938 6346 11 28 54
28939 6347 11 29 54
28940 6348 11 30 54
28941 6349 11 31 54
28942 6350 11 32 54
28944 6351 11 33 54
28947 6352 11 34 54
28951 6353 11 35 54
28953 6354 11 36 54
28954 6355 11 37 54
28955 6356 11 38 54
28956 6357 11 39 54
28958 6358 11 40 54
28959 6359 11 41 54
28960 6360 11 42 54
28961 6361 11 43 54
28962 6362 11 44 54
28963 6363 11 45 54
28965 6364 11 46 54
28966 6365 11 47 54
28968 6366 11 48 54
28974 6367 11 49 54
28975 6368 11 50 54
28976 6369 11 51 54
28977 6370 11 52 54
28978 6371 11 53 54
28982 6372 11 54 54
28986 6373 11 55 54
28993 6374 11 56 54
28994 6375 11 57 54
28995 6376 11 58 54
28996 6377 11 59 54
28998 6378 11 60 54
28999 6379 11 61 54
29001 6380 11 62 54
29003 6381 11 63 54
29004 6382 11 64 54
29005 6383 11 65 54
29006 6384 11 66 54
29008 6385 11 67 54
29010 6386 11 68 54
29011 6387 11 69 54
29012 6388 11 70 54
29014 6389 11 71 54
29016 6390 11 72 54
29017 6391 11 73 54
29018 6392 11 74 54
29020 6393 11 75 54
29021 6394 11 76 54
29022 6395 11 77 54
29023 6396 11 78 54
29024 6397 11 79 54
29025 6398 11 80 54
29026 6399 11 81 54
29027 6400 11 82 54
29028 6401 11 83 54
29029 6402 11 84 54
29030 6403 11 85 54
29031 6404 11 86 54
29032 6405 11 87 54
29033 6406 11 88 54
29034 6407 11 89 54
29036 6408 11 90 54
29038 6409 11 91 54
29040 6410 11 92 54
29042 6411 11 93 54
29048 6412 11 94 54
29051 6413 11 95 54
29053 6414 11 96 54
29056 6415 11 97 54
29057 6416 11 98 54
29058 6417 11 99 54
29060 6418 11 100 54
29061 6419 11 101 54
29062 6420 11 102 54
29063 6421 11 103 54
29065 6422 11 104 54
29066 6423 11 105 54
29071 6424 11 106 54
29072 6425 11 107 54
29074 6426 11 108 54
29076 6427 11 109 54
29079 6428 11 110 54
29081 6429 11 111 54
29082 6430 11 112 54
29083 6431 11 113 54
29084 6432 11 114 54
29085 6433 11 115 54
29086 6434 11 116 54
29087 6435 11 0 55
29088 6436 11 1 55
29089 6437 11 2 55
29092 6438 11 3 55
29093 6439 11 4 55
29095 6440 11 5 55
29096 6441 11 6 55
29097 6442 11 7 55
29098 6443 11 8 55
29100 6444 11 9 55
29103 6445 11 10 55
29104 6446 11 11 55
29105 6447 11 12 55
29106 6448 11 13 55
29107 6449 11 14 55
29109 6450 11 15 55
29112 6451 11 16 55
29113 6452 11 17 55
29116 6453 11 18 55
29117 6454 11 19 55
29118 6455 11 20 55
29119 6456 11 21 55
29120 6457 11 22 55
29121 6458 11 23 55
29122 6459 11 24 55
29123 6460 11 25 55
29124 6461 11 26 55
29125 6462 11 27 55
29126 6463 11 28 55
29127 6464 11 29 55
29128 6465 11 30 55
29129 6466 11 31 55
29130 6467 11 32 55
29131 6468 11 33 55
29134 6469 11 34 55
29135 6470 11 35 55
29136 6471 11 36 55
29138 6472 11 37 55
29140 6473 11 38 55
29141 6474 11 39 55
29142 6475 11 40 55
29144 6476 11 41 55
29145 6477 11 42 55
29146 6478 11 43 55
29147 6479 11 44 55
29148 6480 11 45 55
29151 6481 11 46 55
29152 6482 11 47 55
29153 6483 11 48 55
29154 6484 11 49 55
29156 6485 11 50 55
29157 6486 11 51 55
29158 6487 11 52 55
29159 6488 11 53 55
29160 6489 11 54 55
29164 6490 11 55 55
29165 6491 11 56 55
29166 6492 11 57 55
29168 6493 11 58 55
29169 6494 11 59 55
29170 6495 11 60 55
29172 6496 11 61 55
29176 6497 11 62 55
29177 6498 11 63 55
29179 6499 11 64 55
29180 6500 11 65 55
29181 6501 11 66 55
29182 6502 11 67 55
29183 6503 11 68 55
29185 6504 11 69 55
29186 6505 11 70 55
29187 6506 11 71 55
29189 6507 11 72 55
29190 6508 11 73 55
29191 6509 11 74 55
29194 6510 11 75 55
29196 6511 11 76 55
29197 6512 11 77 55
29200 6513 11 78 55
29203 6514 11 79 55
29204 6515 11 80 55
29209 6516 11 81 55
29210 6517 11 82 55
29211 6518 11 83 55
29213 6519 11 84 55
29214 6520 11 85 55
29215 6521 11 86 55
29218 6522 11 87 55
29219 6523 11 88 55
29222 6524 11 89 55
29223 6525 11 90 55
29224 6526 11 91 55
29225 6527 11 92 55
29226 6528 11 93 55
29228 6529 11 94 55
29229 6530 11 95 55
29232 6531 11 96 55
29237 6532 11 97 55
29238 6533 11 98 55
29240 6534 11 99 55
29241 6535 11 100 55
29242 6536 11 101 55
29243 6537 11 102 55
29245 6538 11 103 55
29246 6539 11 104 55
29247 6540 11 105 55
29249 6541 11 106 55
29250 6542 11 107 55
29252 6543 11 108 55
29254 6544 11 109 55
29255 6545 11 110 55
29256 6546 11 111 55
29257 6547 11 112 55
29258 6548 11 113 55
29259 6549 11 114 55
29260 6550 11 115 55
29263 6551 11 116 55
29266 6552 11 0 56
29267 6553 11 1 56
29270 6554 11 2 56
29272 6555 11 3 56
29273 6556 11 4 56
29274 6557 11 5 56
29275 6558 11 6 56
29277 6559 11 7 56
29278 6560 11 8 56
29279 6561 11 9 56
29280 6562 11 10 56
29281 6563 11 11 56
29282 6564 11 12 56
29283 6565 11 13 56
29287 6566 11 14 56
29289 6567 11 15 56
29290 6568 11 16 56
29292 6569 11 17 56
29294 6570 11 18 56
29295 6571 11 19 56
29296 6572 11 20 56
29298 6573 11 21 56
29299 6574 11 22 56
29300 6575 11 23 56
29302 6576 11 24 56
29303 6577 11 25 56
29304 6578 11 26 56
29305 6579 11 27 56
29307 6580 11 28 56
29308 6581 11 29 56
29309 6582 11 30 56
29310 6583 11 31 56
29311 6584 11 32 56
29312 6585 11 33 56
29313 6586 11 34 56
29316 6587 11 35 56
29317 6588 11 36 56
29318 6589 11 37 56
29320 6590 11 38 56
29321 6591 11 39 56
29323 6592 11 40 56
29324 6593 11 41 56
29325 6594 11 42 56
29326 6595 11 43 56
29328 6596 11 44 56
29329 6597 11 45 56
29330 6598 11 46 56
29331 6599 11 47 56
29333 6600 11 48 56
29334 6601 11 49 56
29335 6602 11 50 56
29336 6603 11 51 56
29338 6604 11 52 56
29339 6605 11 53 56
29341 6606 11 54 56
29342 6607 11 55 56
29345 6608 11 56 56
29346 6609 11 57 56
29347 6610 11 58 56
29348 6611 11 59 56
29349 6612 11 60 56
29350 6613 11 61 56
29351 6614 11 62 56
29352 6615 11 63 56
29353 6616 11 64 56
29354 6617 11 65 56
29356 6618 11 66 56
29358 6619 11 67 56
29359 6620 11 68 56
29360 6621 11 69 56
29364 6622 11 70 56
29365 6623 11 71 56
29370 6624 11 72 56
29373 6625 11 73 56
29375 6626 11 74 56
29376 6627 11 75 56
29377 6628 11 76 56
29378 6629 11 77 56
29379 6630 11 78 56
29380 6631 11 79 56
29381 6632 11 80 56
29382 6633 11 81 56
29385 6634 11 82 56
29386 6635 11 83 56
29387 6636 11 84 56
29388 6637 11 85 56
29390 6638 11 86 56
29392 6639 11 87 56
29393 6640 11 88 56
29394 6641 11 89 56
29396 6642 11 90 56
29398 6643 11 91 56
29399 6644 11 92 56
29400 6645 11 93 56
29401 6646 11 94 56
29402 6647 11 95 56
29404 6648 11 96 56
29407 6649 11 97 56
29408 6650 11 98 56
29409 6651 11 99 56
29411 6652 11 100 56
29412 6653 11 101 56
29414 6654 11 102 56
29416 6655 11 103 56
29417 6656 11 104 56
29418 6657 11 105 56
29419 6658 11 106 56
29427 6659 11 107 56
29428 6660 11 108 56
29430 6661 11 109 56
29431 6662 11 110 56
29432 6663 11 111 56
29433 6664 11 112 56
29434 6665 11 113 56
29435 6666 11 114 56
29436 6667 11 115 56
29437 6668 11 116 56
29438 6669 11 0 57
29439 6670 11 1 57
29440 6671 11 2 57
29441 6672 11 3 57
29447 6673 11 4 57
29448 6674 11 5 57
29450 6675 11 6 57
29451 6676 11 7 57
29452 6677 11 8 57
29455 6678 11 9 57
29457 6679 11 10 57
29458 6680 11 11 57
29459 6681 11 12 57
29462 6682 11 13 57
29463 6683 11 14 57
29464 6684 11 15 57
29465 6685 11 16 57
29467 6686 11 17 57
29468 6687 11 18 57
29469 6688 11 19 57
29470 6689 11 20 57
29474 6690 11 21 57
29475 6691 11 22 57
29477 6692 11 23 57
29478 6693 11 24 57
29479 6694 11 25 57
29481 6695 11 26 57
29485 6696 11 27 57
29488 6697 11 28 57
29489 6698 11 29 57
29490 6699 11 30 57
29491 6700 11 31 57
29492 6701 11 32 57
29493 6702 11 33 57
29494 6703 11 34 57
29495 6704 11 35 57
29498 6705 11 36 57
29499 6706 11 37 57
29500 6707 11 38 57
29502 6708 11 39 57
29503 6709 11 40 57
29504 6710 11 41 57
29506 6711 11 42 57
29507 6712 11 43 57
29508 6713 11 44 57
29509 6714 11 45 57
29513 6715 11 46 57
29514 6716 11 47 57
29516 6717 11 48 57
29517 6718 11 49 57
29518 6719 11 50 57
29520 6720 11 51 57
29521 6721 11 52 57
29522 6722 11 53 57
29527 6723 11 54 57
29528 6724 11 55 57
29529 6725 11 56 57
29530 6726 11 57 57
29531 6727 11 58 57
29533 6728 11 59 57
29534 6729 11 60 57
29535 6730 11 61 57
29536 6731 11 62 57
29537 6732 11 63 57
29538 6733 11 64 57
29541 6734 11 65 57
29542 6735 11 66 57
29543 6736 11 67 57
29544 6737 11 68 57
29545 6738 11 69 57
29546 6739 11 70 57
29547 6740 11 71 57
29548 6741 11 72 57
29550 6742 11 73 57
29551 6743 11 74 57
29552 6744 11 75 57
29554 6745 11 76 57
29555 6746 11 77 57
29557 6747 11 78 57
29558 6748 11 79 57
29559 6749 11 80 57
29560 6750 11 81 57
29562 6751 11 82 57
29563 6752 11 83 57
29564 6753 11 84 57
29565 6754 11 85 57
29566 6755 11 86 57
29567 6756 11 87 57
29568 6757 11 88 57
29569 6758 11 89 57
29570 6759 11 90 57
29571 6760 11 91 57
29572 6761 11 92 57
29573 6762 11 93 57
29574 6763 11 94 57
29575 6764 11 95 57
29576 6765 11 96 57
29577 6766 11 97 57
29578 6767 11 98 57
29579 6768 11 99 57
29582 6769 11 100 57
29586 6770 11 101 57
29587 6771 11 102 57
29588 6772 11 103 57
29589 6773 11 104 57
29590 6774 11 105 57
29591 6775 11 106 57
29597 6776 11 107 57
29599 6777 11 108 57
29600 6778 11 109 57
29601 6779 11 110 57
29602 6780 11 111 57
29604 6781 11 112 57
29605 6782 11 113 57
29606 6783 11 114 57
29608 6784 11 115 57
29609 6785 11 116 57
29611 6786 11 0 58
29612 6787 11 1 58
29613 6788 11 2 58
29618 6789 11 3 58
29619 6790 11 4 58
29620 6791 11 5 58
29621 6792 11 6 58
29622 6793 11 7 58
29623 6794 11 8 58
29624 6795 11 9 58
29625 6796 11 10 58
29627 6797 11 11 58
29628 6798 11 12 58
29630 6799 11 13 58
29631 6800 11 14 58
29632 6801 11 15 58
29634 6802 11 16 58
29635 6803 11 17 58
29637 6804 11 18 58
29638 6805 11 19 58
29639 6806 11 20 58
29640 6807 11 21 58
29642 6808 11 22 58
29643 6809 11 23 58
29644 6810 11 24 58
29645 6811 11 25 58
29650 6812 11 26 58
29651 6813 11 27 58
29652 6814 11 28 58
29654 6815 11 29 58
29655 6816 11 30 58
29656 6817 11 31 58
29657 6818 11 32 58
29658 6819 11 33 58
29659 6820 11 34 58
29660 6821 11 35 58
29661 6822 11 36 58
29662 6823 11 37 58
29664 6824 11 38 58
29667 6825 11 39 58
29669 6826 11 40 58
29671 6827 11 41 58
29672 6828 11 42 58
29673 6829 11 43 58
29674 6830 11 44 58
29675 6831 11 45 58
29677 6832 11 46 58
29678 6833 11 47 58
29684 6834 11 48 58
29685 6835 11 49 58
29686 6836 11 50 58
29688 6837 11 51 58
29690 6838 11 52 58
29692 6839 11 53 58
29693 6840 11 54 58
29694 6841 11 55 58
29695 6842 11 56 58
29696 6843 11 57 58
29697 6844 11 58 58
29699 6845 11 59 58
29700 6846 11 60 58
29701 6847 11 61 58
29702 6848 11 62 58
29703 6849 11 63 58
29704 6850 11 64 58
29705 6851 11 65 58
29706 6852 11 66 58
29707 6853 11 67 58
29708 6854 11 68 58
29709 6855 11 69 58
29718 6856 11 70 58
29722 6857 11 71 58
29723 6858 11 72 58
29725 6859 11 73 58
29728 6860 11 74 58
29729 6861 11 75 58
29730 6862 11 76 58
29731 6863 11 77 58
29732 6864 11 78 58
29733 6865 11 79 58
29734 6866 11 80 58
29736 6867 11 81 58
29737 6868 11 82 58
29738 6869 11 83 58
29739 6870 11 84 58
29740 6871 11 85 58
29741 6872 11 86 58
29742 6873 11 87 58
29743 6874 11 88 58
29744 6875 11 89 58
29745 6876 11 90 58
29746 6877 11 91 58
29747 6878 11 92 58
29748 6879 11 93 58
29749 6880 11 94 58
29750 6881 11 95 58
29754 6882 11 96 58
29759 6883 11 97 58
29760 6884 11 98 58
29761 6885 11 99 58
29762 6886 11 100 58
29764 6887 11 101 58
29766 6888 11 102 58
29770 6889 11 103 58
29771 6890 11 104 58
29773 6891 11 105 58
29774 6892 11 106 58
29775 6893 11 107 58
29776 6894 11 108 58
29777 6895 11 109 58
29778 6896 11 110 58
29780 6897 11 111 58
29781 6898 11 112 58
29783 6899 11 113 58
29785 6900 11 114 58
29786 6901 11 115 58
29787 6902 11 116 58
29788 6903 11 0 59
29790 6904 11 1 59
29791 6905 11 2 59
29794 6906 11 3 59
29795 6907 11 4 59
29796 6908 11 5 59
29799 6909 11 6 59
29801 6910 11 7 59
29802 6911 11 8 59
29805 6912 11 9 59
29806 6913 11 10 59
29807 6914 11 11 59
29808 6915 11 12 59
29809 6916 11 13 59
29810 6917 11 14 59
29811 6918 11 15 59
29813 6919 11 16 59
29817 6920 11 17 59
29820 6921 11 18 59
29821 6922 11 19 59
29822 6923 11 20 59
29823 6924 11 21 59
29824 6925 11 22 59
29825 6926 11 23 59
29827 6927 11 24 59
29829 6928 11 25 59
29830 6929 11 26 59
29831 6930 11 27 59
29832 6931 11 28 59
29833 6932 11 29 59
29834 6933 11 30 59
29835 6934 11 31 59
29840 6935 11 32 59
29842 6936 11 33 59
29844 6937 11 34 59
29845 6938 11 35 59
29847 6939 11 36 59
29848 6940 11 37 59
29850 6941 11 38 59
29852 6942 11 39 59
29854 6943 11 40 59
29855 6944 11 41 59
29856 6945 11 42 59
29857 6946 11 43 59
29859 6947 11 44 59
29861 6948 11 45 59
29862 6949 11 46 59
29863 6950 11 47 59
29864 6951 11 48 59
29865 6952 11 49 59
29866 6953 11 50 59
29867 6954 11 51 59
29869 6955 11 52 59
29871 6956 11 53 59
29872 6957 11 54 59
29873 6958 11 55 59
29874 6959 11 56 59
29877 6960 11 57 59
29878 6961 11 58 59
29879 6962 11 59 59
29880 6963 11 60 59
29882 6964 11 61 59
29883 6965 11 62 59
29885 6966 11 63 59
29886 6967 11 64 59
29887 6968 11 65 59
29888 6969 11 66 59
29889 6970 11 67 59
29890 6971 11 68 59
29891 6972 11 69 59
29893 6973 11 70 59
29898 6974 11 71 59
29899 6975 11 72 59
29903 6976 11 73 59
29908 6977 11 74 59
29909 6978 11 75 59
29910 6979 11 76 59
29911 6980 11 77 59
29912 6981 11 78 59
29913 6982 11 79 59
29914 6983 11 80 59
29915 6984 11 81 59
29916 6985 11 82 59
29917 6986 11 83 59
29918 6987 11 84 59
29919 6988 11 85 59
29920 6989 11 86 59
29921 6990 11 87 59
29922 6991 11 88 59
29923 6992 11 89 59
29924 6993 11 90 59
29925 6994 11 91 59
29926 6995 11 92 59
29928 6996 11 93 59
29929 6997 11 94 59
29932 6998 11 95 59
29934 6999 11 96 59
29940 7000 11 97 59
29941 7001 11 98 59
29942 7002 11 99 59
29943 7003 11 100 59
29947 7004 11 101 59
29949 7005 11 102 59
29950 7006 11 103 59
29951 7007 11 104 59
29952 7008 11 105 59
29954 7009 11 106 59
29955 7010 11 107 59
29956 7011 11 108 59
29959 7012 11 109 59
29960 7013 11 110 59
29963 7014 11 111 59
29964 7015 11 112 59
29965 7016 11 113 59
29967 7017 11 114 59
29968 7018 11 115 59
29969 7019 11 116 59
29970 7020 11 0 60
29971 7021 11 1 60
29972 7022 11 2 60
29973 7023 11 3 60
29974 7024 11 4 60
29975 7025 11 5 60
29976 7026 11 6 60
29978 7027 11 7 60
29980 7028 11 8 60
29981 7029 11 9 60
29983 7030 11 10 60
29985 7031 11 11 60
29986 7032 11 12 60
29989 7033 11 13 60
29990 7034 11 14 60
29992 7035 11 15 60
29993 7036 11 16 60
29994 7037 11 17 60
29995 7038 11 18 60
29996 7039 11 19 60
29997 7040 11 20 60
29998 7041 11 21 60
29999 7042 11 22 60
30000 7043 11 23 60
30001 7044 11 24 60
30002 7045 11 25 60
30003 7046 11 26 60
30007 7047 11 27 60
30008 7048 11 28 60
30009 7049 11 29 60
30010 7050 11 30 60
30013 7051 11 31 60
30014 7052 11 32 60
30015 7053 11 33 60
30016 7054 11 34 60
30023 7055 11 35 60
30024 7056 11 36 60
30027 7057 11 37 60
30028 7058 11 38 60
30030 7059 11 39 60
30031 7060 11 40 60
30036 7061 11 41 60
30041 7062 11 42 60
30042 7063 11 43 60
30043 7064 11 44 60
30044 7065 11 45 60
30045 7066 11 46 60
30047 7067 11 47 60
30050 7068 11 48 60
30051 7069 11 49 60
30052 7070 11 50 60
30053 7071 11 51 60
30054 7072 11 52 60
30058 7073 11 53 60
30059 7074 11 54 60
30060 7075 11 55 60
30063 7076 11 56 60
30064 7077 11 57 60
30070 7078 11 58 60
30071 7079 11 59 60
30072 7080 11 60 60
30073 7081 11 61 60
30077 7082 11 62 60
30078 7083 11 63 60
30079 7084 11 64 60
30080 7085 11 65 60
30084 7086 11 66 60
30086 7087 11 67 60
30087 7088 11 68 60
30090 7089 11 69 60
30091 7090 11 70 60
30092 7091 11 71 60
30095 7092 11 72 60
30096 7093 11 73 60
30097 7094 11 74 60
30100 7095 11 75 60
30101 7096 11 76 60
30104 7097 11 77 60
30105 7098 11 78 60
30106 7099 11 79 60
30109 7100 11 80 60
30114 7101 11 81 60
30115 7102 11 82 60
30116 7103 11 83 60
30117 7104 11 84 60
30119 7105 11 85 60
30122 7106 11 86 60
30123 7107 11 87 60
30128 7108 11 88 60
30130 7109 11 89 60
30131 7110 11 90 60
30133 7111 11 91 60
30134 7112 11 92 60
30136 7113 11 93 60
30137 7114 11 94 60
30138 7115 11 95 60
30139 7116 11 96 60
30140 7117 11 97 60
30141 7118 11 98 60
30142 7119 11 99 60
30143 7120 11 100 60
30144 7121 11 101 60
30145 7122 11 102 60
30146 7123 11 103 60
30148 7124 11 104 60
30149 7125 11 105 60
30151 7126 11 106 60
30154 7127 11 107 60
30155 7128 11 108 60
30156 7129 11 109 60
30157 7130 11 110 60
30158 7131 11 111 60
30159 7132 11 112 60
30160 7133 11 113 60
30161 7134 11 114 60
30162 7135 11 115 60
30164 7136 11 116 60
30165 7137 11 0 61
30167 7138 11 1 61
30168 7139 11 2 61
30169 7140 11 3 61
30170 7141 11 4 61
30171 7142 11 5 61
30173 7143 11 6 61
30174 7144 11 7 61
30175 7145 11 8 61
30176 7146 11 9 61
30177 7147 11 10 61
30178 7148 11 11 61
30179 7149 11 12 61
30180 7150 11 13 61
30182 7151 11 14 61
30183 7152 11 15 61
30189 7153 11 16 61
30191 7154 11 17 61
30192 7155 11 18 61
30193 7156 11 19 61
30194 7157 11 20 61
30195 7158 11 21 61
30196 7159 11 22 61
30197 7160 11 23 61
30198 7161 11 24 61
30199 7162 11 25 61
30200 7163 11 26 61
30201 7164 11 27 61
30202 7165 11 28 61
30203 7166 11 29 61
30204 7167 11 30 61
30205 7168 11 31 61
30206 7169 11 32 61
30207 7170 11 33 61
30208 7171 11 34 61
30209 7172 11 35 61
30211 7173 11 36 61
30216 7174 11 37 61
30217 7175 11 38 61
30218 7176 11 39 61
30219 7177 11 40 61
30220 7178 11 41 61
30221 7179 11 42 61
30223 7180 11 43 61
30224 7181 11 44 61
30225 7182 11 45 61
30227 7183 11 46 61
30228 7184 11 47 61
30229 7185 11 48 61
30230 7186 11 49 61
30233 7187 11 50 61
30234 7188 11 51 61
30235 7189 11 52 61
30236 7190 11 53 61
30237 7191 11 54 61
30238 7192 11 55 61
30239 7193 11 56 61
30240 7194 11 57 61
30241 7195 11 58 61
30242 7196 11 59 61
30243 7197 11 60 61
30244 7198 11 61 61
30245 7199 11 62 61
30246 7200 11 63 61
30247 7201 11 64 61
30248 7202 11 65 61
30249 7203 11 66 61
30253 7204 11 67 61
30255 7205 11 68 61
30256 7206 11 69 61
30257 7207 11 70 61
30258 7208 11 71 61
30259 7209 11 72 61
30260 7210 11 73 61
30261 7211 11 74 61
30264 7212 11 75 61
30266 7213 11 76 61
30268 7214 11 77 61
30269 7215 11 78 61
30274 7216 11 79 61
30275 7217 11 80 61
30278 7218 11 81 61
30279 7219 11 82 61
30280 7220 11 83 61
30281 7221 11 84 61
30284 7222 11 85 61
30288 7223 11 86 61
30290 7224 11 87 61
30291 7225 11 88 61
30294 7226 11 89 61
30295 7227 11 90 61
30296 7228 11 91 61
30297 7229 11 92 61
30298 7230 11 93 61
30300 7231 11 94 61
30303 7232 11 95 61
30304 7233 11 96 61
30305 7234 11 97 61
30306 7235 11 98 61
30308 7236 11 99 61
30309 7237 11 100 61
30313 7238 11 101 61
30314 7239 11 102 61
30316 7240 11 103 61
30317 7241 11 104 61
30318 7242 11 105 61
30320 7243 11 106 61
30321 7244 11 107 61
30322 7245 11 108 61
30325 7246 11 109 61
30328 7247 11 110 61
30329 7248 11 111 61
30331 7249 11 112 61
30332 7250 11 113 61
30333 7251 11 114 61
30334 7252 11 115 61
30335 7253 11 116 61
30337 7254 11 0 62
30338 7255 11 1 62
30340 7256 11 2 62
30342 7257 11 3 62
30343 7258 11 4 62
30344 7259 11 5 62
30345 7260 11 6 62
30346 7261 11 7 62
30347 7262 11 8 62
30350 7263 11 9 62
30351 7264 11 10 62
30354 7265 11 11 62
30355 7266 11 12 62
30357 7267 11 13 62
30358 7268 11 14 62
30361 7269 11 15 62
30362 7270 11 16 62
30363 7271 11 17 62
30364 7272 11 18 62
30365 7273 11 19 62
30366 7274 11 20 62
30372 7275 11 21 62
30374 7276 11 22 62
30378 7277 11 23 62
30379 7278 11 24 62
30381 7279 11 25 62
30382 7280 11 26 62
30383 7281 11 27 62
30384 7282 11 28 62
30388 7283 11 29 62
30389 7284 11 30 62
30392 7285 11 31 62
30394 7286 11 32 62
30395 7287 11 33 62
30397 7288 11 34 62
30398 7289 11 35 62
30399 7290 11 36 62
30402 7291 11 37 62
30403 7292 11 38 62
30404 7293 11 39 62
30405 7294 11 40 62
30406 7295 11 41 62
30408 7296 11 42 62
30409 7297 11 43 62
30410 7298 11 44 62
30413 7299 11 45 62
30414 7300 11 46 62
30418 7301 11 47 62
30419 7302 11 48 62
30420 7303 11 49 62
30426 7304 11 50 62
30427 7305 11 51 62
30428 7306 11 52 62
30429 7307 11 53 62
30430 7308 11 54 62
30431 7309 11 55 62
30433 7310 11 56 62
30435 7311 11 57 62
30436 7312 11 58 62
30437 7313 11 59 62
30438 7314 11 60 62
30439 7315 11 61 62
30441 7316 11 62 62
30442 7317 11 63 62
30444 7318 11 64 62
30445 7319 11 65 62
30446 7320 11 66 62
30447 7321 11 67 62
30448 7322 11 68 62
30449 7323 11 69 62
30450 7324 11 70 62
30451 7325 11 71 62
30452 7326 11 72 62
30453 7327 11 73 62
30455 7328 11 74 62
30456 7329 11 75 62
30457 7330 11 76 62
30458 7331 11 77 62
30459 7332 11 78 62
30460 7333 11 79 62
30462 7334 11 80 62
30465 7335 11 81 62
30467 7336 11 82 62
30468 7337 11 83 62
30469 7338 11 84 62
30471 7339 11 85 62
30472 7340 11 86 62
30473 7341 11 87 62
30474 7342 11 88 62
30475 7343 11 89 62
30480 7344 11 90 62
30481 7345 11 91 62
30482 7346 11 92 62
30483 7347 11 93 62
30485 7348 11 94 62
30489 7349 11 95 62
30490 7350 11 96 62
30491 7351 11 97 62
30493 7352 11 98 62
30495 7353 11 99 62
30496 7354 11 100 62
30498 7355 11 101 62
30499 7356 11 102 62
30501 7357 11 103 62
30503 7358 11 104 62
30504 7359 11 105 62
30505 7360 11 106 62
30509 7361 11 107 62
30511 7362 11 108 62
30513 7363 11 109 62
30514 7364 11 110 62
30515 7365 11 111 62
30516 7366 11 112 62
30517 7367 11 113 62
30518 7368 11 114 62
30519 7369 11 115 62
30520 7370 11 116 62
30521 7371 11 0 63
30522 7372 11 1 63
30523 7373 11 2 63
30524 7374 11 3 63
30525 7375 11 4 63
30526 7376 11 5 63
30532 7377 11 6 63
30533 7378 11 7 63
30534 7379 11 8 63
30535 7380 11 9 63
30538 7381 11 10 63
30539 7382 11 11 63
30540 7383 11 12 63
30541 7384 11 13 63
30542 7385 11 14 63
30543 7386 11 15 63
30546 7387 11 16 63
30548 7388 11 17 63
30549 7389 11 18 63
30550 7390 11 19 63
30553 7391 11 20 63
30554 7392 11 21 63
30555 7393 11 22 63
30556 7394 11 23 63
30558 7395 11 24 63
30559 7396 11 25 63
30560 7397 11 26 63
30561 7398 11 27 63
30562 7399 11 28 63
30563 7400 11 29 63
30565 7401 11 30 63
30566 7402 11 31 63
30567 7403 11 32 63
30568 7404 11 33 63
30569 7405 11 34 63
30570 7406 11 35 63
30571 7407 11 36 63
30572 7408 11 37 63
30573 7409 11 38 63
30574 7410 11 39 63
30575 7411 11 40 63
30585 7412 11 41 63
30588 7413 11 42 63
30589 7414 11 43 63
30590 7415 11 44 63
30591 7416 11 45 63
30592 7417 11 46 63
30593 7418 11 47 63
30594 7419 11 48 63
30595 7420 11 49 63
30596 7421 11 50 63
30597 7422 11 51 63
30599 7423 11 52 63
30600 7424 11 53 63
30601 7425 11 54 63
30603 7426 11 55 63
30604 7427 11 56 63
30605 7428 11 57 63
30606 7429 11 58 63
30607 7430 11 59 63
30609 7431 11 60 63
30613 7432 11 61 63
30615 7433 11 62 63
30617 7434 11 63 63
30618 7435 11 64 63
30619 7436 11 65 63
30620 7437 11 66 63
30621 7438 11 67 63
30622 7439 11 68 63
30623 7440 11 69 63
30624 7441 11 70 63
30625 7442 11 71 63
30626 7443 11 72 63
30627 7444 11 73 63
30629 7445 11 74 63
30631 7446 11 75 63
30632 7447 11 76 63
30634 7448 11 77 63
30635 7449 11 78 63
30636 7450 11 79 63
30637 7451 11 80 63
30640 7452 11 81 63
30641 7453 11 82 63
30642 7454 11 83 63
30643 7455 11 84 63
30644 7456 11 85 63
30645 7457 11 86 63
30646 7458 11 87 63
30647 7459 11 88 63
30650 7460 11 89 63
30651 7461 11 90 63
30652 7462 11 91 63
30653 7463 11 92 63
30655 7464 11 93 63
30658 7465 11 94 63
30660 7466 11 95 63
30663 7467 11 96 63
30665 7468 11 97 63
30666 7469 11 98 63
30668 7470 11 99 63
30669 7471 11 100 63
30670 7472 11 101 63
30671 7473 11 102 63
30672 7474 11 103 63
30675 7475 11 104 63
30676 7476 11 105 63
30677 7477 11 106 63
30679 7478 11 107 63
30680 7479 11 108 63
30681 7480 11 109 63
30682 7481 11 110 63
30683 7482 11 111 63
30684 7483 11 112 63
30686 7484 11 113 63
30688 7485 11 114 63
30690 7486 11 115 63
30691 7487 11 116 63
30693 7488 11 0 64
30695 7489 11 1 64
30696 7490 11 2 64
30697 7491 11 3 64
30700 7492 11 4 64
30701 7493 11 5 64
30702 7494 11 6 64
30703 7495 11 7 64
30704 7496 11 8 64
30705 7497 11 9 64
30706 7498 11 10 64
30707 7499 11 11 64
30711 7500 11 12 64
30712 7501 11 13 64
30713 7502 11 14 64
30714 7503 11 15 64
30715 7504 11 16 64
30716 7505 11 17 64
30717 7506 11 18 64
30722 7507 11 19 64
30723 7508 11 20 64
30725 7509 11 21 64
30726 7510 11 22 64
30729 7511 11 23 64
30732 7512 11 24 64
30733 7513 11 25 64
30734 7514 11 26 64
30735 7515 11 27 64
30736 7516 11 28 64
30737 7517 11 29 64
30738 7518 11 30 64
30739 7519 11 31 64
30740 7520 11 32 64
30749 7521 11 33 64
30751 7522 11 34 64
30752 7523 11 35 64
30753 7524 11 36 64
30754 7525 11 37 64
30755 7526 11 38 64
30757 7527 11 39 64
30758 7528 11 40 64
30759 7529 11 41 64
30760 7530 11 42 64
30761 7531 11 43 64
30762 7532 11 44 64
30763 7533 11 45 64
30764 7534 11 46 64
30765 7535 11 47 64
30766 7536 11 48 64
30767 7537 11 49 64
30768 7538 11 50 64
30769 7539 11 51 64
30770 7540 11 52 64
30771 7541 11 53 64
30772 7542 11 54 64
30773 7543 11 55 64
30775 7544 11 56 64
30776 7545 11 57 64
30787 7546 11 58 64
30789 7547 11 59 64
30792 7548 11 60 64
30793 7549 11 61 64
30794 7550 11 62 64
30796 7551 11 63 64
30797 7552 11 64 64
30798 7553 11 65 64
30800 7554 11 66 64
30802 7555 11 67 64
30812 7556 11 68 64
30813 7557 11 69 64
30814 7558 11 70 64
30816 7559 11 71 64
30818 7560 11 72 64
30820 7561 11 73 64
30821 7562 11 74 64
30824 7563 11 75 64
30825 7564 11 76 64
30826 7565 11 77 64
30827 7566 11 78 64
30828 7567 11 79 64
30829 7568 11 80 64
30830 7569 11 81 64
30831 7570 11 82 64
30832 7571 11 83 64
30833 7572 11 84 64
30841 7573 11 85 64
30843 7574 11 86 64
30844 7575 11 87 64
30846 7576 11 88 64
30847 7577 11 89 64
30848 7578 11 90 64
30851 7579 11 91 64
30852 7580 11 92 64
30853 7581 11 93 64
30854 7582 11 94 64
30855 7583 11 95 64
30857 7584 11 96 64
30860 7585 11 97 64
30862 7586 11 98 64
30863 7587 11 99 64
30865 7588 11 100 64
30867 7589 11 101 64
30868 7590 11 102 64
30869 7591 11 103 64
30870 7592 11 104 64
30871 7593 11 105 64
30872 7594 11 106 64
30873 7595 11 107 64
30874 7596 11 108 64
30878 7597 11 109 64
30879 7598 11 110 64
30880 7599 11 111 64
30881 7600 11 112 64
30882 7601 11 113 64
30883 7602 11 114 64
30884 7603 11 115 64
30885 7604 11 116 64
30887 7605 11 0 65
30888 7606 11 1 65
30889 7607 11 2 65
30890 7608 11 3 65
30891 7609 11 4 65
30892 7610 11 5 65
30893 7611 11 6 65
30896 7612 11 7 65
30898 7613 11 8 65
30899 7614 11 9 65
30900 7615 11 10 65
30906 7616 11 11 65
30907 7617 11 12 65
30908 7618 11 13 65
30910 7619 11 14 65
30913 7620 11 15 65
30915 7621 11 16 65
30916 7622 11 17 65
30917 7623 11 18 65
30920 7624 11 19 65
30921 7625 11 20 65
30922 7626 11 21 65
30923 7627 11 22 65
30924 7628 11 23 65
30925 7629 11 24 65
30926 7630 11 25 65
30927 7631 11 26 65
30928 7632 11 27 65
30929 7633 11 28 65
30932 7634 11 29 65
30933 7635 11 30 65
30938 7636 11 31 65
30939 7637 11 32 65
30941 7638 11 33 65
30942 7639 11 34 65
30943 7640 11 35 65
30944 7641 11 36 65
30945 7642 11 37 65
30946 7643 11 38 65
30947 7644 11 39 65
30949 7645 11 40 65
30951 7646 11 41 65
30952 7647 11 42 65
30953 7648 11 43 65
30954 7649 11 44 65
30956 7650 11 45 65
30957 7651 11 46 65
30959 7652 11 47 65
30962 7653 11 48 65
30963 7654 11 49 65
30964 7655 11 50 65
30967 7656 11 51 65
30969 7657 11 52 65
30970 7658 11 53 65
30971 7659 11 54 65
30972 7660 11 55 65
30973 7661 11 56 65
30974 7662 11 57 65
30975 7663 11 58 65
30977 7664 11 59 65
30978 7665 11 60 65
30980 7666 11 61 65
30981 7667 11 62 65
30985 7668 11 63 65
30988 7669 11 64 65
30990 7670 11 65 65
30992 7671 11 66 65
30993 7672 11 67 65
30994 7673 11 68 65
30995 7674 11 69 65
30996 7675 11 70 65
30999 7676 11 71 65
31001 7677 11 72 65
31003 7678 11 73 65
31004 7679 11 74 65
31005 7680 11 75 65
31006 7681 11 76 65
31009 7682 11 77 65
31011 7683 11 78 65
31012 7684 11 79 65
31013 7685 11 80 65
31014 7686 11 81 65
31015 7687 11 82 65
31016 7688 11 83 65
31017 7689 11 84 65
31018 7690 11 85 65
31019 7691 11 86 65
31020 7692 11 87 65
31021 7693 11 88 65
31023 7694 11 89 65
31025 7695 11 90 65
31029 7696 11 91 65
31032 7697 11 92 65
31033 7698 11 93 65
31034 7699 11 94 65
31037 7700 11 95 65
31038 7701 11 96 65
31039 7702 11 97 65
31040 7703 11 98 65
31041 7704 11 99 65
31042 7705 11 100 65
31044 7706 11 101 65
31045 7707 11 102 65
31046 7708 11 103 65
31047 7709 11 104 65
31048 7710 11 105 65
31049 7711 11 106 65
31050 7712 11 107 65
31051 7713 11 108 65
31052 7714 11 109 65
31055 7715 11 110 65
31056 7716 11 111 65
31057 7717 11 112 65
31058 7718 11 113 65
31059 7719 11 114 65
31060 7720 11 115 65
31061 7721 11 116 65
31062 7722 11 0 66
31063 7723 11 1 66
31066 7724 11 2 66
31067 7725 11 3 66
31068 7726 11 4 66
31069 7727 11 5 66
31070 7728 11 6 66
31071 7729 11 7 66
31072 7730 11 8 66
31073 7731 11 9 66
31075 7732 11 10 66
31076 7733 11 11 66
31077 7734 11 12 66
31079 7735 11 13 66
31080 7736 11 14 66
31081 7737 11 15 66
31082 7738 11 16 66
31083 7739 11 17 66
31085 7740 11 18 66
31088 7741 11 19 66
31090 7742 11 20 66
31091 7743 11 21 66
31092 7744 11 22 66
31097 7745 11 23 66
31098 7746 11 24 66
31100 7747 11 25 66
31101 7748 11 26 66
31103 7749 11 27 66
31105 7750 11 28 66
31106 7751 11 29 66
31112 7752 11 30 66
31114 7753 11 31 66
31115 7754 11 32 66
31117 7755 11 33 66
31118 7756 11 34 66
31119 7757 11 35 66
31120 7758 11 36 66
31122 7759 11 37 66
31123 7760 11 38 66
31124 7761 11 39 66
31125 7762 11 40 66
31126 7763 11 41 66
31127 7764 11 42 66
31128 7765 11 43 66
31130 7766 11 44 66
31131 7767 11 45 66
31132 7768 11 46 66
31136 7769 11 47 66
31137 7770 11 48 66
31138 7771 11 49 66
31140 7772 11 50 66
31142 7773 11 51 66
31143 7774 11 52 66
31144 7775 11 53 66
31146 7776 11 54 66
31147 7777 11 55 66
31148 7778 11 56 66
31149 7779 11 57 66
31150 7780 11 58 66
31152 7781 11 59 66
31153 7782 11 60 66
31154 7783 11 61 66
31155 7784 11 62 66
31156 7785 11 63 66
31158 7786 11 64 66
31159 7787 11 65 66
31160 7788 11 66 66
31161 7789 11 67 66
31162 7790 11 68 66
31163 7791 11 69 66
31165 7792 11 70 66
31166 7793 11 71 66
31167 7794 11 72 66
31168 7795 11 73 66
31169 7796 11 74 66
31173 7797 11 75 66
31176 7798 11 76 66
31177 7799 11 77 66
31179 7800 11 78 66
31181 7801 11 79 66
31182 7802 11 80 66
31183 7803 11 81 66
31185 7804 11 82 66
31186 7805 11 83 66
31189 7806 11 84 66
31190 7807 11 85 66
31192 7808 11 86 66
31196 7809 11 87 66
31197 7810 11 88 66
31198 7811 11 89 66
31199 7812 11 90 66
31200 7813 11 91 66
31203 7814 11 92 66
31204 7815 11 93 66
31206 7816 11 94 66
31207 7817 11 95 66
31209 7818 11 96 66
31210 7819 11 97 66
31211 7820 11 98 66
31212 7821 11 99 66
31213 7822 11 100 66
31214 7823 11 101 66
31222 7824 11 102 66
31223 7825 11 103 66
31224 7826 11 104 66
31226 7827 11 105 66
31227 7828 11 106 66
31232 7829 11 107 66
31234 7830 11 108 66
31235 7831 11 109 66
31236 7832 11 110 66
31237 7833 11 111 66
31240 7834 11 112 66
31242 7835 11 113 66
31243 7836 11 114 66
31244 7837 11 115 66
31245 7838 11 116 66
31248 7839 11 0 67
31249 7840 11 1 67
31250 7841 11 2 67
31251 7842 11 3 67
31252 7843 11 4 67
31253 7844 11 5 67
31255 7845 11 6 67
31256 7846 11 7 67
31257 7847 11 8 67
31258 7848 11 9 67
31259 7849 11 10 67
31260 7850 11 11 67
31262 7851 11 12 67
31263 7852 11 13 67
31264 7853 11 14 67
31266 7854 11 15 67
31270 7855 11 16 67
31272 7856 11 17 67
31275 7857 11 18 67
31278 7858 11 19 67
31279 7859 11 20 67
31280 7860 11 21 67
31281 7861 11 22 67
31287 7862 11 23 67
31289 7863 11 24 67
31291 7864 11 25 67
31292 7865 11 26 67
31293 7866 11 27 67
31295 7867 11 28 67
31296 7868 11 29 67
31300 7869 11 30 67
31302 7870 11 31 67
31303 7871 11 32 67
31304 7872 11 33 67
31306 7873 11 34 67
31307 7874 11 35 67
31308 7875 11 36 67
31309 7876 11 37 67
31310 7877 11 38 67
31316 7878 11 39 67
31318 7879 11 40 67
31319 7880 11 41 67
31320 7881 11 42 67
31322 7882 11 43 67
31323 7883 11 44 67
31324 7884 11 45 67
31327 7885 11 46 67
31328 7886 11 47 67
31329 7887 11 48 67
31330 7888 11 49 67
31335 7889 11 50 67
31336 7890 11 51 67
31337 7891 11 52 67
31339 7892 11 53 67
31340 7893 11 54 67
31341 7894 11 55 67
31342 7895 11 56 67
31344 7896 11 57 67
31345 7897 11 58 67
31348 7898 11 59 67
31349 7899 11 60 67
31350 7900 11 61 67
31352 7901 11 62 67
31353 7902 11 63 67
31354 7903 11 64 67
31355 7904 11 65 67
31358 7905 11 66 67
31359 7906 11 67 67
31360 7907 11 68 67
31361 7908 11 69 67
31364 7909 11 70 67
31365 7910 11 71 67
31366 7911 11 72 67
31367 7912 11 73 67
31368 7913 11 74 67
31369 7914 11 75 67
31370 7915 11 76 67
31371 7916 11 77 67
31372 7917 11 78 67
31375 7918 11 79 67
31376 7919 11 80 67
31378 7920 11 81 67
31380 7921 11 82 67
31381 7922 11 83 67
31382 7923 11 84 67
31383 7924 11 85 67
31384 7925 11 86 67
31385 7926 11 87 67
31390 7927 11 88 67
31391 7928 11 89 67
31392 7929 11 90 67
31394 7930 11 91 67
31395 7931 11 92 67
31400 7932 11 93 67
31401 7933 11 94 67
31402 7934 11 95 67
31403 7935 11 96 67
31404 7936 11 97 67
31406 7937 11 98 67
31407 7938 11 99 67
31409 7939 11 100 67
31410 7940 11 101 67
31411 7941 11 102 67
31412 7942 11 103 67
31413 7943 11 104 67
31414 7944 11 105 67
31415 7945 11 106 67
31416 7946 11 107 67
31418 7947 11 108 67
31422 7948 11 109 67
31423 7949 11 110 67
31424 7950 11 111 67
31425 7951 11 112 67
31428 7952 11 113 67
31429 7953 11 114 67
31431 7954 11 115 67
31434 7955 11 116 67
31435 7956 11 0 68
31441 7957 11 1 68
31448 7958 11 2 68
31449 7959 11 3 68
31455 7960 11 4 68
31456 7961 11 5 68
31459 7962 11 6 68
31460 7963 11 7 68
31461 7964 11 8 68
31462 7965 11 9 68
31467 7966 11 10 68
31469 7967 11 11 68
31470 7968 11 12 68
31471 7969 11 13 68
31478 7970 11 14 68
31479 7971 11 15 68
31481 7972 11 16 68
31482 7973 11 17 68
31483 7974 11 18 68
31485 7975 11 19 68
31487 7976 11 20 68
31488 7977 11 21 68
31489 7978 11 22 68
31492 7979 11 23 68
31493 7980 11 24 68
31494 7981 11 25 68
31496 7982 11 26 68
31497 7983 11 27 68
31498 7984 11 28 68
31502 7985 11 29 68
31503 7986 11 30 68
31504 7987 11 31 68
31505 7988 11 32 68
31506 7989 11 33 68
31507 7990 11 34 68
31512 7991 11 35 68
31513 7992 11 36 68
31514 7993 11 37 68
31515 7994 11 38 68
31517 7995 11 39 68
31518 7996 11 40 68
31520 7997 11 41 68
31522 7998 11 42 68
31523 7999 11 43 68
31524 8000 11 44 68
31525 8001 11 45 68
31526 8002 11 46 68
31528 8003 11 47 68
31530 8004 11 48 68
31531 8005 11 49 68
31532 8006 11 50 68
31533 8007 11 51 68
31534 8008 11 52 68
31535 8009 11 53 68
31536 8010 11 54 68
31537 8011 11 55 68
31538 8012 11 56 68
31539 8013 11 57 68
31540 8014 11 58 68
31541 8015 11 59 68
31544 8016 11 60 68
31547 8017 11 61 68
31552 8018 11 62 68
31556 8019 11 63 68
31557 8020 11 64 68
31558 8021 11 65 68
31559 8022 11 66 68
31560 8023 11 67 68
31561 8024 11 68 68
31562 8025 11 69 68
31563 8026 11 70 68
31564 8027 11 71 68
31565 8028 11 72 68
31566 8029 11 73 68
31567 8030 11 74 68
31568 8031 11 75 68
31569 8032 11 76 68
31570 8033 11 77 68
31572 8034 11 78 68
31574 8035 11 79 68
31576 8036 11 80 68
31584 8037 11 81 68
31585 8038 11 82 68
31587 8039 11 83 68
31588 8040 11 84 68
31589 8041 11 85 68
31590 8042 11 86 68
31591 8043 11 87 68
31593 8044 11 88 68
31597 8045 11 89 68
31598 8046 11 90 68
31600 8047 11 91 68
31601 8048 11 92 68
31602 8049 11 93 68
31603 8050 11 94 68
31604 8051 11 95 68
31605 8052 11 96 68
31606 8053 11 97 68
31607 8054 11 98 68
31608 8055 11 99 68
31618 8056 11 100 68
31620 8057 11 101 68
31621 8058 11 102 68
31623 8059 11 103 68
31624 8060 11 104 68
31626 8061 11 105 68
31627 8062 11 106 68
31628 8063 11 107 68
31629 8064 11 108 68
31630 8065 11 109 68
31631 8066 11 110 68
31632 8067 11 111 68
31633 8068 11 112 68
31636 8069 11 113 68
31637 8070 11 114 68
31638 8071 11 115 68
31639 8072 11 116 68
31640 8073 11 0 69
31641 8074 11 1 69
31643 8075 11 2 69
31644 8076 11 3 69
31645 8077 11 4 69
31648 8078 11 5 69
31649 8079 11 6 69
31652 8080 11 7 69
31660 8081 11 8 69
31661 8082 11 9 69
31663 8083 11 10 69
31665 8084 11 11 69
31668 8085 11 12 69
31669 8086 11 13 69
31671 8087 11 14 69
31672 8088 11 15 69
31673 8089 11 16 69
31678 8090 11 17 69
31680 8091 11 18 69
31681 8092 11 19 69
31684 8093 11 20 69
31686 8094 11 21 69
31687 8095 11 22 69
31689 8096 11 23 69
31690 8097 11 24 69
31691 8098 11 25 69
31692 8099 11 26 69
31694 8100 11 27 69
31700 8101 11 28 69
31701 8102 11 29 69
31704 8103 11 30 69
31705 8104 11 31 69
31706 8105 11 32 69
31707 8106 11 33 69
31708 8107 11 34 69
31709 8108 11 35 69
31710 8109 11 36 69
31711 8110 11 37 69
31712 8111 11 38 69
31713 8112 11 39 69
31714 8113 11 40 69
31715 8114 11 41 69
31716 8115 11 42 69
31717 8116 11 43 69
31718 8117 11 44 69
31719 8118 11 45 69
31720 8119 11 46 69
31721 8120 11 47 69
31722 8121 11 48 69
31723 8122 11 49 69
31728 8123 11 50 69
31729 8124 11 51 69
31730 8125 11 52 69
31731 8126 11 53 69
31732 8127 11 54 69
31735 8128 11 55 69
31736 8129 11 56 69
31737 8130 11 57 69
31739 8131 11 58 69
31741 8132 11 59 69
31742 8133 11 60 69
31743 8134 11 61 69
31744 8135 11 62 69
31745 8136 11 63 69
31746 8137 11 64 69
31747 8138 11 65 69
31749 8139 11 66 69
31750 8140 11 67 69
31751 8141 11 68 69
31753 8142 11 69 69
31754 8143 11 70 69
31755 8144 11 71 69
31756 8145 11 72 69
31757 8146 11 73 69
31758 8147 11 74 69
31759 8148 11 75 69
31760 8149 11 76 69
31761 8150 11 77 69
31769 8151 11 78 69
31772 8152 11 79 69
31773 8153 11 80 69
31774 8154 11 81 69
31775 8155 11 82 69
31776 8156 11 83 69
31777 8157 11 84 69
31778 8158 11 85 69
31779 8159 11 86 69
31781 8160 11 87 69
31782 8161 11 88 69
31783 8162 11 89 69
31784 8163 11 90 69
31785 8164 11 91 69
31786 8165 11 92 69
31787 8166 11 93 69
31788 8167 11 94 69
31789 8168 11 95 69
31792 8169 11 96 69
31795 8170 11 97 69
31799 8171 11 98 69
31800 8172 11 99 69
31801 8173 11 100 69
31803 8174 11 101 69
31804 8175 11 102 69
31805 8176 11 103 69
31806 8177 11 104 69
31807 8178 11 105 69
31808 8179 11 106 69
31811 8180 11 107 69
31813 8181 11 108 69
31815 8182 11 109 69
31816 8183 11 110 69
31817 8184 11 111 69
31818 8185 11 112 69
31820 8186 11 113 69
31821 8187 11 114 69
31824 8188 11 115 69
31827 8189 11 116 69
31828 8190 11 0 70
31831 8191 11 1 70
31833 8192 11 2 70
31834 8193 11 3 70
31835 8194 11 4 70
31836 8195 11 5 70
31839 8196 11 6 70
31840 8197 11 7 70
31843 8198 11 8 70
31844 8199 11 9 70
31845 8200 11 10 70
31846 8201 11 11 70
31847 8202 11 12 70
31849 8203 11 13 70
31850 8204 11 14 70
31851 8205 11 15 70
31852 8206 11 16 70
31854 8207 11 17 70
31855 8208 11 18 70
31858 8209 11 19 70
31859 8210 11 20 70
31861 8211 11 21 70
31864 8212 11 22 70
31865 8213 11 23 70
31866 8214 11 24 70
31869 8215 11 25 70
31871 8216 11 26 70
31872 8217 11 27 70
31873 8218 11 28 70
31876 8219 11 29 70
31877 8220 11 30 70
31880 8221 11 31 70
31881 8222 11 32 70
31882 8223 11 33 70
31884 8224 11 34 70
31885 8225 11 35 70
31889 8226 11 36 70
31890 8227 11 37 70
31892 8228 11 38 70
31893 8229 11 39 70
31894 8230 11 40 70
31895 8231 11 41 70
31896 8232 11 42 70
31902 8233 11 43 70
31903 8234 11 44 70
31905 8235 11 45 70
31906 8236 11 46 70
31907 8237 11 47 70
31909 8238 11 48 70
31912 8239 11 49 70
31919 8240 11 50 70
31921 8241 11 51 70
31922 8242 11 52 70
31923 8243 11 53 70
31924 8244 11 54 70
31925 8245 11 55 70
31929 8246 11 56 70
31930 8247 11 57 70
31931 8248 11 58 70
31932 8249 11 59 70
31933 8250 11 60 70
31934 8251 11 61 70
31935 8252 11 62 70
31941 8253 11 63 70
31944 8254 11 64 70
31946 8255 11 65 70
31947 8256 11 66 70
31948 8257 11 67 70
31950 8258 11 68 70
31952 8259 11 69 70
31953 8260 11 70 70
31954 8261 11 71 70
31956 8262 11 72 70
31957 8263 11 73 70
31958 8264 11 74 70
31959 8265 11 75 70
31961 8266 11 76 70
31964 8267 11 77 70
31965 8268 11 78 70
31966 8269 11 79 70
31967 8270 11 80 70
31968 8271 11 81 70
31970 8272 11 82 70
31975 8273 11 83 70
31976 8274 11 84 70
31978 8275 11 85 70
31980 8276 11 86 70
31982 8277 11 87 70
31983 8278 11 88 70
31984 8279 11 89 70
31985 8280 11 90 70
31986 8281 11 91 70
31988 8282 11 92 70
31990 8283 11 93 70
31991 8284 11 94 70
31992 8285 11 95 70
31995 8286 11 96 70
31997 8287 11 97 70
31998 8288 11 98 70
32000 8289 11 99 70
32001 8290 11 100 70
32002 8291 11 101 70
32003 8292 11 102 70
32004 8293 11 103 70
32005 8294 11 104 70
32006 8295 11 105 70
32007 8296 11 106 70
32008 8297 11 107 70
32009 8298 11 108 70
32010 8299 11 109 70
32011 8300 11 110 70
32012 8301 11 111 70
32013 8302 11 112 70
32014 8303 11 113 70
32015 8304 11 114 70
32016 8305 11 115 70
32017 8306 11 116 70
32018 8307 11 0 71
32019 8308 11 1 71
32020 8309 11 2 71
32021 8310 11 3 71
32022 8311 11 4 71
32023 8312 11 5 71
32024 8313 11 6 71
32025 8314 11 7 71
32026 8315 11 8 71
32027 8316 11 9 71
32028 8317 11 10 71
32029 8318 11 11 71
32030 8319 11 12 71
32031 8320 11 13 71
32032 8321 11 14 71
32033 8322 11 15 71
32034 8323 11 16 71
32040 8324 11 17 71
32041 8325 11 18 71
32043 8326 11 19 71
32044 8327 11 20 71
32046 8328 11 21 71
32047 8329 11 22 71
32048 8330 11 23 71
32049 8331 11 24 71
32050 8332 11 25 71
32051 8333 11 26 71
32053 8334 11 27 71
32054 8335 11 28 71
32056 8336 11 29 71
32057 8337 11 30 71
32058 8338 11 31 71
32059 8339 11 32 71
32060 8340 11 33 71
32061 8341 11 34 71
32062 8342 11 35 71
32063 8343 11 36 71
32064 8344 11 37 71
32065 8345 11 38 71
32066 8346 11 39 71
32067 8347 11 40 71
32068 8348 11 41 71
32069 8349 11 42 71
32070 8350 11 43 71
32071 8351 11 44 71
32074 8352 11 45 71
32078 8353 11 46 71
32079 8354 11 47 71
32080 8355 11 48 71
32081 8356 11 49 71
32082 8357 11 50 71
32083 8358 11 51 71
32084 8359 11 52 71
32085 8360 11 53 71
32086 8361 11 54 71
32088 8362 11 55 71
32091 8363 11 56 71
32092 8364 11 57 71
32094 8365 11 58 71
32095 8366 11 59 71
32097 8367 11 60 71
32098 8368 11 61 71
32099 8369 11 62 71
32102 8370 11 63 71
32103 8371 11 64 71
32104 8372 11 65 71
32105 8373 11 66 71
32106 8374 11 67 71
32107 8375 11 68 71
32109 8376 11 69 71
32110 8377 11 70 71
32111 8378 11 71 71
32112 8379 11 72 71
32113 8380 11 73 71
32114 8381 11 74 71
32115 8382 11 75 71
32121 8383 11 76 71
32122 8384 11 77 71
32123 8385 11 78 71
32124 8386 11 79 71
32125 8387 11 80 71
32127 8388 11 81 71
32128 8389 11 82 71
32129 8390 11 83 71
32131 8391 11 84 71
32132 8392 11 85 71
32133 8393 11 86 71
32134 8394 11 87 71
32136 8395 11 88 71
32140 8396 11 89 71
32141 8397 11 90 71
32142 8398 11 91 71
32143 8399 11 92 71
32145 8400 11 93 71
32146 8401 11 94 71
32147 8402 11 95 71
32148 8403 11 96 71
32150 8404 11 97 71
32156 8405 11 98 71
32157 8406 11 99 71
32158 8407 11 100 71
32159 8408 11 101 71
32160 8409 11 102 71
32161 8410 11 103 71
32162 8411 11 104 71
32163 8412 11 105 71
32166 8413 11 106 71
32167 8414 11 107 71
32169 8415 11 108 71
32170 8416 11 109 71
32172 8417 11 110 71
32173 8418 11 111 71
32174 8419 11 112 71
32175 8420 11 113 71
32176 8421 11 114 71
32177 8422 11 115 71
32178 8423 11 116 71
32180 8424 11 0 72
32181 8425 11 1 72
32183 8426 11 2 72
32184 8427 11 3 72
32185 8428 11 4 72
32186 8429 11 5 72
32187 8430 11 6 72
32188 8431 11 7 72
32189 8432 11 8 72
32190 8433 11 9 72
32191 8434 11 10 72
32192 8435 11 11 72
32193 8436 11 12 72
32194 8437 11 13 72
32196 8438 11 14 72
32197 8439 11 15 72
32198 8440 11 16 72
32199 8441 11 17 72
32201 8442 11 18 72
32202 8443 11 19 72
32203 8444 11 20 72
32204 8445 11 21 72
32206 8446 11 22 72
32210 8447 11 23 72
32215 8448 11 24 72
32216 8449 11 25 72
32217 8450 11 26 72
32218 8451 11 27 72
32219 8452 11 28 72
32221 8453 11 29 72
32222 8454 11 30 72
32223 8455 11 31 72
32224 8456 11 32 72
32225 8457 11 33 72
32227 8458 11 34 72
32230 8459 11 35 72
32231 8460 11 36 72
32232 8461 11 37 72
32233 8462 11 38 72
32234 8463 11 39 72
32236 8464 11 40 72
32238 8465 11 41 72
32239 8466 11 42 72
32240 8467 11 43 72
32241 8468 11 44 72
32242 8469 11 45 72
32243 8470 11 46 72
32244 8471 11 47 72
32246 8472 11 48 72
32247 8473 11 49 72
32249 8474 11 50 72
32250 8475 11 51 72
32251 8476 11 52 72
32259 8477 11 53 72
32264 8478 11 54 72
32265 8479 11 55 72
32266 8480 11 56 72
32267 8481 11 57 72
32268 8482 11 58 72
32269 8483 11 59 72
32270 8484 11 60 72
32271 8485 11 61 72
32272 8486 11 62 72
32273 8487 11 63 72
32274 8488 11 64 72
32275 8489 11 65 72
32276 8490 11 66 72
32277 8491 11 67 72
32278 8492 11 68 72
32279 8493 11 69 72
32282 8494 11 70 72
32283 8495 11 71 72
32284 8496 11 72 72
32285 8497 11 73 72
32286 8498 11 74 72
32287 8499 11 75 72
32288 8500 11 76 72
32289 8501 11 77 72
32290 8502 11 78 72
32291 8503 11 79 72
32292 8504 11 80 72
32293 8505 11 81 72
32297 8506 11 82 72
32298 8507 11 83 72
32299 8508 11 84 72
32301 8509 11 85 72
32302 8510 11 86 72
32303 8511 11 87 72
32304 8512 11 88 72
32305 8513 11 89 72
32306 8514 11 90 72
32307 8515 11 91 72
32308 8516 11 92 72
32309 8517 11 93 72
32310 8518 11 94 72
32311 8519 11 95 72
32312 8520 11 96 72
32313 8521 11 97 72
32314 8522 11 98 72
32315 8523 11 99 72
32316 8524 11 100 72
32317 8525 11 101 72
32318 8526 11 102 72
32319 8527 11 103 72
32320 8528 11 104 72
32321 8529 11 105 72
32322 8530 11 106 72
32323 8531 11 107 72
32324 8532 11 108 72
32325 8533 11 109 72
32326 8534 11 110 72
32327 8535 11 111 72
32328 8536 11 112 72
32329 8537 11 113 72
32332 8538 11 114 72
32336 8539 11 115 72
32337 8540 11 116 72
32338 8541 11 0 73
32339 8542 11 1 73
32340 8543 11 2 73
32341 8544 11 3 73
32342 8545 11 4 73
32343 8546 11 5 73
32344 8547 11 6 73
32345 8548 11 7 73
32346 8549 11 8 73
32348 8550 11 9 73
32350 8551 11 10 73
32351 8552 11 11 73
32352 8553 11 12 73
32353 8554 11 13 73
32354 8555 11 14 73
32355 8556 11 15 73
32360 8557 11 16 73
32361 8558 11 17 73
32362 8559 11 18 73
32363 8560 11 19 73
32365 8561 11 20 73
32367 8562 11 21 73
32368 8563 11 22 73
32370 8564 11 23 73
32371 8565 11 24 73
32372 8566 11 25 73
32373 8567 11 26 73
32374 8568 11 27 73
32375 8569 11 28 73
32376 8570 11 29 73
32377 8571 11 30 73
32378 8572 11 31 73
32379 8573 11 32 73
32380 8574 11 33 73
32381 8575 11 34 73
32382 8576 11 35 73
32384 8577 11 36 73
32385 8578 11 37 73
32386 8579 11 38 73
32390 8580 11 39 73
32391 8581 11 40 73
32392 8582 11 41 73
32394 8583 11 42 73
32395 8584 11 43 73
32396 8585 11 44 73
32397 8586 11 45 73
32399 8587 11 46 73
32401 8588 11 47 73
32403 8589 11 48 73
32404 8590 11 49 73
32405 8591 11 50 73
32406 8592 11 51 73
32407 8593 11 52 73
32408 8594 11 53 73
32409 8595 11 54 73
32410 8596 11 55 73
32411 8597 11 56 73
32412 8598 11 57 73
32566 8599 11 58 73
32568 8600 11 59 73
32569 8601 11 60 73
32570 8602 11 61 73
32573 8603 11 62 73
32574 8604 11 63 73
32575 8605 11 64 73
32579 8606 11 65 73
32580 8607 11 66 73
32581 8608 11 67 73
32584 8609 11 68 73
32586 8610 11 69 73
32587 8611 11 70 73
32588 8612 11 71 73
32589 8613 11 72 73
32591 8614 11 73 73
32592 8615 11 74 73
32593 8616 11 75 73
32596 8617 11 76 73
32597 8618 11 77 73
32600 8619 11 78 73
32603 8620 11 79 73
32604 8621 11 80 73
32605 8622 11 81 73
32606 8623 11 82 73
32607 8624 11 83 73
32608 8625 11 84 73
32609 8626 11 85 73
32611 8627 11 86 73
32613 8628 11 87 73
32614 8629 11 88 73
32615 8630 11 89 73
32616 8631 11 90 73
32617 8632 11 91 73
32618 8633 11 92 73
32619 8634 11 93 73
32620 8635 11 94 73
32621 8636 11 95 73
32622 8637 11 96 73
32624 8638 11 97 73
32626 8639 11 98 73
32627 8640 11 99 73
32629 8641 11 100 73
32630 8642 11 101 73
32631 8643 11 102 73
32633 8644 11 103 73
32634 8645 11 104 73
32635 8646 11 105 73
32636 8647 11 106 73
32637 8648 11 107 73
32638 8649 11 108 73
32639 8650 11 109 73
32643 8651 11 110 73
32645 8652 11 111 73
32646 8653 11 112 73
32647 8654 11 113 73
32648 8655 11 114 73
32649 8656 11 115 73
32650 8657 11 116 73
32651 8658 11 0 74
32652 8659 11 1 74
32653 8660 11 2 74
32654 8661 11 3 74
32657 8662 11 4 74
32658 8663 11 5 74
32660 8664 11 6 74
32661 8665 11 7 74
32662 8666 11 8 74
32666 8667 11 9 74
32667 8668 11 10 74
32668 8669 11 11 74
32669 8670 11 12 74
32670 8671 11 13 74
32672 8672 11 14 74
32673 8673 11 15 74
32674 8674 11 16 74
32676 8675 11 17 74
32677 8676 11 18 74
32678 8677 11 19 74
32679 8678 11 20 74
32680 8679 11 21 74
32681 8680 11 22 74
32684 8681 11 23 74
32685 8682 11 24 74
32687 8683 11 25 74
32688 8684 11 26 74
32689 8685 11 27 74
32690 8686 11 28 74
32691 8687 11 29 74
32693 8688 11 30 74
32694 8689 11 31 74
32695 8690 11 32 74
32696 8691 11 33 74
32697 8692 11 34 74
32698 8693 11 35 74
32699 8694 11 36 74
32700 8695 11 37 74
32701 8696 11 38 74
32702 8697 11 39 74
32703 8698 11 40 74
32704 8699 11 41 74
32705 8700 11 42 74
32706 8701 11 43 74
32707 8702 11 44 74
32709 8703 11 45 74
32711 8704 11 46 74
32713 8705 11 47 74
32714 8706 11 48 74
32715 8707 11 49 74
32716 8708 11 50 74
32717 8709 11 51 74
32718 8710 11 52 74
32719 8711 11 53 74
32720 8712 11 54 74
32721 8713 11 55 74
32722 8714 11 56 74
32724 8715 11 57 74
32725 8716 11 58 74
32727 8717 11 59 74
32731 8718 11 60 74
32732 8719 11 61 74
32734 8720 11 62 74
32735 8721 11 63 74
32736 8722 11 64 74
32737 8723 11 65 74
32738 8724 11 66 74
32739 8725 11 67 74
32741 8726 11 68 74
32742 8727 11 69 74
32744 8728 11 70 74
32745 8729 11 71 74
32746 8730 11 72 74
32747 8731 11 73 74
32748 8732 11 74 74
32749 8733 11 75 74
32750 8734 11 76 74
32751 8735 11 77 74
32752 8736 11 78 74
32753 8737 11 79 74
32754 8738 11 80 74
32755 8739 11 81 74
32756 8740 11 82 74
32757 8741 11 83 74
32759 8742 11 84 74
32760 8743 11 85 74
32761 8744 11 86 74
32763 8745 11 87 74
32764 8746 11 88 74
32765 8747 11 89 74
32766 8748 11 90 74
32767 8749 11 91 74
32768 8750 11 92 74
32769 8751 11 93 74
32771 8752 11 94 74
32772 8753 11 95 74
32773 8754 11 96 74
32774 8755 11 97 74
32775 8756 11 98 74
32779 8757 11 99 74
32780 8758 11 100 74
32781 8759 11 101 74
32782 8760 11 102 74
32783 8761 11 103 74
32784 8762 11 104 74
32785 8763 11 105 74
32786 8764 11 106 74
32788 8765 11 107 74
32789 8766 11 108 74
32790 8767 11 109 74
32791 8768 11 110 74
32792 8769 11 111 74
32793 8770 11 112 74
32795 8771 11 113 74
32796 8772 11 114 74
32798 8773 11 115 74
32799 8774 11 116 74
32801 8775 11 0 75
32804 8776 11 1 75
32806 8777 11 2 75
32808 8778 11 3 75
32809 8779 11 4 75
32810 8780 11 5 75
32812 8781 11 6 75
32816 8782 11 7 75
32819 8783 11 8 75
32820 8784 11 9 75
32821 8785 11 10 75
32822 8786 11 11 75
32823 8787 11 12 75
32825 8788 11 13 75
32829 8789 11 14 75
32830 8790 11 15 75
32831 8791 11 16 75
32835 8792 11 17 75
32838 8793 11 18 75
32839 8794 11 19 75
32840 8795 11 20 75
32842 8796 11 21 75
32847 8797 11 22 75
32848 8798 11 23 75
32849 8799 11 24 75
32850 8800 11 25 75
32854 8801 11 26 75
32856 8802 11 27 75
32858 8803 11 28 75
32860 8804 11 29 75
32861 8805 11 30 75
32862 8806 11 31 75
32868 8807 11 32 75
32871 8808 11 33 75
32876 8809 11 34 75
32879 8810 11 35 75
32880 8811 11 36 75
32881 8812 11 37 75
32882 8813 11 38 75
32883 8814 11 39 75
32885 8815 11 40 75
32886 8816 11 41 75
32887 8817 11 42 75
32888 8818 11 43 75
32889 8819 11 44 75
32893 8820 11 45 75
32894 8821 11 46 75
32895 8822 11 47 75
32898 8823 11 48 75
32900 8824 11 49 75
32901 8825 11 50 75
32902 8826 11 51 75
32903 8827 11 52 75
32905 8828 11 53 75
32906 8829 11 54 75
32907 8830 11 55 75
32908 8831 11 56 75
32911 8832 11 57 75
32912 8833 11 58 75
32914 8834 11 59 75
32915 8835 11 60 75
32917 8836 11 61 75
32918 8837 11 62 75
32920 8838 11 63 75
32921 8839 11 64 75
32922 8840 11 65 75
32923 8841 11 66 75
32924 8842 11 67 75
32925 8843 11 68 75
32929 8844 11 69 75
32930 8845 11 70 75
32931 8846 11 71 75
32933 8847 11 72 75
32937 8848 11 73 75
32938 8849 11 74 75
32939 8850 11 75 75
32941 8851 11 76 75
32942 8852 11 77 75
32943 8853 11 78 75
32945 8854 11 79 75
32946 8855 11 80 75
32948 8856 11 81 75
32949 8857 11 82 75
32952 8858 11 83 75
32954 8859 11 84 75
32962 8860 11 85 75
32963 8861 11 86 75
32964 8862 11 87 75
32965 8863 11 88 75
32967 8864 11 89 75
32968 8865 11 90 75
32969 8866 11 91 75
32970 8867 11 92 75
32972 8868 11 93 75
32973 8869 11 94 75
32974 8870 11 95 75
32975 8871 11 96 75
32976 8872 11 97 75
32977 8873 11 98 75
32980 8874 11 99 75
32981 8875 11 100 75
32982 8876 11 101 75
32983 8877 11 102 75
32984 8878 11 103 75
32985 8879 11 104 75
32986 8880 11 105 75
32987 8881 11 106 75
32988 8882 11 107 75
32989 8883 11 108 75
32990 8884 11 109 75
32992 8885 11 110 75
32993 8886 11 111 75
32995 8887 11 112 75
32996 8888 11 113 75
32997 8889 11 114 75
32998 8890 11 115 75
33005 8891 11 116 75
33007 8892 11 0 76
33008 8893 11 1 76
33009 8894 11 2 76
33010 8895 11 3 76
33011 8896 11 4 76
33012 8897 11 5 76
33013 8898 11 6 76
33016 8899 11 7 76
33017 8900 11 8 76
33018 8901 11 9 76
33019 8902 11 10 76
33020 8903 11 11 76
33021 8904 11 12 76
33022 8905 11 13 76
33024 8906 11 14 76
33025 8907 11 15 76
33026 8908 11 16 76
33029 8909 11 17 76
33030 8910 11 18 76
33032 8911 11 19 76
33034 8912 11 20 76
33045 8913 11 21 76
33046 8914 11 22 76
33048 8915 11 23 76
33049 8916 11 24 76
33051 8917 11 25 76
33053 8918 11 26 76
33054 8919 11 27 76
33055 8920 11 28 76
33057 8921 11 29 76
33058 8922 11 30 76
33059 8923 11 31 76
33060 8924 11 32 76
33061 8925 11 33 76
33063 8926 11 34 76
33065 8927 11 35 76
33067 8928 11 36 76
33068 8929 11 37 76
33069 8930 11 38 76
33071 8931 11 39 76
33072 8932 11 40 76
33081 8933 11 41 76
33082 8934 11 42 76
33085 8935 11 43 76
33086 8936 11 44 76
33091 8937 11 45 76
33092 8938 11 46 76
33094 8939 11 47 76
33095 8940 11 48 76
33098 8941 11 49 76
33099 8942 11 50 76
33100 8943 11 51 76
33101 8944 11 52 76
33102 8945 11 53 76
33103 8946 11 54 76
33104 8947 11 55 76
33105 8948 11 56 76
33106 8949 11 57 76
33107 8950 11 58 76
33108 8951 11 59 76
33109 8952 11 60 76
33115 8953 11 61 76
33116 8954 11 62 76
33118 8955 11 63 76
33120 8956 11 64 76
33121 8957 11 65 76
33122 8958 11 66 76
33124 8959 11 67 76
33125 8960 11 68 76
33126 8961 11 69 76
33127 8962 11 70 76
33129 8963 11 71 76
33131 8964 11 72 76
33134 8965 11 73 76
33135 8966 11 74 76
33136 8967 11 75 76
33137 8968 11 76 76
33138 8969 11 77 76
33139 8970 11 78 76
33140 8971 11 79 76
33142 8972 11 80 76
33143 8973 11 81 76
33144 8974 11 82 76
33145 8975 11 83 76
33146 8976 11 84 76
33151 8977 11 85 76
33152 8978 11 86 76
33154 8979 11 87 76
33155 8980 11 88 76
33158 8981 11 89 76
33159 8982 11 90 76
33160 8983 11 91 76
33161 8984 11 92 76
33162 8985 11 93 76
33163 8986 11 94 76
33164 8987 11 95 76
33165 8988 11 96 76
33167 8989 11 97 76
33173 8990 11 98 76
33175 8991 11 99 76
33176 8992 11 100 76
33177 8993 11 101 76
33178 8994 11 102 76
33179 8995 11 103 76
33180 8996 11 104 76
33181 8997 11 105 76
33182 8998 11 106 76
33183 8999 11 107 76
33184 9000 11 108 76
33186 9001 11 109 76
33187 9002 11 110 76
33190 9003 11 111 76
33191 9004 11 112 76
33192 9005 11 113 76
33193 9006 11 114 76
33195 9007 11 115 76
33196 9008 11 116 76
33198 9009 11 0 77
33200 9010 11 1 77
33201 9011 11 2 77
33202 9012 11 3 77
33203 9013 11 4 77
33204 9014 11 5 77
33205 9015 11 6 77
33207 9016 11 7 77
33209 9017 11 8 77
33210 9018 11 9 77
33211 9019 11 10 77
33212 9020 11 11 77
33213 9021 11 12 77
33214 9022 11 13 77
33215 9023 11 14 77
33216 9024 11 15 77
33218 9025 11 16 77
33219 9026 11 17 77
33220 9027 11 18 77
33221 9028 11 19 77
33222 9029 11 20 77
33223 9030 11 21 77
33225 9031 11 22 77
33226 9032 11 23 77
33228 9033 11 24 77
33229 9034 11 25 77
33231 9035 11 26 77
33232 9036 11 27 77
33233 9037 11 28 77
33234 9038 11 29 77
33237 9039 11 30 77
33239 9040 11 31 77
33240 9041 11 32 77
33241 9042 11 33 77
33242 9043 11 34 77
33243 9044 11 35 77
33245 9045 11 36 77
33246 9046 11 37 77
33247 9047 11 38 77
33248 9048 11 39 77
33249 9049 11 40 77
33250 9050 11 41 77
33251 9051 11 42 77
33253 9052 11 43 77
33254 9053 11 44 77
33255 9054 11 45 77
33256 9055 11 46 77
33257 9056 11 47 77
33258 9057 11 48 77
33260 9058 11 49 77
33261 9059 11 50 77
33262 9060 11 51 77
33266 9061 11 52 77
33267 9062 11 53 77
33268 9063 11 54 77
33271 9064 11 55 77
33272 9065 11 56 77
33273 9066 11 57 77
33274 9067 11 58 77
33275 9068 11 59 77
33276 9069 11 60 77
33278 9070 11 61 77
33279 9071 11 62 77
33280 9072 11 63 77
33281 9073 11 64 77
33282 9074 11 65 77
33284 9075 11 66 77
33285 9076 11 67 77
33287 9077 11 68 77
33288 9078 11 69 77
33289 9079 11 70 77
33290 9080 11 71 77
33291 9081 11 72 77
33292 9082 11 73 77
33293 9083 11 74 77
33296 9084 11 75 77
33297 9085 11 76 77
33298 9086 11 77 77
33300 9087 11 78 77
33301 9088 11 79 77
33302 9089 11 80 77
33307 9090 11 81 77
33308 9091 11 82 77
33309 9092 11 83 77
33310 9093 11 84 77
33311 9094 11 85 77
33312 9095 11 86 77
33313 9096 11 87 77
33314 9097 11 88 77
33317 9098 11 89 77
33320 9099 11 90 77
33322 9100 11 91 77
33323 9101 11 92 77
33324 9102 11 93 77
33327 9103 11 94 77
33330 9104 11 95 77
33331 9105 11 96 77
33332 9106 11 97 77
33333 9107 11 98 77
33334 9108 11 99 77
33335 9109 11 100 77
33336 9110 11 101 77
33337 9111 11 102 77
33338 9112 11 103 77
33340 9113 11 104 77
33341 9114 11 105 77
33343 9115 11 106 77
33344 9116 11 107 77
33346 9117 11 108 77
33348 9118 11 109 77
33349 9119 11 110 77
33351 9120 11 111 77
33353 9121 11 112 77
33355 9122 11 113 77
33358 9123 11 114 77
33359 9124 11 115 77
33360 9125 11 116 77
33361 9126 11 0 78
33362 9127 11 1 78
33363 9128 11 2 78
33365 9129 11 3 78
33366 9130 11 4 78
33367 9131 11 5 78
33368 9132 11 6 78
33369 9133 11 7 78
33370 9134 11 8 78
33371 9135 11 9 78
33372 9136 11 10 78
33374 9137 11 11 78
33375 9138 11 12 78
33377 9139 11 13 78
33379 9140 11 14 78
33380 9141 11 15 78
33382 9142 11 16 78
33384 9143 11 17 78
33385 9144 11 18 78
33387 9145 11 19 78
33388 9146 11 20 78
33389 9147 11 21 78
33390 9148 11 22 78
33391 9149 11 23 78
33393 9150 11 24 78
33394 9151 11 25 78
33396 9152 11 26 78
33397 9153 11 27 78
33399 9154 11 28 78
33400 9155 11 29 78
33404 9156 11 30 78
33405 9157 11 31 78
33406 9158 11 32 78
33407 9159 11 33 78
33408 9160 11 34 78
33411 9161 11 35 78
33412 9162 11 36 78
33413 9163 11 37 78
33418 9164 11 38 78
33419 9165 11 39 78
33421 9166 11 40 78
33422 9167 11 41 78
33423 9168 11 42 78
33424 9169 11 43 78
33425 9170 11 44 78
33426 9171 11 45 78
33427 9172 11 46 78
33428 9173 11 47 78
33432 9174 11 48 78
33433 9175 11 49 78
33434 9176 11 50 78
33435 9177 11 51 78
33437 9178 11 52 78
33438 9179 11 53 78
33439 9180 11 54 78
33440 9181 11 55 78
33441 9182 11 56 78
33442 9183 11 57 78
33443 9184 11 58 78
33444 9185 11 59 78
33445 9186 11 60 78
33447 9187 11 61 78
33448 9188 11 62 78
33449 9189 11 63 78
33451 9190 11 64 78
33452 9191 11 65 78
33453 9192 11 66 78
33454 9193 11 67 78
33455 9194 11 68 78
33456 9195 11 69 78
33457 9196 11 70 78
33459 9197 11 71 78
33460 9198 11 72 78
33461 9199 11 73 78
33462 9200 11 74 78
33463 9201 11 75 78
33464 9202 11 76 78
33465 9203 11 77 78
33466 9204 11 78 78
33467 9205 11 79 78
33468 9206 11 80 78
33469 9207 11 81 78
33470 9208 11 82 78
33472 9209 11 83 78
33474 9210 11 84 78
33475 9211 11 85 78
33489 9212 11 86 78
33490 9213 11 87 78
33491 9214 11 88 78
33492 9215 11 89 78
33493 9216 11 90 78
33494 9217 11 91 78
33495 9218 11 92 78
33497 9219 11 93 78
33499 9220 11 94 78
33500 9221 11 95 78
33502 9222 11 96 78
33503 9223 11 97 78
33504 9224 11 98 78
33505 9225 11 99 78
33507 9226 11 100 78
33508 9227 11 101 78
33509 9228 11 102 78
33510 9229 11 103 78
33511 9230 11 104 78
33512 9231 11 105 78
33514 9232 11 106 78
33515 9233 11 107 78
33516 9234 11 108 78
33517 9235 11 109 78
33519 9236 11 110 78
33520 9237 11 111 78
33521 9238 11 112 78
33522 9239 11 113 78
33523 9240 11 114 78
33524 9241 11 115 78
33525 9242 11 116 78
33526 9243 11 0 79
33529 9244 11 1 79
33530 9245 11 2 79
33531 9246 11 3 79
33534 9247 11 4 79
33536 9248 11 5 79
33537 9249 11 6 79
33538 9250 11 7 79
33539 9251 11 8 79
33540 9252 11 9 79
33541 9253 11 10 79
33542 9254 11 11 79
33543 9255 11 12 79
33544 9256 11 13 79
33545 9257 11 14 79
33548 9258 11 15 79
33549 9259 11 16 79
33558 9260 11 17 79
33559 9261 11 18 79
33561 9262 11 19 79
33563 9263 11 20 79
33564 9264 11 21 79
33566 9265 11 22 79
33568 9266 11 23 79
33570 9267 11 24 79
33572 9268 11 25 79
33573 9269 11 26 79
33574 9270 11 27 79
33575 9271 11 28 79
33576 9272 11 29 79
33577 9273 11 30 79
33578 9274 11 31 79
33579 9275 11 32 79
33580 9276 11 33 79
33581 9277 11 34 79
33583 9278 11 35 79
33585 9279 11 36 79
33586 9280 11 37 79
33587 9281 11 38 79
33588 9282 11 39 79
33589 9283 11 40 79
33590 9284 11 41 79
33591 9285 11 42 79
33592 9286 11 43 79
33593 9287 11 44 79
33594 9288 11 45 79
33595 9289 11 46 79
33596 9290 11 47 79
33599 9291 11 48 79
33600 9292 11 49 79
33601 9293 11 50 79
33602 9294 11 51 79
33603 9295 11 52 79
33604 9296 11 53 79
33605 9297 11 54 79
33607 9298 11 55 79
33608 9299 11 56 79
33609 9300 11 57 79
33610 9301 11 58 79
33611 9302 11 59 79
33612 9303 11 60 79
33613 9304 11 61 79
33614 9305 11 62 79
33615 9306 11 63 79
33616 9307 11 64 79
33617 9308 11 65 79
33618 9309 11 66 79
33619 9310 11 67 79
33620 9311 11 68 79
33622 9312 11 69 79
33651 9313 11 70 79
33652 9314 11 71 79
33653 9315 11 72 79
33654 9316 11 73 79
33655 9317 11 74 79
33656 9318 11 75 79
33658 9319 11 76 79
33659 9320 11 77 79
33660 9321 11 78 79
33661 9322 11 79 79
33662 9323 11 80 79
33663 9324 11 81 79
33665 9325 11 82 79
33667 9326 11 83 79
33670 9327 11 84 79
33671 9328 11 85 79
33672 9329 11 86 79
33673 9330 11 87 79
33674 9331 11 88 79
33675 9332 11 89 79
33676 9333 11 90 79
33677 9334 11 91 79
33678 9335 11 92 79
33679 9336 11 93 79
33680 9337 11 94 79
33682 9338 11 95 79
33683 9339 11 96 79
33684 9340 11 97 79
33685 9341 11 98 79
33686 9342 11 99 79
33687 9343 11 100 79
33688 9344 11 101 79
33689 9345 11 102 79
33690 9346 11 103 79
33691 9347 11 104 79
33693 9348 11 105 79
33694 9349 11 106 79
33696 9350 11 107 79
33698 9351 11 108 79
33699 9352 11 109 79
33700 9353 11 110 79
33701 9354 11 111 79
33702 9355 11 112 79
33703 9356 11 113 79
33704 9357 11 114 79
33705 9358 11 115 79
33706 9359 11 116 79
33707 9360 11 0 80
33710 9361 11 1 80
33711 9362 11 2 80
33712 9363 11 3 80
33725 9364 11 4 80
33727 9365 11 5 80
33728 9366 11 6 80
33729 9367 11 7 80
33730 9368 11 8 80
33731 9369 11 9 80
33732 9370 11 10 80
33733 9371 11 11 80
33734 9372 11 12 80
33735 9373 11 13 80
33736 9374 11 14 80
33737 9375 11 15 80
33738 9376 11 16 80
33739 9377 11 17 80
33740 9378 11 18 80
33742 9379 11 19 80
33743 9380 11 20 80
33745 9381 11 21 80
33748 9382 11 22 80
33749 9383 11 23 80
33750 9384 11 24 80
33751 9385 11 25 80
33752 9386 11 26 80
33753 9387 11 27 80
33755 9388 11 28 80
33756 9389 11 29 80
33757 9390 11 30 80
33758 9391 11 31 80
33759 9392 11 32 80
33760 9393 11 33 80
33761 9394 11 34 80
33762 9395 11 35 80
33763 9396 11 36 80
33764 9397 11 37 80
33765 9398 11 38 80
33767 9399 11 39 80
33768 9400 11 40 80
33769 9401 11 41 80
33770 9402 11 42 80
33771 9403 11 43 80
33772 9404 11 44 80
33774 9405 11 45 80
33775 9406 11 46 80
33776 9407 11 47 80
33777 9408 11 48 80
33778 9409 11 49 80
33779 9410 11 50 80
33780 9411 11 51 80
33781 9412 11 52 80
33782 9413 11 53 80
33784 9414 11 54 80
33785 9415 11 55 80
33786 9416 11 56 80
33787 9417 11 57 80
33788 9418 11 58 80
33789 9419 11 59 80
33790 9420 11 60 80
33791 9421 11 61 80
33793 9422 11 62 80
33795 9423 11 63 80
33796 9424 11 64 80
33798 9425 11 65 80
33799 9426 11 66 80
33801 9427 11 67 80
33802 9428 11 68 80
33803 9429 11 69 80
33804 9430 11 70 80
33805 9431 11 71 80
33806 9432 11 72 80
33807 9433 11 73 80
33808 9434 11 74 80
33809 9435 11 75 80
33810 9436 11 76 80
33811 9437 11 77 80
33819 9438 11 78 80
33827 9439 11 79 80
33833 9440 11 80 80
33835 9441 11 81 80
33836 9442 11 82 80
33837 9443 11 83 80
33839 9444 11 84 80
33840 9445 11 85 80
33841 9446 11 86 80
33842 9447 11 87 80
33843 9448 11 88 80
33844 9449 11 89 80
33845 9450 11 90 80
33846 9451 11 91 80
33847 9452 11 92 80
33848 9453 11 93 80
33849 9454 11 94 80
33850 9455 11 95 80
33851 9456 11 96 80
33852 9457 11 97 80
33853 9458 11 98 80
33855 9459 11 99 80
33856 9460 11 100 80
33858 9461 11 101 80
33859 9462 11 102 80
33860 9463 11 103 80
33861 9464 11 104 80
33862 9465 11 105 80
33863 9466 11 106 80
33865 9467 11 107 80
33867 9468 11 108 80
33868 9469 11 109 80
33869 9470 11 110 80
33870 9471 11 111 80
33872 9472 11 112 80
33873 9473 11 113 80
33874 9474 11 114 80
33876 9475 11 115 80
33878 9476 11 116 80
33879 9477 11 0 81
33881 9478 11 1 81
33882 9479 11 2 81
33883 9480 11 3 81
33885 9481 11 4 81
33886 9482 11 5 81
33887 9483 11 6 81
33888 9484 11 7 81
33889 9485 11 8 81
33891 9486 11 9 81
33893 9487 11 10 81
33894 9488 11 11 81
33895 9489 11 12 81
33896 9490 11 13 81
33897 9491 11 14 81
33899 9492 11 15 81
33900 9493 11 16 81
33901 9494 11 17 81
33902 9495 11 18 81
33903 9496 11 19 81
33904 9497 11 20 81
33907 9498 11 21 81
33908 9499 11 22 81
33909 9500 11 23 81
33910 9501 11 24 81
33911 9502 11 25 81
33912 9503 11 26 81
33913 9504 11 27 81
33914 9505 11 28 81
33917 9506 11 29 81
33918 9507 11 30 81
33922 9508 11 31 81
33926 9509 11 32 81
33933 9510 11 33 81
33934 9511 11 34 81
33935 9512 11 35 81
33936 9513 11 36 81
33937 9514 11 37 81
33940 9515 11 38 81
33943 9516 11 39 81
33944 9517 11 40 81
33945 9518 11 41 81
33946 9519 11 42 81
33947 9520 11 43 81
33948 9521 11 44 81
33949 9522 11 45 81
33950 9523 11 46 81
33951 9524 11 47 81
33952 9525 11 48 81
33953 9526 11 49 81
33954 9527 11 50 81
33956 9528 11 51 81
33959 9529 11 52 81
33960 9530 11 53 81
33961 9531 11 54 81
33962 9532 11 55 81
33963 9533 11 56 81
33964 9534 11 57 81
33966 9535 11 58 81
33967 9536 11 59 81
33968 9537 11 60 81
33969 9538 11 61 81
33970 9539 11 62 81
33972 9540 11 63 81
33974 9541 11 64 81
33976 9542 11 65 81
33977 9543 11 66 81
33978 9544 11 67 81
33979 9545 11 68 81
33980 9546 11 69 81
33983 9547 11 70 81
33984 9548 11 71 81
33985 9549 11 72 81
33986 9550 11 73 81
33988 9551 11 74 81
33989 9552 11 75 81
33990 9553 11 76 81
33991 9554 11 77 81
33993 9555 11 78 81
33994 9556 11 79 81
33995 9557 11 80 81
33996 9558 11 81 81
33997 9559 11 82 81
33998 9560 11 83 81
33999 9561 11 84 81
34000 9562 11 85 81
34001 9563 11 86 81
34002 9564 11 87 81
34003 9565 11 88 81
34004 9566 11 89 81
34006 9567 11 90 81
34007 9568 11 91 81
34011 9569 11 92 81
34023 9570 11 93 81
34024 9571 11 94 81
34025 9572 11 95 81
34026 9573 11 96 81
34027 9574 11 97 81
34028 9575 11 98 81
34030 9576 11 99 81
34031 9577 11 100 81
34032 9578 11 101 81
34033 9579 11 102 81
34034 9580 11 103 81
34035 9581 11 104 81
34036 9582 11 105 81
34038 9583 11 106 81
34039 9584 11 107 81
34041 9585 11 108 81
34042 9586 11 109 81
34043 9587 11 110 81
34044 9588 11 111 81
34045 9589 11 112 81
34046 9590 11 113 81
34047 9591 11 114 81
34048 9592 11 115 81
34050 9593 11 116 81
34054 9594 11 0 82
34055 9595 11 1 82
34056 9596 11 2 82
34057 9597 11 3 82
34058 9598 11 4 82
34059 9599 11 5 82
34060 9600 11 6 82
34061 9601 11 7 82
34062 9602 11 8 82
34063 9603 11 9 82
34065 9604 11 10 82
34066 9605 11 11 82
34067 9606 11 12 82
34068 9607 11 13 82
34069 9608 11 14 82
34070 9609 11 15 82
34071 9610 11 16 82
34072 9611 11 17 82
34073 9612 11 18 82
34074 9613 11 19 82
34076 9614 11 20 82
34077 9615 11 21 82
34078 9616 11 22 82
34079 9617 11 23 82
34080 9618 11 24 82
34081 9619 11 25 82
34083 9620 11 26 82
34084 9621 11 27 82
34085 9622 11 28 82
34086 9623 11 29 82
34087 9624 11 30 82
34088 9625 11 31 82
34089 9626 11 32 82
34090 9627 11 33 82
34091 9628 11 34 82
34092 9629 11 35 82
34093 9630 11 36 82
34094 9631 11 37 82
34095 9632 11 38 82
34096 9633 11 39 82
34097 9634 11 40 82
34107 9635 11 41 82
34109 9636 11 42 82
34110 9637 11 43 82
34112 9638 11 44 82
34113 9639 11 45 82
34115 9640 11 46 82
34116 9641 11 47 82
34117 9642 11 48 82
34118 9643 11 49 82
34119 9644 11 50 82
34120 9645 11 51 82
34121 9646 11 52 82
34122 9647 11 53 82
34125 9648 11 54 82
34126 9649 11 55 82
34129 9650 11 56 82
34131 9651 11 57 82
34132 9652 11 58 82
34133 9653 11 59 82
34134 9654 11 60 82
34135 9655 11 61 82
34136 9656 11 62 82
34137 9657 11 63 82
34139 9658 11 64 82
34141 9659 11 65 82
34142 9660 11 66 82
34144 9661 11 67 82
34145 9662 11 68 82
34146 9663 11 69 82
34147 9664 11 70 82
34148 9665 11 71 82
34149 9666 11 72 82
34150 9667 11 73 82
34151 9668 11 74 82
34152 9669 11 75 82
34153 9670 11 76 82
34154 9671 11 77 82
34155 9672 11 78 82
34156 9673 11 79 82
34157 9674 11 80 82
34158 9675 11 81 82
34161 9676 11 82 82
34165 9677 11 83 82
34166 9678 11 84 82
34167 9679 11 85 82
34168 9680 11 86 82
34169 9681 11 87 82
34170 9682 11 88 82
34171 9683 11 89 82
34172 9684 11 90 82
34174 9685 11 91 82
34176 9686 11 92 82
34177 9687 11 93 82
34178 9688 11 94 82
34179 9689 11 95 82
34180 9690 11 96 82
34181 9691 11 97 82
34182 9692 11 98 82
34183 9693 11 99 82
34184 9694 11 100 82
34185 9695 11 101 82
34186 9696 11 102 82
34187 9697 11 103 82
34188 9698 11 104 82
34189 9699 11 105 82
34190 9700 11 106 82
34191 9701 11 107 82
34192 9702 11 108 82
34193 9703 11 109 82
34196 9704 11 110 82
34197 9705 11 111 82
34198 9706 11 112 82
34200 9707 11 113 82
34201 9708 11 114 82
34202 9709 11 115 82
34203 9710 11 116 82
34204 9711 11 0 83
34205 9712 11 1 83
34206 9713 11 2 83
34207 9714 11 3 83
34208 9715 11 4 83
34209 9716 11 5 83
34210 9717 11 6 83
34211 9718 11 7 83
34212 9719 11 8 83
34214 9720 11 9 83
34215 9721 11 10 83
34216 9722 11 11 83
34217 9723 11 12 83
34218 9724 11 13 83
34223 9725 11 14 83
34224 9726 11 15 83
34225 9727 11 16 83
34227 9728 11 17 83
34228 9729 11 18 83
34229 9730 11 19 83
34230 9731 11 20 83
34231 9732 11 21 83
34232 9733 11 22 83
34233 9734 11 23 83
34234 9735 11 24 83
34237 9736 11 25 83
34238 9737 11 26 83
34239 9738 11 27 83
34240 9739 11 28 83
34242 9740 11 29 83
34243 9741 11 30 83
34244 9742 11 31 83
34245 9743 11 32 83
34246 9744 11 33 83
34247 9745 11 34 83
34248 9746 11 35 83
34249 9747 11 36 83
34251 9748 11 37 83
34253 9749 11 38 83
34254 9750 11 39 83
34255 9751 11 40 83
34256 9752 11 41 83
34257 9753 11 42 83
34258 9754 11 43 83
34261 9755 11 44 83
34263 9756 11 45 83
34264 9757 11 46 83
34265 9758 11 47 83
34266 9759 11 48 83
34268 9760 11 49 83
34269 9761 11 50 83
34270 9762 11 51 83
34271 9763 11 52 83
34273 9764 11 53 83
34274 9765 11 54 83
34275 9766 11 55 83
34276 9767 11 56 83
34277 9768 11 57 83
34278 9769 11 58 83
34280 9770 11 59 83
34281 9771 11 60 83
34282 9772 11 61 83
34283 9773 11 62 83
34284 9774 11 63 83
34285 9775 11 64 83
34287 9776 11 65 83
34288 9777 11 66 83
34289 9778 11 67 83
34290 9779 11 68 83
34294 9780 11 69 83
34295 9781 11 70 83
34296 9782 11 71 83
34297 9783 11 72 83
34298 9784 11 73 83
34299 9785 11 74 83
34301 9786 11 75 83
34302 9787 11 76 83
34303 9788 11 77 83
34304 9789 11 78 83
34305 9790 11 79 83
34308 9791 11 80 83
34309 9792 11 81 83
34310 9793 11 82 83
34311 9794 11 83 83
34313 9795 11 84 83
34314 9796 11 85 83
34315 9797 11 86 83
34316 9798 11 87 83
34321 9799 11 88 83
34327 9800 11 89 83
34328 9801 11 90 83
34329 9802 11 91 83
34330 9803 11 92 83
34331 9804 11 93 83
34332 9805 11 94 83
34334 9806 11 95 83
34335 9807 11 96 83
34336 9808 11 97 83
34337 9809 11 98 83
34338 9810 11 99 83
34339 9811 11 100 83
34340 9812 11 101 83
34341 9813 11 102 83
34342 9814 11 103 83
34343 9815 11 104 83
34345 9816 11 105 83
34346 9817 11 106 83
34348 9818 11 107 83
34349 9819 11 108 83
34350 9820 11 109 83
34353 9821 11 110 83
34354 9822 11 111 83
34355 9823 11 112 83
34356 9824 11 113 83
34357 9825 11 114 83
34358 9826 11 115 83
34360 9827 11 116 83
34361 9828 11 0 84
34362 9829 11 1 84
34363 9830 11 2 84
34364 9831 11 3 84
34366 9832 11 4 84
34367 9833 11 5 84
34368 9834 11 6 84
34371 9835 11 7 84
34374 9836 11 8 84
34375 9837 11 9 84
34376 9838 11 10 84
34379 9839 11 11 84
34380 9840 11 12 84
34381 9841 11 13 84
34382 9842 11 14 84
34384 9843 11 15 84
34386 9844 11 16 84
34387 9845 11 17 84
34388 9846 11 18 84
34389 9847 11 19 84
34390 9848 11 20 84
34393 9849 11 21 84
34395 9850 11 22 84
34396 9851 11 23 84
34398 9852 11 24 84
34399 9853 11 25 84
34401 9854 11 26 84
34402 9855 11 27 84
34403 9856 11 28 84
34404 9857 11 29 84
34405 9858 11 30 84
34407 9859 11 31 84
34408 9860 11 32 84
34409 9861 11 33 84
34410 9862 11 34 84
34411 9863 11 35 84
34413 9864 11 36 84
34414 9865 11 37 84
34415 9866 11 38 84
34416 9867 11 39 84
34417 9868 11 40 84
34419 9869 11 41 84
34420 9870 11 42 84
34423 9871 11 43 84
34425 9872 11 44 84
34426 9873 11 45 84
34427 9874 11 46 84
34428 9875 11 47 84
34437 9876 11 48 84
34438 9877 11 49 84
34439 9878 11 50 84
34442 9879 11 51 84
34443 9880 11 52 84
34444 9881 11 53 84
34445 9882 11 54 84
34446 9883 11 55 84
34448 9884 11 56 84
34449 9885 11 57 84
34451 9886 11 58 84
34452 9887 11 59 84
34453 9888 11 60 84
34454 9889 11 61 84
34455 9890 11 62 84
34456 9891 11 63 84
34457 9892 11 64 84
34458 9893 11 65 84
34460 9894 11 66 84
34461 9895 11 67 84
34462 9896 11 68 84
34465 9897 11 69 84
34466 9898 11 70 84
34467 9899 11 71 84
34468 9900 11 72 84
34469 9901 11 73 84
34471 9902 11 74 84
34472 9903 11 75 84
34473 9904 11 76 84
34474 9905 11 77 84
34479 9906 11 78 84
34480 9907 11 79 84
34481 9908 11 80 84
34483 9909 11 81 84
34484 9910 11 82 84
34485 9911 11 83 84
34486 9912 11 84 84
34487 9913 11 85 84
34488 9914 11 86 84
34489 9915 11 87 84
34490 9916 11 88 84
34491 9917 11 89 84
34492 9918 11 90 84
34493 9919 11 91 84
34494 9920 11 92 84
34495 9921 11 93 84
34496 9922 11 94 84
34497 9923 11 95 84
34498 9924 11 96 84
34499 9925 11 97 84
34500 9926 11 98 84
34501 9927 11 99 84
34502 9928 11 100 84
34503 9929 11 101 84
34504 9930 11 102 84
34505 9931 11 103 84
34507 9932 11 104 84
34508 9933 11 105 84
34512 9934 11 106 84
34513 9935 11 107 84
34515 9936 11 108 84
34516 9937 11 109 84
34518 9938 11 110 84
34519 9939 11 111 84
34520 9940 11 112 84
34521 9941 11 113 84
34522 9942 11 114 84
34523 9943 11 115 84
34524 9944 11 116 84
34525 9945 11 0 85
34526 9946 11 1 85
34527 9947 11 2 85
34530 9948 11 3 85
34531 9949 11 4 85
34532 9950 11 5 85
34534 9951 11 6 85
34536 9952 11 7 85
34537 9953 11 8 85
34538 9954 11 9 85
34539 9955 11 10 85
34540 9956 11 11 85
34541 9957 11 12 85
34549 9958 11 13 85
34550 9959 11 14 85
34551 9960 11 15 85
34552 9961 11 16 85
34553 9962 11 17 85
34554 9963 11 18 85
34555 9964 11 19 85
34558 9965 11 20 85
34560 9966 11 21 85
34561 9967 11 22 85
34562 9968 11 23 85
34563 9969 11 24 85
34564 9970 11 25 85
34565 9971 11 26 85
34566 9972 11 27 85
34567 9973 11 28 85
34568 9974 11 29 85
34569 9975 11 30 85
34570 9976 11 31 85
34571 9977 11 32 85
34572 9978 11 33 85
34573 9979 11 34 85
34574 9980 11 35 85
34577 9981 11 36 85
34578 9982 11 37 85
34579 9983 11 38 85
34584 9984 11 39 85
34585 9985 11 40 85
34586 9986 11 41 85
34587 9987 11 42 85
34588 9988 11 43 85
34590 9989 11 44 85
34592 9990 11 45 85
34593 9991 11 46 85
34594 9992 11 47 85
34595 9993 11 48 85
34596 9994 11 49 85
34597 9995 11 50 85
34598 9996 11 51 85
34599 9997 11 52 85
34600 9998 11 53 85
34601 9999 11 54 85
34602 10000 11 55 85
34604 10001 11 56 85
34605 10002 11 57 85
34606 10003 11 58 85
34608 10004 11 59 85
34609 10005 11 60 85
34610 10006 11 61 85
34611 10007 11 62 85
34612 10008 11 63 85
34613 10009 11 64 85
34615 10010 11 65 85
34616 10011 11 66 85
34618 10012 11 67 85
34619 10013 11 68 85
34620 10014 11 69 85
34622 10015 11 70 85
34623 10016 11 71 85
34624 10017 11 72 85
34625 10018 11 73 85
34626 10019 11 74 85
34627 10020 11 75 85
34630 10021 11 76 85
34636 10022 11 77 85
34637 10023 11 78 85
34638 10024 11 79 85
34639 10025 11 80 85
34640 10026 11 81 85
34641 10027 11 82 85
34642 10028 11 83 85
34643 10029 11 84 85
34644 10030 11 85 85
34645 10031 11 86 85
34646 10032 11 87 85
34647 10033 11 88 85
34648 10034 11 89 85
34649 10035 11 90 85
34650 10036 11 91 85
34651 10037 11 92 85
34652 10038 11 93 85
34653 10039 11 94 85
34654 10040 11 95 85
34655 10041 11 96 85
34656 10042 11 97 85
34657 10043 11 98 85
34658 10044 11 99 85
34659 10045 11 100 85
34660 10046 11 101 85
34661 10047 11 102 85
34662 10048 11 103 85
34663 10049 11 104 85
34664 10050 11 105 85
34665 10051 11 106 85
34666 10052 11 107 85
34667 10053 11 108 85
34668 10054 11 109 85
34669 10055 11 110 85
34670 10056 11 111 85
34671 10057 11 112 85
34675 10058 11 113 85
34676 10059 11 114 85
34677 10060 11 115 85
34678 10061 11 116 85
34679 10062 11 0 86
34680 10063 11 1 86
34681 10064 11 2 86
34682 10065 11 3 86
34683 10066 11 4 86
34689 10067 11 5 86
34690 10068 11 6 86
34691 10069 11 7 86
34692 10070 11 8 86
34693 10071 11 9 86
34695 10072 11 10 86
34696 10073 11 11 86
34697 10074 11 12 86
34701 10075 11 13 86
34703 10076 11 14 86
34704 10077 11 15 86
34705 10078 11 16 86
34706 10079 11 17 86
34707 10080 11 18 86
34708 10081 11 19 86
34710 10082 11 20 86
34711 10083 11 21 86
34712 10084 11 22 86
34714 10085 11 23 86
34715 10086 11 24 86
34716 10087 11 25 86
34717 10088 11 26 86
34718 10089 11 27 86
34719 10090 11 28 86
34722 10091 11 29 86
34723 10092 11 30 86
34724 10093 11 31 86
34730 10094 11 32 86
34731 10095 11 33 86
34732 10096 11 34 86
34733 10097 11 35 86
34734 10098 11 36 86
34735 10099 11 37 86
34736 10100 11 38 86
34738 10101 11 39 86
34739 10102 11 40 86
34740 10103 11 41 86
34741 10104 11 42 86
34742 10105 11 43 86
34743 10106 11 44 86
34744 10107 11 45 86
34745 10108 11 46 86
34746 10109 11 47 86
34747 10110 11 48 86
34748 10111 11 49 86
34749 10112 11 50 86
34750 10113 11 51 86
34751 10114 11 52 86
34752 10115 11 53 86
34754 10116 11 54 86
34755 10117 11 55 86
34756 10118 11 56 86
34757 10119 11 57 86
34758 10120 11 58 86
34760 10121 11 59 86
34761 10122 11 60 86
34762 10123 11 61 86
34763 10124 11 62 86
34764 10125 11 63 86
34769 10126 11 64 86
34770 10127 11 65 86
34771 10128 11 66 86
34772 10129 11 67 86
34775 10130 11 68 86
34776 10131 11 69 86
34777 10132 11 70 86
34779 10133 11 71 86
34780 10134 11 72 86
34781 10135 11 73 86
34782 10136 11 74 86
34783 10137 11 75 86
34784 10138 11 76 86
34785 10139 11 77 86
34786 10140 11 78 86
34787 10141 11 79 86
34788 10142 11 80 86
34789 10143 11 81 86
34790 10144 11 82 86
34791 10145 11 83 86
34792 10146 11 84 86
34794 10147 11 85 86
34795 10148 11 86 86
34796 10149 11 87 86
34797 10150 11 88 86
34799 10151 11 89 86
34802 10152 11 90 86
34803 10153 11 91 86
34804 10154 11 92 86
34806 10155 11 93 86
34807 10156 11 94 86
34809 10157 11 95 86
34810 10158 11 96 86
34811 10159 11 97 86
34812 10160 11 98 86
34814 10161 11 99 86
34815 10162 11 100 86
34816 10163 11 101 86
34817 10164 11 102 86
34818 10165 11 103 86
34819 10166 11 104 86
34821 10167 11 105 86
34822 10168 11 106 86
34824 10169 11 107 86
34825 10170 11 108 86
34826 10171 11 109 86
34827 10172 11 110 86
34828 10173 11 111 86
34829 10174 11 112 86
34832 10175 11 113 86
34833 10176 11 114 86
34835 10177 11 115 86
34836 10178 11 116 86
34837 10179 11 0 87
34838 10180 11 1 87
34839 10181 11 2 87
34841 10182 11 3 87
34843 10183 11 4 87
34844 10184 11 5 87
34845 10185 11 6 87
34847 10186 11 7 87
34848 10187 11 8 87
34849 10188 11 9 87
34850 10189 11 10 87
34851 10190 11 11 87
34852 10191 11 12 87
34853 10192 11 13 87
34854 10193 11 14 87
34856 10194 11 15 87
34857 10195 11 16 87
34858 10196 11 17 87
34859 10197 11 18 87
34860 10198 11 19 87
34862 10199 11 20 87
34863 10200 11 21 87
34864 10201 11 22 87
34865 10202 11 23 87
34866 10203 11 24 87
34867 10204 11 25 87
34869 10205 11 26 87
34870 10206 11 27 87
34871 10207 11 28 87
34872 10208 11 29 87
34873 10209 11 30 87
34875 10210 11 31 87
34876 10211 11 32 87
34877 10212 11 33 87
34878 10213 11 34 87
34879 10214 11 35 87
34880 10215 11 36 87
34881 10216 11 37 87
34883 10217 11 38 87
34884 10218 11 39 87
34888 10219 11 40 87
34890 10220 11 41 87
34891 10221 11 42 87
34892 10222 11 43 87
34893 10223 11 44 87
34894 10224 11 45 87
34898 10225 11 46 87
34899 10226 11 47 87
34901 10227 11 48 87
34902 10228 11 49 87
34903 10229 11 50 87
34905 10230 11 51 87
34906 10231 11 52 87
34907 10232 11 53 87
34909 10233 11 54 87
34913 10234 11 55 87
34914 10235 11 56 87
34915 10236 11 57 87
34919 10237 11 58 87
34920 10238 11 59 87
34921 10239 11 60 87
34922 10240 11 61 87
34923 10241 11 62 87
34925 10242 11 63 87
34927 10243 11 64 87
34928 10244 11 65 87
34929 10245 11 66 87
34930 10246 11 67 87
34932 10247 11 68 87
34933 10248 11 69 87
34934 10249 11 70 87
34935 10250 11 71 87
34937 10251 11 72 87
34940 10252 11 73 87
34941 10253 11 74 87
34942 10254 11 75 87
34943 10255 11 76 87
34944 10256 11 77 87
34945 10257 11 78 87
34946 10258 11 79 87
34947 10259 11 80 87
34952 10260 11 81 87
34953 10261 11 82 87
34955 10262 11 83 87
34956 10263 11 84 87
34957 10264 11 85 87
34958 10265 11 86 87
34961 10266 11 87 87
34962 10267 11 88 87
34963 10268 11 89 87
34965 10269 11 90 87
34966 10270 11 91 87
34967 10271 11 92 87
34968 10272 11 93 87
34969 10273 11 94 87
34970 10274 11 95 87
34971 10275 11 96 87
34974 10276 11 97 87
34975 10277 11 98 87
34977 10278 11 99 87
34978 10279 11 100 87
34980 10280 11 101 87
34983 10281 11 102 87
34984 10282 11 103 87
34986 10283 11 104 87
34987 10284 11 105 87
34988 10285 11 106 87
34993 10286 11 107 87
34994 10287 11 108 87
34998 10288 11 109 87
34999 10289 11 110 87
35000 10290 11 111 87
35001 10291 11 112 87
35002 10292 11 113 87
35004 10293 11 114 87
35005 10294 11 115 87
35006 10295 11 116 87
35008 10296 11 0 88
35009 10297 11 1 88
35010 10298 11 2 88
35017 10299 11 3 88
35018 10300 11 4 88
35019 10301 11 5 88
35020 10302 11 6 88
35021 10303 11 7 88
35022 10304 11 8 88
35024 10305 11 9 88
35026 10306 11 10 88
35028 10307 11 11 88
35029 10308 11 12 88
35030 10309 11 13 88
35031 10310 11 14 88
35032 10311 11 15 88
35033 10312 11 16 88
35034 10313 11 17 88
35035 10314 11 18 88
35036 10315 11 19 88
35037 10316 11 20 88
35038 10317 11 21 88
35039 10318 11 22 88
35041 10319 11 23 88
35047 10320 11 24 88
35048 10321 11 25 88
35051 10322 11 26 88
35052 10323 11 27 88
35054 10324 11 28 88
35055 10325 11 29 88
35056 10326 11 30 88
35057 10327 11 31 88
35058 10328 11 32 88
35059 10329 11 33 88
35060 10330 11 34 88
35062 10331 11 35 88
35063 10332 11 36 88
35064 10333 11 37 88
35065 10334 11 38 88
35066 10335 11 39 88
35067 10336 11 40 88
35068 10337 11 41 88
35069 10338 11 42 88
35070 10339 11 43 88
35073 10340 11 44 88
35074 10341 11 45 88
35077 10342 11 46 88
35078 10343 11 47 88
35079 10344 11 48 88
35081 10345 11 49 88
35082 10346 11 50 88
35083 10347 11 51 88
35084 10348 11 52 88
35086 10349 11 53 88
35088 10350 11 54 88
35089 10351 11 55 88
35090 10352 11 56 88
35091 10353 11 57 88
35092 10354 11 58 88
35093 10355 11 59 88
35094 10356 11 60 88
35095 10357 11 61 88
35096 10358 11 62 88
35097 10359 11 63 88
35098 10360 11 64 88
35102 10361 11 65 88
35103 10362 11 66 88
35105 10363 11 67 88
35106 10364 11 68 88
35107 10365 11 69 88
35109 10366 11 70 88
35110 10367 11 71 88
35111 10368 11 72 88
35113 10369 11 73 88
35114 10370 11 74 88
35115 10371 11 75 88
35116 10372 11 76 88
35117 10373 11 77 88
35118 10374 11 78 88
35119 10375 11 79 88
35120 10376 11 80 88
35121 10377 11 81 88
35122 10378 11 82 88
35123 10379 11 83 88
35125 10380 11 84 88
35126 10381 11 85 88
35127 10382 11 86 88
35128 10383 11 87 88
35131 10384 11 88 88
35132 10385 11 89 88
35133 10386 11 90 88
35134 10387 11 91 88
35137 10388 11 92 88
35138 10389 11 93 88
35140 10390 11 94 88
35142 10391 11 95 88
35145 10392 11 96 88
35147 10393 11 97 88
35148 10394 11 98 88
35151 10395 11 99 88
35152 10396 11 100 88
35153 10397 11 101 88
35154 10398 11 102 88
35155 10399 11 103 88
35158 10400 11 104 88
35159 10401 11 105 88
35160 10402 11 106 88
35161 10403 11 107 88
35162 10404 11 108 88
35163 10405 11 109 88
35164 10406 11 110 88
35165 10407 11 111 88
35166 10408 11 112 88
35167 10409 11 113 88
35168 10410 11 114 88
35169 10411 11 115 88
35170 10412 11 116 88
35171 10413 11 0 89
35172 10414 11 1 89
35174 10415 11 2 89
35177 10416 11 3 89
35178 10417 11 4 89
35179 10418 11 5 89
35180 10419 11 6 89
35181 10420 11 7 89
35182 10421 11 8 89
35183 10422 11 9 89
35185 10423 11 10 89
35186 10424 11 11 89
35187 10425 11 12 89
35188 10426 11 13 89
35190 10427 11 14 89
35193 10428 11 15 89
35194 10429 11 16 89
35195 10430 11 17 89
35196 10431 11 18 89
35198 10432 11 19 89
35199 10433 11 20 89
35201 10434 11 21 89
35202 10435 11 22 89
35203 10436 11 23 89
35205 10437 11 24 89
35206 10438 11 25 89
35208 10439 11 26 89
35211 10440 11 27 89
35215 10441 11 28 89
35219 10442 11 29 89
35221 10443 11 30 89
35222 10444 11 31 89
35223 10445 11 32 89
35224 10446 11 33 89
35227 10447 11 34 89
35228 10448 11 35 89
35229 10449 11 36 89
35230 10450 11 37 89
35231 10451 11 38 89
35233 10452 11 39 89
35234 10453 11 40 89
35235 10454 11 41 89
35236 10455 11 42 89
35238 10456 11 43 89
35242 10457 11 44 89
35244 10458 11 45 89
35245 10459 11 46 89
35246 10460 11 47 89
35247 10461 11 48 89
35250 10462 11 49 89
35254 10463 11 50 89
35255 10464 11 51 89
35257 10465 11 52 89
35258 10466 11 53 89
35261 10467 11 54 89
35262 10468 11 55 89
35263 10469 11 56 89
35264 10470 11 57 89
35282 10471 11 58 89
35283 10472 11 59 89
35284 10473 11 60 89
35285 10474 11 61 89
35286 10475 11 62 89
35289 10476 11 63 89
35290 10477 11 64 89
35291 10478 11 65 89
35292 10479 11 66 89
35293 10480 11 67 89
35295 10481 11 68 89
35296 10482 11 69 89
35297 10483 11 70 89
35298 10484 11 71 89
35299 10485 11 72 89
35300 10486 11 73 89
35301 10487 11 74 89
35302 10488 11 75 89
35304 10489 11 76 89
35305 10490 11 77 89
35307 10491 11 78 89
35308 10492 11 79 89
35309 10493 11 80 89
35312 10494 11 81 89
35313 10495 11 82 89
35314 10496 11 83 89
35315 10497 11 84 89
35316 10498 11 85 89
35318 10499 11 86 89
35319 10500 11 87 89
35320 10501 11 88 89
35322 10502 11 89 89
35323 10503 11 90 89
35324 10504 11 91 89
35326 10505 11 92 89
35327 10506 11 93 89
35328 10507 11 94 89
35330 10508 11 95 89
35331 10509 11 96 89
35332 10510 11 97 89
35335 10511 11 98 89
35336 10512 11 99 89
35338 10513 11 100 89
35340 10514 11 101 89
35342 10515 11 102 89
35343 10516 11 103 89
35344 10517 11 104 89
35345 10518 11 105 89
35346 10519 11 106 89
35347 10520 11 107 89
35349 10521 11 108 89
35350 10522 11 109 89
35351 10523 11 110 89
35352 10524 11 111 89
35355 10525 11 112 89
35357 10526 11 113 89
35358 10527 11 114 89
35359 10528 11 115 89
35362 10529 11 116 89
35363 10530 11 0 90
35365 10531 11 1 90
35367 10532 11 2 90
35370 10533 11 3 90
35372 10534 11 4 90
35373 10535 11 5 90
35376 10536 11 6 90
35377 10537 11 7 90
35380 10538 11 8 90
35382 10539 11 9 90
35385 10540 11 10 90
35386 10541 11 11 90
35387 10542 11 12 90
35388 10543 11 13 90
35390 10544 11 14 90
35391 10545 11 15 90
35392 10546 11 16 90
35393 10547 11 17 90
35396 10548 11 18 90
35397 10549 11 19 90
35398 10550 11 20 90
35400 10551 11 21 90
35402 10552 11 22 90
35404 10553 11 23 90
35405 10554 11 24 90
35406 10555 11 25 90
35407 10556 11 26 90
35408 10557 11 27 90
35409 10558 11 28 90
35410 10559 11 29 90
35412 10560 11 30 90
35413 10561 11 31 90
35414 10562 11 32 90
35415 10563 11 33 90
35416 10564 11 34 90
35417 10565 11 35 90
35419 10566 11 36 90
35422 10567 11 37 90
35424 10568 11 38 90
35425 10569 11 39 90
35426 10570 11 40 90
35427 10571 11 41 90
35430 10572 11 42 90
35432 10573 11 43 90
35433 10574 11 44 90
35435 10575 11 45 90
35436 10576 11 46 90
35437 10577 11 47 90
35438 10578 11 48 90
35440 10579 11 49 90
35441 10580 11 50 90
35442 10581 11 51 90
35443 10582 11 52 90
35444 10583 11 53 90
35445 10584 11 54 90
35446 10585 11 55 90
35447 10586 11 56 90
35449 10587 11 57 90
35450 10588 11 58 90
35451 10589 11 59 90
35452 10590 11 60 90
35455 10591 11 61 90
35457 10592 11 62 90
35458 10593 11 63 90
35459 10594 11 64 90
35460 10595 11 65 90
35461 10596 11 66 90
35462 10597 11 67 90
35463 10598 11 68 90
35467 10599 11 69 90
35468 10600 11 70 90
35469 10601 11 71 90
35471 10602 11 72 90
35473 10603 11 73 90
35474 10604 11 74 90
35475 10605 11 75 90
35477 10606 11 76 90
35478 10607 11 77 90
35480 10608 11 78 90
35481 10609 11 79 90
35482 10610 11 80 90
35486 10611 11 81 90
35488 10612 11 82 90
35489 10613 11 83 90
35491 10614 11 84 90
35492 10615 11 85 90
35493 10616 11 86 90
35494 10617 11 87 90
35495 10618 11 88 90
35496 10619 11 89 90
35498 10620 11 90 90
35499 10621 11 91 90
35504 10622 11 92 90
35506 10623 11 93 90
35510 10624 11 94 90
35512 10625 11 95 90
35513 10626 11 96 90
35514 10627 11 97 90
35515 10628 11 98 90
35516 10629 11 99 90
35517 10630 11 100 90
35518 10631 11 101 90
35519 10632 11 102 90
35520 10633 11 103 90
35522 10634 11 104 90
35523 10635 11 105 90
35524 10636 11 106 90
35525 10637 11 107 90
35526 10638 11 108 90
35527 10639 11 109 90
35528 10640 11 110 90
35529 10641 11 111 90
35531 10642 11 112 90
35533 10643 11 113 90
35535 10644 11 114 90
35537 10645 11 115 90
35538 10646 11 116 90
35539 10647 11 0 91
35540 10648 11 1 91
35541 10649 11 2 91
35542 10650 11 3 91
35543 10651 11 4 91
35544 10652 11 5 91
35545 10653 11 6 91
35547 10654 11 7 91
35548 10655 11 8 91
35549 10656 11 9 91
35550 10657 11 10 91
35551 10658 11 11 91
35552 10659 11 12 91
35553 10660 11 13 91
35554 10661 11 14 91
35556 10662 11 15 91
35558 10663 11 16 91
35559 10664 11 17 91
35560 10665 11 18 91
35563 10666 11 19 91
35565 10667 11 20 91
35566 10668 11 21 91
35567 10669 11 22 91
35568 10670 11 23 91
35569 10671 11 24 91
35570 10672 11 25 91
35571 10673 11 26 91
35572 10674 11 27 91
35573 10675 11 28 91
35574 10676 11 29 91
35575 10677 11 30 91
35576 10678 11 31 91
35578 10679 11 32 91
35579 10680 11 33 91
35580 10681 11 34 91
35582 10682 11 35 91
35583 10683 11 36 91
35584 10684 11 37 91
35585 10685 11 38 91
35586 10686 11 39 91
35588 10687 11 40 91
35589 10688 11 41 91
35590 10689 11 42 91
35591 10690 11 43 91
35592 10691 11 44 91
35594 10692 11 45 91
35595 10693 11 46 91
35597 10694 11 47 91
35598 10695 11 48 91
35599 10696 11 49 91
35600 10697 11 50 91
35601 10698 11 51 91
35602 10699 11 52 91
35603 10700 11 53 91
35604 10701 11 54 91
35605 10702 11 55 91
35606 10703 11 56 91
35607 10704 11 57 91
35608 10705 11 58 91
35609 10706 11 59 91
35610 10707 11 60 91
35611 10708 11 61 91
35612 10709 11 62 91
35613 10710 11 63 91
35614 10711 11 64 91
35616 10712 11 65 91
35618 10713 11 66 91
35619 10714 11 67 91
35620 10715 11 68 91
35621 10716 11 69 91
35622 10717 11 70 91
35623 10718 11 71 91
35624 10719 11 72 91
35626 10720 11 73 91
35627 10721 11 74 91
35628 10722 11 75 91
35630 10723 11 76 91
35631 10724 11 77 91
35632 10725 11 78 91
35633 10726 11 79 91
35635 10727 11 80 91
35637 10728 11 81 91
35638 10729 11 82 91
35639 10730 11 83 91
35641 10731 11 84 91
35642 10732 11 85 91
35643 10733 11 86 91
35644 10734 11 87 91
35645 10735 11 88 91
35646 10736 11 89 91
35648 10737 11 90 91
35649 10738 11 91 91
35650 10739 11 92 91
35653 10740 11 93 91
35654 10741 11 94 91
35655 10742 11 95 91
35656 10743 11 96 91
35657 10744 11 97 91
35658 10745 11 98 91
35659 10746 11 99 91
35662 10747 11 100 91
35663 10748 11 101 91
35664 10749 11 102 91
35665 10750 11 103 91
35666 10751 11 104 91
35667 10752 11 105 91
35668 10753 11 106 91
35669 10754 11 107 91
35670 10755 11 108 91
35671 10756 11 109 91
35672 10757 11 110 91
35673 10758 11 111 91
35674 10759 11 112 91
35676 10760 11 113 91
35677 10761 11 114 91
35679 10762 11 115 91
35680 10763 11 116 91
35683 10764 11 0 92
35685 10765 11 1 92
35686 10766 11 2 92
35687 10767 11 3 92
35688 10768 11 4 92
35690 10769 11 5 92
35691 10770 11 6 92
35692 10771 11 7 92
35693 10772 11 8 92
35695 10773 11 9 92
35696 10774 11 10 92
35700 10775 11 11 92
35703 10776 11 12 92
35704 10777 11 13 92
35705 10778 11 14 92
35706 10779 11 15 92
35707 10780 11 16 92
35709 10781 11 17 92
35710 10782 11 18 92
35711 10783 11 19 92
35712 10784 11 20 92
35714 10785 11 21 92
35716 10786 11 22 92
35717 10787 11 23 92
35718 10788 11 24 92
35720 10789 11 25 92
35722 10790 11 26 92
35723 10791 11 27 92
35724 10792 11 28 92
35726 10793 11 29 92
35730 10794 11 30 92
35731 10795 11 31 92
35732 10796 11 32 92
35733 10797 11 33 92
35734 10798 11 34 92
35736 10799 11 35 92
35737 10800 11 36 92
35738 10801 11 37 92
35740 10802 11 38 92
35742 10803 11 39 92
35743 10804 11 40 92
35895 10805 11 41 92
35897 10806 11 42 92
35899 10807 11 43 92
35900 10808 11 44 92
35901 10809 11 45 92
35902 10810 11 46 92
35903 10811 11 47 92
35905 10812 11 48 92
35906 10813 11 49 92
35907 10814 11 50 92
35909 10815 11 51 92
35910 10816 11 52 92
35911 10817 11 53 92
35912 10818 11 54 92
35913 10819 11 55 92
35914 10820 11 56 92
35915 10821 11 57 92
35916 10822 11 58 92
35917 10823 11 59 92
35918 10824 11 60 92
35919 10825 11 61 92
35920 10826 11 62 92
35924 10827 11 63 92
35925 10828 11 64 92
35926 10829 11 65 92
35927 10830 11 66 92
35930 10831 11 67 92
35932 10832 11 68 92
35933 10833 11 69 92
35935 10834 11 70 92
35937 10835 11 71 92
35938 10836 11 72 92
35940 10837 11 73 92
35941 10838 11 74 92
35942 10839 11 75 92
35944 10840 11 76 92
35945 10841 11 77 92
35946 10842 11 78 92
35947 10843 11 79 92
35948 10844 11 80 92
35949 10845 11 81 92
35951 10846 11 82 92
35952 10847 11 83 92
35953 10848 11 84 92
35954 10849 11 85 92
35955 10850 11 86 92
35957 10851 11 87 92
35958 10852 11 88 92
35959 10853 11 89 92
35960 10854 11 90 92
35961 10855 11 91 92
35962 10856 11 92 92
35963 10857 11 93 92
35965 10858 11 94 92
35968 10859 11 95 92
35969 10860 11 96 92
35970 10861 11 97 92
35972 10862 11 98 92
35973 10863 11 99 92
35974 10864 11 100 92
35977 10865 11 101 92
35978 10866 11 102 92
35980 10867 11 103 92
35981 10868 11 104 92
35983 10869 11 105 92
35984 10870 11 106 92
35985 10871 11 107 92
35986 10872 11 108 92
35987 10873 11 109 92
35988 10874 11 110 92
35989 10875 11 111 92
35991 10876 11 112 92
35992 10877 11 113 92
35993 10878 11 114 92
35994 10879 11 115 92
35996 10880 11 116 92
35997 10881 11 0 93
35998 10882 11 1 93
36000 10883 11 2 93
36001 10884 11 3 93
36002 10885 11 4 93
36003 10886 11 5 93
36004 10887 11 6 93
36005 10888 11 7 93
36007 10889 11 8 93
36008 10890 11 9 93
36009 10891 11 10 93
36010 10892 11 11 93
36011 10893 11 12 93
36012 10894 11 13 93
36015 10895 11 14 93
36016 10896 11 15 93
36018 10897 11 16 93
36019 10898 11 17 93
36020 10899 11 18 93
36021 10900 11 19 93
36022 10901 11 20 93
36023 10902 11 21 93
36024 10903 11 22 93
36025 10904 11 23 93
36026 10905 11 24 93
36027 10906 11 25 93
36028 10907 11 26 93
36029 10908 11 27 93
36030 10909 11 28 93
36031 10910 11 29 93
36032 10911 11 30 93
36033 10912 11 31 93
36034 10913 11 32 93
36035 10914 11 33 93
36036 10915 11 34 93
36037 10916 11 35 93
36039 10917 11 36 93
36040 10918 11 37 93
36042 10919 11 38 93
36044 10920 11 39 93
36047 10921 11 40 93
36049 10922 11 41 93
36050 10923 11 42 93
36051 10924 11 43 93
36053 10925 11 44 93
36055 10926 11 45 93
36057 10927 11 46 93
36058 10928 11 47 93
36060 10929 11 48 93
36061 10930 11 49 93
36062 10931 11 50 93
36063 10932 11 51 93
36064 10933 11 52 93
36065 10934 11 53 93
36066 10935 11 54 93
36067 10936 11 55 93
36068 10937 11 56 93
36069 10938 11 57 93
36070 10939 11 58 93
36071 10940 11 59 93
36072 10941 11 60 93
36074 10942 11 61 93
36076 10943 11 62 93
36077 10944 11 63 93
36078 10945 11 64 93
36080 10946 11 65 93
36081 10947 11 66 93
36083 10948 11 67 93
36084 10949 11 68 93
36085 10950 11 69 93
36088 10951 11 70 93
36089 10952 11 71 93
36090 10953 11 72 93
36091 10954 11 73 93
36092 10955 11 74 93
36093 10956 11 75 93
36094 10957 11 76 93
36096 10958 11 77 93
36098 10959 11 78 93
36100 10960 11 79 93
36101 10961 11 80 93
36102 10962 11 81 93
36103 10963 11 82 93
36104 10964 11 83 93
36105 10965 11 84 93
36106 10966 11 85 93
36109 10967 11 86 93
36111 10968 11 87 93
36112 10969 11 88 93
36115 10970 11 89 93
36116 10971 11 90 93
36117 10972 11 91 93
36118 10973 11 92 93
36119 10974 11 93 93
36121 10975 11 94 93
36123 10976 11 95 93
36196 10977 11 96 93
36198 10978 11 97 93
36199 10979 11 98 93
36200 10980 11 99 93
36201 10981 11 100 93
36203 10982 11 101 93
36204 10983 11 102 93
36205 10984 11 103 93
36206 10985 11 104 93
36207 10986 11 105 93
36208 10987 11 106 93
36210 10988 11 107 93
36211 10989 11 108 93
36212 10990 11 109 93
36214 10991 11 110 93
36215 10992 11 111 93
36216 10993 11 112 93
36217 10994 11 113 93
36219 10995 11 114 93
36221 10996 11 115 93
36224 10997 11 116 93
36225 10998 11 0 94
36228 10999 11 1 94
36229 11000 11 2 94
36233 11001 11 3 94
36234 11002 11 4 94
36236 11003 11 5 94
36237 11004 11 6 94
36238 11005 11 7 94
36239 11006 11 8 94
36240 11007 11 9 94
36241 11008 11 10 94
36242 11009 11 11 94
36243 11010 11 12 94
36244 11011 11 13 94
36245 11012 11 14 94
36246 11013 11 15 94
36249 11014 11 16 94
36251 11015 11 17 94
36252 11016 11 18 94
36255 11017 11 19 94
36256 11018 11 20 94
36257 11019 11 21 94
36259 11020 11 22 94
36261 11021 11 23 94
36263 11022 11 24 94
36264 11023 11 25 94
36266 11024 11 26 94
36267 11025 11 27 94
36268 11026 11 28 94
36269 11027 11 29 94
36270 11028 11 30 94
36271 11029 11 31 94
36274 11030 11 32 94
36275 11031 11 33 94
36276 11032 11 34 94
36277 11033 11 35 94
36278 11034 11 36 94
36279 11035 11 37 94
36281 11036 11 38 94
36282 11037 11 39 94
36284 11038 11 40 94
36286 11039 11 41 94
36287 11040 11 42 94
36289 11041 11 43 94
36290 11042 11 44 94
36293 11043 11 45 94
36294 11044 11 46 94
36295 11045 11 47 94
36296 11046 11 48 94
36299 11047 11 49 94
36300 11048 11 50 94
36301 11049 11 51 94
36302 11050 11 52 94
36303 11051 11 53 94
36304 11052 11 54 94
36305 11053 11 55 94
36307 11054 11 56 94
36309 11055 11 57 94
36310 11056 11 58 94
36311 11057 11 59 94
36312 11058 11 60 94
36313 11059 11 61 94
36314 11060 11 62 94
36315 11061 11 63 94
36316 11062 11 64 94
36317 11063 11 65 94
36319 11064 11 66 94
36320 11065 11 67 94
36321 11066 11 68 94
36322 11067 11 69 94
36323 11068 11 70 94
36324 11069 11 71 94
36326 11070 11 72 94
36327 11071 11 73 94
36328 11072 11 74 94
36329 11073 11 75 94
36330 11074 11 76 94
36331 11075 11 77 94
36332 11076 11 78 94
36334 11077 11 79 94
36335 11078 11 80 94
36336 11079 11 81 94
36337 11080 11 82 94
36338 11081 11 83 94
36339 11082 11 84 94
36340 11083 11 85 94
36346 11084 11 86 94
36348 11085 11 87 94
36349 11086 11 88 94
36350 11087 11 89 94
36351 11088 11 90 94
36352 11089 11 91 94
36354 11090 11 92 94
36355 11091 11 93 94
36356 11092 11 94 94
36357 11093 11 95 94
36358 11094 11 96 94
36359 11095 11 97 94
36361 11096 11 98 94
36362 11097 11 99 94
36365 11098 11 100 94
36367 11099 11 101 94
36368 11100 11 102 94
36369 11101 11 103 94
36370 11102 11 104 94
36371 11103 11 105 94
36372 11104 11 106 94
36373 11105 11 107 94
36374 11106 11 108 94
36375 11107 11 109 94
36376 11108 11 110 94
36377 11109 11 111 94
36378 11110 11 112 94
36379 11111 11 113 94
36380 11112 11 114 94
36381 11113 11 115 94
36382 11114 11 116 94
36383 11115 11 0 95
36384 11116 11 1 95
36385 11117 11 2 95
36386 11118 11 3 95
36387 11119 11 4 95
36388 11120 11 5 95
36389 11121 11 6 95
36390 11122 11 7 95
36391 11123 11 8 95
36393 11124 11 9 95
36395 11125 11 10 95
36398 11126 11 11 95
36400 11127 11 12 95
36401 11128 11 13 95
36403 11129 11 14 95
36404 11130 11 15 95
36405 11131 11 16 95
36406 11132 11 17 95
36408 11133 11 18 95
36409 11134 11 19 95
36412 11135 11 20 95
36413 11136 11 21 95
36414 11137 11 22 95
36415 11138 11 23 95
36416 11139 11 24 95
36417 11140 11 25 95
36418 11141 11 26 95
36420 11142 11 27 95
36421 11143 11 28 95
36423 11144 11 29 95
36424 11145 11 30 95
36425 11146 11 31 95
36426 11147 11 32 95
36427 11148 11 33 95
36428 11149 11 34 95
36429 11150 11 35 95
36430 11151 11 36 95
36432 11152 11 37 95
36435 11153 11 38 95
36436 11154 11 39 95
36437 11155 11 40 95
36438 11156 11 41 95
36439 11157 11 42 95
36441 11158 11 43 95
36442 11159 11 44 95
36443 11160 11 45 95
36444 11161 11 46 95
36445 11162 11 47 95
36446 11163 11 48 95
36447 11164 11 49 95
36448 11165 11 50 95
36449 11166 11 51 95
36450 11167 11 52 95
36451 11168 11 53 95
36452 11169 11 54 95
36453 11170 11 55 95
36454 11171 11 56 95
36455 11172 11 57 95
36457 11173 11 58 95
36458 11174 11 59 95
36460 11175 11 60 95
36461 11176 11 61 95
36463 11177 11 62 95
36466 11178 11 63 95
36467 11179 11 64 95
36468 11180 11 65 95
36470 11181 11 66 95
36472 11182 11 67 95
36474 11183 11 68 95
36475 11184 11 69 95
36476 11185 11 70 95
36481 11186 11 71 95
36482 11187 11 72 95
36484 11188 11 73 95
36485 11189 11 74 95
36486 11190 11 75 95
36487 11191 11 76 95
36488 11192 11 77 95
36489 11193 11 78 95
36490 11194 11 79 95
36491 11195 11 80 95
36492 11196 11 81 95
36493 11197 11 82 95
36494 11198 11 83 95
36496 11199 11 84 95
36497 11200 11 85 95
36498 11201 11 86 95
36499 11202 11 87 95
36500 11203 11 88 95
36501 11204 11 89 95
36502 11205 11 90 95
36503 11206 11 91 95
36504 11207 11 92 95
36506 11208 11 93 95
36509 11209 11 94 95
36510 11210 11 95 95
36511 11211 11 96 95
36512 11212 11 97 95
36513 11213 11 98 95
36515 11214 11 99 95
36516 11215 11 100 95
36517 11216 11 101 95
36518 11217 11 102 95
36520 11218 11 103 95
36521 11219 11 104 95
36522 11220 11 105 95
36523 11221 11 106 95
36524 11222 11 107 95
36530 11223 11 108 95
36538 11224 11 109 95
36541 11225 11 110 95
36544 11226 11 111 95
36546 11227 11 112 95
36553 11228 11 113 95
36554 11229 11 114 95
36555 11230 11 115 95
36556 11231 11 116 95
36557 11232 11 0 96
36559 11233 11 1 96
36561 11234 11 2 96
36562 11235 11 3 96
36563 11236 11 4 96
36564 11237 11 5 96
36567 11238 11 6 96
36568 11239 11 7 96
36571 11240 11 8 96
36572 11241 11 9 96
36573 11242 11 10 96
36574 11243 11 11 96
36575 11244 11 12 96
36576 11245 11 13 96
36577 11246 11 14 96
36581 11247 11 15 96
36582 11248 11 16 96
36583 11249 11 17 96
36584 11250 11 18 96
36585 11251 11 19 96
36587 11252 11 20 96
36588 11253 11 21 96
36590 11254 11 22 96
36591 11255 11 23 96
36593 11256 11 24 96
36596 11257 11 25 96
36597 11258 11 26 96
36598 11259 11 27 96
36599 11260 11 28 96
36600 11261 11 29 96
36601 11262 11 30 96
36602 11263 11 31 96
36603 11264 11 32 96
36604 11265 11 33 96
36606 11266 11 34 96
36607 11267 11 35 96
36608 11268 11 36 96
36609 11269 11 37 96
36610 11270 11 38 96
36611 11271 11 39 96
36613 11272 11 40 96
36614 11273 11 41 96
36615 11274 11 42 96
36616 11275 11 43 96
36617 11276 11 44 96
36618 11277 11 45 96
36619 11278 11 46 96
36621 11279 11 47 96
36622 11280 11 48 96
36624 11281 11 49 96
36625 11282 11 50 96
36626 11283 11 51 96
36627 11284 11 52 96
36628 11285 11 53 96
36629 11286 11 54 96
36630 11287 11 55 96
36631 11288 11 56 96
36632 11289 11 57 96
36634 11290 11 58 96
36635 11291 11 59 96
36636 11292 11 60 96
36637 11293 11 61 96
36638 11294 11 62 96
36639 11295 11 63 96
36640 11296 11 64 96
36643 11297 11 65 96
36644 11298 11 66 96
36645 11299 11 67 96
36646 11300 11 68 96
36649 11301 11 69 96
36650 11302 11 70 96
36652 11303 11 71 96
36654 11304 11 72 96
36655 11305 11 73 96
36658 11306 11 74 96
36659 11307 11 75 96
36660 11308 11 76 96
36661 11309 11 77 96
36662 11310 11 78 96
36663 11311 11 79 96
36664 11312 11 80 96
36665 11313 11 81 96
36667 11314 11 82 96
36670 11315 11 83 96
36671 11316 11 84 96
36672 11317 11 85 96
36674 11318 11 86 96
36675 11319 11 87 96
36676 11320 11 88 96
36677 11321 11 89 96
36678 11322 11 90 96
36679 11323 11 91 96
36680 11324 11 92 96
36681 11325 11 93 96
36683 11326 11 94 96
36685 11327 11 95 96
36686 11328 11 96 96
36687 11329 11 97 96
36688 11330 11 98 96
36689 11331 11 99 96
36690 11332 11 100 96
36691 11333 11 101 96
36692 11334 11 102 96
36693 11335 11 103 96
36694 11336 11 104 96
36695 11337 11 105 96
36696 11338 11 106 96
36697 11339 11 107 96
36698 11340 11 108 96
36699 11341 11 109 96
36701 11342 11 110 96
36702 11343 11 111 96
36703 11344 11 112 96
36704 11345 11 113 96
36705 11346 11 114 96
36706 11347 11 115 96
36707 11348 11 116 96
36708 11349 11 0 97
36763 11350 11 1 97
36764 11351 11 2 97
36767 11352 11 3 97
36771 11353 11 4 97
36774 11354 11 5 97
36776 11355 11 6 97
36781 11356 11 7 97
36782 11357 11 8 97
36783 11358 11 9 97
36784 11359 11 10 97
36785 11360 11 11 97
36786 11361 11 12 97
36788 11362 11 13 97
36799 11363 11 14 97
36802 11364 11 15 97
36804 11365 11 16 97
36805 11366 11 17 97
36806 11367 11 18 97
36809 11368 11 19 97
36811 11369 11 20 97
36813 11370 11 21 97
36814 11371 11 22 97
36817 11372 11 23 97
36818 11373 11 24 97
36819 11374 11 25 97
36820 11375 11 26 97
36821 11376 11 27 97
36822 11377 11 28 97
36823 11378 11 29 97
36832 11379 11 30 97
36833 11380 11 31 97
36834 11381 11 32 97
36835 11382 11 33 97
36836 11383 11 34 97
36837 11384 11 35 97
36838 11385 11 36 97
36840 11386 11 37 97
36842 11387 11 38 97
36843 11388 11 39 97
36845 11389 11 40 97
36846 11390 11 41 97
36848 11391 11 42 97
36852 11392 11 43 97
36853 11393 11 44 97
36854 11394 11 45 97
36855 11395 11 46 97
36856 11396 11 47 97
36858 11397 11 48 97
36859 11398 11 49 97
36860 11399 11 50 97
36861 11400 11 51 97
36862 11401 11 52 97
36863 11402 11 53 97
36864 11403 11 54 97
36865 11404 11 55 97
36866 11405 11 56 97
36867 11406 11 57 97
36868 11407 11 58 97
36869 11408 11 59 97
36870 11409 11 60 97
36875 11410 11 61 97
36876 11411 11 62 97
36877 11412 11 63 97
36879 11413 11 64 97
36880 11414 11 65 97
36881 11415 11 66 97
36884 11416 11 67 97
36885 11417 11 68 97
36886 11418 11 69 97
36887 11419 11 70 97
36889 11420 11 71 97
36890 11421 11 72 97
36891 11422 11 73 97
36892 11423 11 74 97
36893 11424 11 75 97
36894 11425 11 76 97
36895 11426 11 77 97
36896 11427 11 78 97
36897 11428 11 79 97
36898 11429 11 80 97
36899 11430 11 81 97
36900 11431 11 82 97
36909 11432 11 83 97
36910 11433 11 84 97
36911 11434 11 85 97
36913 11435 11 86 97
36914 11436 11 87 97
36916 11437 11 88 97
36917 11438 11 89 97
36918 11439 11 90 97
36920 11440 11 91 97
36924 11441 11 92 97
36925 11442 11 93 97
36926 11443 11 94 97
36927 11444 11 95 97
36929 11445 11 96 97
36930 11446 11 97 97
36932 11447 11 98 97
36935 11448 11 99 97
36937 11449 11 100 97
36938 11450 11 101 97
36939 11451 11 102 97
36941 11452 11 103 97
36942 11453 11 104 97
36943 11454 11 105 97
36944 11455 11 106 97
36945 11456 11 107 97
36946 11457 11 108 97
36947 11458 11 109 97
36948 11459 11 110 97
36949 11460 11 111 97
36952 11461 11 112 97
36953 11462 11 113 97
36955 11463 11 114 97
36956 11464 11 115 97
36957 11465 11 116 97
36958 11466 11 0 98
36960 11467 11 1 98
36962 11468 11 2 98
36963 11469 11 3 98
36967 11470 11 4 98
36968 11471 11 5 98
36969 11472 11 6 98
36971 11473 11 7 98
36973 11474 11 8 98
36974 11475 11 9 98
36975 11476 11 10 98
36976 11477 11 11 98
36978 11478 11 12 98
36979 11479 11 13 98
36980 11480 11 14 98
36981 11481 11 15 98
36982 11482 11 16 98
36983 11483 11 17 98
36984 11484 11 18 98
36985 11485 11 19 98
36986 11486 11 20 98
36987 11487 11 21 98
36988 11488 11 22 98
36989 11489 11 23 98
36990 11490 11 24 98
36991 11491 11 25 98
36992 11492 11 26 98
36993 11493 11 27 98
36994 11494 11 28 98
36995 11495 11 29 98
36996 11496 11 30 98
36997 11497 11 31 98
36998 11498 11 32 98
36999 11499 11 33 98
37000 11500 11 34 98
37002 11501 11 35 98
37003 11502 11 36 98
37005 11503 11 37 98
37007 11504 11 38 98
37008 11505 11 39 98
37009 11506 11 40 98
37012 11507 11 41 98
37013 11508 11 42 98
37015 11509 11 43 98
37016 11510 11 44 98
37017 11511 11 45 98
37019 11512 11 46 98
37022 11513 11 47 98
37023 11514 11 48 98
37024 11515 11 49 98
37025 11516 11 50 98
37026 11517 11 51 98
37027 11518 11 52 98
37029 11519 11 53 98
37030 11520 11 54 98
37031 11521 11 55 98
37034 11522 11 56 98
37039 11523 11 57 98
37040 11524 11 58 98
37041 11525 11 59 98
37042 11526 11 60 98
37043 11527 11 61 98
37044 11528 11 62 98
37045 11529 11 63 98
37046 11530 11 64 98
37048 11531 11 65 98
37053 11532 11 66 98
37054 11533 11 67 98
37055 11534 11 68 98
37057 11535 11 69 98
37059 11536 11 70 98
37061 11537 11 71 98
37063 11538 11 72 98
37064 11539 11 73 98
37066 11540 11 74 98
37067 11541 11 75 98
37070 11542 11 76 98
37076 11543 11 77 98
37077 11544 11 78 98
37078 11545 11 79 98
37079 11546 11 80 98
37080 11547 11 81 98
37081 11548 11 82 98
37082 11549 11 83 98
37083 11550 11 84 98
37084 11551 11 85 98
37085 11552 11 86 98
37087 11553 11 87 98
37088 11554 11 88 98
37089 11555 11 89 98
37090 11556 11 90 98
37091 11557 11 91 98
37092 11558 11 92 98
37093 11559 11 93 98
37096 11560 11 94 98
37097 11561 11 95 98
37098 11562 11 96 98
37099 11563 11 97 98
37100 11564 11 98 98
37101 11565 11 99 98
37103 11566 11 100 98
37104 11567 11 101 98
37105 11568 11 102 98
37106 11569 11 103 98
37107 11570 11 104 98
37108 11571 11 105 98
37109 11572 11 106 98
37113 11573 11 107 98
37114 11574 11 108 98
37115 11575 11 109 98
37116 11576 11 110 98
37117 11577 11 111 98
37118 11578 11 112 98
37119 11579 11 113 98
37120 11580 11 114 98
37121 11581 11 115 98
37122 11582 11 116 98
37123 11583 11 0 99
37124 11584 11 1 99
37125 11585 11 2 99
37126 11586 11 3 99
37127 11587 11 4 99
37128 11588 11 5 99
37129 11589 11 6 99
37131 11590 11 7 99
37133 11591 11 8 99
37134 11592 11 9 99
37135 11593 11 10 99
37136 11594 11 11 99
37137 11595 11 12 99
37138 11596 11 13 99
37140 11597 11 14 99
37142 11598 11 15 99
37143 11599 11 16 99
37144 11600 11 17 99
37145 11601 11 18 99
37146 11602 11 19 99
37147 11603 11 20 99
37148 11604 11 21 99
37149 11605 11 22 99
37150 11606 11 23 99
37151 11607 11 24 99
37152 11608 11 25 99
37153 11609 11 26 99
37154 11610 11 27 99
37155 11611 11 28 99
37156 11612 11 29 99
37158 11613 11 30 99
37159 11614 11 31 99
37160 11615 11 32 99
37161 11616 11 33 99
37162 11617 11 34 99
37163 11618 11 35 99
37164 11619 11 36 99
37165 11620 11 37 99
37166 11621 11 38 99
37167 11622 11 39 99
37168 11623 11 40 99
37169 11624 11 41 99
37170 11625 11 42 99
37171 11626 11 43 99
37172 11627 11 44 99
37173 11628 11 45 99
37174 11629 11 46 99
37176 11630 11 47 99
37177 11631 11 48 99
37178 11632 11 49 99
37179 11633 11 50 99
37182 11634 11 51 99
37183 11635 11 52 99
37184 11636 11 53 99
37185 11637 11 54 99
37187 11638 11 55 99
37188 11639 11 56 99
37189 11640 11 57 99
37190 11641 11 58 99
37191 11642 11 59 99
37192 11643 11 60 99
37193 11644 11 61 99
37194 11645 11 62 99
37195 11646 11 63 99
37196 11647 11 64 99
37197 11648 11 65 99
37198 11649 11 66 99
37199 11650 11 67 99
37200 11651 11 68 99
37202 11652 11 69 99
37203 11653 11 70 99
37205 11654 11 71 99
37206 11655 11 72 99
37207 11656 11 73 99
37208 11657 11 74 99
37210 11658 11 75 99
37215 11659 11 76 99
37216 11660 11 77 99
37217 11661 11 78 99
37218 11662 11 79 99
37219 11663 11 80 99
37220 11664 11 81 99
37221 11665 11 82 99
37224 11666 11 83 99
37225 11667 11 84 99
37226 11668 11 85 99
37228 11669 11 86 99
37230 11670 11 87 99
37231 11671 11 88 99
37234 11672 11 89 99
37235 11673 11 90 99
37236 11674 11 91 99
37237 11675 11 92 99
37239 11676 11 93 99
37240 11677 11 94 99
37241 11678 11 95 99
37242 11679 11 96 99
37248 11680 11 97 99
37249 11681 11 98 99
37250 11682 11 99 99
37251 11683 11 100 99
37252 11684 11 101 99
37253 11685 11 102 99
37254 11686 11 103 99
37255 11687 11 104 99
37257 11688 11 105 99
37258 11689 11 106 99
37259 11690 11 107 99
37261 11691 11 108 99
37263 11692 11 109 99
37264 11693 11 110 99
37265 11694 11 111 99
37266 11695 11 112 99
37267 11696 11 113 99
37273 11697 11 114 99
37274 11698 11 115 99
37275 11699 11 116 99
37276 11700 11 0 100
37277 11701 11 1 100
37278 11702 11 2 100
37279 11703 11 3 100
37280 11704 11 4 100
37281 11705 11 5 100
37282 11706 11 6 100
37283 11707 11 7 100
37285 11708 11 8 100
37287 11709 11 9 100
37288 11710 11 10 100
37290 11711 11 11 100
37291 11712 11 12 100
37292 11713 11 13 100
37293 11714 11 14 100
37294 11715 11 15 100
37295 11716 11 16 100
37296 11717 11 17 100
37297 11718 11 18 100
37298 11719 11 19 100
37299 11720 11 20 100
37300 11721 11 21 100
37301 11722 11 22 100
37303 11723 11 23 100
37305 11724 11 24 100
37306 11725 11 25 100
37308 11726 11 26 100
37309 11727 11 27 100
37310 11728 11 28 100
37312 11729 11 29 100
37313 11730 11 30 100
37314 11731 11 31 100
37315 11732 11 32 100
37317 11733 11 33 100
37318 11734 11 34 100
37319 11735 11 35 100
37321 11736 11 36 100
37323 11737 11 37 100
37324 11738 11 38 100
37325 11739 11 39 100
37326 11740 11 40 100
37327 11741 11 41 100
37328 11742 11 42 100
37329 11743 11 43 100
37331 11744 11 44 100
37332 11745 11 45 100
37333 11746 11 46 100
37335 11747 11 47 100
37336 11748 11 48 100
37337 11749 11 49 100
37338 11750 11 50 100
37340 11751 11 51 100
37341 11752 11 52 100
37346 11753 11 53 100
37347 11754 11 54 100
37348 11755 11 55 100
37350 11756 11 56 100
37351 11757 11 57 100
37352 11758 11 58 100
37353 11759 11 59 100
37354 11760 11 60 100
37355 11761 11 61 100
37356 11762 11 62 100
37357 11763 11 63 100
37358 11764 11 64 100
37361 11765 11 65 100
37363 11766 11 66 100
37364 11767 11 67 100
37365 11768 11 68 100
37367 11769 11 69 100
37368 11770 11 70 100
37369 11771 11 71 100
37373 11772 11 72 100
37375 11773 11 73 100
37376 11774 11 74 100
37377 11775 11 75 100
37378 11776 11 76 100
37379 11777 11 77 100
37380 11778 11 78 100
37381 11779 11 79 100
37382 11780 11 80 100
37383 11781 11 81 100
37385 11782 11 82 100
37386 11783 11 83 100
37388 11784 11 84 100
37389 11785 11 85 100
37391 11786 11 86 100
37392 11787 11 87 100
37393 11788 11 88 100
37394 11789 11 89 100
37396 11790 11 90 100
37397 11791 11 91 100
37398 11792 11 92 100
37399 11793 11 93 100
37401 11794 11 94 100
37402 11795 11 95 100
37404 11796 11 96 100
37406 11797 11 97 100
37411 11798 11 98 100
37412 11799 11 99 100
37413 11800 11 100 100
37414 11801 11 101 100
37415 11802 11 102 100
37421 11803 11 103 100
37422 11804 11 104 100
37424 11805 11 105 100
37425 11806 11 106 100
37426 11807 11 107 100
37427 11808 11 108 100
37428 11809 11 109 100
37430 11810 11 110 100
37431 11811 11 111 100
37432 11812 11 112 100
37433 11813 11 113 100
37434 11814 11 114 100
37437 11815 11 115 100
37438 11816 11 116 100
37439 11817 11 0 101
37440 11818 11 1 101
37445 11819 11 2 101
37446 11820 11 3 101
37448 11821 11 4 101
37449 11822 11 5 101
37450 11823 11 6 101
37451 11824 11 7 101
37452 11825 11 8 101
37453 11826 11 9 101
37454 11827 11 10 101
37455 11828 11 11 101
37456 11829 11 12 101
37457 11830 11 13 101
37458 11831 11 14 101
37459 11832 11 15 101
37460 11833 11 16 101
37462 11834 11 17 101
37463 11835 11 18 101
37466 11836 11 19 101
37467 11837 11 20 101
37470 11838 11 21 101
37472 11839 11 22 101
37473 11840 11 23 101
37475 11841 11 24 101
37476 11842 11 25 101
37477 11843 11 26 101
37478 11844 11 27 101
37479 11845 11 28 101
37484 11846 11 29 101
37485 11847 11 30 101
37487 11848 11 31 101
37488 11849 11 32 101
37490 11850 11 33 101
37494 11851 11 34 101
37496 11852 11 35 101
37497 11853 11 36 101
37498 11854 11 37 101
37499 11855 11 38 101
37500 11856 11 39 101
37501 11857 11 40 101
37502 11858 11 41 101
37503 11859 11 42 101
37504 11860 11 43 101
37506 11861 11 44 101
37507 11862 11 45 101
37509 11863 11 46 101
37510 11864 11 47 101
37511 11865 11 48 101
37512 11866 11 49 101
37514 11867 11 50 101
37515 11868 11 51 101
37516 11869 11 52 101
37517 11870 11 53 101
37518 11871 11 54 101
37521 11872 11 55 101
37523 11873 11 56 101
37524 11874 11 57 101
37525 11875 11 58 101
37526 11876 11 59 101
37527 11877 11 60 101
37528 11878 11 61 101
37529 11879 11 62 101
37530 11880 11 63 101
37531 11881 11 64 101
37532 11882 11 65 101
37533 11883 11 66 101
37536 11884 11 67 101
37537 11885 11 68 101
37538 11886 11 69 101
37539 11887 11 70 101
37540 11888 11 71 101
37541 11889 11 72 101
37542 11890 11 73 101
37543 11891 11 74 101
37544 11892 11 75 101
37545 11893 11 76 101
37546 11894 11 77 101
37547 11895 11 78 101
37548 11896 11 79 101
37554 11897 11 80 101
37555 11898 11 81 101
37556 11899 11 82 101
37557 11900 11 83 101
37558 11901 11 84 101
37559 11902 11 85 101
37563 11903 11 86 101
37564 11904 11 87 101
37568 11905 11 88 101
37569 11906 11 89 101
37570 11907 11 90 101
37571 11908 11 91 101
37572 11909 11 92 101
37573 11910 11 93 101
37574 11911 11 94 101
37575 11912 11 95 101
37576 11913 11 96 101
37577 11914 11 97 101
37578 11915 11 98 101
37579 11916 11 99 101
37580 11917 11 100 101
37581 11918 11 101 101
37582 11919 11 102 101
37583 11920 11 103 101
37584 11921 11 104 101
37585 11922 11 105 101
37586 11923 11 106 101
37587 11924 11 107 101
37589 11925 11 108 101
37591 11926 11 109 101
37592 11927 11 110 101
37593 11928 11 111 101
37597 11929 11 112 101
37598 11930 11 113 101
37599 11931 11 114 101
37600 11932 11 115 101
37601 11933 11 116 101
37604 11934 11 0 102
37606 11935 11 1 102
37607 11936 11 2 102
37608 11937 11 3 102
37609 11938 11 4 102
37610 11939 11 5 102
37614 11940 11 6 102
37615 11941 11 7 102
37616 11942 11 8 102
37617 11943 11 9 102
37623 11944 11 10 102
37624 11945 11 11 102
37625 11946 11 12 102
37626 11947 11 13 102
37627 11948 11 14 102
37628 11949 11 15 102
37630 11950 11 16 102
37631 11951 11 17 102
37632 11952 11 18 102
37633 11953 11 19 102
37634 11954 11 20 102
37636 11955 11 21 102
37638 11956 11 22 102
37640 11957 11 23 102
37641 11958 11 24 102
37643 11959 11 25 102
37644 11960 11 26 102
37645 11961 11 27 102
37646 11962 11 28 102
37647 11963 11 29 102
37648 11964 11 30 102
37650 11965 11 31 102
37651 11966 11 32 102
37652 11967 11 33 102
37653 11968 11 34 102
37654 11969 11 35 102
37656 11970 11 36 102
37657 11971 11 37 102
37658 11972 11 38 102
37659 11973 11 39 102
37661 11974 11 40 102
37662 11975 11 41 102
37663 11976 11 42 102
37664 11977 11 43 102
37665 11978 11 44 102
37666 11979 11 45 102
37667 11980 11 46 102
37668 11981 11 47 102
37669 11982 11 48 102
37670 11983 11 49 102
37671 11984 11 50 102
37672 11985 11 51 102
37673 11986 11 52 102
37674 11987 11 53 102
37675 11988 11 54 102
37677 11989 11 55 102
37678 11990 11 56 102
37679 11991 11 57 102
37683 11992 11 58 102
37684 11993 11 59 102
37685 11994 11 60 102
37686 11995 11 61 102
37688 11996 11 62 102
37689 11997 11 63 102
37692 11998 11 64 102
37702 11999 11 65 102
37703 12000 11 66 102
37705 12001 11 67 102
37706 12002 11 68 102
37707 12003 11 69 102
37708 12004 11 70 102
37709 12005 11 71 102
37710 12006 11 72 102
37711 12007 11 73 102
37712 12008 11 74 102
37713 12009 11 75 102
37714 12010 11 76 102
37716 12011 11 77 102
37717 12012 11 78 102
37718 12013 11 79 102
37719 12014 11 80 102
37720 12015 11 81 102
37721 12016 11 82 102
37722 12017 11 83 102
37723 12018 11 84 102
37724 12019 11 85 102
37726 12020 11 86 102
37728 12021 11 87 102
37729 12022 11 88 102
37731 12023 11 89 102
37732 12024 11 90 102
37733 12025 11 91 102
37735 12026 11 92 102
37738 12027 11 93 102
37740 12028 11 94 102
37741 12029 11 95 102
37744 12030 11 96 102
37745 12031 11 97 102
37749 12032 11 98 102
37750 12033 11 99 102
37751 12034 11 100 102
37753 12035 11 101 102
37754 12036 11 102 102
37755 12037 11 103 102
37756 12038 11 104 102
37758 12039 11 105 102
37760 12040 11 106 102
37762 12041 11 107 102
37763 12042 11 108 102
37768 12043 11 109 102
37769 12044 11 110 102
37770 12045 11 111 102
37772 12046 11 112 102
37773 12047 11 113 102
37774 12048 11 114 102
37775 12049 11 115 102
37777 12050 11 116 102
37778 12051 11 0 103
37780 12052 11 1 103
37781 12053 11 2 103
37782 12054 11 3 103
37783 12055 11 4 103
37784 12056 11 5 103
37785 12057 11 6 103
37786 12058 11 7 103
37787 12059 11 8 103
37789 12060 11 9 103
37790 12061 11 10 103
37791 12062 11 11 103
37793 12063 11 12 103
37794 12064 11 13 103
37795 12065 11 14 103
37796 12066 11 15 103
37797 12067 11 16 103
37798 12068 11 17 103
37799 12069 11 18 103
37800 12070 11 19 103
37801 12071 11 20 103
37802 12072 11 21 103
37804 12073 11 22 103
37806 12074 11 23 103
37807 12075 11 24 103
37808 12076 11 25 103
37809 12077 11 26 103
37810 12078 11 27 103
37811 12079 11 28 103
37812 12080 11 29 103
37813 12081 11 30 103
37815 12082 11 31 103
37824 12083 11 32 103
37826 12084 11 33 103
37827 12085 11 34 103
37828 12086 11 35 103
37831 12087 11 36 103
37832 12088 11 37 103
37834 12089 11 38 103
37836 12090 11 39 103
37837 12091 11 40 103
37838 12092 11 41 103
37839 12093 11 42 103
37840 12094 11 43 103
37841 12095 11 44 103
37842 12096 11 45 103
37844 12097 11 46 103
37845 12098 11 47 103
37846 12099 11 48 103
37847 12100 11 49 103
37848 12101 11 50 103
37849 12102 11 51 103
37850 12103 11 52 103
37852 12104 11 53 103
37853 12105 11 54 103
37854 12106 11 55 103
37855 12107 11 56 103
37857 12108 11 57 103
37858 12109 11 58 103
37859 12110 11 59 103
37860 12111 11 60 103
37862 12112 11 61 103
37863 12113 11 62 103
37864 12114 11 63 103
37868 12115 11 64 103
37870 12116 11 65 103
37877 12117 11 66 103
37878 12118 11 67 103
37879 12119 11 68 103
37880 12120 11 69 103
37881 12121 11 70 103
37882 12122 11 71 103
37883 12123 11 72 103
37884 12124 11 73 103
37885 12125 11 74 103
37886 12126 11 75 103
37887 12127 11 76 103
37888 12128 11 77 103
37891 12129 11 78 103
37894 12130 11 79 103
37895 12131 11 80 103
37897 12132 11 81 103
37898 12133 11 82 103
37899 12134 11 83 103
37900 12135 11 84 103
37901 12136 11 85 103
37902 12137 11 86 103
37903 12138 11 87 103
37904 12139 11 88 103
37905 12140 11 89 103
37906 12141 11 90 103
37907 12142 11 91 103
37908 12143 11 92 103
37909 12144 11 93 103
37910 12145 11 94 103
37912 12146 11 95 103
37913 12147 11 96 103
37920 12148 11 97 103
37928 12149 11 98 103
37929 12150 11 99 103
37930 12151 11 100 103
37931 12152 11 101 103
37932 12153 11 102 103
37934 12154 11 103 103
37936 12155 11 104 103
37937 12156 11 105 103
37938 12157 11 106 103
37939 12158 11 107 103
37941 12159 11 108 103
37942 12160 11 109 103
37943 12161 11 110 103
37944 12162 11 111 103
37945 12163 11 112 103
37946 12164 11 113 103
37947 12165 11 114 103
37948 12166 11 115 103
37949 12167 11 116 103
37951 12168 11 0 104
37952 12169 11 1 104
37956 12170 11 2 104
37957 12171 11 3 104
37958 12172 11 4 104
37959 12173 11 5 104
37960 12174 11 6 104
37961 12175 11 7 104
37962 12176 11 8 104
37963 12177 11 9 104
37964 12178 11 10 104
37967 12179 11 11 104
37968 12180 11 12 104
37969 12181 11 13 104
37970 12182 11 14 104
37973 12183 11 15 104
37975 12184 11 16 104
37981 12185 11 17 104
37982 12186 11 18 104
37984 12187 11 19 104
37986 12188 11 20 104
37987 12189 11 21 104
37988 12190 11 22 104
37992 12191 11 23 104
37993 12192 11 24 104
37994 12193 11 25 104
37995 12194 11 26 104
37997 12195 11 27 104
37998 12196 11 28 104
37999 12197 11 29 104
38000 12198 11 30 104
38001 12199 11 31 104
38002 12200 11 32 104
38003 12201 11 33 104
38004 12202 11 34 104
38005 12203 11 35 104
38006 12204 11 36 104
38007 12205 11 37 104
38008 12206 11 38 104
38012 12207 11 39 104
38013 12208 11 40 104
38014 12209 11 41 104
38015 12210 11 42 104
38016 12211 11 43 104
38017 12212 11 44 104
38018 12213 11 45 104
38019 12214 11 46 104
38263 12215 11 47 104
38266 12216 11 48 104
38267 12217 11 49 104
38268 12218 11 50 104
38269 12219 11 51 104
38272 12220 11 52 104
38274 12221 11 53 104
38275 12222 11 54 104
38278 12223 11 55 104
38280 12224 11 56 104
38281 12225 11 57 104
38283 12226 11 58 104
38284 12227 11 59 104
38285 12228 11 60 104
38286 12229 11 61 104
38287 12230 11 62 104
38288 12231 11 63 104
38289 12232 11 64 104
38290 12233 11 65 104
38291 12234 11 66 104
38292 12235 11 67 104
38296 12236 11 68 104
38299 12237 11 69 104
38300 12238 11 70 104
38302 12239 11 71 104
38303 12240 11 72 104
38305 12241 11 73 104
38307 12242 11 74 104
38308 12243 11 75 104
38309 12244 11 76 104
38312 12245 11 77 104
38313 12246 11 78 104
38315 12247 11 79 104
38316 12248 11 80 104
38317 12249 11 81 104
38318 12250 11 82 104
38320 12251 11 83 104
38321 12252 11 84 104
38325 12253 11 85 104
38326 12254 11 86 104
38327 12255 11 87 104
38329 12256 11 88 104
38330 12257 11 89 104
38331 12258 11 90 104
38332 12259 11 91 104
38333 12260 11 92 104
38334 12261 11 93 104
38335 12262 11 94 104
38336 12263 11 95 104
38339 12264 11 96 104
38341 12265 11 97 104
38342 12266 11 98 104
38343 12267 11 99 104
38344 12268 11 100 104
38345 12269 11 101 104
38346 12270 11 102 104
38347 12271 11 103 104
38348 12272 11 104 104
38349 12273 11 105 104
38352 12274 11 106 104
38353 12275 11 107 104
38354 12276 11 108 104
38355 12277 11 109 104
38356 12278 11 110 104
38357 12279 11 111 104
38358 12280 11 112 104
38362 12281 11 113 104
38363 12282 11 114 104
38364 12283 11 115 104
38366 12284 11 116 104
38367 12285 11 0 105
38368 12286 11 1 105
38369 12287 11 2 105
38370 12288 11 3 105
38371 12289 11 4 105
38372 12290 11 5 105
38373 12291 11 6 105
38428 12292 11 7 105
38430 12293 11 8 105
38432 12294 11 9 105
38433 12295 11 10 105
38434 12296 11 11 105
38435 12297 11 12 105
38436 12298 11 13 105
38440 12299 11 14 105
38442 12300 11 15 105
38444 12301 11 16 105
38445 12302 11 17 105
38446 12303 11 18 105
38447 12304 11 19 105
38448 12305 11 20 105
38449 12306 11 21 105
38450 12307 11 22 105
38457 12308 11 23 105
38458 12309 11 24 105
38459 12310 11 25 105
38460 12311 11 26 105
38461 12312 11 27 105
38463 12313 11 28 105
38464 12314 11 29 105
38466 12315 11 30 105
38467 12316 11 31 105
38468 12317 11 32 105
38474 12318 11 33 105
38475 12319 11 34 105
38476 12320 11 35 105
38477 12321 11 36 105
38478 12322 11 37 105
38479 12323 11 38 105
38480 12324 11 39 105
38481 12325 11 40 105
38483 12326 11 41 105
38484 12327 11 42 105
38488 12328 11 43 105
38491 12329 11 44 105
38492 12330 11 45 105
38493 12331 11 46 105
38494 12332 11 47 105
38495 12333 11 48 105
38497 12334 11 49 105
38498 12335 11 50 105
38499 12336 11 51 105
38500 12337 11 52 105
38506 12338 11 53 105
38507 12339 11 54 105
38508 12340 11 55 105
38509 12341 11 56 105
38511 12342 11 57 105
38512 12343 11 58 105
38513 12344 11 59 105
38514 12345 11 60 105
38515 12346 11 61 105
38516 12347 11 62 105
38517 12348 11 63 105
38518 12349 11 64 105
38519 12350 11 65 105
38520 12351 11 66 105
38524 12352 11 67 105
38525 12353 11 68 105
38526 12354 11 69 105
38528 12355 11 70 105
38531 12356 11 71 105
38532 12357 11 72 105
38533 12358 11 73 105
38534 12359 11 74 105
38535 12360 11 75 105
38536 12361 11 76 105
38537 12362 11 77 105
38538 12363 11 78 105
38539 12364 11 79 105
38541 12365 11 80 105
38542 12366 11 81 105
38545 12367 11 82 105
38546 12368 11 83 105
38547 12369 11 84 105
38548 12370 11 85 105
38549 12371 11 86 105
38551 12372 11 87 105
38552 12373 11 88 105
38553 12374 11 89 105
38555 12375 11 90 105
38556 12376 11 91 105
38558 12377 11 92 105
38561 12378 11 93 105
38562 12379 11 94 105
38564 12380 11 95 105
38567 12381 11 96 105
38568 12382 11 97 105
38569 12383 11 98 105
38570 12384 11 99 105
38572 12385 11 100 105
38574 12386 11 101 105
38576 12387 11 102 105
38577 12388 11 103 105
38579 12389 11 104 105
38580 12390 11 105 105
38584 12391 11 106 105
38585 12392 11 107 105
38587 12393 11 108 105
38588 12394 11 109 105
38591 12395 11 110 105
38592 12396 11 111 105
38593 12397 11 112 105
38594 12398 11 113 105
38595 12399 11 114 105
38596 12400 11 115 105
38597 12401 11 116 105
38598 12402 11 0 106
38599 12403 11 1 106
38600 12404 11 2 106
38601 12405 11 3 106
38602 12406 11 4 106
38603 12407 11 5 106
38604 12408 11 6 106
38605 12409 11 7 106
38606 12410 11 8 106
38610 12411 11 9 106
38611 12412 11 10 106
38612 12413 11 11 106
38613 12414 11 12 106
38614 12415 11 13 106
38615 12416 11 14 106
38616 12417 11 15 106
38617 12418 11 16 106
38618 12419 11 17 106
38619 12420 11 18 106
38620 12421 11 19 106
38621 12422 11 20 106
38622 12423 11 21 106
38623 12424 11 22 106
38625 12425 11 23 106
38626 12426 11 24 106
38627 12427 11 25 106
38629 12428 11 26 106
38632 12429 11 27 106
38633 12430 11 28 106
38634 12431 11 29 106
38639 12432 11 30 106
38640 12433 11 31 106
38641 12434 11 32 106
38642 12435 11 33 106
38645 12436 11 34 106
38646 12437 11 35 106
38647 12438 11 36 106
38648 12439 11 37 106
38649 12440 11 38 106
38650 12441 11 39 106
38651 12442 11 40 106
38653 12443 11 41 106
38655 12444 11 42 106
38656 12445 11 43 106
38658 12446 11 44 106
38660 12447 11 45 106
38661 12448 11 46 106
38662 12449 11 47 106
38663 12450 11 48 106
38664 12451 11 49 106
38665 12452 11 50 106
38667 12453 11 51 106
38669 12454 11 52 106
38670 12455 11 53 106
38671 12456 11 54 106
38672 12457 11 55 106
38673 12458 11 56 106
38674 12459 11 57 106
38675 12460 11 58 106
38678 12461 11 59 106
38680 12462 11 60 106
38681 12463 11 61 106
38684 12464 11 62 106
38685 12465 11 63 106
38686 12466 11 64 106
38687 12467 11 65 106
38688 12468 11 66 106
38690 12469 11 67 106
38691 12470 11 68 106
38692 12471 11 69 106
38693 12472 11 70 106
38694 12473 11 71 106
38695 12474 11 72 106
38696 12475 11 73 106
38697 12476 11 74 106
38698 12477 11 75 106
38699 12478 11 76 106
38700 12479 11 77 106
38702 12480 11 78 106
38703 12481 11 79 106
38704 12482 11 80 106
38706 12483 11 81 106
38709 12484 11 82 106
38712 12485 11 83 106
38713 12486 11 84 106
38714 12487 11 85 106
38717 12488 11 86 106
38718 12489 11 87 106
38719 12490 11 88 106
38722 12491 11 89 106
38723 12492 11 90 106
38724 12493 11 91 106
38726 12494 11 92 106
38727 12495 11 93 106
38728 12496 11 94 106
38729 12497 11 95 106
38731 12498 11 96 106
38738 12499 11 97 106
38742 12500 11 98 106
38744 12501 11 99 106
38746 12502 11 100 106
38747 12503 11 101 106
38748 12504 11 102 106
38750 12505 11 103 106
38752 12506 11 104 106
38753 12507 11 105 106
38754 12508 11 106 106
38758 12509 11 107 106
38760 12510 11 108 106
38761 12511 11 109 106
38762 12512 11 110 106
38764 12513 11 111 106
38766 12514 11 112 106
38768 12515 11 113 106
38770 12516 11 114 106
38771 12517 11 115 106
38772 12518 11 116 106
38774 12519 11 0 107
38775 12520 11 1 107
38776 12521 11 2 107
38778 12522 11 3 107
38779 12523 11 4 107
38780 12524 11 5 107
38781 12525 11 6 107
38782 12526 11 7 107
38783 12527 11 8 107
38784 12528 11 9 107
38785 12529 11 10 107
38786 12530 11 11 107
38787 12531 11 12 107
38788 12532 11 13 107
38789 12533 11 14 107
38792 12534 11 15 107
38794 12535 11 16 107
38795 12536 11 17 107
38797 12537 11 18 107
38798 12538 11 19 107
38799 12539 11 20 107
38804 12540 11 21 107
38807 12541 11 22 107
38808 12542 11 23 107
38809 12543 11 24 107
38810 12544 11 25 107
38812 12545 11 26 107
38813 12546 11 27 107
38814 12547 11 28 107
38816 12548 11 29 107
38817 12549 11 30 107
38818 12550 11 31 107
38819 12551 11 32 107
38820 12552 11 33 107
38821 12553 11 34 107
38822 12554 11 35 107
38824 12555 11 36 107
38826 12556 11 37 107
38827 12557 11 38 107
38828 12558 11 39 107
38829 12559 11 40 107
38830 12560 11 41 107
38835 12561 11 42 107
38838 12562 11 43 107
38839 12563 11 44 107
38841 12564 11 45 107
38843 12565 11 46 107
38847 12566 11 47 107
38849 12567 11 48 107
38851 12568 11 49 107
38852 12569 11 50 107
38853 12570 11 51 107
38854 12571 11 52 107
38855 12572 11 53 107
38857 12573 11 54 107
38859 12574 11 55 107
38860 12575 11 56 107
38861 12576 11 57 107
38862 12577 11 58 107
38863 12578 11 59 107
38864 12579 11 60 107
38867 12580 11 61 107
38868 12581 11 62 107
38869 12582 11 63 107
38870 12583 11 64 107
38871 12584 11 65 107
38872 12585 11 66 107
38873 12586 11 67 107
38876 12587 11 68 107
38877 12588 11 69 107
38878 12589 11 70 107
38879 12590 11 71 107
38881 12591 11 72 107
38883 12592 11 73 107
38885 12593 11 74 107
38893 12594 11 75 107
38896 12595 11 76 107
38897 12596 11 77 107
38899 12597 11 78 107
38902 12598 11 79 107
38904 12599 11 80 107
38905 12600 11 81 107
38906 12601 11 82 107
38907 12602 11 83 107
38909 12603 11 84 107
38910 12604 11 85 107
38911 12605 11 86 107
38912 12606 11 87 107
38913 12607 11 88 107
38914 12608 11 89 107
38915 12609 11 90 107
38916 12610 11 91 107
38917 12611 11 92 107
38918 12612 11 93 107
38919 12613 11 94 107
38920 12614 11 95 107
38922 12615 11 96 107
38924 12616 11 97 107
38925 12617 11 98 107
38926 12618 11 99 107
38927 12619 11 100 107
38928 12620 11 101 107
38929 12621 11 102 107
38930 12622 11 103 107
38931 12623 11 104 107
38934 12624 11 105 107
38935 12625 11 106 107
38936 12626 11 107 107
38939 12627 11 108 107
38940 12628 11 109 107
38941 12629 11 110 107
38942 12630 11 111 107
38944 12631 11 112 107
38945 12632 11 113 107
38948 12633 11 114 107
38950 12634 11 115 107
38951 12635 11 116 107
38952 12636 11 0 108
38953 12637 11 1 108
38955 12638 11 2 108
38957 12639 11 3 108
38959 12640 11 4 108
38960 12641 11 5 108
38962 12642 11 6 108
38965 12643 11 7 108
38967 12644 11 8 108
38968 12645 11 9 108
38969 12646 11 10 108
38971 12647 11 11 108
38977 12648 11 12 108
38979 12649 11 13 108
38980 12650 11 14 108
38981 12651 11 15 108
38982 12652 11 16 108
38984 12653 11 17 108
38985 12654 11 18 108
38986 12655 11 19 108
38988 12656 11 20 108
38989 12657 11 21 108
38990 12658 11 22 108
38991 12659 11 23 108
38992 12660 11 24 108
38993 12661 11 25 108
38994 12662 11 26 108
38995 12663 11 27 108
38999 12664 11 28 108
39000 12665 11 29 108
39001 12666 11 30 108
39003 12667 11 31 108
39004 12668 11 32 108
39005 12669 11 33 108
39006 12670 11 34 108
39007 12671 11 35 108
39008 12672 11 36 108
39010 12673 11 37 108
39011 12674 11 38 108
39012 12675 11 39 108
39013 12676 11 40 108
39015 12677 11 41 108
39017 12678 11 42 108
39018 12679 11 43 108
39019 12680 11 44 108
39023 12681 11 45 108
39024 12682 11 46 108
39025 12683 11 47 108
39026 12684 11 48 108
39027 12685 11 49 108
39028 12686 11 50 108
39080 12687 11 51 108
39081 12688 11 52 108
39084 12689 11 53 108
39085 12690 11 54 108
39086 12691 11 55 108
39087 12692 11 56 108
39089 12693 11 57 108
39090 12694 11 58 108
39091 12695 11 59 108
39094 12696 11 60 108
39096 12697 11 61 108
39098 12698 11 62 108
39099 12699 11 63 108
39100 12700 11 64 108
39101 12701 11 65 108
39102 12702 11 66 108
39103 12703 11 67 108
39104 12704 11 68 108
39105 12705 11 69 108
39106 12706 11 70 108
39108 12707 11 71 108
39110 12708 11 72 108
39113 12709 11 73 108
39115 12710 11 74 108
39116 12711 11 75 108
39131 12712 11 76 108
39135 12713 11 77 108
39138 12714 11 78 108
39139 12715 11 79 108
39141 12716 11 80 108
39143 12717 11 81 108
39145 12718 11 82 108
39146 12719 11 83 108
39147 12720 11 84 108
39149 12721 11 85 108
39151 12722 11 86 108
39154 12723 11 87 108
39156 12724 11 88 108
39158 12725 11 89 108
39161 12726 11 90 108
39162 12727 11 91 108
39164 12728 11 92 108
39165 12729 11 93 108
39166 12730 11 94 108
39168 12731 11 95 108
39170 12732 11 96 108
39171 12733 11 97 108
39173 12734 11 98 108
39175 12735 11 99 108
39176 12736 11 100 108
39177 12737 11 101 108
39178 12738 11 102 108
39180 12739 11 103 108
39184 12740 11 104 108
39185 12741 11 105 108
39186 12742 11 106 108
39187 12743 11 107 108
39188 12744 11 108 108
39189 12745 11 109 108
39190 12746 11 110 108
39191 12747 11 111 108
39192 12748 11 112 108
39194 12749 11 113 108
39195 12750 11 114 108
39198 12751 11 115 108
39199 12752 11 116 108
39201 12753 11 0 109
39204 12754 11 1 109
39205 12755 11 2 109
39207 12756 11 3 109
39208 12757 11 4 109
39209 12758 11 5 109
39210 12759 11 6 109
39211 12760 11 7 109
39212 12761 11 8 109
39213 12762 11 9 109
39214 12763 11 10 109
39215 12764 11 11 109
39216 12765 11 12 109
39217 12766 11 13 109
39218 12767 11 14 109
39219 12768 11 15 109
39221 12769 11 16 109
39226 12770 11 17 109
39228 12771 11 18 109
39229 12772 11 19 109
39230 12773 11 20 109
39231 12774 11 21 109
39233 12775 11 22 109
39235 12776 11 23 109
39237 12777 11 24 109
39239 12778 11 25 109
39240 12779 11 26 109
39241 12780 11 27 109
39243 12781 11 28 109
39244 12782 11 29 109
39246 12783 11 30 109
39248 12784 11 31 109
39249 12785 11 32 109
39250 12786 11 33 109
39251 12787 11 34 109
39252 12788 11 35 109
39253 12789 11 36 109
39254 12790 11 37 109
39255 12791 11 38 109
39256 12792 11 39 109
39257 12793 11 40 109
39259 12794 11 41 109
39260 12795 11 42 109
39262 12796 11 43 109
39263 12797 11 44 109
39265 12798 11 45 109
39318 12799 11 46 109
39319 12800 11 47 109
39320 12801 11 48 109
39321 12802 11 49 109
39324 12803 11 50 109
39325 12804 11 51 109
39326 12805 11 52 109
39329 12806 11 53 109
39331 12807 11 54 109
39333 12808 11 55 109
39334 12809 11 56 109
39335 12810 11 57 109
39336 12811 11 58 109
39339 12812 11 59 109
39340 12813 11 60 109
39341 12814 11 61 109
39342 12815 11 62 109
39343 12816 11 63 109
39344 12817 11 64 109
39345 12818 11 65 109
39346 12819 11 66 109
39347 12820 11 67 109
39348 12821 11 68 109
39349 12822 11 69 109
39353 12823 11 70 109
39354 12824 11 71 109
39355 12825 11 72 109
39357 12826 11 73 109
39361 12827 11 74 109
39362 12828 11 75 109
39363 12829 11 76 109
39367 12830 11 77 109
39369 12831 11 78 109
39371 12832 11 79 109
39372 12833 11 80 109
39373 12834 11 81 109
39374 12835 11 82 109
39375 12836 11 83 109
39376 12837 11 84 109
39377 12838 11 85 109
39378 12839 11 86 109
39379 12840 11 87 109
39380 12841 11 88 109
39381 12842 11 89 109
39382 12843 11 90 109
39383 12844 11 91 109
39384 12845 11 92 109
39385 12846 11 93 109
39387 12847 11 94 109
39388 12848 11 95 109
39389 12849 11 96 109
39391 12850 11 97 109
39394 12851 11 98 109
39395 12852 11 99 109
39396 12853 11 100 109
39397 12854 11 101 109
39399 12855 11 102 109
39401 12856 11 103 109
39402 12857 11 104 109
39404 12858 11 105 109
39405 12859 11 106 109
39406 12860 11 107 109
39408 12861 11 108 109
39409 12862 11 109 109
39412 12863 11 110 109
39414 12864 11 111 109
39415 12865 11 112 109
39416 12866 11 113 109
39417 12867 11 114 109
39418 12868 11 115 109
39419 12869 11 116 109
39420 12870 11 0 110
39421 12871 11 1 110
39422 12872 11 2 110
39423 12873 11 3 110
39425 12874 11 4 110
39426 12875 11 5 110
39427 12876 11 6 110
39428 12877 11 7 110
39429 12878 11 8 110
39430 12879 11 9 110
39431 12880 11 10 110
39433 12881 11 11 110
39434 12882 11 12 110
39435 12883 11 13 110
39437 12884 11 14 110
39438 12885 11 15 110
39439 12886 11 16 110
39441 12887 11 17 110
39444 12888 11 18 110
39445 12889 11 19 110
39446 12890 11 20 110
39449 12891 11 21 110
39450 12892 11 22 110
39451 12893 11 23 110
39452 12894 11 24 110
39453 12895 11 25 110
39454 12896 11 26 110
39456 12897 11 27 110
39458 12898 11 28 110
39459 12899 11 29 110
39460 12900 11 30 110
39461 12901 11 31 110
39463 12902 11 32 110
39465 12903 11 33 110
39466 12904 11 34 110
39467 12905 11 35 110
39468 12906 11 36 110
39469 12907 11 37 110
39470 12908 11 38 110
39472 12909 11 39 110
39473 12910 11 40 110
39474 12911 11 41 110
39476 12912 11 42 110
39477 12913 11 43 110
39478 12914 11 44 110
39479 12915 11 45 110
39480 12916 11 46 110
39481 12917 11 47 110
39482 12918 11 48 110
39485 12919 11 49 110
39486 12920 11 50 110
39487 12921 11 51 110
39488 12922 11 52 110
39489 12923 11 53 110
39490 12924 11 54 110
39491 12925 11 55 110
39492 12926 11 56 110
39493 12927 11 57 110
39494 12928 11 58 110
39496 12929 11 59 110
39497 12930 11 60 110
39498 12931 11 61 110
39500 12932 11 62 110
39501 12933 11 63 110
39502 12934 11 64 110
39503 12935 11 65 110
39504 12936 11 66 110
39506 12937 11 67 110
39507 12938 11 68 110
39508 12939 11 69 110
39509 12940 11 70 110
39510 12941 11 71 110
39511 12942 11 72 110
39513 12943 11 73 110
39514 12944 11 74 110
39515 12945 11 75 110
39518 12946 11 76 110
39519 12947 11 77 110
39520 12948 11 78 110
39522 12949 11 79 110
39524 12950 11 80 110
39525 12951 11 81 110
39526 12952 11 82 110
39527 12953 11 83 110
39528 12954 11 84 110
39529 12955 11 85 110
39530 12956 11 86 110
39531 12957 11 87 110
39592 12958 11 88 110
39595 12959 11 89 110
39597 12960 11 90 110
39599 12961 11 91 110
39600 12962 11 92 110
39601 12963 11 93 110
39603 12964 11 94 110
39604 12965 11 95 110
39607 12966 11 96 110
39608 12967 11 97 110
39609 12968 11 98 110
39611 12969 11 99 110
39612 12970 11 100 110
39614 12971 11 101 110
39615 12972 11 102 110
39616 12973 11 103 110
39617 12974 11 104 110
39618 12975 11 105 110
39622 12976 11 106 110
39623 12977 11 107 110
39626 12978 11 108 110
39629 12979 11 109 110
39631 12980 11 110 110
39632 12981 11 111 110
39633 12982 11 112 110
39634 12983 11 113 110
39635 12984 11 114 110
39636 12985 11 115 110
39637 12986 11 116 110
39638 12987 11 0 111
39640 12988 11 1 111
39644 12989 11 2 111
39647 12990 11 3 111
39649 12991 11 4 111
39651 12992 11 5 111
39654 12993 11 6 111
39655 12994 11 7 111
39659 12995 11 8 111
39660 12996 11 9 111
39661 12997 11 10 111
39662 12998 11 11 111
39663 12999 11 12 111
39665 13000 11 13 111
39666 13001 11 14 111
39667 13002 11 15 111
39670 13003 11 16 111
39671 13004 11 17 111
39673 13005 11 18 111
39674 13006 11 19 111
39675 13007 11 20 111
39676 13008 11 21 111
39677 13009 11 22 111
39678 13010 11 23 111
39681 13011 11 24 111
39683 13012 11 25 111
39684 13013 11 26 111
39685 13014 11 27 111
39686 13015 11 28 111
39688 13016 11 29 111
39690 13017 11 30 111
39691 13018 11 31 111
39692 13019 11 32 111
39693 13020 11 33 111
39694 13021 11 34 111
39696 13022 11 35 111
39697 13023 11 36 111
39698 13024 11 37 111
39701 13025 11 38 111
39702 13026 11 39 111
39703 13027 11 40 111
39704 13028 11 41 111
39705 13029 11 42 111
39706 13030 11 43 111
39710 13031 11 44 111
39711 13032 11 45 111
39712 13033 11 46 111
39714 13034 11 47 111
39715 13035 11 48 111
39716 13036 11 49 111
39717 13037 11 50 111
39719 13038 11 51 111
39720 13039 11 52 111
39721 13040 11 53 111
39723 13041 11 54 111
39726 13042 11 55 111
39727 13043 11 56 111
39729 13044 11 57 111
39730 13045 11 58 111
39731 13046 11 59 111
39733 13047 11 60 111
39735 13048 11 61 111
39738 13049 11 62 111
39739 13050 11 63 111
39740 13051 11 64 111
39742 13052 11 65 111
39743 13053 11 66 111
39745 13054 11 67 111
39746 13055 11 68 111
39747 13056 11 69 111
39748 13057 11 70 111
39749 13058 11 71 111
39750 13059 11 72 111
39752 13060 11 73 111
39754 13061 11 74 111
39755 13062 11 75 111
39756 13063 11 76 111
39757 13064 11 77 111
39758 13065 11 78 111
39759 13066 11 79 111
39761 13067 11 80 111
39762 13068 11 81 111
39764 13069 11 82 111
39765 13070 11 83 111
39766 13071 11 84 111
39768 13072 11 85 111
39769 13073 11 86 111
39770 13074 11 87 111
39771 13075 11 88 111
39775 13076 11 89 111
39776 13077 11 90 111
39777 13078 11 91 111
39780 13079 11 92 111
39782 13080 11 93 111
39783 13081 11 94 111
39784 13082 11 95 111
39788 13083 11 96 111
39791 13084 11 97 111
39792 13085 11 98 111
39793 13086 11 99 111
39796 13087 11 100 111
39797 13088 11 101 111
39798 13089 11 102 111
39799 13090 11 103 111
39802 13091 11 104 111
39803 13092 11 105 111
39804 13093 11 106 111
39805 13094 11 107 111
39806 13095 11 108 111
39808 13096 11 109 111
39810 13097 11 110 111
39813 13098 11 111 111
39814 13099 11 112 111
39815 13100 11 113 111
39816 13101 11 114 111
39824 13102 11 115 111
39825 13103 11 116 111
39826 13104 11 0 112
39827 13105 11 1 112
39829 13106 11 2 112
39834 13107 11 3 112
39835 13108 11 4 112
39838 13109 11 5 112
39840 13110 11 6 112
39841 13111 11 7 112
39842 13112 11 8 112
39844 13113 11 9 112
39845 13114 11 10 112
39846 13115 11 11 112
39848 13116 11 12 112
39850 13117 11 13 112
39851 13118 11 14 112
39853 13119 11 15 112
39854 13120 11 16 112
39855 13121 11 17 112
39861 13122 11 18 112
39862 13123 11 19 112
39864 13124 11 20 112
39865 13125 11 21 112
39869 13126 11 22 112
39871 13127 11 23 112
39872 13128 11 24 112
39873 13129 11 25 112
39875 13130 11 26 112
39876 13131 11 27 112
39878 13132 11 28 112
39879 13133 11 29 112
39880 13134 11 30 112
39881 13135 11 31 112
39882 13136 11 32 112
39891 13137 11 33 112
39892 13138 11 34 112
39893 13139 11 35 112
39894 13140 11 36 112
39895 13141 11 37 112
39897 13142 11 38 112
39898 13143 11 39 112
39899 13144 11 40 112
39900 13145 11 41 112
39902 13146 11 42 112
39904 13147 11 43 112
39905 13148 11 44 112
39906 13149 11 45 112
39908 13150 11 46 112
39909 13151 11 47 112
39910 13152 11 48 112
39911 13153 11 49 112
39912 13154 11 50 112
39914 13155 11 51 112
39915 13156 11 52 112
39916 13157 11 53 112
39920 13158 11 54 112
39927 13159 11 55 112
39928 13160 11 56 112
39933 13161 11 57 112
39941 13162 11 58 112
39942 13163 11 59 112
39943 13164 11 60 112
39944 13165 11 61 112
39945 13166 11 62 112
39947 13167 11 63 112
39949 13168 11 64 112
39950 13169 11 65 112
39954 13170 11 66 112
39955 13171 11 67 112
39956 13172 11 68 112
39959 13173 11 69 112
39964 13174 11 70 112
39965 13175 11 71 112
39969 13176 11 72 112
39971 13177 11 73 112
39972 13178 11 74 112
39973 13179 11 75 112
39976 13180 11 76 112
39977 13181 11 77 112
39979 13182 11 78 112
39980 13183 11 79 112
39981 13184 11 80 112
39985 13185 11 81 112
39986 13186 11 82 112
39987 13187 11 83 112
39988 13188 11 84 112
39990 13189 11 85 112
39991 13190 11 86 112
39993 13191 11 87 112
39995 13192 11 88 112
39996 13193 11 89 112
39997 13194 11 90 112
39998 13195 11 91 112
39999 13196 11 92 112
40000 13197 11 93 112
40001 13198 11 94 112
40004 13199 11 95 112
40006 13200 11 96 112
40008 13201 11 97 112
40009 13202 11 98 112
40010 13203 11 99 112
40011 13204 11 100 112
40012 13205 11 101 112
40013 13206 11 102 112
40014 13207 11 103 112
40016 13208 11 104 112
40018 13209 11 105 112
40020 13210 11 106 112
40021 13211 11 107 112
40022 13212 11 108 112
40023 13213 11 109 112
40024 13214 11 110 112
40025 13215 11 111 112
40030 13216 11 112 112
40031 13217 11 113 112
40032 13218 11 114 112
40034 13219 11 115 112
40035 13220 11 116 112
40038 13221 11 0 113
40039 13222 11 1 113
40040 13223 11 2 113
40045 13224 11 3 113
40046 13225 11 4 113
40049 13226 11 5 113
40051 13227 11 6 113
40052 13228 11 7 113
40053 13229 11 8 113
40055 13230 11 9 113
40056 13231 11 10 113
40057 13232 11 11 113
40058 13233 11 12 113
40165 13234 11 13 113
40166 13235 11 14 113
40167 13236 11 15 113
40169 13237 11 16 113
40170 13238 11 17 113
40173 13239 11 18 113
40177 13240 11 19 113
40178 13241 11 20 113
40179 13242 11 21 113
40180 13243 11 22 113
40181 13244 11 23 113
40182 13245 11 24 113
40183 13246 11 25 113
40185 13247 11 26 113
40186 13248 11 27 113
40187 13249 11 28 113
40188 13250 11 29 113
40189 13251 11 30 113
40191 13252 11 31 113
40192 13253 11 32 113
40195 13254 11 33 113
40196 13255 11 34 113
40197 13256 11 35 113
40198 13257 11 36 113
40199 13258 11 37 113
40200 13259 11 38 113
40201 13260 11 39 113
40208 13261 11 40 113
40210 13262 11 41 113
40212 13263 11 42 113
40213 13264 11 43 113
40215 13265 11 44 113
40216 13266 11 45 113
40217 13267 11 46 113
40219 13268 11 47 113
40221 13269 11 48 113
40222 13270 11 49 113
40223 13271 11 50 113
40224 13272 11 51 113
40226 13273 11 52 113
40227 13274 11 53 113
40229 13275 11 54 113
40230 13276 11 55 113
40232 13277 11 56 113
40233 13278 11 57 113
40237 13279 11 58 113
40238 13280 11 59 113
40239 13281 11 60 113
40240 13282 11 61 113
40241 13283 11 62 113
40243 13284 11 63 113
40246 13285 11 64 113
40247 13286 11 65 113
40248 13287 11 66 113
40251 13288 11 67 113
40253 13289 11 68 113
40254 13290 11 69 113
40255 13291 11 70 113
40256 13292 11 71 113
40257 13293 11 72 113
40258 13294 11 73 113
40259 13295 11 74 113
40261 13296 11 75 113
40266 13297 11 76 113
40267 13298 11 77 113
40268 13299 11 78 113
40271 13300 11 79 113
40273 13301 11 80 113
40274 13302 11 81 113
40275 13303 11 82 113
40276 13304 11 83 113
40278 13305 11 84 113
40279 13306 11 85 113
40280 13307 11 86 113
40281 13308 11 87 113
40282 13309 11 88 113
40283 13310 11 89 113
40284 13311 11 90 113
40285 13312 11 91 113
40287 13313 11 92 113
40288 13314 11 93 113
40289 13315 11 94 113
40295 13316 11 95 113
40296 13317 11 96 113
40297 13318 11 97 113
40298 13319 11 98 113
40299 13320 11 99 113
40300 13321 11 100 113
40303 13322 11 101 113
40304 13323 11 102 113
40305 13324 11 103 113
40306 13325 11 104 113
40307 13326 11 105 113
40308 13327 11 106 113
40309 13328 11 107 113
40311 13329 11 108 113
40312 13330 11 109 113
40313 13331 11 110 113
40315 13332 11 111 113
40317 13333 11 112 113
40319 13334 11 113 113
40320 13335 11 114 113
40321 13336 11 115 113
40322 13337 11 116 113
40324 13338 11 0 114
40325 13339 11 1 114
40326 13340 11 2 114
40327 13341 11 3 114
40328 13342 11 4 114
40329 13343 11 5 114
40330 13344 11 6 114
40331 13345 11 7 114
40332 13346 11 8 114
40336 13347 11 9 114
40338 13348 11 10 114
40340 13349 11 11 114
40342 13350 11 12 114
40343 13351 11 13 114
40344 13352 11 14 114
40345 13353 11 15 114
40346 13354 11 16 114
40347 13355 11 17 114
40348 13356 11 18 114
40349 13357 11 19 114
40350 13358 11 20 114
40351 13359 11 21 114
40352 13360 11 22 114
40353 13361 11 23 114
40354 13362 11 24 114
40355 13363 11 25 114
40356 13364 11 26 114
40358 13365 11 27 114
40359 13366 11 28 114
40360 13367 11 29 114
40361 13368 11 30 114
40362 13369 11 31 114
40364 13370 11 32 114
40365 13371 11 33 114
40367 13372 11 34 114
40369 13373 11 35 114
40370 13374 11 36 114
40371 13375 11 37 114
40372 13376 11 38 114
40373 13377 11 39 114
40374 13378 11 40 114
40375 13379 11 41 114
40376 13380 11 42 114
40377 13381 11 43 114
40378 13382 11 44 114
40379 13383 11 45 114
40380 13384 11 46 114
40382 13385 11 47 114
40383 13386 11 48 114
40385 13387 11 49 114
40386 13388 11 50 114
40387 13389 11 51 114
40389 13390 11 52 114
40391 13391 11 53 114
40392 13392 11 54 114
40394 13393 11 55 114
40395 13394 11 56 114
40396 13395 11 57 114
40397 13396 11 58 114
40398 13397 11 59 114
40399 13398 11 60 114
40400 13399 11 61 114
40401 13400 11 62 114
40402 13401 11 63 114
40403 13402 11 64 114
40405 13403 11 65 114
40406 13404 11 66 114
40407 13405 11 67 114
40408 13406 11 68 114
40409 13407 11 69 114
40410 13408 11 70 114
40411 13409 11 71 114
40412 13410 11 72 114
40413 13411 11 73 114
40414 13412 11 74 114
40415 13413 11 75 114
40417 13414 11 76 114
40418 13415 11 77 114
40419 13416 11 78 114
40420 13417 11 79 114
40421 13418 11 80 114
40422 13419 11 81 114
40424 13420 11 82 114
40425 13421 11 83 114
40427 13422 11 84 114
40428 13423 11 85 114
40429 13424 11 86 114
40430 13425 11 87 114
40431 13426 11 88 114
40432 13427 11 89 114
40434 13428 11 90 114
40435 13429 11 91 114
40436 13430 11 92 114
40437 13431 11 93 114
40438 13432 11 94 114
40439 13433 11 95 114
40440 13434 11 96 114
40441 13435 11 97 114
40442 13436 11 98 114
40443 13437 11 99 114
40445 13438 11 100 114
40446 13439 11 101 114
40447 13440 11 102 114
40448 13441 11 103 114
40449 13442 11 104 114
40450 13443 11 105 114
40451 13444 11 106 114
40452 13445 11 107 114
40453 13446 11 108 114
40454 13447 11 109 114
40455 13448 11 110 114
40457 13449 11 111 114
40459 13450 11 112 114
40461 13451 11 113 114
40463 13452 11 114 114
40464 13453 11 115 114
40465 13454 11 116 114
40466 13455 11 0 115
40467 13456 11 1 115
40468 13457 11 2 115
40469 13458 11 3 115
40471 13459 11 4 115
40473 13460 11 5 115
40474 13461 11 6 115
40475 13462 11 7 115
40477 13463 11 8 115
40478 13464 11 9 115
40565 13465 11 10 115
40569 13466 11 11 115
40570 13467 11 12 115
40572 13468 11 13 115
40573 13469 11 14 115
40575 13470 11 15 115
40576 13471 11 16 115
40578 13472 11 17 115
40579 13473 11 18 115
40582 13474 11 19 115
40583 13475 11 20 115
40584 13476 11 21 115
40585 13477 11 22 115
40586 13478 11 23 115
40587 13479 11 24 115
40588 13480 11 25 115
40589 13481 11 26 115
40590 13482 11 27 115
40593 13483 11 28 115
40594 13484 11 29 115
40595 13485 11 30 115
40596 13486 11 31 115
40599 13487 11 32 115
40601 13488 11 33 115
40602 13489 11 34 115
40603 13490 11 35 115
40604 13491 11 36 115
40605 13492 11 37 115
40607 13493 11 38 115
40608 13494 11 39 115
40609 13495 11 40 115
40612 13496 11 41 115
40613 13497 11 42 115
40615 13498 11 43 115
40617 13499 11 44 115
40621 13500 11 45 115
40622 13501 11 46 115
40624 13502 11 47 115
40628 13503 11 48 115
40629 13504 11 49 115
40630 13505 11 50 115
40631 13506 11 51 115
40635 13507 11 52 115
40636 13508 11 53 115
40638 13509 11 54 115
40640 13510 11 55 115
40642 13511 11 56 115
40643 13512 11 57 115
40648 13513 11 58 115
40652 13514 11 59 115
40653 13515 11 60 115
40654 13516 11 61 115
40655 13517 11 62 115
40656 13518 11 63 115
40657 13519 11 64 115
40659 13520 11 65 115
40660 13521 11 66 115
40661 13522 11 67 115
40662 13523 11 68 115
40664 13524 11 69 115
40666 13525 11 70 115
40667 13526 11 71 115
40668 13527 11 72 115
40669 13528 11 73 115
40670 13529 11 74 115
40671 13530 11 75 115
40672 13531 11 76 115
40676 13532 11 77 115
40677 13533 11 78 115
40678 13534 11 79 115
40679 13535 11 80 115
40680 13536 11 81 115
40683 13537 11 82 115
40685 13538 11 83 115
40686 13539 11 84 115
40687 13540 11 85 115
40688 13541 11 86 115
40690 13542 11 87 115
40691 13543 11 88 115
40692 13544 11 89 115
40693 13545 11 90 115
40694 13546 11 91 115
40695 13547 11 92 115
40697 13548 11 93 115
40698 13549 11 94 115
40699 13550 11 95 115
40700 13551 11 96 115
40701 13552 11 97 115
40703 13553 11 98 115
40704 13554 11 99 115
40705 13555 11 100 115
40710 13556 11 101 115
40711 13557 11 102 115
40713 13558 11 103 115
40714 13559 11 104 115
40718 13560 11 105 115
40719 13561 11 106 115
40720 13562 11 107 115
40722 13563 11 108 115
40723 13564 11 109 115
40725 13565 11 110 115
40726 13566 11 111 115
40728 13567 11 112 115
40729 13568 11 113 115
40730 13569 11 114 115
40731 13570 11 115 115
40732 13571 11 116 115
40734 13572 11 0 116
40736 13573 11 1 116
40738 13574 11 2 116
40739 13575 11 3 116
40740 13576 11 4 116
40741 13577 11 5 116
40744 13578 11 6 116
40745 13579 11 7 116
40746 13580 11 8 116
40747 13581 11 9 116
40748 13582 11 10 116
40749 13583 11 11 116
40750 13584 11 12 116
40751 13585 11 13 116
40752 13586 11 14 116
40753 13587 11 15 116
40754 13588 11 16 116
40755 13589 11 17 116
40756 13590 11 18 116
40757 13591 11 19 116
40758 13592 11 20 116
40759 13593 11 21 116
40760 13594 11 22 116
40763 13595 11 23 116
40765 13596 11 24 116
40766 13597 11 25 116
40768 13598 11 26 116
40769 13599 11 27 116
40770 13600 11 28 116
40771 13601 11 29 116
40774 13602 11 30 116
40775 13603 11 31 116
40776 13604 11 32 116
40777 13605 11 33 116
40778 13606 11 34 116
40779 13607 11 35 116
40780 13608 11 36 116
40781 13609 11 37 116
40782 13610 11 38 116
40783 13611 11 39 116
40786 13612 11 40 116
40788 13613 11 41 116
40789 13614 11 42 116
40790 13615 11 43 116
40791 13616 11 44 116
40792 13617 11 45 116
40793 13618 11 46 116
40795 13619 11 47 116
40796 13620 11 48 116
40797 13621 11 49 116
40798 13622 11 50 116
40799 13623 11 51 116
40800 13624 11 52 116
40801 13625 11 53 116
40803 13626 11 54 116
40804 13627 11 55 116
40805 13628 11 56 116
40806 13629 11 57 116
40807 13630 11 58 116
40810 13631 11 59 116
40811 13632 11 60 116
40812 13633 11 61 116
40814 13634 11 62 116
40815 13635 11 63 116
40816 13636 11 64 116
40817 13637 11 65 116
40818 13638 11 66 116
40820 13639 11 67 116
40821 13640 11 68 116
40822 13641 11 69 116
40823 13642 11 70 116
40824 13643 11 71 116
40825 13644 11 72 116
40826 13645 11 73 116
40827 13646 11 74 116
40830 13647 11 75 116
40845 13648 11 76 116
40848 13649 11 77 116
40849 13650 11 78 116
40850 13651 11 79 116
40852 13652 11 80 116
40853 13653 11 81 116
40856 13654 11 82 116
40860 13655 11 83 116
40864 13656 11 84 116
40866 13657 11 85 116
40868 13658 11 86 116
64012 13659 11 87 116
64013 13660 11 88 116
65072 13661 11 89 116
65073 13662 11 90 116
65075 13663 11 91 116
65076 13664 11 92 116
65077 13665 11 93 116
65078 13666 11 94 116
65079 13667 11 95 116
65080 13668 11 96 116
65081 13669 11 97 116
65082 13670 11 98 116
65083 13671 11 99 116
65084 13672 11 100 116
65085 13673 11 101 116
65086 13674 11 102 116
65087 13675 11 103 116
65088 13676 11 104 116
65089 13677 11 105 116
65090 13678 11 106 116
65091 13679 11 107 116
65092 13680 11 108 116
65097 13681 11 109 116
65098 13682 11 110 116
65099 13683 11 111 116
65100 13684 11 112 116
65101 13685 11 113 116
65102 13686 11 114 116
65103 13687 11 115 116
65104 13688 11 116 116
65106 13689 11 0 117
65108 13690 11 1 117
65109 13691 11 2 117
65110 13692 11 3 117
65111 13693 11 4 117
65113 13694 11 5 117
65114 13695 11 6 117
65115 13696 11 7 117
65116 13697 11 8 117
65117 13698 11 9 117
65118 13699 11 10 117
65119 13700 11 11 117
65120 13701 11 12 117
65121 13702 11 13 117
65122 13703 11 14 117
65123 13704 11 15 117
65124 13705 11 16 117
65125 13706 11 17 117
65126 13707 11 18 117
65129 13708 11 19 117
65130 13709 11 20 117
65131 13710 11 21 117
65281 13711 11 22 117
65283 13712 11 23 117
65284 13713 11 24 117
65285 13714 11 25 117
65286 13715 11 26 117
65288 13716 11 27 117
65289 13717 11 28 117
65290 13718 11 29 117
65291 13719 11 30 117
65292 13720 11 31 117
65293 13721 11 32 117
65294 13722 11 33 117
65295 13723 11 34 117
65296 13724 11 35 117
65297 13725 11 36 117
65298 13726 11 37 117
65299 13727 11 38 117
65300 13728 11 39 117
65301 13729 11 40 117
65302 13730 11 41 117
65303 13731 11 42 117
65304 13732 11 43 117
65305 13733 11 44 117
65306 13734 11 45 117
65307 13735 11 46 117
65308 13736 11 47 117
65309 13737 11 48 117
65310 13738 11 49 117
65311 13739 11 50 117
65312 13740 11 51 117
65313 13741 11 52 117
65314 13742 11 53 117
65315 13743 11 54 117
65316 13744 11 55 117
65317 13745 11 56 117
65318 13746 11 57 117
65319 13747 11 58 117
65320 13748 11 59 117
65321 13749 11 60 117
65322 13750 11 61 117
65323 13751 11 62 117
65324 13752 11 63 117
65325 13753 11 64 117
65326 13754 11 65 117
65327 13755 11 66 117
65328 13756 11 67 117
65329 13757 11 68 117
65330 13758 11 69 117
65331 13759 11 70 117
65332 13760 11 71 117
65333 13761 11 72 117
65334 13762 11 73 117
65335 13763 11 74 117
65336 13764 11 75 117
65337 13765 11 76 117
65338 13766 11 77 117
65340 13767 11 78 117
65343 13768 11 79 117
65345 13769 11 80 117
65346 13770 11 81 117
65347 13771 11 82 117
65348 13772 11 83 117
65349 13773 11 84 117
65350 13774 11 85 117
65351 13775 11 86 117
65352 13776 11 87 117
65353 13777 11 88 117
65354 13778 11 89 117
65355 13779 11 90 117
65356 13780 11 91 117
65357 13781 11 92 117
65358 13782 11 93 117
65359 13783 11 94 117
65360 13784 11 95 117
65361 13785 11 96 117
65362 13786 11 97 117
65363 13787 11 98 117
65364 13788 11 99 117
65365 13789 11 100 117
65366 13790 11 101 117
65367 13791 11 102 117
65368 13792 11 103 117
65369 13793 11 104 117
65370 13794 11 105 117
65371 13795 11 106 117
65372 13796 11 107 117
65373 13797 11 108 117
65380 13798 11 109 117
65533 13799 11 110 117
65533 13800 11 111 117
65533 13801 11 112 117
65533 13802 11 113 117
65533 13803 11 114 117
65533 13804 11 115 117
65533 13805 11 116 117
