# 原版中文位图字体 font30：帧→字符 + 排版度量（**生成物，不要手改**）
# 生成命令：python tools/d2codec/make_chifont_assets.py
# 源：原版资源/导出的字体映射/font30_chi.tsv（原版 data/LOCAL/FONT/chi/font30.tbl
#     格式出处 libd2 packages/formats/src/font.zig L59-117）
# 图集：D2/Fonts/font30_chi.png（整幅，按行主序规则网格摆放）
# 字段：code frame advance col row（code=Unicode 码位；advance=该字排版步进=原版 width；
#       col/row=该字在图集里的格子；格子尺寸 = 24×24；列数 = 117）
COLS 117
CELL 24 24
COUNT 13806
32 0 6 0 0
33 1 8 1 0
34 2 9 2 0
35 3 11 3 0
36 4 11 4 0
37 5 19 5 0
38 6 18 6 0
39 7 4 7 0
40 8 8 8 0
41 9 8 9 0
42 10 11 10 0
43 11 13 11 0
44 12 6 12 0
45 13 8 13 0
46 14 6 14 0
47 15 6 15 0
48 16 11 16 0
49 17 11 17 0
50 18 11 18 0
51 19 11 19 0
52 20 11 20 0
53 21 11 21 0
54 22 11 22 0
55 23 11 23 0
56 24 11 24 0
57 25 11 25 0
58 26 6 26 0
59 27 6 27 0
60 28 13 28 0
61 29 13 29 0
62 30 13 30 0
63 31 10 31 0
64 32 21 32 0
65 33 16 33 0
66 34 15 34 0
67 35 15 35 0
68 36 16 36 0
69 37 14 37 0
70 38 13 38 0
71 39 16 39 0
72 40 16 40 0
73 41 8 41 0
74 42 9 42 0
75 43 16 43 0
76 44 14 44 0
77 45 20 45 0
78 46 16 46 0
79 47 16 47 0
80 48 13 48 0
81 49 16 49 0
82 50 15 50 0
83 51 13 51 0
84 52 14 52 0
85 53 16 53 0
86 54 16 54 0
87 55 21 55 0
88 56 16 56 0
89 57 16 57 0
90 58 14 58 0
91 59 8 59 0
92 60 6 60 0
93 61 8 61 0
94 62 11 62 0
95 63 11 63 0
96 64 8 64 0
97 65 10 65 0
98 66 11 66 0
99 67 10 67 0
100 68 11 68 0
101 69 10 69 0
102 70 8 70 0
103 71 11 71 0
104 72 11 72 0
105 73 6 73 0
106 74 6 74 0
107 75 11 75 0
108 76 6 76 0
109 77 18 77 0
110 78 11 78 0
111 79 11 79 0
112 80 11 80 0
113 81 11 81 0
114 82 8 82 0
115 83 9 83 0
116 84 6 84 0
117 85 11 85 0
118 86 11 86 0
119 87 16 87 0
120 88 11 88 0
121 89 11 89 0
122 90 10 90 0
123 91 11 91 0
124 92 5 92 0
125 93 11 93 0
126 94 12 94 0
127 95 0 95 0
162 96 12 96 0
163 97 12 97 0
165 98 24 98 0
167 99 10 99 0
176 100 6 100 0
177 101 12 101 0
183 102 5 102 0
215 103 12 103 0
247 104 14 104 0
711 105 24 105 0
713 106 24 106 0
714 107 24 107 0
715 108 24 108 0
729 109 24 109 0
913 110 24 110 0
914 111 24 111 0
915 112 24 112 0
916 113 24 113 0
917 114 24 114 0
918 115 24 115 0
919 116 24 116 0
920 117 24 0 1
921 118 24 1 1
922 119 24 2 1
923 120 24 3 1
924 121 24 4 1
925 122 24 5 1
926 123 24 6 1
927 124 24 7 1
928 125 24 8 1
929 126 24 9 1
931 127 24 10 1
932 128 24 11 1
933 129 24 12 1
934 130 24 13 1
935 131 24 14 1
936 132 24 15 1
937 133 24 16 1
945 134 24 17 1
946 135 24 18 1
947 136 24 19 1
948 137 24 20 1
949 138 24 21 1
950 139 24 22 1
951 140 24 23 1
952 141 24 24 1
953 142 24 25 1
954 143 24 26 1
955 144 24 27 1
956 145 24 28 1
957 146 24 29 1
958 147 24 30 1
959 148 24 31 1
960 149 24 32 1
961 150 24 33 1
963 151 24 34 1
964 152 24 35 1
965 153 24 36 1
966 154 24 37 1
967 155 24 38 1
968 156 24 39 1
969 157 24 40 1
1025 158 24 41 1
1044 159 24 42 1
1045 160 24 43 1
1046 161 24 44 1
1047 162 24 45 1
1048 163 24 46 1
1049 164 24 47 1
1050 165 24 48 1
1051 166 24 49 1
1052 167 24 50 1
1059 168 24 51 1
1060 169 24 52 1
1061 170 24 53 1
1062 171 24 54 1
1063 172 24 55 1
1064 173 24 56 1
1065 174 24 57 1
1066 175 24 58 1
1067 176 24 59 1
1068 177 24 60 1
1069 178 24 61 1
1070 179 24 62 1
1071 180 24 63 1
1072 181 24 64 1
1073 182 24 65 1
1074 183 24 66 1
1075 184 24 67 1
1076 185 24 68 1
1077 186 24 69 1
1078 187 24 70 1
1079 188 24 71 1
1080 189 24 72 1
1081 190 24 73 1
1082 191 24 74 1
1083 192 24 75 1
1084 193 24 76 1
1085 194 24 77 1
1086 195 24 78 1
1087 196 24 79 1
1088 197 24 80 1
1089 198 24 81 1
1090 199 24 82 1
1091 200 24 83 1
1092 201 24 84 1
1093 202 24 85 1
1094 203 24 86 1
1095 204 24 87 1
1096 205 24 88 1
1097 206 24 89 1
1098 207 24 90 1
1099 208 24 91 1
1100 209 24 92 1
1101 210 24 93 1
1102 211 24 94 1
1103 212 24 95 1
1105 213 24 96 1
8211 214 24 97 1
8212 215 24 98 1
8216 216 24 99 1
8217 217 24 100 1
8220 218 24 101 1
8221 219 24 102 1
8226 220 24 103 1
8229 221 24 104 1
8230 222 24 105 1
8242 223 24 106 1
8245 224 24 107 1
8251 225 24 108 1
8254 226 24 109 1
8451 227 24 110 1
8453 228 24 111 1
8457 229 24 112 1
8544 230 24 113 1
8545 231 24 114 1
8546 232 24 115 1
8547 233 24 116 1
8548 234 24 0 2
8549 235 24 1 2
8550 236 24 2 2
8551 237 24 3 2
8552 238 24 4 2
8553 239 24 5 2
8592 240 24 6 2
8593 241 24 7 2
8594 242 24 8 2
8595 243 24 9 2
8598 244 24 10 2
8599 245 24 11 2
8600 246 24 12 2
8601 247 24 13 2
8730 248 24 14 2
8734 249 24 15 2
8735 250 24 16 2
8736 251 24 17 2
8739 252 24 18 2
8741 253 24 19 2
8745 254 24 20 2
8746 255 24 21 2
8747 256 24 22 2
8750 257 24 23 2
8756 258 24 24 2
8757 259 24 25 2
8764 260 24 26 2
8786 261 24 27 2
8800 262 24 28 2
8801 263 24 29 2
8806 264 24 30 2
8807 265 24 31 2
8869 266 24 32 2
8895 267 24 33 2
9312 268 24 34 2
9313 269 24 35 2
9314 270 24 36 2
9315 271 24 37 2
9316 272 24 38 2
9317 273 24 39 2
9318 274 24 40 2
9319 275 24 41 2
9320 276 24 42 2
9321 277 24 43 2
9332 278 24 44 2
9333 279 24 45 2
9334 280 24 46 2
9335 281 24 47 2
9336 282 24 48 2
9337 283 24 49 2
9338 284 24 50 2
9339 285 24 51 2
9340 286 24 52 2
9341 287 24 53 2
9472 288 24 54 2
9474 289 24 55 2
9484 290 24 56 2
9488 291 24 57 2
9492 292 24 58 2
9496 293 24 59 2
9500 294 24 60 2
9508 295 24 61 2
9516 296 24 62 2
9524 297 24 63 2
9532 298 24 64 2
9552 299 24 65 2
9566 300 24 66 2
9569 301 24 67 2
9578 302 24 68 2
9581 303 24 69 2
9582 304 24 70 2
9583 305 24 71 2
9584 306 24 72 2
9585 307 24 73 2
9586 308 24 74 2
9587 309 24 75 2
9601 310 24 76 2
9602 311 24 77 2
9603 312 24 78 2
9604 313 24 79 2
9605 314 24 80 2
9606 315 24 81 2
9607 316 24 82 2
9608 317 24 83 2
9609 318 24 84 2
9610 319 24 85 2
9611 320 24 86 2
9612 321 24 87 2
9613 322 24 88 2
9614 323 24 89 2
9615 324 24 90 2
9620 325 24 91 2
9621 326 24 92 2
9632 327 24 93 2
9633 328 24 94 2
9650 329 24 95 2
9651 330 24 96 2
9660 331 24 97 2
9661 332 24 98 2
9670 333 24 99 2
9671 334 24 100 2
9675 335 24 101 2
9678 336 24 102 2
9679 337 24 103 2
9698 338 24 104 2
9699 339 24 105 2
9700 340 24 106 2
9701 341 24 107 2
9733 342 24 108 2
9734 343 24 109 2
9737 344 24 110 2
9792 345 24 111 2
9793 346 24 112 2
9794 347 24 113 2
12288 348 24 114 2
12289 349 24 115 2
12290 350 24 116 2
12291 351 24 0 3
12293 352 24 1 3
12296 353 24 2 3
12297 354 24 3 3
12298 355 24 4 3
12299 356 24 5 3
12300 357 24 6 3
12301 358 24 7 3
12302 359 24 8 3
12303 360 24 9 3
12304 361 24 10 3
12305 362 24 11 3
12306 363 24 12 3
12308 364 24 13 3
12309 365 24 14 3
12317 366 24 15 3
12318 367 24 16 3
12321 368 24 17 3
12322 369 24 18 3
12323 370 24 19 3
12324 371 24 20 3
12325 372 24 21 3
12326 373 24 22 3
12327 374 24 23 3
12328 375 24 24 3
12329 376 24 25 3
12353 377 24 26 3
12354 378 24 27 3
12355 379 24 28 3
12356 380 24 29 3
12357 381 24 30 3
12358 382 24 31 3
12359 383 24 32 3
12360 384 24 33 3
12361 385 24 34 3
12362 386 24 35 3
12363 387 24 36 3
12364 388 24 37 3
12365 389 24 38 3
12366 390 24 39 3
12367 391 24 40 3
12368 392 24 41 3
12369 393 24 42 3
12370 394 24 43 3
12371 395 24 44 3
12372 396 24 45 3
12373 397 24 46 3
12374 398 24 47 3
12375 399 24 48 3
12376 400 24 49 3
12377 401 24 50 3
12378 402 24 51 3
12379 403 24 52 3
12380 404 24 53 3
12381 405 24 54 3
12382 406 24 55 3
12383 407 24 56 3
12384 408 24 57 3
12385 409 24 58 3
12386 410 24 59 3
12387 411 24 60 3
12388 412 24 61 3
12389 413 24 62 3
12390 414 24 63 3
12391 415 24 64 3
12392 416 24 65 3
12393 417 24 66 3
12394 418 24 67 3
12395 419 24 68 3
12396 420 24 69 3
12397 421 24 70 3
12398 422 24 71 3
12399 423 24 72 3
12400 424 24 73 3
12401 425 24 74 3
12402 426 24 75 3
12403 427 24 76 3
12404 428 24 77 3
12405 429 24 78 3
12406 430 24 79 3
12407 431 24 80 3
12408 432 24 81 3
12409 433 24 82 3
12410 434 24 83 3
12411 435 24 84 3
12412 436 24 85 3
12413 437 24 86 3
12414 438 24 87 3
12415 439 24 88 3
12416 440 24 89 3
12417 441 24 90 3
12418 442 24 91 3
12419 443 24 92 3
12420 444 24 93 3
12421 445 24 94 3
12422 446 24 95 3
12423 447 24 96 3
12424 448 24 97 3
12425 449 24 98 3
12426 450 24 99 3
12427 451 24 100 3
12428 452 24 101 3
12429 453 24 102 3
12430 454 24 103 3
12431 455 24 104 3
12432 456 24 105 3
12433 457 24 106 3
12434 458 24 107 3
12435 459 24 108 3
12445 460 24 109 3
12446 461 24 110 3
12449 462 24 111 3
12450 463 24 112 3
12451 464 24 113 3
12452 465 24 114 3
12453 466 24 115 3
12454 467 24 116 3
12455 468 24 0 4
12456 469 24 1 4
12457 470 24 2 4
12458 471 24 3 4
12459 472 24 4 4
12460 473 24 5 4
12461 474 24 6 4
12462 475 24 7 4
12463 476 24 8 4
12464 477 24 9 4
12465 478 24 10 4
12466 479 24 11 4
12467 480 24 12 4
12468 481 24 13 4
12469 482 24 14 4
12470 483 24 15 4
12471 484 24 16 4
12472 485 24 17 4
12473 486 24 18 4
12474 487 24 19 4
12475 488 24 20 4
12476 489 24 21 4
12477 490 24 22 4
12478 491 24 23 4
12479 492 24 24 4
12480 493 24 25 4
12481 494 24 26 4
12482 495 24 27 4
12483 496 24 28 4
12484 497 24 29 4
12485 498 24 30 4
12486 499 24 31 4
12487 500 24 32 4
12488 501 24 33 4
12489 502 24 34 4
12490 503 24 35 4
12491 504 24 36 4
12492 505 24 37 4
12493 506 24 38 4
12494 507 24 39 4
12495 508 24 40 4
12496 509 24 41 4
12497 510 24 42 4
12498 511 24 43 4
12499 512 24 44 4
12500 513 24 45 4
12501 514 24 46 4
12502 515 24 47 4
12503 516 24 48 4
12504 517 24 49 4
12505 518 24 50 4
12506 519 24 51 4
12507 520 24 52 4
12508 521 24 53 4
12509 522 24 54 4
12510 523 24 55 4
12511 524 24 56 4
12512 525 24 57 4
12513 526 24 58 4
12514 527 24 59 4
12515 528 24 60 4
12516 529 24 61 4
12517 530 24 62 4
12518 531 24 63 4
12519 532 24 64 4
12520 533 24 65 4
12521 534 24 66 4
12522 535 24 67 4
12523 536 24 68 4
12524 537 24 69 4
12525 538 24 70 4
12526 539 24 71 4
12527 540 24 72 4
12528 541 24 73 4
12529 542 24 74 4
12530 543 24 75 4
12531 544 24 76 4
12532 545 24 77 4
12533 546 24 78 4
12534 547 24 79 4
12542 548 24 80 4
12549 549 24 81 4
12550 550 24 82 4
12551 551 24 83 4
12552 552 24 84 4
12553 553 24 85 4
12554 554 24 86 4
12555 555 24 87 4
12556 556 24 88 4
12557 557 24 89 4
12558 558 24 90 4
12559 559 24 91 4
12560 560 24 92 4
12561 561 24 93 4
12562 562 24 94 4
12563 563 24 95 4
12564 564 24 96 4
12565 565 24 97 4
12566 566 24 98 4
12567 567 24 99 4
12568 568 24 100 4
12569 569 24 101 4
12570 570 24 102 4
12571 571 24 103 4
12572 572 24 104 4
12573 573 24 105 4
12574 574 24 106 4
12575 575 24 107 4
12576 576 24 108 4
12577 577 24 109 4
12578 578 24 110 4
12579 579 24 111 4
12580 580 24 112 4
12581 581 24 113 4
12582 582 24 114 4
12583 583 24 115 4
12584 584 24 116 4
12585 585 24 0 5
12963 586 24 1 5
13198 587 24 2 5
13199 588 24 3 5
13212 589 24 4 5
13213 590 24 5 5
13214 591 24 6 5
13217 592 24 7 5
13252 593 24 8 5
13262 594 24 9 5
13265 595 24 10 5
13266 596 24 11 5
13269 597 24 12 5
19968 598 24 13 5
19969 599 24 14 5
19971 600 24 15 5
19975 601 24 16 5
19976 602 24 17 5
19977 603 24 18 5
19978 604 24 19 5
19979 605 24 20 5
19980 606 24 21 5
19981 607 24 22 5
19982 608 24 23 5
19983 609 24 24 5
19984 610 24 25 5
19985 611 24 26 5
19988 612 24 27 5
19989 613 24 28 5
19990 614 24 29 5
19992 615 24 30 5
19993 616 24 31 5
19998 617 24 32 5
19999 618 24 33 5
20006 619 24 34 5
20011 620 24 35 5
20013 621 24 36 5
20014 622 24 37 5
20016 623 24 38 5
20017 624 24 39 5
20018 625 24 40 5
20019 626 24 41 5
20024 627 24 42 5
20025 628 24 43 5
20027 629 24 44 5
20028 630 24 45 5
20034 631 24 46 5
20035 632 24 47 5
20037 633 24 48 5
20039 634 24 49 5
20040 635 24 50 5
20043 636 24 51 5
20045 637 24 52 5
20046 638 24 53 5
20047 639 24 54 5
20050 640 24 55 5
20051 641 24 56 5
20054 642 24 57 5
20056 643 24 58 5
20057 644 24 59 5
20060 645 24 60 5
20061 646 24 61 5
20062 647 24 62 5
20063 648 24 63 5
20073 649 24 64 5
20083 650 24 65 5
20094 651 24 66 5
20095 652 24 67 5
20098 653 24 68 5
20099 654 24 69 5
20100 655 24 70 5
20102 656 24 71 5
20104 657 24 72 5
20107 658 24 73 5
20108 659 24 74 5
20109 660 24 75 5
20110 661 24 76 5
20113 662 24 77 5
20114 663 24 78 5
20115 664 24 79 5
20116 665 24 80 5
20117 666 24 81 5
20121 667 24 82 5
20123 668 24 83 5
20126 669 24 84 5
20127 670 24 85 5
20129 671 24 86 5
20130 672 24 87 5
20132 673 24 88 5
20133 674 24 89 5
20134 675 24 90 5
20136 676 24 91 5
20139 677 24 92 5
20140 678 24 93 5
20141 679 24 94 5
20142 680 24 95 5
20147 681 24 96 5
20150 682 24 97 5
20153 683 24 98 5
20154 684 24 99 5
20160 685 24 100 5
20161 686 24 101 5
20162 687 24 102 5
20163 688 24 103 5
20164 689 24 104 5
20166 690 24 105 5
20167 691 24 106 5
20168 692 24 107 5
20169 693 24 108 5
20170 694 24 109 5
20171 695 24 110 5
20173 696 24 111 5
20180 697 24 112 5
20181 698 24 113 5
20182 699 24 114 5
20183 700 24 115 5
20184 701 24 116 5
20185 702 24 0 6
20186 703 24 1 6
20188 704 24 2 6
20189 705 24 3 6
20190 706 24 4 6
20191 707 24 5 6
20193 708 24 6 6
20195 709 24 7 6
20196 710 24 8 6
20197 711 24 9 6
20200 712 24 10 6
20201 713 24 11 6
20208 714 24 12 6
20209 715 24 13 6
20210 716 24 14 6
20211 717 24 15 6
20212 718 24 16 6
20213 719 24 17 6
20214 720 24 18 6
20215 721 24 19 6
20219 722 24 20 6
20221 723 24 21 6
20223 724 24 22 6
20224 725 24 23 6
20225 726 24 24 6
20226 727 24 25 6
20228 728 24 26 6
20229 729 24 27 6
20232 730 24 28 6
20233 731 24 29 6
20234 732 24 30 6
20235 733 24 31 6
20237 734 24 32 6
20238 735 24 33 6
20239 736 24 34 6
20240 737 24 35 6
20241 738 24 36 6
20242 739 24 37 6
20243 740 24 38 6
20244 741 24 39 6
20245 742 24 40 6
20248 743 24 41 6
20249 744 24 42 6
20253 745 24 43 6
20258 746 24 44 6
20268 747 24 45 6
20269 748 24 46 6
20271 749 24 47 6
20272 750 24 48 6
20275 751 24 49 6
20276 752 24 50 6
20278 753 24 51 6
20280 754 24 52 6
20282 755 24 53 6
20283 756 24 54 6
20284 757 24 55 6
20285 758 24 56 6
20286 759 24 57 6
20287 760 24 58 6
20289 761 24 59 6
20291 762 24 60 6
20294 763 24 61 6
20295 764 24 62 6
20296 765 24 63 6
20297 766 24 64 6
20300 767 24 65 6
20301 768 24 66 6
20302 769 24 67 6
20303 770 24 68 6
20304 771 24 69 6
20305 772 24 70 6
20306 773 24 71 6
20307 774 24 72 6
20308 775 24 73 6
20309 776 24 74 6
20310 777 24 75 6
20311 778 24 76 6
20312 779 24 77 6
20313 780 24 78 6
20314 781 24 79 6
20315 782 24 80 6
20316 783 24 81 6
20317 784 24 82 6
20318 785 24 83 6
20319 786 24 84 6
20320 787 24 85 6
20321 788 24 86 6
20322 789 24 87 6
20323 790 24 88 6
20324 791 24 89 6
20327 792 24 90 6
20329 793 24 91 6
20330 794 24 92 6
20331 795 24 93 6
20332 796 24 94 6
20334 797 24 95 6
20335 798 24 96 6
20336 799 24 97 6
20339 800 24 98 6
20340 801 24 99 6
20341 802 24 100 6
20342 803 24 101 6
20343 804 24 102 6
20344 805 24 103 6
20345 806 24 104 6
20346 807 24 105 6
20347 808 24 106 6
20348 809 24 107 6
20349 810 24 108 6
20350 811 24 109 6
20351 812 24 110 6
20352 813 24 111 6
20353 814 24 112 6
20354 815 24 113 6
20355 816 24 114 6
20356 817 24 115 6
20357 818 24 116 6
20358 819 24 0 7
20359 820 24 1 7
20360 821 24 2 7
20361 822 24 3 7
20363 823 24 4 7
20365 824 24 5 7
20367 825 24 6 7
20368 826 24 7 7
20369 827 24 8 7
20370 828 24 9 7
20372 829 24 10 7
20373 830 24 11 7
20374 831 24 12 7
20375 832 24 13 7
20376 833 24 14 7
20378 834 24 15 7
20379 835 24 16 7
20380 836 24 17 7
20381 837 24 18 7
20382 838 24 19 7
20398 839 24 20 7
20399 840 24 21 7
20402 841 24 22 7
20403 842 24 23 7
20405 843 24 24 7
20406 844 24 25 7
20407 845 24 26 7
20409 846 24 27 7
20410 847 24 28 7
20411 848 24 29 7
20415 849 24 30 7
20416 850 24 31 7
20417 851 24 32 7
20418 852 24 33 7
20419 853 24 34 7
20420 854 24 35 7
20421 855 24 36 7
20423 856 24 37 7
20425 857 24 38 7
20426 858 24 39 7
20427 859 24 40 7
20429 860 24 41 7
20430 861 24 42 7
20431 862 24 43 7
20432 863 24 44 7
20433 864 24 45 7
20435 865 24 46 7
20436 866 24 47 7
20438 867 24 48 7
20439 868 24 49 7
20440 869 24 50 7
20441 870 24 51 7
20442 871 24 52 7
20443 872 24 53 7
20444 873 24 54 7
20445 874 24 55 7
20446 875 24 56 7
20447 876 24 57 7
20448 877 24 58 7
20449 878 24 59 7
20460 879 24 60 7
20462 880 24 61 7
20463 881 24 62 7
20465 882 24 63 7
20467 883 24 64 7
20468 884 24 65 7
20469 885 24 66 7
20470 886 24 67 7
20471 887 24 68 7
20472 888 24 69 7
20474 889 24 70 7
20478 890 24 71 7
20480 891 24 72 7
20485 892 24 73 7
20486 893 24 74 7
20487 894 24 75 7
20489 895 24 76 7
20491 896 24 77 7
20492 897 24 78 7
20493 898 24 79 7
20494 899 24 80 7
20495 900 24 81 7
20497 901 24 82 7
20498 902 24 83 7
20499 903 24 84 7
20500 904 24 85 7
20501 905 24 86 7
20502 906 24 87 7
20503 907 24 88 7
20504 908 24 89 7
20505 909 24 90 7
20506 910 24 91 7
20507 911 24 92 7
20508 912 24 93 7
20510 913 24 94 7
20511 914 24 95 7
20512 915 24 96 7
20513 916 24 97 7
20514 917 24 98 7
20515 918 24 99 7
20517 919 24 100 7
20518 920 24 101 7
20519 921 24 102 7
20520 922 24 103 7
20521 923 24 104 7
20522 924 24 105 7
20523 925 24 106 7
20524 926 24 107 7
20525 927 24 108 7
20527 928 24 109 7
20528 929 24 110 7
20529 930 24 111 7
20531 931 24 112 7
20533 932 24 113 7
20535 933 24 114 7
20540 934 24 115 7
20544 935 24 116 7
20545 936 24 0 8
20547 937 24 1 8
20549 938 24 2 8
20550 939 24 3 8
20551 940 24 4 8
20552 941 24 5 8
20553 942 24 6 8
20554 943 24 7 8
20555 944 24 8 8
20556 945 24 9 8
20557 946 24 10 8
20558 947 24 11 8
20559 948 24 12 8
20561 949 24 13 8
20563 950 24 14 8
20565 951 24 15 8
20567 952 24 16 8
20570 953 24 17 8
20571 954 24 18 8
20572 955 24 19 8
20573 956 24 20 8
20574 957 24 21 8
20575 958 24 22 8
20576 959 24 23 8
20577 960 24 24 8
20578 961 24 25 8
20579 962 24 26 8
20580 963 24 27 8
20581 964 24 28 8
20584 965 24 29 8
20585 966 24 30 8
20586 967 24 31 8
20587 968 24 32 8
20589 969 24 33 8
20590 970 24 34 8
20591 971 24 35 8
20592 972 24 36 8
20594 973 24 37 8
20595 974 24 38 8
20596 975 24 39 8
20597 976 24 40 8
20598 977 24 41 8
20599 978 24 42 8
20602 979 24 43 8
20605 980 24 44 8
20608 981 24 45 8
20610 982 24 46 8
20611 983 24 47 8
20613 984 24 48 8
20615 985 24 49 8
20619 986 24 50 8
20620 987 24 51 8
20621 988 24 52 8
20622 989 24 53 8
20625 990 24 54 8
20626 991 24 55 8
20628 992 24 56 8
20629 993 24 57 8
20630 994 24 58 8
20632 995 24 59 8
20633 996 24 60 8
20634 997 24 61 8
20635 998 24 62 8
20636 999 24 63 8
20637 1000 24 64 8
20638 1001 24 65 8
20642 1002 24 66 8
20643 1003 24 67 8
20652 1004 24 68 8
20653 1005 24 69 8
20654 1006 24 70 8
20655 1007 24 71 8
20656 1008 24 72 8
20657 1009 24 73 8
20658 1010 24 74 8
20659 1011 24 75 8
20660 1012 24 76 8
20661 1013 24 77 8
20662 1014 24 78 8
20663 1015 24 79 8
20664 1016 24 80 8
20666 1017 24 81 8
20667 1018 24 82 8
20669 1019 24 83 8
20670 1020 24 84 8
20671 1021 24 85 8
20673 1022 24 86 8
20674 1023 24 87 8
20676 1024 24 88 8
20677 1025 24 89 8
20678 1026 24 90 8
20679 1027 24 91 8
20680 1028 24 92 8
20681 1029 24 93 8
20682 1030 24 94 8
20683 1031 24 95 8
20686 1032 24 96 8
20687 1033 24 97 8
20689 1034 24 98 8
20691 1035 24 99 8
20692 1036 24 100 8
20693 1037 24 101 8
20694 1038 24 102 8
20695 1039 24 103 8
20698 1040 24 104 8
20699 1041 24 105 8
20701 1042 24 106 8
20704 1043 24 107 8
20707 1044 24 108 8
20708 1045 24 109 8
20709 1046 24 110 8
20710 1047 24 111 8
20711 1048 24 112 8
20712 1049 24 113 8
20713 1050 24 114 8
20714 1051 24 115 8
20716 1052 24 116 8
20717 1053 24 0 9
20718 1054 24 1 9
20719 1055 24 2 9
20720 1056 24 3 9
20721 1057 24 4 9
20723 1058 24 5 9
20725 1059 24 6 9
20726 1060 24 7 9
20728 1061 24 8 9
20729 1062 24 9 9
20731 1063 24 10 9
20733 1064 24 11 9
20734 1065 24 12 9
20735 1066 24 13 9
20736 1067 24 14 9
20738 1068 24 15 9
20739 1069 24 16 9
20740 1070 24 17 9
20741 1071 24 18 9
20742 1072 24 19 9
20743 1073 24 20 9
20744 1074 24 21 9
20745 1075 24 22 9
20746 1076 24 23 9
20747 1077 24 24 9
20748 1078 24 25 9
20752 1079 24 26 9
20753 1080 24 27 9
20754 1081 24 28 9
20755 1082 24 29 9
20756 1083 24 30 9
20757 1084 24 31 9
20759 1085 24 32 9
20760 1086 24 33 9
20762 1087 24 34 9
20764 1088 24 35 9
20767 1089 24 36 9
20768 1090 24 37 9
20769 1091 24 38 9
20770 1092 24 39 9
20772 1093 24 40 9
20773 1094 24 41 9
20774 1095 24 42 9
20777 1096 24 43 9
20778 1097 24 44 9
20781 1098 24 45 9
20782 1099 24 46 9
20784 1100 24 47 9
20785 1101 24 48 9
20786 1102 24 49 9
20787 1103 24 50 9
20788 1104 24 51 9
20789 1105 24 52 9
20791 1106 24 53 9
20792 1107 24 54 9
20793 1108 24 55 9
20794 1109 24 56 9
20795 1110 24 57 9
20796 1111 24 58 9
20797 1112 24 59 9
20799 1113 24 60 9
20800 1114 24 61 9
20801 1115 24 62 9
20803 1116 24 63 9
20804 1117 24 64 9
20805 1118 24 65 9
20806 1119 24 66 9
20807 1120 24 67 9
20808 1121 24 68 9
20809 1122 24 69 9
20811 1123 24 70 9
20812 1124 24 71 9
20813 1125 24 72 9
20818 1126 24 73 9
20820 1127 24 74 9
20821 1128 24 75 9
20823 1129 24 76 9
20825 1130 24 77 9
20826 1131 24 78 9
20827 1132 24 79 9
20828 1133 24 80 9
20829 1134 24 81 9
20830 1135 24 82 9
20831 1136 24 83 9
20833 1137 24 84 9
20834 1138 24 85 9
20835 1139 24 86 9
20837 1140 24 87 9
20839 1141 24 88 9
20840 1142 24 89 9
20841 1143 24 90 9
20843 1144 24 91 9
20844 1145 24 92 9
20845 1146 24 93 9
20846 1147 24 94 9
20849 1148 24 95 9
20853 1149 24 96 9
20854 1150 24 97 9
20855 1151 24 98 9
20856 1152 24 99 9
20860 1153 24 100 9
20864 1154 24 101 9
20871 1155 24 102 9
20873 1156 24 103 9
20874 1157 24 104 9
20877 1158 24 105 9
20879 1159 24 106 9
20881 1160 24 107 9
20882 1161 24 108 9
20883 1162 24 109 9
20884 1163 24 110 9
20885 1164 24 111 9
20887 1165 24 112 9
20888 1166 24 113 9
20894 1167 24 114 9
20896 1168 24 115 9
20898 1169 24 116 9
20900 1170 24 0 10
20901 1171 24 1 10
20906 1172 24 2 10
20908 1173 24 3 10
20912 1174 24 4 10
20913 1175 24 5 10
20918 1176 24 6 10
20919 1177 24 7 10
20921 1178 24 8 10
20924 1179 24 9 10
20925 1180 24 10 10
20926 1181 24 11 10
20932 1182 24 12 10
20933 1183 24 13 10
20934 1184 24 14 10
20936 1185 24 15 10
20938 1186 24 16 10
20939 1187 24 17 10
20940 1188 24 18 10
20941 1189 24 19 10
20942 1190 24 20 10
20944 1191 24 21 10
20948 1192 24 22 10
20951 1193 24 23 10
20952 1194 24 24 10
20956 1195 24 25 10
20957 1196 24 26 10
20958 1197 24 27 10
20960 1198 24 28 10
20961 1199 24 29 10
20976 1200 24 30 10
20977 1201 24 31 10
20979 1202 24 32 10
20981 1203 24 33 10
20982 1204 24 34 10
20984 1205 24 35 10
20985 1206 24 36 10
20986 1207 24 37 10
20989 1208 24 38 10
20992 1209 24 39 10
20993 1210 24 40 10
20995 1211 24 41 10
20998 1212 24 42 10
20999 1213 24 43 10
21000 1214 24 44 10
21001 1215 24 45 10
21002 1216 24 46 10
21004 1217 24 47 10
21006 1218 24 48 10
21008 1219 24 49 10
21009 1220 24 50 10
21010 1221 24 51 10
21011 1222 24 52 10
21014 1223 24 53 10
21015 1224 24 54 10
21020 1225 24 55 10
21021 1226 24 56 10
21022 1227 24 57 10
21025 1228 24 58 10
21028 1229 24 59 10
21029 1230 24 60 10
21032 1231 24 61 10
21033 1232 24 62 10
21034 1233 24 63 10
21038 1234 24 64 10
21040 1235 24 65 10
21041 1236 24 66 10
21042 1237 24 67 10
21043 1238 24 68 10
21045 1239 24 69 10
21046 1240 24 70 10
21047 1241 24 71 10
21048 1242 24 72 10
21050 1243 24 73 10
21051 1244 24 74 10
21057 1245 24 75 10
21059 1246 24 76 10
21060 1247 24 77 10
21062 1248 24 78 10
21063 1249 24 79 10
21065 1250 24 80 10
21066 1251 24 81 10
21067 1252 24 82 10
21068 1253 24 83 10
21069 1254 24 84 10
21070 1255 24 85 10
21074 1256 24 86 10
21076 1257 24 87 10
21077 1258 24 88 10
21078 1259 24 89 10
21082 1260 24 90 10
21083 1261 24 91 10
21084 1262 24 92 10
21085 1263 24 93 10
21086 1264 24 94 10
21087 1265 24 95 10
21089 1266 24 96 10
21090 1267 24 97 10
21097 1268 24 98 10
21098 1269 24 99 10
21099 1270 24 100 10
21100 1271 24 101 10
21101 1272 24 102 10
21102 1273 24 103 10
21103 1274 24 104 10
21106 1275 24 105 10
21108 1276 24 106 10
21109 1277 24 107 10
21111 1278 24 108 10
21112 1279 24 109 10
21114 1280 24 110 10
21115 1281 24 111 10
21116 1282 24 112 10
21117 1283 24 113 10
21119 1284 24 114 10
21120 1285 24 115 10
21121 1286 24 116 10
21122 1287 24 0 11
21123 1288 24 1 11
21124 1289 24 2 11
21127 1290 24 3 11
21128 1291 24 4 11
21129 1292 24 5 11
21130 1293 24 6 11
21131 1294 24 7 11
21132 1295 24 8 11
21133 1296 24 9 11
21137 1297 24 10 11
21139 1298 24 11 11
21142 1299 24 12 11
21143 1300 24 13 11
21144 1301 24 14 11
21145 1302 24 15 11
21147 1303 24 16 11
21151 1304 24 17 11
21152 1305 24 18 11
21155 1306 24 19 11
21158 1307 24 20 11
21161 1308 24 21 11
21162 1309 24 22 11
21163 1310 24 23 11
21164 1311 24 24 11
21165 1312 24 25 11
21166 1313 24 26 11
21179 1314 24 27 11
21180 1315 24 28 11
21182 1316 24 29 11
21184 1317 24 30 11
21185 1318 24 31 11
21186 1319 24 32 11
21187 1320 24 33 11
21191 1321 24 34 11
21193 1322 24 35 11
21197 1323 24 36 11
21202 1324 24 37 11
21203 1325 24 38 11
21205 1326 24 39 11
21206 1327 24 40 11
21207 1328 24 41 11
21208 1329 24 42 11
21209 1330 24 43 11
21211 1331 24 44 11
21213 1332 24 45 11
21214 1333 24 46 11
21215 1334 24 47 11
21218 1335 24 48 11
21219 1336 24 49 11
21220 1337 24 50 11
21222 1338 24 51 11
21225 1339 24 52 11
21227 1340 24 53 11
21231 1341 24 54 11
21232 1342 24 55 11
21233 1343 24 56 11
21235 1344 24 57 11
21236 1345 24 58 11
21237 1346 24 59 11
21239 1347 24 60 11
21240 1348 24 61 11
21242 1349 24 62 11
21243 1350 24 63 11
21244 1351 24 64 11
21246 1352 24 65 11
21247 1353 24 66 11
21253 1354 24 67 11
21254 1355 24 68 11
21256 1356 24 69 11
21257 1357 24 70 11
21258 1358 24 71 11
21259 1359 24 72 11
21261 1360 24 73 11
21262 1361 24 74 11
21263 1362 24 75 11
21264 1363 24 76 11
21265 1364 24 77 11
21266 1365 24 78 11
21269 1366 24 79 11
21270 1367 24 80 11
21271 1368 24 81 11
21273 1369 24 82 11
21274 1370 24 83 11
21276 1371 24 84 11
21277 1372 24 85 11
21279 1373 24 86 11
21280 1374 24 87 11
21281 1375 24 88 11
21282 1376 24 89 11
21283 1377 24 90 11
21290 1378 24 91 11
21293 1379 24 92 11
21295 1380 24 93 11
21296 1381 24 94 11
21297 1382 24 95 11
21300 1383 24 96 11
21303 1384 24 97 11
21305 1385 24 98 11
21308 1386 24 99 11
21309 1387 24 100 11
21310 1388 24 101 11
21311 1389 24 102 11
21312 1390 24 103 11
21313 1391 24 104 11
21315 1392 24 105 11
21316 1393 24 106 11
21317 1394 24 107 11
21319 1395 24 108 11
21320 1396 24 109 11
21321 1397 24 110 11
21322 1398 24 111 11
21324 1399 24 112 11
21325 1400 24 113 11
21329 1401 24 114 11
21330 1402 24 115 11
21331 1403 24 116 11
21332 1404 24 0 12
21335 1405 24 1 12
21338 1406 24 2 12
21340 1407 24 3 12
21342 1408 24 4 12
21344 1409 24 5 12
21345 1410 24 6 12
21347 1411 24 7 12
21350 1412 24 8 12
21356 1413 24 9 12
21358 1414 24 10 12
21359 1415 24 11 12
21360 1416 24 12 12
21361 1417 24 13 12
21362 1418 24 14 12
21363 1419 24 15 12
21365 1420 24 16 12
21367 1421 24 17 12
21368 1422 24 18 12
21369 1423 24 19 12
21371 1424 24 20 12
21372 1425 24 21 12
21375 1426 24 22 12
21378 1427 24 23 12
21380 1428 24 24 12
21386 1429 24 25 12
21390 1430 24 26 12
21391 1431 24 27 12
21394 1432 24 28 12
21396 1433 24 29 12
21398 1434 24 30 12
21399 1435 24 31 12
21400 1436 24 32 12
21401 1437 24 33 12
21402 1438 24 34 12
21404 1439 24 35 12
21405 1440 24 36 12
21406 1441 24 37 12
21407 1442 24 38 12
21412 1443 24 39 12
21413 1444 24 40 12
21415 1445 24 41 12
21420 1446 24 42 12
21421 1447 24 43 12
21426 1448 24 44 12
21428 1449 24 45 12
21433 1450 24 46 12
21435 1451 24 47 12
21443 1452 24 48 12
21448 1453 24 49 12
21449 1454 24 50 12
21450 1455 24 51 12
21451 1456 24 52 12
21453 1457 24 53 12
21460 1458 24 54 12
21462 1459 24 55 12
21463 1460 24 56 12
21467 1461 24 57 12
21471 1462 24 58 12
21473 1463 24 59 12
21474 1464 24 60 12
21475 1465 24 61 12
21476 1466 24 62 12
21477 1467 24 63 12
21478 1468 24 64 12
21480 1469 24 65 12
21481 1470 24 66 12
21482 1471 24 67 12
21483 1472 24 68 12
21484 1473 24 69 12
21485 1474 24 70 12
21486 1475 24 71 12
21487 1476 24 72 12
21488 1477 24 73 12
21489 1478 24 74 12
21490 1479 24 75 12
21491 1480 24 76 12
21493 1481 24 77 12
21496 1482 24 78 12
21499 1483 24 79 12
21500 1484 24 80 12
21505 1485 24 81 12
21507 1486 24 82 12
21508 1487 24 83 12
21510 1488 24 84 12
21511 1489 24 85 12
21512 1490 24 86 12
21513 1491 24 87 12
21514 1492 24 88 12
21515 1493 24 89 12
21516 1494 24 90 12
21517 1495 24 91 12
21518 1496 24 92 12
21519 1497 24 93 12
21520 1498 24 94 12
21521 1499 24 95 12
21522 1500 24 96 12
21528 1501 24 97 12
21529 1502 24 98 12
21531 1503 24 99 12
21532 1504 24 100 12
21533 1505 24 101 12
21534 1506 24 102 12
21535 1507 24 103 12
21536 1508 24 104 12
21540 1509 24 105 12
21541 1510 24 106 12
21542 1511 24 107 12
21543 1512 24 108 12
21544 1513 24 109 12
21545 1514 24 110 12
21546 1515 24 111 12
21547 1516 24 112 12
21548 1517 24 113 12
21549 1518 24 114 12
21550 1519 24 115 12
21552 1520 24 116 12
21553 1521 24 0 13
21555 1522 24 1 13
21557 1523 24 2 13
21558 1524 24 3 13
21559 1525 24 4 13
21560 1526 24 5 13
21561 1527 24 6 13
21563 1528 24 7 13
21564 1529 24 8 13
21565 1530 24 9 13
21566 1531 24 10 13
21568 1532 24 11 13
21569 1533 24 12 13
21570 1534 24 13 13
21571 1535 24 14 13
21573 1536 24 15 13
21574 1537 24 16 13
21575 1538 24 17 13
21576 1539 24 18 13
21578 1540 24 19 13
21582 1541 24 20 13
21583 1542 24 21 13
21588 1543 24 22 13
21600 1544 24 23 13
21601 1545 24 24 13
21602 1546 24 25 13
21603 1547 24 26 13
21604 1548 24 27 13
21605 1549 24 28 13
21606 1550 24 29 13
21607 1551 24 30 13
21608 1552 24 31 13
21611 1553 24 32 13
21612 1554 24 33 13
21615 1555 24 34 13
21616 1556 24 35 13
21617 1557 24 36 13
21618 1558 24 37 13
21619 1559 24 38 13
21620 1560 24 39 13
21621 1561 24 40 13
21622 1562 24 41 13
21623 1563 24 42 13
21624 1564 24 43 13
21626 1565 24 44 13
21627 1566 24 45 13
21628 1567 24 46 13
21629 1568 24 47 13
21630 1569 24 48 13
21631 1570 24 49 13
21632 1571 24 50 13
21633 1572 24 51 13
21634 1573 24 52 13
21636 1574 24 53 13
21638 1575 24 54 13
21639 1576 24 55 13
21640 1577 24 56 13
21643 1578 24 57 13
21644 1579 24 58 13
21645 1580 24 59 13
21646 1581 24 60 13
21648 1582 24 61 13
21649 1583 24 62 13
21650 1584 24 63 13
21653 1585 24 64 13
21654 1586 24 65 13
21656 1587 24 66 13
21658 1588 24 67 13
21664 1589 24 68 13
21665 1590 24 69 13
21666 1591 24 70 13
21669 1592 24 71 13
21670 1593 24 72 13
21671 1594 24 73 13
21672 1595 24 74 13
21673 1596 24 75 13
21674 1597 24 76 13
21675 1598 24 77 13
21676 1599 24 78 13
21677 1600 24 79 13
21678 1601 24 80 13
21679 1602 24 81 13
21680 1603 24 82 13
21681 1604 24 83 13
21683 1605 24 84 13
21686 1606 24 85 13
21687 1607 24 86 13
21688 1608 24 87 13
21690 1609 24 88 13
21691 1610 24 89 13
21692 1611 24 90 13
21693 1612 24 91 13
21694 1613 24 92 13
21695 1614 24 93 13
21696 1615 24 94 13
21697 1616 24 95 13
21698 1617 24 96 13
21699 1618 24 97 13
21700 1619 24 98 13
21701 1620 24 99 13
21702 1621 24 100 13
21703 1622 24 101 13
21704 1623 24 102 13
21705 1624 24 103 13
21710 1625 24 104 13
21711 1626 24 105 13
21718 1627 24 106 13
21726 1628 24 107 13
21728 1629 24 108 13
21729 1630 24 109 13
21730 1631 24 110 13
21732 1632 24 111 13
21733 1633 24 112 13
21734 1634 24 113 13
21735 1635 24 114 13
21736 1636 24 115 13
21737 1637 24 116 13
21738 1638 24 0 14
21739 1639 24 1 14
21741 1640 24 2 14
21742 1641 24 3 14
21745 1642 24 4 14
21746 1643 24 5 14
21747 1644 24 6 14
21751 1645 24 7 14
21752 1646 24 8 14
21754 1647 24 9 14
21755 1648 24 10 14
21756 1649 24 11 14
21757 1650 24 12 14
21759 1651 24 13 14
21761 1652 24 14 14
21763 1653 24 15 14
21764 1654 24 16 14
21765 1655 24 17 14
21766 1656 24 18 14
21767 1657 24 19 14
21768 1658 24 20 14
21769 1659 24 21 14
21770 1660 24 22 14
21771 1661 24 23 14
21772 1662 24 24 14
21774 1663 24 25 14
21775 1664 24 26 14
21776 1665 24 27 14
21777 1666 24 28 14
21778 1667 24 29 14
21780 1668 24 30 14
21783 1669 24 31 14
21786 1670 24 32 14
21798 1671 24 33 14
21799 1672 24 34 14
21802 1673 24 35 14
21804 1674 24 36 14
21805 1675 24 37 14
21806 1676 24 38 14
21807 1677 24 39 14
21808 1678 24 40 14
21809 1679 24 41 14
21810 1680 24 42 14
21811 1681 24 43 14
21812 1682 24 44 14
21813 1683 24 45 14
21814 1684 24 46 14
21815 1685 24 47 14
21816 1686 24 48 14
21817 1687 24 49 14
21819 1688 24 50 14
21820 1689 24 51 14
21822 1690 24 52 14
21824 1691 24 53 14
21825 1692 24 54 14
21827 1693 24 55 14
21828 1694 24 56 14
21829 1695 24 57 14
21830 1696 24 58 14
21832 1697 24 59 14
21834 1698 24 60 14
21835 1699 24 61 14
21837 1700 24 62 14
21838 1701 24 63 14
21839 1702 24 64 14
21840 1703 24 65 14
21841 1704 24 66 14
21842 1705 24 67 14
21845 1706 24 68 14
21846 1707 24 69 14
21847 1708 24 70 14
21852 1709 24 71 14
21854 1710 24 72 14
21855 1711 24 73 14
21857 1712 24 74 14
21858 1713 24 75 14
21859 1714 24 76 14
21860 1715 24 77 14
21861 1716 24 78 14
21862 1717 24 79 14
21866 1718 24 80 14
21877 1719 24 81 14
21878 1720 24 82 14
21879 1721 24 83 14
21883 1722 24 84 14
21884 1723 24 85 14
21885 1724 24 86 14
21886 1725 24 87 14
21887 1726 24 88 14
21888 1727 24 89 14
21889 1728 24 90 14
21890 1729 24 91 14
21891 1730 24 92 14
21892 1731 24 93 14
21895 1732 24 94 14
21896 1733 24 95 14
21897 1734 24 96 14
21898 1735 24 97 14
21899 1736 24 98 14
21900 1737 24 99 14
21901 1738 24 100 14
21902 1739 24 101 14
21903 1740 24 102 14
21905 1741 24 103 14
21906 1742 24 104 14
21907 1743 24 105 14
21908 1744 24 106 14
21909 1745 24 107 14
21912 1746 24 108 14
21913 1747 24 109 14
21914 1748 24 110 14
21916 1749 24 111 14
21917 1750 24 112 14
21919 1751 24 113 14
21921 1752 24 114 14
21922 1753 24 115 14
21923 1754 24 116 14
21924 1755 24 0 15
21925 1756 24 1 15
21926 1757 24 2 15
21927 1758 24 3 15
21928 1759 24 4 15
21930 1760 24 5 15
21931 1761 24 6 15
21932 1762 24 7 15
21933 1763 24 8 15
21934 1764 24 9 15
21937 1765 24 10 15
21938 1766 24 11 15
21939 1767 24 12 15
21941 1768 24 13 15
21947 1769 24 14 15
21951 1770 24 15 15
21952 1771 24 16 15
21954 1772 24 17 15
21955 1773 24 18 15
21956 1774 24 19 15
21957 1775 24 20 15
21958 1776 24 21 15
21959 1777 24 22 15
21960 1778 24 23 15
21961 1779 24 24 15
21962 1780 24 25 15
21963 1781 24 26 15
21964 1782 24 27 15
21965 1783 24 28 15
21966 1784 24 29 15
21967 1785 24 30 15
21968 1786 24 31 15
21969 1787 24 32 15
21970 1788 24 33 15
21971 1789 24 34 15
21972 1790 24 35 15
21973 1791 24 36 15
21974 1792 24 37 15
21977 1793 24 38 15
21978 1794 24 39 15
21979 1795 24 40 15
21980 1796 24 41 15
21981 1797 24 42 15
21983 1798 24 43 15
21985 1799 24 44 15
21986 1800 24 45 15
21987 1801 24 46 15
21988 1802 24 47 15
21989 1803 24 48 15
21990 1804 24 49 15
21991 1805 24 50 15
21992 1806 24 51 15
21993 1807 24 52 15
21999 1808 24 53 15
22002 1809 24 54 15
22006 1810 24 55 15
22007 1811 24 56 15
22009 1812 24 57 15
22010 1813 24 58 15
22012 1814 24 59 15
22013 1815 24 60 15
22014 1816 24 61 15
22015 1817 24 62 15
22016 1818 24 63 15
22017 1819 24 64 15
22018 1820 24 65 15
22020 1821 24 66 15
22022 1822 24 67 15
22024 1823 24 68 15
22025 1824 24 69 15
22028 1825 24 70 15
22029 1826 24 71 15
22030 1827 24 72 15
22031 1828 24 73 15
22032 1829 24 74 15
22034 1830 24 75 15
22035 1831 24 76 15
22036 1832 24 77 15
22037 1833 24 78 15
22038 1834 24 79 15
22039 1835 24 80 15
22043 1836 24 81 15
22044 1837 24 82 15
22045 1838 24 83 15
22047 1839 24 84 15
22055 1840 24 85 15
22057 1841 24 86 15
22058 1842 24 87 15
22060 1843 24 88 15
22062 1844 24 89 15
22063 1845 24 90 15
22064 1846 24 91 15
22066 1847 24 92 15
22067 1848 24 93 15
22068 1849 24 94 15
22069 1850 24 95 15
22070 1851 24 96 15
22072 1852 24 97 15
22073 1853 24 98 15
22074 1854 24 99 15
22075 1855 24 100 15
22077 1856 24 101 15
22078 1857 24 102 15
22079 1858 24 103 15
22080 1859 24 104 15
22081 1860 24 105 15
22082 1861 24 106 15
22085 1862 24 107 15
22086 1863 24 108 15
22088 1864 24 109 15
22089 1865 24 110 15
22090 1866 24 111 15
22092 1867 24 112 15
22094 1868 24 113 15
22099 1869 24 114 15
22103 1870 24 115 15
22104 1871 24 116 15
22105 1872 24 0 16
22106 1873 24 1 16
22110 1874 24 2 16
22112 1875 24 3 16
22114 1876 24 4 16
22115 1877 24 5 16
22116 1878 24 6 16
22117 1879 24 7 16
22118 1880 24 8 16
22120 1881 24 9 16
22121 1882 24 10 16
22122 1883 24 11 16
22123 1884 24 12 16
22124 1885 24 13 16
22125 1886 24 14 16
22126 1887 24 15 16
22127 1888 24 16 16
22128 1889 24 17 16
22129 1890 24 18 16
22130 1891 24 19 16
22131 1892 24 20 16
22132 1893 24 21 16
22134 1894 24 22 16
22135 1895 24 23 16
22136 1896 24 24 16
22137 1897 24 25 16
22142 1898 24 26 16
22143 1899 24 27 16
22144 1900 24 28 16
22145 1901 24 29 16
22146 1902 24 30 16
22147 1903 24 31 16
22148 1904 24 32 16
22149 1905 24 33 16
22150 1906 24 34 16
22151 1907 24 35 16
22156 1908 24 36 16
22157 1909 24 37 16
22158 1910 24 38 16
22159 1911 24 39 16
22160 1912 24 40 16
22163 1913 24 41 16
22165 1914 24 42 16
22167 1915 24 43 16
22168 1916 24 44 16
22169 1917 24 45 16
22170 1918 24 46 16
22172 1919 24 47 16
22173 1920 24 48 16
22181 1921 24 49 16
22182 1922 24 50 16
22183 1923 24 51 16
22184 1924 24 52 16
22186 1925 24 53 16
22187 1926 24 54 16
22188 1927 24 55 16
22189 1928 24 56 16
22190 1929 24 57 16
22194 1930 24 58 16
22195 1931 24 59 16
22196 1932 24 60 16
22197 1933 24 61 16
22198 1934 24 62 16
22199 1935 24 63 16
22204 1936 24 64 16
22205 1937 24 65 16
22206 1938 24 66 16
22208 1939 24 67 16
22209 1940 24 68 16
22210 1941 24 69 16
22211 1942 24 70 16
22213 1943 24 71 16
22214 1944 24 72 16
22216 1945 24 73 16
22217 1946 24 74 16
22218 1947 24 75 16
22219 1948 24 76 16
22220 1949 24 77 16
22221 1950 24 78 16
22225 1951 24 79 16
22227 1952 24 80 16
22228 1953 24 81 16
22231 1954 24 82 16
22234 1955 24 83 16
22235 1956 24 84 16
22237 1957 24 85 16
22238 1958 24 86 16
22239 1959 24 87 16
22240 1960 24 88 16
22241 1961 24 89 16
22244 1962 24 90 16
22245 1963 24 91 16
22247 1964 24 92 16
22250 1965 24 93 16
22251 1966 24 94 16
22254 1967 24 95 16
22256 1968 24 96 16
22263 1969 24 97 16
22265 1970 24 98 16
22266 1971 24 99 16
22271 1972 24 100 16
22273 1973 24 101 16
22274 1974 24 102 16
22275 1975 24 103 16
22276 1976 24 104 16
22279 1977 24 105 16
22280 1978 24 106 16
22281 1979 24 107 16
22282 1980 24 108 16
22283 1981 24 109 16
22284 1982 24 110 16
22285 1983 24 111 16
22290 1984 24 112 16
22291 1985 24 113 16
22292 1986 24 114 16
22294 1987 24 115 16
22296 1988 24 116 16
22298 1989 24 0 17
22299 1990 24 1 17
22300 1991 24 2 17
22302 1992 24 3 17
22303 1993 24 4 17
22304 1994 24 5 17
22306 1995 24 6 17
22307 1996 24 7 17
22312 1997 24 8 17
22313 1998 24 9 17
22314 1999 24 10 17
22316 2000 24 11 17
22317 2001 24 12 17
22318 2002 24 13 17
22319 2003 24 14 17
22320 2004 24 15 17
22323 2005 24 16 17
22324 2006 24 17 17
22331 2007 24 18 17
22334 2008 24 19 17
22336 2009 24 20 17
22337 2010 24 21 17
22341 2011 24 22 17
22343 2012 24 23 17
22345 2013 24 24 17
22346 2014 24 25 17
22347 2015 24 26 17
22348 2016 24 27 17
22349 2017 24 28 17
22350 2018 24 29 17
22351 2019 24 30 17
22352 2020 24 31 17
22353 2021 24 32 17
22354 2022 24 33 17
22369 2023 24 34 17
22370 2024 24 35 17
22372 2025 24 36 17
22374 2026 24 37 17
22376 2027 24 38 17
22377 2028 24 39 17
22378 2029 24 40 17
22379 2030 24 41 17
22381 2031 24 42 17
22383 2032 24 43 17
22384 2033 24 44 17
22385 2034 24 45 17
22386 2035 24 46 17
22387 2036 24 47 17
22388 2037 24 48 17
22389 2038 24 49 17
22390 2039 24 50 17
22391 2040 24 51 17
22395 2041 24 52 17
22396 2042 24 53 17
22397 2043 24 54 17
22400 2044 24 55 17
22402 2045 24 56 17
22403 2046 24 57 17
22411 2047 24 58 17
22412 2048 24 59 17
22415 2049 24 60 17
22419 2050 24 61 17
22420 2051 24 62 17
22421 2052 24 63 17
22423 2053 24 64 17
22424 2054 24 65 17
22425 2055 24 66 17
22426 2056 24 67 17
22427 2057 24 68 17
22429 2058 24 69 17
22430 2059 24 70 17
22431 2060 24 71 17
22432 2061 24 72 17
22434 2062 24 73 17
22435 2063 24 74 17
22436 2064 24 75 17
22437 2065 24 76 17
22446 2066 24 77 17
22453 2067 24 78 17
22454 2068 24 79 17
22456 2069 24 80 17
22457 2070 24 81 17
22458 2071 24 82 17
22460 2072 24 83 17
22461 2073 24 84 17
22463 2074 24 85 17
22465 2075 24 86 17
22466 2076 24 87 17
22467 2077 24 88 17
22470 2078 24 89 17
22471 2079 24 90 17
22475 2080 24 91 17
22476 2081 24 92 17
22478 2082 24 93 17
22479 2083 24 94 17
22480 2084 24 95 17
22482 2085 24 96 17
22484 2086 24 97 17
22485 2087 24 98 17
22492 2088 24 99 17
22495 2089 24 100 17
22496 2090 24 101 17
22497 2091 24 102 17
22498 2092 24 103 17
22499 2093 24 104 17
22500 2094 24 105 17
22501 2095 24 106 17
22503 2096 24 107 17
22505 2097 24 108 17
22508 2098 24 109 17
22509 2099 24 110 17
22510 2100 24 111 17
22512 2101 24 112 17
22513 2102 24 113 17
22514 2103 24 114 17
22515 2104 24 115 17
22516 2105 24 116 17
22517 2106 24 0 18
22518 2107 24 1 18
22519 2108 24 2 18
22520 2109 24 3 18
22521 2110 24 4 18
22522 2111 24 5 18
22523 2112 24 6 18
22524 2113 24 7 18
22525 2114 24 8 18
22528 2115 24 9 18
22529 2116 24 10 18
22530 2117 24 11 18
22532 2118 24 12 18
22533 2119 24 13 18
22534 2120 24 14 18
22535 2121 24 15 18
22536 2122 24 16 18
22537 2123 24 17 18
22538 2124 24 18 18
22539 2125 24 19 18
22540 2126 24 20 18
22541 2127 24 21 18
22542 2128 24 22 18
22544 2129 24 23 18
22548 2130 24 24 18
22553 2131 24 25 18
22555 2132 24 26 18
22556 2133 24 27 18
22557 2134 24 28 18
22558 2135 24 29 18
22560 2136 24 30 18
22561 2137 24 31 18
22563 2138 24 32 18
22564 2139 24 33 18
22565 2140 24 34 18
22567 2141 24 35 18
22568 2142 24 36 18
22569 2143 24 37 18
22570 2144 24 38 18
22572 2145 24 39 18
22573 2146 24 40 18
22574 2147 24 41 18
22575 2148 24 42 18
22576 2149 24 43 18
22577 2150 24 44 18
22578 2151 24 45 18
22579 2152 24 46 18
22580 2153 24 47 18
22581 2154 24 48 18
22582 2155 24 49 18
22583 2156 24 50 18
22584 2157 24 51 18
22585 2158 24 52 18
22587 2159 24 53 18
22589 2160 24 54 18
22591 2161 24 55 18
22600 2162 24 56 18
22601 2163 24 57 18
22602 2164 24 58 18
22603 2165 24 59 18
22604 2166 24 60 18
22605 2167 24 61 18
22606 2168 24 62 18
22607 2169 24 63 18
22609 2170 24 64 18
22610 2171 24 65 18
22611 2172 24 66 18
22612 2173 24 67 18
22613 2174 24 68 18
22615 2175 24 69 18
22616 2176 24 70 18
22617 2177 24 71 18
22618 2178 24 72 18
22619 2179 24 73 18
22621 2180 24 74 18
22622 2181 24 75 18
22626 2182 24 76 18
22627 2183 24 77 18
22628 2184 24 78 18
22629 2185 24 79 18
22632 2186 24 80 18
22635 2187 24 81 18
22637 2188 24 82 18
22639 2189 24 83 18
22641 2190 24 84 18
22644 2191 24 85 18
22645 2192 24 86 18
22646 2193 24 87 18
22649 2194 24 88 18
22650 2195 24 89 18
22651 2196 24 90 18
22652 2197 24 91 18
22653 2198 24 92 18
22654 2199 24 93 18
22655 2200 24 94 18
22656 2201 24 95 18
22657 2202 24 96 18
22658 2203 24 97 18
22659 2204 24 98 18
22661 2205 24 99 18
22662 2206 24 100 18
22663 2207 24 101 18
22664 2208 24 102 18
22665 2209 24 103 18
22666 2210 24 104 18
22667 2211 24 105 18
22670 2212 24 106 18
22671 2213 24 107 18
22672 2214 24 108 18
22673 2215 24 109 18
22675 2216 24 110 18
22676 2217 24 111 18
22680 2218 24 112 18
22684 2219 24 113 18
22685 2220 24 114 18
22686 2221 24 115 18
22687 2222 24 116 18
22688 2223 24 0 19
22689 2224 24 1 19
22691 2225 24 2 19
22693 2226 24 3 19
22694 2227 24 4 19
22696 2228 24 5 19
22697 2229 24 6 19
22699 2230 24 7 19
22700 2231 24 8 19
22702 2232 24 9 19
22703 2233 24 10 19
22705 2234 24 11 19
22707 2235 24 12 19
22714 2236 24 13 19
22716 2237 24 14 19
22717 2238 24 15 19
22718 2239 24 16 19
22719 2240 24 17 19
22721 2241 24 18 19
22722 2242 24 19 19
22725 2243 24 20 19
22726 2244 24 21 19
22727 2245 24 22 19
22728 2246 24 23 19
22729 2247 24 24 19
22734 2248 24 25 19
22735 2249 24 26 19
22737 2250 24 27 19
22738 2251 24 28 19
22739 2252 24 29 19
22740 2253 24 30 19
22741 2254 24 31 19
22742 2255 24 32 19
22744 2256 24 33 19
22745 2257 24 34 19
22746 2258 24 35 19
22747 2259 24 36 19
22749 2260 24 37 19
22750 2261 24 38 19
22751 2262 24 39 19
22754 2263 24 40 19
22755 2264 24 41 19
22756 2265 24 42 19
22759 2266 24 43 19
22760 2267 24 44 19
22761 2268 24 45 19
22763 2269 24 46 19
22764 2270 24 47 19
22767 2271 24 48 19
22772 2272 24 49 19
22777 2273 24 50 19
22778 2274 24 51 19
22780 2275 24 52 19
22781 2276 24 53 19
22782 2277 24 54 19
22783 2278 24 55 19
22787 2279 24 56 19
22790 2280 24 57 19
22796 2281 24 58 19
22797 2282 24 59 19
22798 2283 24 60 19
22799 2284 24 61 19
22802 2285 24 62 19
22804 2286 24 63 19
22805 2287 24 64 19
22806 2288 24 65 19
22807 2289 24 66 19
22809 2290 24 67 19
22810 2291 24 68 19
22812 2292 24 69 19
22816 2293 24 70 19
22818 2294 24 71 19
22820 2295 24 72 19
22821 2296 24 73 19
22823 2297 24 74 19
22825 2298 24 75 19
22826 2299 24 76 19
22827 2300 24 77 19
22828 2301 24 78 19
22829 2302 24 79 19
22830 2303 24 80 19
22831 2304 24 81 19
22833 2305 24 82 19
22839 2306 24 83 19
22840 2307 24 84 19
22844 2308 24 85 19
22846 2309 24 86 19
22848 2310 24 87 19
22852 2311 24 88 19
22853 2312 24 89 19
22855 2313 24 90 19
22856 2314 24 91 19
22857 2315 24 92 19
22858 2316 24 93 19
22862 2317 24 94 19
22863 2318 24 95 19
22864 2319 24 96 19
22865 2320 24 97 19
22867 2321 24 98 19
22868 2322 24 99 19
22869 2323 24 100 19
22871 2324 24 101 19
22872 2325 24 102 19
22874 2326 24 103 19
22876 2327 24 104 19
22880 2328 24 105 19
22881 2329 24 106 19
22882 2330 24 107 19
22887 2331 24 108 19
22889 2332 24 109 19
22890 2333 24 110 19
22891 2334 24 111 19
22893 2335 24 112 19
22894 2336 24 113 19
22896 2337 24 114 19
22897 2338 24 115 19
22898 2339 24 116 19
22899 2340 24 0 20
22900 2341 24 1 20
22902 2342 24 2 20
22903 2343 24 3 20
22904 2344 24 4 20
22905 2345 24 5 20
22907 2346 24 6 20
22908 2347 24 7 20
22909 2348 24 8 20
22910 2349 24 9 20
22911 2350 24 10 20
22912 2351 24 11 20
22913 2352 24 12 20
22914 2353 24 13 20
22915 2354 24 14 20
22916 2355 24 15 20
22917 2356 24 16 20
22922 2357 24 17 20
22925 2358 24 18 20
22926 2359 24 19 20
22927 2360 24 20 20
22928 2361 24 21 20
22930 2362 24 22 20
22931 2363 24 23 20
22934 2364 24 24 20
22935 2365 24 25 20
22936 2366 24 26 20
22937 2367 24 27 20
22941 2368 24 28 20
22942 2369 24 29 20
22944 2370 24 30 20
22945 2371 24 31 20
22946 2372 24 32 20
22947 2373 24 33 20
22948 2374 24 34 20
22949 2375 24 35 20
22950 2376 24 36 20
22951 2377 24 37 20
22952 2378 24 38 20
22958 2379 24 39 20
22959 2380 24 40 20
22961 2381 24 41 20
22962 2382 24 42 20
22963 2383 24 43 20
22964 2384 24 44 20
22965 2385 24 45 20
22966 2386 24 46 20
22969 2387 24 47 20
22970 2388 24 48 20
22971 2389 24 49 20
22972 2390 24 50 20
22973 2391 24 51 20
22974 2392 24 52 20
22976 2393 24 53 20
22977 2394 24 54 20
22979 2395 24 55 20
22981 2396 24 56 20
22982 2397 24 57 20
22983 2398 24 58 20
22984 2399 24 59 20
22986 2400 24 60 20
22987 2401 24 61 20
22988 2402 24 62 20
22989 2403 24 63 20
22990 2404 24 64 20
22991 2405 24 65 20
22992 2406 24 66 20
22993 2407 24 67 20
22994 2408 24 68 20
22995 2409 24 69 20
22996 2410 24 70 20
22998 2411 24 71 20
23000 2412 24 72 20
23002 2413 24 73 20
23003 2414 24 74 20
23004 2415 24 75 20
23005 2416 24 76 20
23006 2417 24 77 20
23008 2418 24 78 20
23009 2419 24 79 20
23011 2420 24 80 20
23012 2421 24 81 20
23013 2422 24 82 20
23014 2423 24 83 20
23016 2424 24 84 20
23017 2425 24 85 20
23018 2426 24 86 20
23020 2427 24 87 20
23021 2428 24 88 20
23022 2429 24 89 20
23025 2430 24 90 20
23026 2431 24 91 20
23027 2432 24 92 20
23028 2433 24 93 20
23029 2434 24 94 20
23030 2435 24 95 20
23031 2436 24 96 20
23034 2437 24 97 20
23035 2438 24 98 20
23036 2439 24 99 20
23037 2440 24 100 20
23038 2441 24 101 20
23039 2442 24 102 20
23040 2443 24 103 20
23041 2444 24 104 20
23043 2445 24 105 20
23049 2446 24 106 20
23050 2447 24 107 20
23052 2448 24 108 20
23055 2449 24 109 20
23057 2450 24 110 20
23059 2451 24 111 20
23061 2452 24 112 20
23062 2453 24 113 20
23063 2454 24 114 20
23064 2455 24 115 20
23065 2456 24 116 20
23067 2457 24 0 21
23068 2458 24 1 21
23070 2459 24 2 21
23071 2460 24 3 21
23072 2461 24 4 21
23075 2462 24 5 21
23077 2463 24 6 21
23081 2464 24 7 21
23085 2465 24 8 21
23086 2466 24 9 21
23091 2467 24 10 21
23093 2468 24 11 21
23094 2469 24 12 21
23095 2470 24 13 21
23096 2471 24 14 21
23097 2472 24 15 21
23100 2473 24 16 21
23102 2474 24 17 21
23104 2475 24 18 21
23105 2476 24 19 21
23106 2477 24 20 21
23107 2478 24 21 21
23108 2479 24 22 21
23110 2480 24 23 21
23111 2481 24 24 21
23112 2482 24 25 21
23113 2483 24 26 21
23114 2484 24 27 21
23116 2485 24 28 21
23117 2486 24 29 21
23120 2487 24 30 21
23121 2488 24 31 21
23122 2489 24 32 21
23123 2490 24 33 21
23125 2491 24 34 21
23126 2492 24 35 21
23127 2493 24 36 21
23128 2494 24 37 21
23130 2495 24 38 21
23131 2496 24 39 21
23132 2497 24 40 21
23133 2498 24 41 21
23134 2499 24 42 21
23135 2500 24 43 21
23136 2501 24 44 21
23138 2502 24 45 21
23140 2503 24 46 21
23141 2504 24 47 21
23142 2505 24 48 21
23143 2506 24 49 21
23145 2507 24 50 21
23146 2508 24 51 21
23148 2509 24 52 21
23149 2510 24 53 21
23152 2511 24 54 21
23159 2512 24 55 21
23160 2513 24 56 21
23162 2514 24 57 21
23163 2515 24 58 21
23164 2516 24 59 21
23165 2517 24 60 21
23167 2518 24 61 21
23171 2519 24 62 21
23172 2520 24 63 21
23178 2521 24 64 21
23179 2522 24 65 21
23180 2523 24 66 21
23182 2524 24 67 21
23183 2525 24 68 21
23184 2526 24 69 21
23186 2527 24 70 21
23187 2528 24 71 21
23188 2529 24 72 21
23189 2530 24 73 21
23191 2531 24 74 21
23194 2532 24 75 21
23195 2533 24 76 21
23196 2534 24 77 21
23197 2535 24 78 21
23198 2536 24 79 21
23199 2537 24 80 21
23202 2538 24 81 21
23205 2539 24 82 21
23206 2540 24 83 21
23207 2541 24 84 21
23209 2542 24 85 21
23212 2543 24 86 21
23214 2544 24 87 21
23215 2545 24 88 21
23216 2546 24 89 21
23217 2547 24 90 21
23218 2548 24 91 21
23219 2549 24 92 21
23220 2550 24 93 21
23221 2551 24 94 21
23222 2552 24 95 21
23223 2553 24 96 21
23224 2554 24 97 21
23225 2555 24 98 21
23226 2556 24 99 21
23227 2557 24 100 21
23228 2558 24 101 21
23229 2559 24 102 21
23230 2560 24 103 21
23231 2561 24 104 21
23232 2562 24 105 21
23233 2563 24 106 21
23234 2564 24 107 21
23236 2565 24 108 21
23238 2566 24 109 21
23239 2567 24 110 21
23240 2568 24 111 21
23241 2569 24 112 21
23242 2570 24 113 21
23243 2571 24 114 21
23244 2572 24 115 21
23245 2573 24 116 21
23253 2574 24 0 22
23254 2575 24 1 22
23255 2576 24 2 22
23256 2577 24 3 22
23257 2578 24 4 22
23258 2579 24 5 22
23259 2580 24 6 22
23260 2581 24 7 22
23261 2582 24 8 22
23262 2583 24 9 22
23263 2584 24 10 22
23264 2585 24 11 22
23265 2586 24 12 22
23266 2587 24 13 22
23267 2588 24 14 22
23269 2589 24 15 22
23270 2590 24 16 22
23272 2591 24 17 22
23273 2592 24 18 22
23274 2593 24 19 22
23275 2594 24 20 22
23276 2595 24 21 22
23277 2596 24 22 22
23278 2597 24 23 22
23283 2598 24 24 22
23284 2599 24 25 22
23285 2600 24 26 22
23286 2601 24 27 22
23287 2602 24 28 22
23288 2603 24 29 22
23289 2604 24 30 22
23291 2605 24 31 22
23293 2606 24 32 22
23295 2607 24 33 22
23297 2608 24 34 22
23298 2609 24 35 22
23299 2610 24 36 22
23301 2611 24 37 22
23303 2612 24 38 22
23304 2613 24 39 22
23305 2614 24 40 22
23307 2615 24 41 22
23308 2616 24 42 22
23311 2617 24 43 22
23312 2618 24 44 22
23315 2619 24 45 22
23316 2620 24 46 22
23318 2621 24 47 22
23319 2622 24 48 22
23321 2623 24 49 22
23322 2624 24 50 22
23323 2625 24 51 22
23325 2626 24 52 22
23326 2627 24 53 22
23328 2628 24 54 22
23329 2629 24 55 22
23331 2630 24 56 22
23332 2631 24 57 22
23333 2632 24 58 22
23334 2633 24 59 22
23335 2634 24 60 22
23336 2635 24 61 22
23338 2636 24 62 22
23340 2637 24 63 22
23341 2638 24 64 22
23342 2639 24 65 22
23343 2640 24 66 22
23344 2641 24 67 22
23346 2642 24 68 22
23348 2643 24 69 22
23352 2644 24 70 22
23356 2645 24 71 22
23357 2646 24 72 22
23358 2647 24 73 22
23359 2648 24 74 22
23360 2649 24 75 22
23363 2650 24 76 22
23365 2651 24 77 22
23367 2652 24 78 22
23368 2653 24 79 22
23371 2654 24 80 22
23372 2655 24 81 22
23373 2656 24 82 22
23374 2657 24 83 22
23376 2658 24 84 22
23377 2659 24 85 22
23379 2660 24 86 22
23380 2661 24 87 22
23381 2662 24 88 22
23382 2663 24 89 22
23383 2664 24 90 22
23384 2665 24 91 22
23386 2666 24 92 22
23387 2667 24 93 22
23388 2668 24 94 22
23389 2669 24 95 22
23391 2670 24 96 22
23394 2671 24 97 22
23395 2672 24 98 22
23396 2673 24 99 22
23397 2674 24 100 22
23401 2675 24 101 22
23403 2676 24 102 22
23404 2677 24 103 22
23406 2678 24 104 22
23408 2679 24 105 22
23409 2680 24 106 22
23410 2681 24 107 22
23411 2682 24 108 22
23413 2683 24 109 22
23415 2684 24 110 22
23416 2685 24 111 22
23418 2686 24 112 22
23419 2687 24 113 22
23421 2688 24 114 22
23423 2689 24 115 22
23425 2690 24 116 22
23427 2691 24 0 23
23428 2692 24 1 23
23429 2693 24 2 23
23431 2694 24 3 23
23432 2695 24 4 23
23433 2696 24 5 23
23435 2697 24 6 23
23436 2698 24 7 23
23438 2699 24 8 23
23439 2700 24 9 23
23442 2701 24 10 23
23443 2702 24 11 23
23445 2703 24 12 23
23447 2704 24 13 23
23448 2705 24 14 23
23449 2706 24 15 23
23450 2707 24 16 23
23451 2708 24 17 23
23452 2709 24 18 23
23458 2710 24 19 23
23459 2711 24 20 23
23460 2712 24 21 23
23461 2713 24 22 23
23462 2714 24 23 23
23463 2715 24 24 23
23464 2716 24 25 23
23468 2717 24 26 23
23469 2718 24 27 23
23470 2719 24 28 23
23472 2720 24 29 23
23475 2721 24 30 23
23476 2722 24 31 23
23477 2723 24 32 23
23478 2724 24 33 23
23480 2725 24 34 23
23481 2726 24 35 23
23487 2727 24 36 23
23488 2728 24 37 23
23489 2729 24 38 23
23490 2730 24 39 23
23492 2731 24 40 23
23493 2732 24 41 23
23494 2733 24 42 23
23495 2734 24 43 23
23498 2735 24 44 23
23499 2736 24 45 23
23500 2737 24 46 23
23501 2738 24 47 23
23502 2739 24 48 23
23504 2740 24 49 23
23505 2741 24 50 23
23506 2742 24 51 23
23507 2743 24 52 23
23508 2744 24 53 23
23510 2745 24 54 23
23512 2746 24 55 23
23513 2747 24 56 23
23518 2748 24 57 23
23519 2749 24 58 23
23520 2750 24 59 23
23521 2751 24 60 23
23522 2752 24 61 23
23523 2753 24 62 23
23524 2754 24 63 23
23525 2755 24 64 23
23526 2756 24 65 23
23527 2757 24 66 23
23528 2758 24 67 23
23529 2759 24 68 23
23530 2760 24 69 23
23531 2761 24 70 23
23532 2762 24 71 23
23534 2763 24 72 23
23535 2764 24 73 23
23536 2765 24 74 23
23537 2766 24 75 23
23538 2767 24 76 23
23541 2768 24 77 23
23542 2769 24 78 23
23544 2770 24 79 23
23546 2771 24 80 23
23553 2772 24 81 23
23555 2773 24 82 23
23556 2774 24 83 23
23559 2775 24 84 23
23560 2776 24 85 23
23561 2777 24 86 23
23562 2778 24 87 23
23563 2779 24 88 23
23564 2780 24 89 23
23565 2781 24 90 23
23566 2782 24 91 23
23567 2783 24 92 23
23568 2784 24 93 23
23569 2785 24 94 23
23570 2786 24 95 23
23573 2787 24 96 23
23574 2788 24 97 23
23578 2789 24 98 23
23583 2790 24 99 23
23586 2791 24 100 23
23588 2792 24 101 23
23589 2793 24 102 23
23592 2794 24 103 23
23594 2795 24 104 23
23596 2796 24 105 23
23600 2797 24 106 23
23601 2798 24 107 23
23603 2799 24 108 23
23607 2800 24 109 23
23608 2801 24 110 23
23609 2802 24 111 23
23610 2803 24 112 23
23611 2804 24 113 23
23612 2805 24 114 23
23614 2806 24 115 23
23615 2807 24 116 23
23616 2808 24 0 24
23617 2809 24 1 24
23620 2810 24 2 24
23621 2811 24 3 24
23622 2812 24 4 24
23623 2813 24 5 24
23624 2814 24 6 24
23627 2815 24 7 24
23628 2816 24 8 24
23629 2817 24 9 24
23630 2818 24 10 24
23631 2819 24 11 24
23632 2820 24 12 24
23633 2821 24 13 24
23636 2822 24 14 24
23637 2823 24 15 24
23638 2824 24 16 24
23640 2825 24 17 24
23641 2826 24 18 24
23644 2827 24 19 24
23645 2828 24 20 24
23648 2829 24 21 24
23650 2830 24 22 24
23651 2831 24 23 24
23652 2832 24 24 24
23653 2833 24 25 24
23655 2834 24 26 24
23656 2835 24 27 24
23657 2836 24 28 24
23658 2837 24 29 24
23660 2838 24 30 24
23661 2839 24 31 24
23662 2840 24 32 24
23663 2841 24 33 24
23665 2842 24 34 24
23667 2843 24 35 24
23668 2844 24 36 24
23673 2845 24 37 24
23674 2846 24 38 24
23675 2847 24 39 24
23676 2848 24 40 24
23678 2849 24 41 24
23686 2850 24 42 24
23688 2851 24 43 24
23689 2852 24 44 24
23690 2853 24 45 24
23691 2854 24 46 24
23692 2855 24 47 24
23693 2856 24 48 24
23695 2857 24 49 24
23696 2858 24 50 24
23697 2859 24 51 24
23698 2860 24 52 24
23699 2861 24 53 24
23700 2862 24 54 24
23701 2863 24 55 24
23709 2864 24 56 24
23711 2865 24 57 24
23712 2866 24 58 24
23713 2867 24 59 24
23714 2868 24 60 24
23715 2869 24 61 24
23716 2870 24 62 24
23717 2871 24 63 24
23718 2872 24 64 24
23719 2873 24 65 24
23720 2874 24 66 24
23721 2875 24 67 24
23722 2876 24 68 24
23723 2877 24 69 24
23724 2878 24 70 24
23725 2879 24 71 24
23726 2880 24 72 24
23727 2881 24 73 24
23728 2882 24 74 24
23729 2883 24 75 24
23731 2884 24 76 24
23733 2885 24 77 24
23734 2886 24 78 24
23735 2887 24 79 24
23736 2888 24 80 24
23750 2889 24 81 24
23751 2890 24 82 24
23752 2891 24 83 24
23753 2892 24 84 24
23754 2893 24 85 24
23755 2894 24 86 24
23756 2895 24 87 24
23758 2896 24 88 24
23759 2897 24 89 24
23760 2898 24 90 24
23762 2899 24 91 24
23763 2900 24 92 24
23764 2901 24 93 24
23766 2902 24 94 24
23767 2903 24 95 24
23768 2904 24 96 24
23769 2905 24 97 24
23770 2906 24 98 24
23771 2907 24 99 24
23774 2908 24 100 24
23775 2909 24 101 24
23784 2910 24 102 24
23786 2911 24 103 24
23788 2912 24 104 24
23789 2913 24 105 24
23790 2914 24 106 24
23792 2915 24 107 24
23793 2916 24 108 24
23796 2917 24 109 24
23798 2918 24 110 24
23799 2919 24 111 24
23800 2920 24 112 24
23801 2921 24 113 24
23803 2922 24 114 24
23805 2923 24 115 24
23807 2924 24 116 24
23808 2925 24 0 25
23809 2926 24 1 25
23814 2927 24 2 25
23815 2928 24 3 25
23819 2929 24 4 25
23820 2930 24 5 25
23821 2931 24 6 25
23822 2932 24 7 25
23823 2933 24 8 25
23825 2934 24 9 25
23826 2935 24 10 25
23828 2936 24 11 25
23830 2937 24 12 25
23831 2938 24 13 25
23833 2939 24 14 25
23834 2940 24 15 25
23835 2941 24 16 25
23837 2942 24 17 25
23838 2943 24 18 25
23839 2944 24 19 25
23840 2945 24 20 25
23842 2946 24 21 25
23843 2947 24 22 25
23844 2948 24 23 25
23845 2949 24 24 25
23846 2950 24 25 25
23847 2951 24 26 25
23848 2952 24 27 25
23849 2953 24 28 25
23854 2954 24 29 25
23856 2955 24 30 25
23857 2956 24 31 25
23858 2957 24 32 25
23859 2958 24 33 25
23860 2959 24 34 25
23861 2960 24 35 25
23862 2961 24 36 25
23863 2962 24 37 25
23864 2963 24 38 25
23865 2964 24 39 25
23866 2965 24 40 25
23868 2966 24 41 25
23869 2967 24 42 25
23871 2968 24 43 25
23872 2969 24 44 25
23873 2970 24 45 25
23874 2971 24 46 25
23875 2972 24 47 25
23877 2973 24 48 25
23879 2974 24 49 25
23881 2975 24 50 25
23882 2976 24 51 25
23883 2977 24 52 25
23884 2978 24 53 25
23886 2979 24 54 25
23888 2980 24 55 25
23889 2981 24 56 25
23890 2982 24 57 25
23893 2983 24 58 25
23897 2984 24 59 25
23902 2985 24 60 25
23906 2986 24 61 25
23907 2987 24 62 25
23909 2988 24 63 25
23911 2989 24 64 25
23912 2990 24 65 25
23913 2991 24 66 25
23915 2992 24 67 25
23916 2993 24 68 25
23919 2994 24 69 25
23921 2995 24 70 25
23922 2996 24 71 25
23927 2997 24 72 25
23929 2998 24 73 25
23930 2999 24 74 25
23932 3000 24 75 25
23933 3001 24 76 25
23934 3002 24 77 25
23935 3003 24 78 25
23936 3004 24 79 25
23937 3005 24 80 25
23938 3006 24 81 25
23940 3007 24 82 25
23942 3008 24 83 25
23943 3009 24 84 25
23944 3010 24 85 25
23945 3011 24 86 25
23946 3012 24 87 25
23949 3013 24 88 25
23954 3014 24 89 25
23955 3015 24 90 25
23956 3016 24 91 25
23957 3017 24 92 25
23959 3018 24 93 25
23961 3019 24 94 25
23962 3020 24 95 25
23964 3021 24 96 25
23965 3022 24 97 25
23966 3023 24 98 25
23967 3024 24 99 25
23968 3025 24 100 25
23969 3026 24 101 25
23970 3027 24 102 25
23975 3028 24 103 25
23976 3029 24 104 25
23977 3030 24 105 25
23978 3031 24 106 25
23980 3032 24 107 25
23981 3033 24 108 25
23982 3034 24 109 25
23983 3035 24 110 25
23984 3036 24 111 25
23985 3037 24 112 25
23986 3038 24 113 25
23988 3039 24 114 25
23989 3040 24 115 25
23991 3041 24 116 25
23992 3042 24 0 26
23994 3043 24 1 26
23996 3044 24 2 26
23997 3045 24 3 26
24000 3046 24 4 26
24002 3047 24 5 26
24003 3048 24 6 26
24006 3049 24 7 26
24007 3050 24 8 26
24009 3051 24 9 26
24011 3052 24 10 26
24013 3053 24 11 26
24015 3054 24 12 26
24017 3055 24 13 26
24018 3056 24 14 26
24020 3057 24 15 26
24021 3058 24 16 26
24022 3059 24 17 26
24024 3060 24 18 26
24029 3061 24 19 26
24030 3062 24 20 26
24031 3063 24 21 26
24032 3064 24 22 26
24033 3065 24 23 26
24034 3066 24 24 26
24037 3067 24 25 26
24038 3068 24 26 26
24039 3069 24 27 26
24040 3070 24 28 26
24043 3071 24 29 26
24046 3072 24 30 26
24048 3073 24 31 26
24049 3074 24 32 26
24050 3075 24 33 26
24051 3076 24 34 26
24052 3077 24 35 26
24055 3078 24 36 26
24057 3079 24 37 26
24061 3080 24 38 26
24062 3081 24 39 26
24063 3082 24 40 26
24066 3083 24 41 26
24067 3084 24 42 26
24068 3085 24 43 26
24070 3086 24 44 26
24074 3087 24 45 26
24076 3088 24 46 26
24078 3089 24 47 26
24081 3090 24 48 26
24084 3091 24 49 26
24085 3092 24 50 26
24086 3093 24 51 26
24087 3094 24 52 26
24088 3095 24 53 26
24089 3096 24 54 26
24090 3097 24 55 26
24091 3098 24 56 26
24093 3099 24 57 26
24095 3100 24 58 26
24096 3101 24 59 26
24097 3102 24 60 26
24098 3103 24 61 26
24099 3104 24 62 26
24100 3105 24 63 26
24101 3106 24 64 26
24104 3107 24 65 26
24105 3108 24 66 26
24107 3109 24 67 26
24109 3110 24 68 26
24115 3111 24 69 26
24116 3112 24 70 26
24118 3113 24 71 26
24119 3114 24 72 26
24120 3115 24 73 26
24125 3116 24 74 26
24126 3117 24 75 26
24128 3118 24 76 26
24129 3119 24 77 26
24131 3120 24 78 26
24132 3121 24 79 26
24133 3122 24 80 26
24138 3123 24 81 26
24139 3124 24 82 26
24140 3125 24 83 26
24141 3126 24 84 26
24142 3127 24 85 26
24143 3128 24 86 26
24147 3129 24 87 26
24148 3130 24 88 26
24149 3131 24 89 26
24151 3132 24 90 26
24152 3133 24 91 26
24153 3134 24 92 26
24155 3135 24 93 26
24156 3136 24 94 26
24157 3137 24 95 26
24159 3138 24 96 26
24160 3139 24 97 26
24161 3140 24 98 26
24162 3141 24 99 26
24163 3142 24 100 26
24166 3143 24 101 26
24167 3144 24 102 26
24168 3145 24 103 26
24169 3146 24 104 26
24170 3147 24 105 26
24171 3148 24 106 26
24172 3149 24 107 26
24173 3150 24 108 26
24174 3151 24 109 26
24175 3152 24 110 26
24176 3153 24 111 26
24178 3154 24 112 26
24179 3155 24 113 26
24180 3156 24 114 26
24181 3157 24 115 26
24182 3158 24 116 26
24184 3159 24 0 27
24185 3160 24 1 27
24187 3161 24 2 27
24188 3162 24 3 27
24189 3163 24 4 27
24190 3164 24 5 27
24192 3165 24 6 27
24194 3166 24 7 27
24196 3167 24 8 27
24199 3168 24 9 27
24200 3169 24 10 27
24201 3170 24 11 27
24202 3171 24 12 27
24203 3172 24 13 27
24204 3173 24 14 27
24205 3174 24 15 27
24207 3175 24 16 27
24213 3176 24 17 27
24214 3177 24 18 27
24215 3178 24 19 27
24218 3179 24 20 27
24219 3180 24 21 27
24220 3181 24 22 27
24224 3182 24 23 27
24226 3183 24 24 27
24227 3184 24 25 27
24228 3185 24 26 27
24229 3186 24 27 27
24230 3187 24 28 27
24231 3188 24 29 27
24232 3189 24 30 27
24234 3190 24 31 27
24235 3191 24 32 27
24236 3192 24 33 27
24237 3193 24 34 27
24238 3194 24 35 27
24240 3195 24 36 27
24241 3196 24 37 27
24242 3197 24 38 27
24243 3198 24 39 27
24244 3199 24 40 27
24245 3200 24 41 27
24246 3201 24 42 27
24247 3202 24 43 27
24248 3203 24 44 27
24249 3204 24 45 27
24254 3205 24 46 27
24257 3206 24 47 27
24258 3207 24 48 27
24260 3208 24 49 27
24261 3209 24 50 27
24262 3210 24 51 27
24263 3211 24 52 27
24264 3212 24 53 27
24265 3213 24 54 27
24266 3214 24 55 27
24267 3215 24 56 27
24268 3216 24 57 27
24270 3217 24 58 27
24273 3218 24 59 27
24274 3219 24 60 27
24275 3220 24 61 27
24276 3221 24 62 27
24277 3222 24 63 27
24278 3223 24 64 27
24279 3224 24 65 27
24280 3225 24 66 27
24281 3226 24 67 27
24282 3227 24 68 27
24283 3228 24 69 27
24284 3229 24 70 27
24285 3230 24 71 27
24286 3231 24 72 27
24287 3232 24 73 27
24288 3233 24 74 27
24289 3234 24 75 27
24290 3235 24 76 27
24291 3236 24 77 27
24293 3237 24 78 27
24294 3238 24 79 27
24295 3239 24 80 27
24296 3240 24 81 27
24297 3241 24 82 27
24300 3242 24 83 27
24302 3243 24 84 27
24303 3244 24 85 27
24305 3245 24 86 27
24306 3246 24 87 27
24307 3247 24 88 27
24310 3248 24 89 27
24311 3249 24 90 27
24314 3250 24 91 27
24318 3251 24 92 27
24319 3252 24 93 27
24321 3253 24 94 27
24322 3254 24 95 27
24324 3255 24 96 27
24325 3256 24 97 27
24327 3257 24 98 27
24328 3258 24 99 27
24330 3259 24 100 27
24331 3260 24 101 27
24335 3261 24 102 27
24338 3262 24 103 27
24339 3263 24 104 27
24340 3264 24 105 27
24341 3265 24 106 27
24343 3266 24 107 27
24344 3267 24 108 27
24346 3268 24 109 27
24347 3269 24 110 27
24349 3270 24 111 27
24351 3271 24 112 27
24354 3272 24 113 27
24355 3273 24 114 27
24356 3274 24 115 27
24358 3275 24 116 27
24359 3276 24 0 28
24360 3277 24 1 28
24361 3278 24 2 28
24365 3279 24 3 28
24366 3280 24 4 28
24368 3281 24 5 28
24369 3282 24 6 28
24371 3283 24 7 28
24373 3284 24 8 28
24374 3285 24 9 28
24375 3286 24 10 28
24376 3287 24 11 28
24380 3288 24 12 28
24384 3289 24 13 28
24387 3290 24 14 28
24388 3291 24 15 28
24390 3292 24 16 28
24392 3293 24 17 28
24393 3294 24 18 28
24394 3295 24 19 28
24395 3296 24 20 28
24396 3297 24 21 28
24398 3298 24 22 28
24399 3299 24 23 28
24404 3300 24 24 28
24406 3301 24 25 28
24407 3302 24 26 28
24408 3303 24 27 28
24409 3304 24 28 28
24413 3305 24 29 28
24418 3306 24 30 28
24420 3307 24 31 28
24421 3308 24 32 28
24423 3309 24 33 28
24425 3310 24 34 28
24426 3311 24 35 28
24427 3312 24 36 28
24428 3313 24 37 28
24429 3314 24 38 28
24431 3315 24 39 28
24432 3316 24 40 28
24433 3317 24 41 28
24435 3318 24 42 28
24436 3319 24 43 28
24438 3320 24 44 28
24439 3321 24 45 28
24440 3322 24 46 28
24441 3323 24 47 28
24444 3324 24 48 28
24445 3325 24 49 28
24446 3326 24 50 28
24447 3327 24 51 28
24448 3328 24 52 28
24449 3329 24 53 28
24450 3330 24 54 28
24453 3331 24 55 28
24454 3332 24 56 28
24455 3333 24 57 28
24456 3334 24 58 28
24457 3335 24 59 28
24458 3336 24 60 28
24459 3337 24 61 28
24460 3338 24 62 28
24464 3339 24 63 28
24465 3340 24 64 28
24466 3341 24 65 28
24470 3342 24 66 28
24471 3343 24 67 28
24472 3344 24 68 28
24473 3345 24 69 28
24475 3346 24 70 28
24476 3347 24 71 28
24478 3348 24 72 28
24479 3349 24 73 28
24480 3350 24 74 28
24481 3351 24 75 28
24485 3352 24 76 28
24486 3353 24 77 28
24488 3354 24 78 28
24489 3355 24 79 28
24490 3356 24 80 28
24491 3357 24 81 28
24492 3358 24 82 28
24493 3359 24 83 28
24494 3360 24 84 28
24495 3361 24 85 28
24498 3362 24 86 28
24501 3363 24 87 28
24502 3364 24 88 28
24503 3365 24 89 28
24505 3366 24 90 28
24507 3367 24 91 28
24508 3368 24 92 28
24509 3369 24 93 28
24510 3370 24 94 28
24511 3371 24 95 28
24512 3372 24 96 28
24513 3373 24 97 28
24515 3374 24 98 28
24517 3375 24 99 28
24521 3376 24 100 28
24524 3377 24 101 28
24525 3378 24 102 28
24527 3379 24 103 28
24528 3380 24 104 28
24529 3381 24 105 28
24530 3382 24 106 28
24532 3383 24 107 28
24533 3384 24 108 28
24534 3385 24 109 28
24535 3386 24 110 28
24536 3387 24 111 28
24537 3388 24 112 28
24541 3389 24 113 28
24542 3390 24 114 28
24544 3391 24 115 28
24545 3392 24 116 28
24547 3393 24 0 29
24548 3394 24 1 29
24549 3395 24 2 29
24552 3396 24 3 29
24554 3397 24 4 29
24555 3398 24 5 29
24557 3399 24 6 29
24558 3400 24 7 29
24559 3401 24 8 29
24561 3402 24 9 29
24563 3403 24 10 29
24564 3404 24 11 29
24565 3405 24 12 29
24567 3406 24 13 29
24568 3407 24 14 29
24570 3408 24 15 29
24571 3409 24 16 29
24573 3410 24 17 29
24575 3411 24 18 29
24576 3412 24 19 29
24585 3413 24 20 29
24586 3414 24 21 29
24587 3415 24 22 29
24588 3416 24 23 29
24589 3417 24 24 29
24590 3418 24 25 29
24591 3419 24 26 29
24592 3420 24 27 29
24593 3421 24 28 29
24594 3422 24 29 29
24595 3423 24 30 29
24596 3424 24 31 29
24597 3425 24 32 29
24598 3426 24 33 29
24599 3427 24 34 29
24601 3428 24 35 29
24602 3429 24 36 29
24603 3430 24 37 29
24604 3431 24 38 29
24605 3432 24 39 29
24606 3433 24 40 29
24608 3434 24 41 29
24609 3435 24 42 29
24610 3436 24 43 29
24612 3437 24 44 29
24613 3438 24 45 29
24614 3439 24 46 29
24615 3440 24 47 29
24616 3441 24 48 29
24617 3442 24 49 29
24618 3443 24 50 29
24619 3444 24 51 29
24620 3445 24 52 29
24621 3446 24 53 29
24622 3447 24 54 29
24623 3448 24 55 29
24626 3449 24 56 29
24627 3450 24 57 29
24628 3451 24 58 29
24629 3452 24 59 29
24631 3453 24 60 29
24633 3454 24 61 29
24640 3455 24 62 29
24641 3456 24 63 29
24642 3457 24 64 29
24643 3458 24 65 29
24644 3459 24 66 29
24645 3460 24 67 29
24646 3461 24 68 29
24647 3462 24 69 29
24649 3463 24 70 29
24652 3464 24 71 29
24653 3465 24 72 29
24656 3466 24 73 29
24659 3467 24 74 29
24660 3468 24 75 29
24661 3469 24 76 29
24664 3470 24 77 29
24665 3471 24 78 29
24666 3472 24 79 29
24667 3473 24 80 29
24669 3474 24 81 29
24670 3475 24 82 29
24671 3476 24 83 29
24674 3477 24 84 29
24675 3478 24 85 29
24676 3479 24 86 29
24677 3480 24 87 29
24678 3481 24 88 29
24679 3482 24 89 29
24680 3483 24 90 29
24681 3484 24 91 29
24682 3485 24 92 29
24683 3486 24 93 29
24684 3487 24 94 29
24685 3488 24 95 29
24686 3489 24 96 29
24687 3490 24 97 29
24688 3491 24 98 29
24690 3492 24 99 29
24703 3493 24 100 29
24704 3494 24 101 29
24705 3495 24 102 29
24707 3496 24 103 29
24708 3497 24 104 29
24709 3498 24 105 29
24710 3499 24 106 29
24711 3500 24 107 29
24712 3501 24 108 29
24713 3502 24 109 29
24714 3503 24 110 29
24716 3504 24 111 29
24717 3505 24 112 29
24718 3506 24 113 29
24720 3507 24 114 29
24722 3508 24 115 29
24724 3509 24 116 29
24725 3510 24 0 30
24726 3511 24 1 30
24727 3512 24 2 30
24730 3513 24 3 30
24731 3514 24 4 30
24732 3515 24 5 30
24733 3516 24 6 30
24735 3517 24 7 30
24736 3518 24 8 30
24738 3519 24 9 30
24739 3520 24 10 30
24744 3521 24 11 30
24752 3522 24 12 30
24753 3523 24 13 30
24754 3524 24 14 30
24756 3525 24 15 30
24757 3526 24 16 30
24758 3527 24 17 30
24759 3528 24 18 30
24760 3529 24 19 30
24761 3530 24 20 30
24762 3531 24 21 30
24763 3532 24 22 30
24764 3533 24 23 30
24765 3534 24 24 30
24766 3535 24 25 30
24767 3536 24 26 30
24768 3537 24 27 30
24769 3538 24 28 30
24771 3539 24 29 30
24772 3540 24 30 30
24773 3541 24 31 30
24774 3542 24 32 30
24775 3543 24 33 30
24776 3544 24 34 30
24777 3545 24 35 30
24778 3546 24 36 30
24779 3547 24 37 30
24780 3548 24 38 30
24781 3549 24 39 30
24782 3550 24 40 30
24783 3551 24 41 30
24785 3552 24 42 30
24787 3553 24 43 30
24788 3554 24 44 30
24789 3555 24 45 30
24792 3556 24 46 30
24793 3557 24 47 30
24794 3558 24 48 30
24795 3559 24 49 30
24796 3560 24 50 30
24797 3561 24 51 30
24799 3562 24 52 30
24800 3563 24 53 30
24801 3564 24 54 30
24802 3565 24 55 30
24804 3566 24 56 30
24806 3567 24 57 30
24816 3568 24 58 30
24817 3569 24 59 30
24818 3570 24 60 30
24819 3571 24 61 30
24820 3572 24 62 30
24821 3573 24 63 30
24822 3574 24 64 30
24823 3575 24 65 30
24824 3576 24 66 30
24825 3577 24 67 30
24826 3578 24 68 30
24827 3579 24 69 30
24828 3580 24 70 30
24830 3581 24 71 30
24831 3582 24 72 30
24832 3583 24 73 30
24833 3584 24 74 30
24835 3585 24 75 30
24836 3586 24 76 30
24837 3587 24 77 30
24838 3588 24 78 30
24840 3589 24 79 30
24841 3590 24 80 30
24842 3591 24 81 30
24843 3592 24 82 30
24845 3593 24 83 30
24846 3594 24 84 30
24847 3595 24 85 30
24848 3596 24 86 30
24850 3597 24 87 30
24851 3598 24 88 30
24852 3599 24 89 30
24853 3600 24 90 30
24854 3601 24 91 30
24856 3602 24 92 30
24858 3603 24 93 30
24859 3604 24 94 30
24860 3605 24 95 30
24861 3606 24 96 30
24863 3607 24 97 30
24867 3608 24 98 30
24871 3609 24 99 30
24872 3610 24 100 30
24873 3611 24 101 30
24875 3612 24 102 30
24876 3613 24 103 30
24878 3614 24 104 30
24879 3615 24 105 30
24882 3616 24 106 30
24884 3617 24 107 30
24886 3618 24 108 30
24887 3619 24 109 30
24891 3620 24 110 30
24894 3621 24 111 30
24895 3622 24 112 30
24896 3623 24 113 30
24897 3624 24 114 30
24900 3625 24 115 30
24901 3626 24 116 30
24902 3627 24 0 31
24903 3628 24 1 31
24904 3629 24 2 31
24905 3630 24 3 31
24906 3631 24 4 31
24907 3632 24 5 31
24908 3633 24 6 31
24909 3634 24 7 31
24910 3635 24 8 31
24911 3636 24 9 31
24914 3637 24 10 31
24915 3638 24 11 31
24916 3639 24 12 31
24917 3640 24 13 31
24918 3641 24 14 31
24920 3642 24 15 31
24922 3643 24 16 31
24923 3644 24 17 31
24925 3645 24 18 31
24926 3646 24 19 31
24927 3647 24 20 31
24929 3648 24 21 31
24930 3649 24 22 31
24931 3650 24 23 31
24933 3651 24 24 31
24934 3652 24 25 31
24935 3653 24 26 31
24936 3654 24 27 31
24938 3655 24 28 31
24939 3656 24 29 31
24940 3657 24 30 31
24942 3658 24 31 31
24944 3659 24 32 31
24945 3660 24 33 31
24946 3661 24 34 31
24947 3662 24 35 31
24948 3663 24 36 31
24949 3664 24 37 31
24950 3665 24 38 31
24951 3666 24 39 31
24953 3667 24 40 31
24954 3668 24 41 31
24956 3669 24 42 31
24958 3670 24 43 31
24960 3671 24 44 31
24962 3672 24 45 31
24963 3673 24 46 31
24969 3674 24 47 31
24970 3675 24 48 31
24971 3676 24 49 31
24972 3677 24 50 31
24973 3678 24 51 31
24974 3679 24 52 31
24976 3680 24 53 31
24977 3681 24 54 31
24978 3682 24 55 31
24979 3683 24 56 31
24980 3684 24 57 31
24982 3685 24 58 31
24986 3686 24 59 31
24987 3687 24 60 31
24989 3688 24 61 31
24991 3689 24 62 31
24993 3690 24 63 31
24994 3691 24 64 31
24996 3692 24 65 31
24999 3693 24 66 31
25000 3694 24 67 31
25001 3695 24 68 31
25002 3696 24 69 31
25003 3697 24 70 31
25004 3698 24 71 31
25005 3699 24 72 31
25006 3700 24 73 31
25007 3701 24 74 31
25008 3702 24 75 31
25009 3703 24 76 31
25010 3704 24 77 31
25011 3705 24 78 31
25012 3706 24 79 31
25013 3707 24 80 31
25014 3708 24 81 31
25016 3709 24 82 31
25018 3710 24 83 31
25020 3711 24 84 31
25022 3712 24 85 31
25023 3713 24 86 31
25025 3714 24 87 31
25026 3715 24 88 31
25027 3716 24 89 31
25029 3717 24 90 31
25030 3718 24 91 31
25031 3719 24 92 31
25032 3720 24 93 31
25033 3721 24 94 31
25034 3722 24 95 31
25035 3723 24 96 31
25036 3724 24 97 31
25037 3725 24 98 31
25046 3726 24 99 31
25048 3727 24 100 31
25054 3728 24 101 31
25055 3729 24 102 31
25056 3730 24 103 31
25059 3731 24 104 31
25060 3732 24 105 31
25061 3733 24 106 31
25062 3734 24 107 31
25063 3735 24 108 31
25064 3736 24 109 31
25065 3737 24 110 31
25066 3738 24 111 31
25067 3739 24 112 31
25069 3740 24 113 31
25070 3741 24 114 31
25072 3742 24 115 31
25073 3743 24 116 31
25074 3744 24 0 32
25077 3745 24 1 32
25078 3746 24 2 32
25079 3747 24 3 32
25080 3748 24 4 32
25081 3749 24 5 32
25082 3750 24 6 32
25083 3751 24 7 32
25084 3752 24 8 32
25085 3753 24 9 32
25086 3754 24 10 32
25087 3755 24 11 32
25088 3756 24 12 32
25089 3757 24 13 32
25091 3758 24 14 32
25092 3759 24 15 32
25095 3760 24 16 32
25096 3761 24 17 32
25097 3762 24 18 32
25098 3763 24 19 32
25100 3764 24 20 32
25101 3765 24 21 32
25102 3766 24 22 32
25104 3767 24 23 32
25105 3768 24 24 32
25106 3769 24 25 32
25108 3770 24 26 32
25109 3771 24 27 32
25110 3772 24 28 32
25113 3773 24 29 32
25114 3774 24 30 32
25115 3775 24 31 32
25119 3776 24 32 32
25120 3777 24 33 32
25121 3778 24 34 32
25122 3779 24 35 32
25123 3780 24 36 32
25124 3781 24 37 32
25125 3782 24 38 32
25127 3783 24 39 32
25129 3784 24 40 32
25130 3785 24 41 32
25131 3786 24 42 32
25133 3787 24 43 32
25134 3788 24 44 32
25136 3789 24 45 32
25138 3790 24 46 32
25139 3791 24 47 32
25140 3792 24 48 32
25142 3793 24 49 32
25146 3794 24 50 32
25149 3795 24 51 32
25150 3796 24 52 32
25151 3797 24 53 32
25152 3798 24 54 32
25153 3799 24 55 32
25154 3800 24 56 32
25155 3801 24 57 32
25158 3802 24 58 32
25159 3803 24 59 32
25160 3804 24 60 32
25161 3805 24 61 32
25162 3806 24 62 32
25163 3807 24 63 32
25165 3808 24 64 32
25166 3809 24 65 32
25168 3810 24 66 32
25169 3811 24 67 32
25170 3812 24 68 32
25171 3813 24 69 32
25172 3814 24 70 32
25176 3815 24 71 32
25177 3816 24 72 32
25178 3817 24 73 32
25179 3818 24 74 32
25180 3819 24 75 32
25182 3820 24 76 32
25184 3821 24 77 32
25185 3822 24 78 32
25186 3823 24 79 32
25187 3824 24 80 32
25188 3825 24 81 32
25189 3826 24 82 32
25190 3827 24 83 32
25197 3828 24 84 32
25198 3829 24 85 32
25199 3830 24 86 32
25200 3831 24 87 32
25201 3832 24 88 32
25202 3833 24 89 32
25203 3834 24 90 32
25204 3835 24 91 32
25206 3836 24 92 32
25207 3837 24 93 32
25209 3838 24 94 32
25210 3839 24 95 32
25211 3840 24 96 32
25212 3841 24 97 32
25213 3842 24 98 32
25214 3843 24 99 32
25215 3844 24 100 32
25216 3845 24 101 32
25217 3846 24 102 32
25219 3847 24 103 32
25220 3848 24 104 32
25222 3849 24 105 32
25223 3850 24 106 32
25224 3851 24 107 32
25225 3852 24 108 32
25226 3853 24 109 32
25228 3854 24 110 32
25230 3855 24 111 32
25231 3856 24 112 32
25233 3857 24 113 32
25234 3858 24 114 32
25235 3859 24 115 32
25236 3860 24 116 32
25237 3861 24 0 33
25238 3862 24 1 33
25239 3863 24 2 33
25240 3864 24 3 33
25256 3865 24 4 33
25257 3866 24 5 33
25258 3867 24 6 33
25259 3868 24 7 33
25260 3869 24 8 33
25261 3870 24 9 33
25262 3871 24 10 33
25263 3872 24 11 33
25264 3873 24 12 33
25265 3874 24 13 33
25267 3875 24 14 33
25268 3876 24 15 33
25269 3877 24 16 33
25270 3878 24 17 33
25272 3879 24 18 33
25273 3880 24 19 33
25275 3881 24 20 33
25276 3882 24 21 33
25277 3883 24 22 33
25278 3884 24 23 33
25279 3885 24 24 33
25282 3886 24 25 33
25284 3887 24 26 33
25286 3888 24 27 33
25287 3889 24 28 33
25288 3890 24 29 33
25289 3891 24 30 33
25290 3892 24 31 33
25291 3893 24 32 33
25292 3894 24 33 33
25293 3895 24 34 33
25294 3896 24 35 33
25295 3897 24 36 33
25296 3898 24 37 33
25297 3899 24 38 33
25298 3900 24 39 33
25299 3901 24 40 33
25300 3902 24 41 33
25302 3903 24 42 33
25303 3904 24 43 33
25304 3905 24 44 33
25305 3906 24 45 33
25306 3907 24 46 33
25307 3908 24 47 33
25308 3909 24 48 33
25323 3910 24 49 33
25324 3911 24 50 33
25325 3912 24 51 33
25326 3913 24 52 33
25327 3914 24 53 33
25328 3915 24 54 33
25329 3916 24 55 33
25330 3917 24 56 33
25331 3918 24 57 33
25332 3919 24 58 33
25333 3920 24 59 33
25334 3921 24 60 33
25335 3922 24 61 33
25336 3923 24 62 33
25337 3924 24 63 33
25338 3925 24 64 33
25339 3926 24 65 33
25340 3927 24 66 33
25341 3928 24 67 33
25342 3929 24 68 33
25343 3930 24 69 33
25344 3931 24 70 33
25345 3932 24 71 33
25346 3933 24 72 33
25347 3934 24 73 33
25351 3935 24 74 33
25352 3936 24 75 33
25353 3937 24 76 33
25355 3938 24 77 33
25356 3939 24 78 33
25357 3940 24 79 33
25358 3941 24 80 33
25359 3942 24 81 33
25360 3943 24 82 33
25361 3944 24 83 33
25363 3945 24 84 33
25364 3946 24 85 33
25365 3947 24 86 33
25366 3948 24 87 33
25384 3949 24 88 33
25385 3950 24 89 33
25386 3951 24 90 33
25387 3952 24 91 33
25388 3953 24 92 33
25389 3954 24 93 33
25391 3955 24 94 33
25394 3956 24 95 33
25395 3957 24 96 33
25396 3958 24 97 33
25398 3959 24 98 33
25400 3960 24 99 33
25401 3961 24 100 33
25402 3962 24 101 33
25403 3963 24 102 33
25404 3964 24 103 33
25405 3965 24 104 33
25406 3966 24 105 33
25408 3967 24 106 33
25409 3968 24 107 33
25410 3969 24 108 33
25411 3970 24 109 33
25412 3971 24 110 33
25413 3972 24 111 33
25414 3973 24 112 33
25415 3974 24 113 33
25416 3975 24 114 33
25417 3976 24 115 33
25418 3977 24 116 33
25419 3978 24 0 34
25420 3979 24 1 34
25421 3980 24 2 34
25422 3981 24 3 34
25423 3982 24 4 34
25424 3983 24 5 34
25425 3984 24 6 34
25428 3985 24 7 34
25429 3986 24 8 34
25430 3987 24 9 34
25431 3988 24 10 34
25432 3989 24 11 34
25433 3990 24 12 34
25434 3991 24 13 34
25445 3992 24 14 34
25447 3993 24 15 34
25448 3994 24 16 34
25449 3995 24 17 34
25451 3996 24 18 34
25453 3997 24 19 34
25454 3998 24 20 34
25455 3999 24 21 34
25456 4000 24 22 34
25457 4001 24 23 34
25458 4002 24 24 34
25461 4003 24 25 34
25462 4004 24 26 34
25463 4005 24 27 34
25464 4006 24 28 34
25466 4007 24 29 34
25467 4008 24 30 34
25468 4009 24 31 34
25469 4010 24 32 34
25472 4011 24 33 34
25473 4012 24 34 34
25474 4013 24 35 34
25475 4014 24 36 34
25476 4015 24 37 34
25477 4016 24 38 34
25479 4017 24 39 34
25480 4018 24 40 34
25481 4019 24 41 34
25482 4020 24 42 34
25484 4021 24 43 34
25485 4022 24 44 34
25486 4023 24 45 34
25487 4024 24 46 34
25488 4025 24 47 34
25489 4026 24 48 34
25490 4027 24 49 34
25492 4028 24 50 34
25494 4029 24 51 34
25495 4030 24 52 34
25496 4031 24 53 34
25497 4032 24 54 34
25499 4033 24 55 34
25500 4034 24 56 34
25501 4035 24 57 34
25502 4036 24 58 34
25503 4037 24 59 34
25504 4038 24 60 34
25505 4039 24 61 34
25506 4040 24 62 34
25507 4041 24 63 34
25508 4042 24 64 34
25509 4043 24 65 34
25511 4044 24 66 34
25512 4045 24 67 34
25513 4046 24 68 34
25514 4047 24 69 34
25515 4048 24 70 34
25516 4049 24 71 34
25517 4050 24 72 34
25518 4051 24 73 34
25519 4052 24 74 34
25520 4053 24 75 34
25521 4054 24 76 34
25533 4055 24 77 34
25534 4056 24 78 34
25536 4057 24 79 34
25538 4058 24 80 34
25539 4059 24 81 34
25540 4060 24 82 34
25541 4061 24 83 34
25542 4062 24 84 34
25543 4063 24 85 34
25544 4064 24 86 34
25545 4065 24 87 34
25546 4066 24 88 34
25547 4067 24 89 34
25548 4068 24 90 34
25549 4069 24 91 34
25550 4070 24 92 34
25551 4071 24 93 34
25552 4072 24 94 34
25554 4073 24 95 34
25555 4074 24 96 34
25557 4075 24 97 34
25558 4076 24 98 34
25559 4077 24 99 34
25560 4078 24 100 34
25561 4079 24 101 34
25562 4080 24 102 34
25563 4081 24 103 34
25564 4082 24 104 34
25565 4083 24 105 34
25567 4084 24 106 34
25568 4085 24 107 34
25569 4086 24 108 34
25571 4087 24 109 34
25572 4088 24 110 34
25573 4089 24 111 34
25575 4090 24 112 34
25576 4091 24 113 34
25577 4092 24 114 34
25578 4093 24 115 34
25579 4094 24 116 34
25581 4095 24 0 35
25582 4096 24 1 35
25583 4097 24 2 35
25584 4098 24 3 35
25585 4099 24 4 35
25586 4100 24 5 35
25587 4101 24 6 35
25588 4102 24 7 35
25589 4103 24 8 35
25590 4104 24 9 35
25593 4105 24 10 35
25606 4106 24 11 35
25609 4107 24 12 35
25610 4108 24 13 35
25611 4109 24 14 35
25612 4110 24 15 35
25613 4111 24 16 35
25614 4112 24 17 35
25615 4113 24 18 35
25616 4114 24 19 35
25618 4115 24 20 35
25619 4116 24 21 35
25620 4117 24 22 35
25621 4118 24 23 35
25622 4119 24 24 35
25623 4120 24 25 35
25624 4121 24 26 35
25626 4122 24 27 35
25627 4123 24 28 35
25628 4124 24 29 35
25630 4125 24 30 35
25631 4126 24 31 35
25632 4127 24 32 35
25633 4128 24 33 35
25634 4129 24 34 35
25635 4130 24 35 35
25636 4131 24 36 35
25637 4132 24 37 35
25638 4133 24 38 35
25639 4134 24 39 35
25640 4135 24 40 35
25642 4136 24 41 35
25643 4137 24 42 35
25644 4138 24 43 35
25645 4139 24 44 35
25646 4140 24 45 35
25647 4141 24 46 35
25648 4142 24 47 35
25651 4143 24 48 35
25652 4144 24 49 35
25653 4145 24 50 35
25654 4146 24 51 35
25655 4147 24 52 35
25657 4148 24 53 35
25661 4149 24 54 35
25662 4150 24 55 35
25663 4151 24 56 35
25664 4152 24 57 35
25665 4153 24 58 35
25667 4154 24 59 35
25675 4155 24 60 35
25677 4156 24 61 35
25678 4157 24 62 35
25680 4158 24 63 35
25681 4159 24 64 35
25682 4160 24 65 35
25683 4161 24 66 35
25684 4162 24 67 35
25688 4163 24 68 35
25689 4164 24 69 35
25691 4165 24 70 35
25692 4166 24 71 35
25693 4167 24 72 35
25694 4168 24 73 35
25695 4169 24 74 35
25696 4170 24 75 35
25697 4171 24 76 35
25701 4172 24 77 35
25702 4173 24 78 35
25703 4174 24 79 35
25704 4175 24 80 35
25705 4176 24 81 35
25707 4177 24 82 35
25708 4178 24 83 35
25709 4179 24 84 35
25710 4180 24 85 35
25711 4181 24 86 35
25712 4182 24 87 35
25714 4183 24 88 35
25715 4184 24 89 35
25716 4185 24 90 35
25717 4186 24 91 35
25718 4187 24 92 35
25719 4188 24 93 35
25720 4189 24 94 35
25721 4190 24 95 35
25722 4191 24 96 35
25723 4192 24 97 35
25725 4193 24 98 35
25727 4194 24 99 35
25730 4195 24 100 35
25733 4196 24 101 35
25735 4197 24 102 35
25736 4198 24 103 35
25737 4199 24 104 35
25738 4200 24 105 35
25739 4201 24 106 35
25740 4202 24 107 35
25743 4203 24 108 35
25744 4204 24 109 35
25746 4205 24 110 35
25747 4206 24 111 35
25749 4207 24 112 35
25750 4208 24 113 35
25751 4209 24 114 35
25752 4210 24 115 35
25753 4211 24 116 35
25754 4212 24 0 36
25756 4213 24 1 36
25757 4214 24 2 36
25758 4215 24 3 36
25759 4216 24 4 36
25760 4217 24 5 36
25762 4218 24 6 36
25763 4219 24 7 36
25764 4220 24 8 36
25765 4221 24 9 36
25766 4222 24 10 36
25769 4223 24 11 36
25771 4224 24 12 36
25772 4225 24 13 36
25773 4226 24 14 36
25774 4227 24 15 36
25776 4228 24 16 36
25777 4229 24 17 36
25778 4230 24 18 36
25779 4231 24 19 36
25787 4232 24 20 36
25788 4233 24 21 36
25789 4234 24 22 36
25790 4235 24 23 36
25791 4236 24 24 36
25793 4237 24 25 36
25794 4238 24 26 36
25795 4239 24 27 36
25796 4240 24 28 36
25797 4241 24 29 36
25799 4242 24 30 36
25801 4243 24 31 36
25802 4244 24 32 36
25803 4245 24 33 36
25805 4246 24 34 36
25806 4247 24 35 36
25807 4248 24 36 36
25808 4249 24 37 36
25810 4250 24 38 36
25812 4251 24 39 36
25814 4252 24 40 36
25815 4253 24 41 36
25816 4254 24 42 36
25817 4255 24 43 36
25818 4256 24 44 36
25819 4257 24 45 36
25824 4258 24 46 36
25826 4259 24 47 36
25827 4260 24 48 36
25828 4261 24 49 36
25830 4262 24 50 36
25832 4263 24 51 36
25833 4264 24 52 36
25835 4265 24 53 36
25836 4266 24 54 36
25837 4267 24 55 36
25839 4268 24 56 36
25840 4269 24 57 36
25841 4270 24 58 36
25842 4271 24 59 36
25843 4272 24 60 36
25844 4273 24 61 36
25847 4274 24 62 36
25848 4275 24 63 36
25850 4276 24 64 36
25851 4277 24 65 36
25852 4278 24 66 36
25853 4279 24 67 36
25854 4280 24 68 36
25855 4281 24 69 36
25856 4282 24 70 36
25857 4283 24 71 36
25859 4284 24 72 36
25860 4285 24 73 36
25862 4286 24 74 36
25863 4287 24 75 36
25865 4288 24 76 36
25868 4289 24 77 36
25869 4290 24 78 36
25870 4291 24 79 36
25871 4292 24 80 36
25872 4293 24 81 36
25875 4294 24 82 36
25876 4295 24 83 36
25877 4296 24 84 36
25878 4297 24 85 36
25879 4298 24 86 36
25880 4299 24 87 36
25881 4300 24 88 36
25883 4301 24 89 36
25884 4302 24 90 36
25885 4303 24 91 36
25888 4304 24 92 36
25889 4305 24 93 36
25890 4306 24 94 36
25891 4307 24 95 36
25892 4308 24 96 36
25893 4309 24 97 36
25894 4310 24 98 36
25897 4311 24 99 36
25898 4312 24 100 36
25899 4313 24 101 36
25900 4314 24 102 36
25901 4315 24 103 36
25902 4316 24 104 36
25903 4317 24 105 36
25906 4318 24 106 36
25907 4319 24 107 36
25910 4320 24 108 36
25911 4321 24 109 36
25912 4322 24 110 36
25913 4323 24 111 36
25915 4324 24 112 36
25917 4325 24 113 36
25918 4326 24 114 36
25919 4327 24 115 36
25921 4328 24 116 36
25923 4329 24 0 37
25925 4330 24 1 37
25926 4331 24 2 37
25928 4332 24 3 37
25929 4333 24 4 37
25930 4334 24 5 37
25935 4335 24 6 37
25937 4336 24 7 37
25939 4337 24 8 37
25940 4338 24 9 37
25941 4339 24 10 37
25942 4340 24 11 37
25943 4341 24 12 37
25944 4342 24 13 37
25945 4343 24 14 37
25948 4344 24 15 37
25949 4345 24 16 37
25950 4346 24 17 37
25954 4347 24 18 37
25955 4348 24 19 37
25956 4349 24 20 37
25957 4350 24 21 37
25958 4351 24 22 37
25959 4352 24 23 37
25960 4353 24 24 37
25962 4354 24 25 37
25964 4355 24 26 37
25967 4356 24 27 37
25970 4357 24 28 37
25971 4358 24 29 37
25972 4359 24 30 37
25973 4360 24 31 37
25974 4361 24 32 37
25975 4362 24 33 37
25976 4363 24 34 37
25977 4364 24 35 37
25978 4365 24 36 37
25979 4366 24 37 37
25980 4367 24 38 37
25983 4368 24 39 37
25984 4369 24 40 37
25985 4370 24 41 37
25986 4371 24 42 37
25987 4372 24 43 37
25988 4373 24 44 37
25991 4374 24 45 37
25996 4375 24 46 37
26000 4376 24 47 37
26001 4377 24 48 37
26002 4378 24 49 37
26004 4379 24 50 37
26005 4380 24 51 37
26006 4381 24 52 37
26007 4382 24 53 37
26009 4383 24 54 37
26011 4384 24 55 37
26012 4385 24 56 37
26013 4386 24 57 37
26014 4387 24 58 37
26015 4388 24 59 37
26016 4389 24 60 37
26017 4390 24 61 37
26018 4391 24 62 37
26020 4392 24 63 37
26021 4393 24 64 37
26023 4394 24 65 37
26024 4395 24 66 37
26026 4396 24 67 37
26027 4397 24 68 37
26028 4398 24 69 37
26030 4399 24 70 37
26031 4400 24 71 37
26032 4401 24 72 37
26034 4402 24 73 37
26035 4403 24 74 37
26038 4404 24 75 37
26039 4405 24 76 37
26040 4406 24 77 37
26041 4407 24 78 37
26043 4408 24 79 37
26044 4409 24 80 37
26045 4410 24 81 37
26047 4411 24 82 37
26049 4412 24 83 37
26050 4413 24 84 37
26051 4414 24 85 37
26052 4415 24 86 37
26053 4416 24 87 37
26054 4417 24 88 37
26059 4418 24 89 37
26060 4419 24 90 37
26061 4420 24 91 37
26062 4421 24 92 37
26063 4422 24 93 37
26064 4423 24 94 37
26066 4424 24 95 37
26067 4425 24 96 37
26070 4426 24 97 37
26071 4427 24 98 37
26074 4428 24 99 37
26075 4429 24 100 37
26077 4430 24 101 37
26078 4431 24 102 37
26079 4432 24 103 37
26081 4433 24 104 37
26082 4434 24 105 37
26085 4435 24 106 37
26086 4436 24 107 37
26088 4437 24 108 37
26089 4438 24 109 37
26092 4439 24 110 37
26093 4440 24 111 37
26094 4441 24 112 37
26095 4442 24 113 37
26096 4443 24 114 37
26097 4444 24 115 37
26098 4445 24 116 37
26099 4446 24 0 38
26100 4447 24 1 38
26101 4448 24 2 38
26106 4449 24 3 38
26107 4450 24 4 38
26108 4451 24 5 38
26109 4452 24 6 38
26112 4453 24 7 38
26114 4454 24 8 38
26115 4455 24 9 38
26116 4456 24 10 38
26117 4457 24 11 38
26118 4458 24 12 38
26119 4459 24 13 38
26120 4460 24 14 38
26121 4461 24 15 38
26122 4462 24 16 38
26123 4463 24 17 38
26124 4464 24 18 38
26125 4465 24 19 38
26126 4466 24 20 38
26127 4467 24 21 38
26128 4468 24 22 38
26129 4469 24 23 38
26130 4470 24 24 38
26131 4471 24 25 38
26132 4472 24 26 38
26133 4473 24 27 38
26140 4474 24 28 38
26141 4475 24 29 38
26143 4476 24 30 38
26144 4477 24 31 38
26145 4478 24 32 38
26146 4479 24 33 38
26148 4480 24 34 38
26149 4481 24 35 38
26150 4482 24 36 38
26151 4483 24 37 38
26152 4484 24 38 38
26155 4485 24 39 38
26157 4486 24 40 38
26158 4487 24 41 38
26159 4488 24 42 38
26161 4489 24 43 38
26162 4490 24 44 38
26163 4491 24 45 38
26164 4492 24 46 38
26165 4493 24 47 38
26166 4494 24 48 38
26169 4495 24 49 38
26170 4496 24 50 38
26177 4497 24 51 38
26178 4498 24 52 38
26179 4499 24 53 38
26181 4500 24 54 38
26183 4501 24 55 38
26185 4502 24 56 38
26186 4503 24 57 38
26188 4504 24 58 38
26191 4505 24 59 38
26193 4506 24 60 38
26194 4507 24 61 38
26201 4508 24 62 38
26202 4509 24 63 38
26203 4510 24 64 38
26204 4511 24 65 38
26205 4512 24 66 38
26206 4513 24 67 38
26207 4514 24 68 38
26209 4515 24 69 38
26210 4516 24 70 38
26212 4517 24 71 38
26213 4518 24 72 38
26214 4519 24 73 38
26216 4520 24 74 38
26218 4521 24 75 38
26220 4522 24 76 38
26222 4523 24 77 38
26223 4524 24 78 38
26224 4525 24 79 38
26225 4526 24 80 38
26226 4527 24 81 38
26228 4528 24 82 38
26230 4529 24 83 38
26231 4530 24 84 38
26232 4531 24 85 38
26233 4532 24 86 38
26234 4533 24 87 38
26235 4534 24 88 38
26236 4535 24 89 38
26238 4536 24 90 38
26240 4537 24 91 38
26244 4538 24 92 38
26246 4539 24 93 38
26247 4540 24 94 38
26248 4541 24 95 38
26249 4542 24 96 38
26250 4543 24 97 38
26251 4544 24 98 38
26252 4545 24 99 38
26253 4546 24 100 38
26256 4547 24 101 38
26257 4548 24 102 38
26260 4549 24 103 38
26261 4550 24 104 38
26262 4551 24 105 38
26263 4552 24 106 38
26264 4553 24 107 38
26265 4554 24 108 38
26269 4555 24 109 38
26271 4556 24 110 38
26272 4557 24 111 38
26273 4558 24 112 38
26274 4559 24 113 38
26280 4560 24 114 38
26281 4561 24 115 38
26282 4562 24 116 38
26283 4563 24 0 39
26286 4564 24 1 39
26287 4565 24 2 39
26288 4566 24 3 39
26289 4567 24 4 39
26290 4568 24 5 39
26292 4569 24 6 39
26293 4570 24 7 39
26295 4571 24 8 39
26296 4572 24 9 39
26297 4573 24 10 39
26298 4574 24 11 39
26299 4575 24 12 39
26301 4576 24 13 39
26302 4577 24 14 39
26304 4578 24 15 39
26308 4579 24 16 39
26310 4580 24 17 39
26311 4581 24 18 39
26312 4582 24 19 39
26313 4583 24 20 39
26314 4584 24 21 39
26315 4585 24 22 39
26316 4586 24 23 39
26319 4587 24 24 39
26322 4588 24 25 39
26326 4589 24 26 39
26328 4590 24 27 39
26329 4591 24 28 39
26330 4592 24 29 39
26331 4593 24 30 39
26332 4594 24 31 39
26333 4595 24 32 39
26334 4596 24 33 39
26336 4597 24 34 39
26339 4598 24 35 39
26340 4599 24 36 39
26342 4600 24 37 39
26344 4601 24 38 39
26345 4602 24 39 39
26347 4603 24 40 39
26348 4604 24 41 39
26349 4605 24 42 39
26350 4606 24 43 39
26352 4607 24 44 39
26354 4608 24 45 39
26355 4609 24 46 39
26356 4610 24 47 39
26358 4611 24 48 39
26359 4612 24 49 39
26360 4613 24 50 39
26361 4614 24 51 39
26364 4615 24 52 39
26366 4616 24 53 39
26367 4617 24 54 39
26368 4618 24 55 39
26369 4619 24 56 39
26371 4620 24 57 39
26372 4621 24 58 39
26373 4622 24 59 39
26376 4623 24 60 39
26377 4624 24 61 39
26378 4625 24 62 39
26379 4626 24 63 39
26381 4627 24 64 39
26383 4628 24 65 39
26384 4629 24 66 39
26386 4630 24 67 39
26387 4631 24 68 39
26388 4632 24 69 39
26389 4633 24 70 39
26391 4634 24 71 39
26392 4635 24 72 39
26395 4636 24 73 39
26397 4637 24 74 39
26399 4638 24 75 39
26400 4639 24 76 39
26401 4640 24 77 39
26402 4641 24 78 39
26403 4642 24 79 39
26406 4643 24 80 39
26407 4644 24 81 39
26408 4645 24 82 39
26410 4646 24 83 39
26411 4647 24 84 39
26412 4648 24 85 39
26413 4649 24 86 39
26414 4650 24 87 39
26417 4651 24 88 39
26419 4652 24 89 39
26420 4653 24 90 39
26421 4654 24 91 39
26424 4655 24 92 39
26425 4656 24 93 39
26426 4657 24 94 39
26427 4658 24 95 39
26428 4659 24 96 39
26429 4660 24 97 39
26430 4661 24 98 39
26431 4662 24 99 39
26437 4663 24 100 39
26438 4664 24 101 39
26439 4665 24 102 39
26440 4666 24 103 39
26441 4667 24 104 39
26443 4668 24 105 39
26444 4669 24 106 39
26445 4670 24 107 39
26446 4671 24 108 39
26447 4672 24 109 39
26448 4673 24 110 39
26449 4674 24 111 39
26451 4675 24 112 39
26453 4676 24 113 39
26454 4677 24 114 39
26455 4678 24 115 39
26457 4679 24 116 39
26458 4680 24 0 40
26460 4681 24 1 40
26461 4682 24 2 40
26462 4683 24 3 40
26463 4684 24 4 40
26464 4685 24 5 40
26474 4686 24 6 40
26476 4687 24 7 40
26477 4688 24 8 40
26479 4689 24 9 40
26480 4690 24 10 40
26481 4691 24 11 40
26482 4692 24 12 40
26483 4693 24 13 40
26484 4694 24 14 40
26485 4695 24 15 40
26486 4696 24 16 40
26487 4697 24 17 40
26488 4698 24 18 40
26489 4699 24 19 40
26490 4700 24 20 40
26491 4701 24 21 40
26492 4702 24 22 40
26493 4703 24 23 40
26494 4704 24 24 40
26495 4705 24 25 40
26497 4706 24 26 40
26499 4707 24 27 40
26500 4708 24 28 40
26501 4709 24 29 40
26502 4710 24 30 40
26503 4711 24 31 40
26505 4712 24 32 40
26507 4713 24 33 40
26508 4714 24 34 40
26509 4715 24 35 40
26510 4716 24 36 40
26512 4717 24 37 40
26513 4718 24 38 40
26514 4719 24 39 40
26515 4720 24 40 40
26516 4721 24 41 40
26517 4722 24 42 40
26519 4723 24 43 40
26520 4724 24 44 40
26521 4725 24 45 40
26522 4726 24 46 40
26524 4727 24 47 40
26525 4728 24 48 40
26527 4729 24 49 40
26542 4730 24 50 40
26543 4731 24 51 40
26544 4732 24 52 40
26546 4733 24 53 40
26547 4734 24 54 40
26548 4735 24 55 40
26549 4736 24 56 40
26550 4737 24 57 40
26551 4738 24 58 40
26552 4739 24 59 40
26553 4740 24 60 40
26554 4741 24 61 40
26555 4742 24 62 40
26560 4743 24 63 40
26561 4744 24 64 40
26562 4745 24 65 40
26563 4746 24 66 40
26564 4747 24 67 40
26565 4748 24 68 40
26566 4749 24 69 40
26568 4750 24 70 40
26569 4751 24 71 40
26570 4752 24 72 40
26571 4753 24 73 40
26572 4754 24 74 40
26573 4755 24 75 40
26574 4756 24 76 40
26575 4757 24 77 40
26576 4758 24 78 40
26577 4759 24 79 40
26578 4760 24 80 40
26579 4761 24 81 40
26580 4762 24 82 40
26584 4763 24 83 40
26585 4764 24 84 40
26586 4765 24 85 40
26587 4766 24 86 40
26588 4767 24 87 40
26589 4768 24 88 40
26590 4769 24 89 40
26591 4770 24 90 40
26594 4771 24 91 40
26595 4772 24 92 40
26596 4773 24 93 40
26597 4774 24 94 40
26598 4775 24 95 40
26599 4776 24 96 40
26601 4777 24 97 40
26602 4778 24 98 40
26603 4779 24 99 40
26604 4780 24 100 40
26605 4781 24 101 40
26606 4782 24 102 40
26607 4783 24 103 40
26608 4784 24 104 40
26609 4785 24 105 40
26610 4786 24 106 40
26611 4787 24 107 40
26612 4788 24 108 40
26613 4789 24 109 40
26614 4790 24 110 40
26615 4791 24 111 40
26616 4792 24 112 40
26618 4793 24 113 40
26620 4794 24 114 40
26623 4795 24 115 40
26642 4796 24 116 40
26643 4797 24 0 41
26644 4798 24 1 41
26646 4799 24 2 41
26647 4800 24 3 41
26648 4801 24 4 41
26650 4802 24 5 41
26652 4803 24 6 41
26653 4804 24 7 41
26655 4805 24 8 41
26656 4806 24 9 41
26657 4807 24 10 41
26661 4808 24 11 41
26662 4809 24 12 41
26664 4810 24 13 41
26665 4811 24 14 41
26666 4812 24 15 41
26667 4813 24 16 41
26669 4814 24 17 41
26670 4815 24 18 41
26671 4816 24 19 41
26673 4817 24 20 41
26674 4818 24 21 41
26675 4819 24 22 41
26676 4820 24 23 41
26677 4821 24 24 41
26680 4822 24 25 41
26681 4823 24 26 41
26682 4824 24 27 41
26683 4825 24 28 41
26684 4826 24 29 41
26685 4827 24 30 41
26688 4828 24 31 41
26689 4829 24 32 41
26690 4830 24 33 41
26691 4831 24 34 41
26692 4832 24 35 41
26693 4833 24 36 41
26694 4834 24 37 41
26696 4835 24 38 41
26697 4836 24 39 41
26699 4837 24 40 41
26700 4838 24 41 41
26701 4839 24 42 41
26702 4840 24 43 41
26703 4841 24 44 41
26704 4842 24 45 41
26705 4843 24 46 41
26707 4844 24 47 41
26708 4845 24 48 41
26731 4846 24 49 41
26733 4847 24 50 41
26734 4848 24 51 41
26735 4849 24 52 41
26737 4850 24 53 41
26738 4851 24 54 41
26740 4852 24 55 41
26741 4853 24 56 41
26742 4854 24 57 41
26743 4855 24 58 41
26744 4856 24 59 41
26745 4857 24 60 41
26747 4858 24 61 41
26748 4859 24 62 41
26749 4860 24 63 41
26750 4861 24 64 41
26751 4862 24 65 41
26752 4863 24 66 41
26753 4864 24 67 41
26754 4865 24 68 41
26755 4866 24 69 41
26757 4867 24 70 41
26758 4868 24 71 41
26759 4869 24 72 41
26761 4870 24 73 41
26762 4871 24 74 41
26763 4872 24 75 41
26764 4873 24 76 41
26767 4874 24 77 41
26768 4875 24 78 41
26769 4876 24 79 41
26770 4877 24 80 41
26771 4878 24 81 41
26772 4879 24 82 41
26774 4880 24 83 41
26775 4881 24 84 41
26779 4882 24 85 41
26780 4883 24 86 41
26781 4884 24 87 41
26783 4885 24 88 41
26784 4886 24 89 41
26785 4887 24 90 41
26786 4888 24 91 41
26787 4889 24 92 41
26788 4890 24 93 41
26791 4891 24 94 41
26792 4892 24 95 41
26793 4893 24 96 41
26794 4894 24 97 41
26795 4895 24 98 41
26796 4896 24 99 41
26797 4897 24 100 41
26798 4898 24 101 41
26799 4899 24 102 41
26800 4900 24 103 41
26801 4901 24 104 41
26802 4902 24 105 41
26803 4903 24 106 41
26804 4904 24 107 41
26805 4905 24 108 41
26820 4906 24 109 41
26822 4907 24 110 41
26823 4908 24 111 41
26824 4909 24 112 41
26825 4910 24 113 41
26827 4911 24 114 41
26828 4912 24 115 41
26829 4913 24 116 41
26830 4914 24 0 42
26832 4915 24 1 42
26833 4916 24 2 42
26834 4917 24 3 42
26835 4918 24 4 42
26836 4919 24 5 42
26837 4920 24 6 42
26838 4921 24 7 42
26839 4922 24 8 42
26840 4923 24 9 42
26842 4924 24 10 42
26844 4925 24 11 42
26845 4926 24 12 42
26846 4927 24 13 42
26847 4928 24 14 42
26848 4929 24 15 42
26849 4930 24 16 42
26851 4931 24 17 42
26852 4932 24 18 42
26854 4933 24 19 42
26855 4934 24 20 42
26856 4935 24 21 42
26857 4936 24 22 42
26858 4937 24 23 42
26859 4938 24 24 42
26860 4939 24 25 42
26862 4940 24 26 42
26863 4941 24 27 42
26864 4942 24 28 42
26865 4943 24 29 42
26866 4944 24 30 42
26867 4945 24 31 42
26868 4946 24 32 42
26869 4947 24 33 42
26870 4948 24 34 42
26871 4949 24 35 42
26872 4950 24 36 42
26873 4951 24 37 42
26874 4952 24 38 42
26875 4953 24 39 42
26876 4954 24 40 42
26877 4955 24 41 42
26884 4956 24 42 42
26885 4957 24 43 42
26886 4958 24 44 42
26887 4959 24 45 42
26888 4960 24 46 42
26890 4961 24 47 42
26891 4962 24 48 42
26892 4963 24 49 42
26893 4964 24 50 42
26894 4965 24 51 42
26895 4966 24 52 42
26896 4967 24 53 42
26897 4968 24 54 42
26898 4969 24 55 42
26899 4970 24 56 42
26900 4971 24 57 42
26901 4972 24 58 42
26903 4973 24 59 42
26917 4974 24 60 42
26922 4975 24 61 42
26927 4976 24 62 42
26928 4977 24 63 42
26930 4978 24 64 42
26931 4979 24 65 42
26932 4980 24 66 42
26933 4981 24 67 42
26935 4982 24 68 42
26936 4983 24 69 42
26937 4984 24 70 42
26939 4985 24 71 42
26940 4986 24 72 42
26941 4987 24 73 42
26943 4988 24 74 42
26944 4989 24 75 42
26945 4990 24 76 42
26946 4991 24 77 42
26948 4992 24 78 42
26949 4993 24 79 42
26952 4994 24 80 42
26953 4995 24 81 42
26954 4996 24 82 42
26955 4997 24 83 42
26956 4998 24 84 42
26958 4999 24 85 42
26959 5000 24 86 42
26961 5001 24 87 42
26962 5002 24 88 42
26963 5003 24 89 42
26964 5004 24 90 42
26966 5005 24 91 42
26967 5006 24 92 42
26968 5007 24 93 42
26969 5008 24 94 42
26970 5009 24 95 42
26971 5010 24 96 42
26972 5011 24 97 42
26973 5012 24 98 42
26974 5013 24 99 42
26975 5014 24 100 42
26976 5015 24 101 42
26978 5016 24 102 42
26979 5017 24 103 42
26981 5018 24 104 42
26982 5019 24 105 42
26984 5020 24 106 42
26985 5021 24 107 42
26986 5022 24 108 42
26987 5023 24 109 42
26988 5024 24 110 42
26989 5025 24 111 42
26990 5026 24 112 42
26991 5027 24 113 42
26992 5028 24 114 42
26993 5029 24 115 42
26996 5030 24 116 42
26997 5031 24 0 43
26998 5032 24 1 43
26999 5033 24 2 43
27000 5034 24 3 43
27001 5035 24 4 43
27002 5036 24 5 43
27003 5037 24 6 43
27010 5038 24 7 43
27011 5039 24 8 43
27014 5040 24 9 43
27021 5041 24 10 43
27022 5042 24 11 43
27024 5043 24 12 43
27025 5044 24 13 43
27027 5045 24 14 43
27028 5046 24 15 43
27029 5047 24 16 43
27030 5048 24 17 43
27031 5049 24 18 43
27033 5050 24 19 43
27034 5051 24 20 43
27035 5052 24 21 43
27036 5053 24 22 43
27038 5054 24 23 43
27040 5055 24 24 43
27041 5056 24 25 43
27043 5057 24 26 43
27044 5058 24 27 43
27045 5059 24 28 43
27046 5060 24 29 43
27047 5061 24 30 43
27048 5062 24 31 43
27049 5063 24 32 43
27050 5064 24 33 43
27051 5065 24 34 43
27052 5066 24 35 43
27053 5067 24 36 43
27054 5068 24 37 43
27055 5069 24 38 43
27056 5070 24 39 43
27057 5071 24 40 43
27059 5072 24 41 43
27060 5073 24 42 43
27061 5074 24 43 43
27062 5075 24 44 43
27063 5076 24 45 43
27065 5077 24 46 43
27067 5078 24 47 43
27068 5079 24 48 43
27069 5080 24 49 43
27070 5081 24 50 43
27071 5082 24 51 43
27073 5083 24 52 43
27074 5084 24 53 43
27075 5085 24 54 43
27076 5086 24 55 43
27078 5087 24 56 43
27081 5088 24 57 43
27082 5089 24 58 43
27083 5090 24 59 43
27084 5091 24 60 43
27085 5092 24 61 43
27086 5093 24 62 43
27087 5094 24 63 43
27088 5095 24 64 43
27091 5096 24 65 43
27092 5097 24 66 43
27097 5098 24 67 43
27106 5099 24 68 43
27108 5100 24 69 43
27109 5101 24 70 43
27110 5102 24 71 43
27111 5103 24 72 43
27112 5104 24 73 43
27115 5105 24 74 43
27116 5106 24 75 43
27117 5107 24 76 43
27118 5108 24 77 43
27121 5109 24 78 43
27122 5110 24 79 43
27123 5111 24 80 43
27124 5112 24 81 43
27126 5113 24 82 43
27127 5114 24 83 43
27128 5115 24 84 43
27131 5116 24 85 43
27132 5117 24 86 43
27133 5118 24 87 43
27134 5119 24 88 43
27135 5120 24 89 43
27136 5121 24 90 43
27137 5122 24 91 43
27138 5123 24 92 43
27140 5124 24 93 43
27141 5125 24 94 43
27142 5126 24 95 43
27143 5127 24 96 43
27144 5128 24 97 43
27145 5129 24 98 43
27146 5130 24 99 43
27149 5131 24 100 43
27151 5132 24 101 43
27153 5133 24 102 43
27155 5134 24 103 43
27156 5135 24 104 43
27157 5136 24 105 43
27158 5137 24 106 43
27159 5138 24 107 43
27160 5139 24 108 43
27161 5140 24 109 43
27163 5141 24 110 43
27165 5142 24 111 43
27166 5143 24 112 43
27167 5144 24 113 43
27168 5145 24 114 43
27169 5146 24 115 43
27171 5147 24 116 43
27173 5148 24 0 44
27174 5149 24 1 44
27175 5150 24 2 44
27176 5151 24 3 44
27186 5152 24 4 44
27188 5153 24 5 44
27189 5154 24 6 44
27192 5155 24 7 44
27193 5156 24 8 44
27194 5157 24 9 44
27195 5158 24 10 44
27196 5159 24 11 44
27197 5160 24 12 44
27198 5161 24 13 44
27199 5162 24 14 44
27200 5163 24 15 44
27201 5164 24 16 44
27204 5165 24 17 44
27206 5166 24 18 44
27207 5167 24 19 44
27208 5168 24 20 44
27209 5169 24 21 44
27211 5170 24 22 44
27213 5171 24 23 44
27214 5172 24 24 44
27215 5173 24 25 44
27216 5174 24 26 44
27217 5175 24 27 44
27220 5176 24 28 44
27221 5177 24 29 44
27222 5178 24 30 44
27224 5179 24 31 44
27225 5180 24 32 44
27226 5181 24 33 44
27227 5182 24 34 44
27229 5183 24 35 44
27230 5184 24 36 44
27231 5185 24 37 44
27232 5186 24 38 44
27233 5187 24 39 44
27234 5188 24 40 44
27236 5189 24 41 44
27238 5190 24 42 44
27239 5191 24 43 44
27240 5192 24 44 44
27241 5193 24 45 44
27242 5194 24 46 44
27243 5195 24 47 44
27245 5196 24 48 44
27247 5197 24 49 44
27254 5198 24 50 44
27262 5199 24 51 44
27263 5200 24 52 44
27264 5201 24 53 44
27265 5202 24 54 44
27267 5203 24 55 44
27268 5204 24 56 44
27269 5205 24 57 44
27271 5206 24 58 44
27273 5207 24 59 44
27276 5208 24 60 44
27277 5209 24 61 44
27278 5210 24 62 44
27280 5211 24 63 44
27281 5212 24 64 44
27282 5213 24 65 44
27283 5214 24 66 44
27284 5215 24 67 44
27285 5216 24 68 44
27286 5217 24 69 44
27287 5218 24 70 44
27290 5219 24 71 44
27291 5220 24 72 44
27292 5221 24 73 44
27294 5222 24 74 44
27295 5223 24 75 44
27296 5224 24 76 44
27297 5225 24 77 44
27298 5226 24 78 44
27299 5227 24 79 44
27300 5228 24 80 44
27301 5229 24 81 44
27302 5230 24 82 44
27304 5231 24 83 44
27308 5232 24 84 44
27309 5233 24 85 44
27310 5234 24 86 44
27311 5235 24 87 44
27315 5236 24 88 44
27316 5237 24 89 44
27318 5238 24 90 44
27319 5239 24 91 44
27320 5240 24 92 44
27321 5241 24 93 44
27322 5242 24 94 44
27323 5243 24 95 44
27325 5244 24 96 44
27330 5245 24 97 44
27331 5246 24 98 44
27333 5247 24 99 44
27334 5248 24 100 44
27335 5249 24 101 44
27339 5250 24 102 44
27340 5251 24 103 44
27341 5252 24 104 44
27343 5253 24 105 44
27344 5254 24 106 44
27345 5255 24 107 44
27347 5256 24 108 44
27353 5257 24 109 44
27354 5258 24 110 44
27355 5259 24 111 44
27356 5260 24 112 44
27357 5261 24 113 44
27358 5262 24 114 44
27359 5263 24 115 44
27360 5264 24 116 44
27361 5265 24 0 45
27365 5266 24 1 45
27367 5267 24 2 45
27368 5268 24 3 45
27370 5269 24 4 45
27371 5270 24 5 45
27372 5271 24 6 45
27374 5272 24 7 45
27375 5273 24 8 45
27376 5274 24 9 45
27377 5275 24 10 45
27379 5276 24 11 45
27384 5277 24 12 45
27385 5278 24 13 45
27386 5279 24 14 45
27387 5280 24 15 45
27388 5281 24 16 45
27392 5282 24 17 45
27394 5283 24 18 45
27395 5284 24 19 45
27396 5285 24 20 45
27400 5286 24 21 45
27401 5287 24 22 45
27402 5288 24 23 45
27403 5289 24 24 45
27407 5290 24 25 45
27408 5291 24 26 45
27409 5292 24 27 45
27410 5293 24 28 45
27411 5294 24 29 45
27414 5295 24 30 45
27415 5296 24 31 45
27416 5297 24 32 45
27417 5298 24 33 45
27418 5299 24 34 45
27422 5300 24 35 45
27424 5301 24 36 45
27425 5302 24 37 45
27427 5303 24 38 45
27429 5304 24 39 45
27432 5305 24 40 45
27436 5306 24 41 45
27437 5307 24 42 45
27439 5308 24 43 45
27441 5309 24 44 45
27442 5310 24 45 45
27443 5311 24 46 45
27444 5312 24 47 45
27446 5313 24 48 45
27447 5314 24 49 45
27448 5315 24 50 45
27449 5316 24 51 45
27450 5317 24 52 45
27451 5318 24 53 45
27452 5319 24 54 45
27453 5320 24 55 45
27454 5321 24 56 45
27455 5322 24 57 45
27457 5323 24 58 45
27458 5324 24 59 45
27459 5325 24 60 45
27461 5326 24 61 45
27462 5327 24 62 45
27463 5328 24 63 45
27464 5329 24 64 45
27465 5330 24 65 45
27466 5331 24 66 45
27467 5332 24 67 45
27468 5333 24 68 45
27469 5334 24 69 45
27470 5335 24 70 45
27472 5336 24 71 45
27473 5337 24 72 45
27476 5338 24 73 45
27477 5339 24 74 45
27478 5340 24 75 45
27481 5341 24 76 45
27483 5342 24 77 45
27484 5343 24 78 45
27486 5344 24 79 45
27487 5345 24 80 45
27488 5346 24 81 45
27489 5347 24 82 45
27490 5348 24 83 45
27491 5349 24 84 45
27492 5350 24 85 45
27493 5351 24 86 45
27494 5352 24 87 45
27495 5353 24 88 45
27498 5354 24 89 45
27501 5355 24 90 45
27506 5356 24 91 45
27510 5357 24 92 45
27511 5358 24 93 45
27512 5359 24 94 45
27513 5360 24 95 45
27515 5361 24 96 45
27518 5362 24 97 45
27519 5363 24 98 45
27520 5364 24 99 45
27522 5365 24 100 45
27523 5366 24 101 45
27524 5367 24 102 45
27526 5368 24 103 45
27528 5369 24 104 45
27529 5370 24 105 45
27530 5371 24 106 45
27532 5372 24 107 45
27533 5373 24 108 45
27534 5374 24 109 45
27535 5375 24 110 45
27537 5376 24 111 45
27540 5377 24 112 45
27541 5378 24 113 45
27542 5379 24 114 45
27543 5380 24 115 45
27544 5381 24 116 45
27545 5382 24 0 46
27547 5383 24 1 46
27550 5384 24 2 46
27551 5385 24 3 46
27552 5386 24 4 46
27554 5387 24 5 46
27555 5388 24 6 46
27556 5389 24 7 46
27557 5390 24 8 46
27558 5391 24 9 46
27559 5392 24 10 46
27562 5393 24 11 46
27563 5394 24 12 46
27565 5395 24 13 46
27566 5396 24 14 46
27567 5397 24 15 46
27568 5398 24 16 46
27570 5399 24 17 46
27571 5400 24 18 46
27573 5401 24 19 46
27574 5402 24 20 46
27575 5403 24 21 46
27578 5404 24 22 46
27580 5405 24 23 46
27581 5406 24 24 46
27583 5407 24 25 46
27584 5408 24 26 46
27587 5409 24 27 46
27588 5410 24 28 46
27589 5411 24 29 46
27590 5412 24 30 46
27591 5413 24 31 46
27592 5414 24 32 46
27593 5415 24 33 46
27594 5416 24 34 46
27595 5417 24 35 46
27596 5418 24 36 46
27597 5419 24 37 46
27599 5420 24 38 46
27600 5421 24 39 46
27602 5422 24 40 46
27603 5423 24 41 46
27604 5424 24 42 46
27606 5425 24 43 46
27607 5426 24 44 46
27608 5427 24 45 46
27610 5428 24 46 46
27611 5429 24 47 46
27614 5430 24 48 46
27616 5431 24 49 46
27618 5432 24 50 46
27619 5433 24 51 46
27620 5434 24 52 46
27622 5435 24 53 46
27623 5436 24 54 46
27624 5437 24 55 46
27627 5438 24 56 46
27628 5439 24 57 46
27631 5440 24 58 46
27632 5441 24 59 46
27634 5442 24 60 46
27635 5443 24 61 46
27639 5444 24 62 46
27640 5445 24 63 46
27641 5446 24 64 46
27643 5447 24 65 46
27644 5448 24 66 46
27645 5449 24 67 46
27646 5450 24 68 46
27647 5451 24 69 46
27648 5452 24 70 46
27649 5453 24 71 46
27650 5454 24 72 46
27651 5455 24 73 46
27652 5456 24 74 46
27653 5457 24 75 46
27654 5458 24 76 46
27656 5459 24 77 46
27657 5460 24 78 46
27659 5461 24 79 46
27660 5462 24 80 46
27661 5463 24 81 46
27663 5464 24 82 46
27664 5465 24 83 46
27665 5466 24 84 46
27667 5467 24 85 46
27668 5468 24 86 46
27669 5469 24 87 46
27670 5470 24 88 46
27672 5471 24 89 46
27673 5472 24 90 46
27674 5473 24 91 46
27675 5474 24 92 46
27677 5475 24 93 46
27679 5476 24 94 46
27680 5477 24 95 46
27681 5478 24 96 46
27683 5479 24 97 46
27684 5480 24 98 46
27685 5481 24 99 46
27686 5482 24 100 46
27687 5483 24 101 46
27688 5484 24 102 46
27690 5485 24 103 46
27691 5486 24 104 46
27692 5487 24 105 46
27694 5488 24 106 46
27695 5489 24 107 46
27696 5490 24 108 46
27699 5491 24 109 46
27700 5492 24 110 46
27702 5493 24 111 46
27704 5494 24 112 46
27707 5495 24 113 46
27710 5496 24 114 46
27711 5497 24 115 46
27712 5498 24 116 46
27713 5499 24 0 47
27714 5500 24 1 47
27715 5501 24 2 47
27718 5502 24 3 47
27722 5503 24 4 47
27723 5504 24 5 47
27724 5505 24 6 47
27725 5506 24 7 47
27726 5507 24 8 47
27727 5508 24 9 47
27728 5509 24 10 47
27730 5510 24 11 47
27732 5511 24 12 47
27733 5512 24 13 47
27735 5513 24 14 47
27737 5514 24 15 47
27739 5515 24 16 47
27740 5516 24 17 47
27741 5517 24 18 47
27742 5518 24 19 47
27743 5519 24 20 47
27744 5520 24 21 47
27745 5521 24 22 47
27749 5522 24 23 47
27750 5523 24 24 47
27751 5524 24 25 47
27752 5525 24 26 47
27753 5526 24 27 47
27754 5527 24 28 47
27755 5528 24 29 47
27757 5529 24 30 47
27759 5530 24 31 47
27760 5531 24 32 47
27761 5532 24 33 47
27762 5533 24 34 47
27763 5534 24 35 47
27764 5535 24 36 47
27766 5536 24 37 47
27768 5537 24 38 47
27770 5538 24 39 47
27771 5539 24 40 47
27773 5540 24 41 47
27774 5541 24 42 47
27776 5542 24 43 47
27777 5543 24 44 47
27778 5544 24 45 47
27779 5545 24 46 47
27780 5546 24 47 47
27781 5547 24 48 47
27782 5548 24 49 47
27783 5549 24 50 47
27784 5550 24 51 47
27785 5551 24 52 47
27786 5552 24 53 47
27787 5553 24 54 47
27788 5554 24 55 47
27789 5555 24 56 47
27790 5556 24 57 47
27791 5557 24 58 47
27792 5558 24 59 47
27794 5559 24 60 47
27795 5560 24 61 47
27796 5561 24 62 47
27797 5562 24 63 47
27798 5563 24 64 47
27800 5564 24 65 47
27801 5565 24 66 47
27802 5566 24 67 47
27803 5567 24 68 47
27804 5568 24 69 47
27805 5569 24 70 47
27819 5570 24 71 47
27820 5571 24 72 47
27821 5572 24 73 47
27822 5573 24 74 47
27824 5574 24 75 47
27825 5575 24 76 47
27827 5576 24 77 47
27828 5577 24 78 47
27830 5578 24 79 47
27831 5579 24 80 47
27832 5580 24 81 47
27833 5581 24 82 47
27834 5582 24 83 47
27835 5583 24 84 47
27836 5584 24 85 47
27837 5585 24 86 47
27838 5586 24 87 47
27839 5587 24 88 47
27840 5588 24 89 47
27841 5589 24 90 47
27842 5590 24 91 47
27843 5591 24 92 47
27844 5592 24 93 47
27845 5593 24 94 47
27846 5594 24 95 47
27847 5595 24 96 47
27849 5596 24 97 47
27850 5597 24 98 47
27852 5598 24 99 47
27853 5599 24 100 47
27855 5600 24 101 47
27856 5601 24 102 47
27857 5602 24 103 47
27858 5603 24 104 47
27859 5604 24 105 47
27860 5605 24 106 47
27861 5606 24 107 47
27862 5607 24 108 47
27863 5608 24 109 47
27865 5609 24 110 47
27866 5610 24 111 47
27867 5611 24 112 47
27868 5612 24 113 47
27869 5613 24 114 47
27870 5614 24 115 47
27872 5615 24 116 47
27873 5616 24 0 48
27874 5617 24 1 48
27875 5618 24 2 48
27877 5619 24 3 48
27879 5620 24 4 48
27880 5621 24 5 48
27881 5622 24 6 48
27883 5623 24 7 48
27884 5624 24 8 48
27885 5625 24 9 48
27886 5626 24 10 48
27887 5627 24 11 48
27888 5628 24 12 48
27889 5629 24 13 48
27890 5630 24 14 48
27891 5631 24 15 48
27893 5632 24 16 48
27897 5633 24 17 48
27904 5634 24 18 48
27905 5635 24 19 48
27907 5636 24 20 48
27908 5637 24 21 48
27911 5638 24 22 48
27912 5639 24 23 48
27913 5640 24 24 48
27914 5641 24 25 48
27915 5642 24 26 48
27916 5643 24 27 48
27917 5644 24 28 48
27918 5645 24 29 48
27919 5646 24 30 48
27920 5647 24 31 48
27921 5648 24 32 48
27922 5649 24 33 48
27926 5650 24 34 48
27927 5651 24 35 48
27928 5652 24 36 48
27929 5653 24 37 48
27930 5654 24 38 48
27931 5655 24 39 48
27933 5656 24 40 48
27934 5657 24 41 48
27935 5658 24 42 48
27936 5659 24 43 48
27938 5660 24 44 48
27941 5661 24 45 48
27943 5662 24 46 48
27944 5663 24 47 48
27945 5664 24 48 48
27946 5665 24 49 48
27947 5666 24 50 48
27948 5667 24 51 48
27949 5668 24 52 48
27950 5669 24 53 48
27951 5670 24 54 48
27952 5671 24 55 48
27953 5672 24 56 48
27954 5673 24 57 48
27955 5674 24 58 48
27956 5675 24 59 48
27957 5676 24 60 48
27958 5677 24 61 48
27959 5678 24 62 48
27960 5679 24 63 48
27961 5680 24 64 48
27962 5681 24 65 48
27963 5682 24 66 48
27964 5683 24 67 48
27965 5684 24 68 48
27966 5685 24 69 48
27967 5686 24 70 48
27968 5687 24 71 48
27969 5688 24 72 48
27970 5689 24 73 48
27992 5690 24 74 48
27993 5691 24 75 48
27994 5692 24 76 48
27998 5693 24 77 48
27999 5694 24 78 48
28000 5695 24 79 48
28001 5696 24 80 48
28002 5697 24 81 48
28003 5698 24 82 48
28004 5699 24 83 48
28005 5700 24 84 48
28006 5701 24 85 48
28007 5702 24 86 48
28008 5703 24 87 48
28009 5704 24 88 48
28010 5705 24 89 48
28012 5706 24 90 48
28013 5707 24 91 48
28014 5708 24 92 48
28015 5709 24 93 48
28016 5710 24 94 48
28020 5711 24 95 48
28021 5712 24 96 48
28022 5713 24 97 48
28023 5714 24 98 48
28024 5715 24 99 48
28025 5716 24 100 48
28026 5717 24 101 48
28027 5718 24 102 48
28028 5719 24 103 48
28029 5720 24 104 48
28030 5721 24 105 48
28031 5722 24 106 48
28032 5723 24 107 48
28034 5724 24 108 48
28035 5725 24 109 48
28036 5726 24 110 48
28037 5727 24 111 48
28038 5728 24 112 48
28039 5729 24 113 48
28040 5730 24 114 48
28041 5731 24 115 48
28042 5732 24 116 48
28043 5733 24 0 49
28044 5734 24 1 49
28045 5735 24 2 49
28046 5736 24 3 49
28048 5737 24 4 49
28049 5738 24 5 49
28050 5739 24 6 49
28051 5740 24 7 49
28052 5741 24 8 49
28053 5742 24 9 49
28055 5743 24 10 49
28056 5744 24 11 49
28074 5745 24 12 49
28075 5746 24 13 49
28076 5747 24 14 49
28078 5748 24 15 49
28079 5749 24 16 49
28082 5750 24 17 49
28083 5751 24 18 49
28084 5752 24 19 49
28085 5753 24 20 49
28087 5754 24 21 49
28088 5755 24 22 49
28090 5756 24 23 49
28091 5757 24 24 49
28092 5758 24 25 49
28093 5759 24 26 49
28094 5760 24 27 49
28095 5761 24 28 49
28096 5762 24 29 49
28098 5763 24 30 49
28100 5764 24 31 49
28101 5765 24 32 49
28102 5766 24 33 49
28103 5767 24 34 49
28104 5768 24 35 49
28105 5769 24 36 49
28106 5770 24 37 49
28107 5771 24 38 49
28108 5772 24 39 49
28109 5773 24 40 49
28111 5774 24 41 49
28112 5775 24 42 49
28113 5776 24 43 49
28114 5777 24 44 49
28115 5778 24 45 49
28116 5779 24 46 49
28117 5780 24 47 49
28118 5781 24 48 49
28119 5782 24 49 49
28120 5783 24 50 49
28121 5784 24 51 49
28122 5785 24 52 49
28123 5786 24 53 49
28124 5787 24 54 49
28125 5788 24 55 49
28126 5789 24 56 49
28127 5790 24 57 49
28128 5791 24 58 49
28129 5792 24 59 49
28130 5793 24 60 49
28131 5794 24 61 49
28132 5795 24 62 49
28133 5796 24 63 49
28134 5797 24 64 49
28136 5798 24 65 49
28137 5799 24 66 49
28138 5800 24 67 49
28139 5801 24 68 49
28140 5802 24 69 49
28141 5803 24 70 49
28142 5804 24 71 49
28143 5805 24 72 49
28144 5806 24 73 49
28145 5807 24 74 49
28146 5808 24 75 49
28147 5809 24 76 49
28148 5810 24 77 49
28149 5811 24 78 49
28150 5812 24 79 49
28151 5813 24 80 49
28153 5814 24 81 49
28154 5815 24 82 49
28155 5816 24 83 49
28156 5817 24 84 49
28157 5818 24 85 49
28160 5819 24 86 49
28163 5820 24 87 49
28165 5821 24 88 49
28185 5822 24 89 49
28186 5823 24 90 49
28187 5824 24 91 49
28188 5825 24 92 49
28189 5826 24 93 49
28191 5827 24 94 49
28192 5828 24 95 49
28193 5829 24 96 49
28194 5830 24 97 49
28195 5831 24 98 49
28196 5832 24 99 49
28197 5833 24 100 49
28198 5834 24 101 49
28199 5835 24 102 49
28200 5836 24 103 49
28203 5837 24 104 49
28204 5838 24 105 49
28205 5839 24 106 49
28206 5840 24 107 49
28207 5841 24 108 49
28208 5842 24 109 49
28209 5843 24 110 49
28210 5844 24 111 49
28211 5845 24 112 49
28212 5846 24 113 49
28213 5847 24 114 49
28214 5848 24 115 49
28216 5849 24 116 49
28217 5850 24 0 50
28218 5851 24 1 50
28219 5852 24 2 50
28220 5853 24 3 50
28221 5854 24 4 50
28222 5855 24 5 50
28223 5856 24 6 50
28224 5857 24 7 50
28225 5858 24 8 50
28227 5859 24 9 50
28228 5860 24 10 50
28229 5861 24 11 50
28230 5862 24 12 50
28231 5863 24 13 50
28233 5864 24 14 50
28234 5865 24 15 50
28235 5866 24 16 50
28237 5867 24 17 50
28238 5868 24 18 50
28241 5869 24 19 50
28242 5870 24 20 50
28243 5871 24 21 50
28244 5872 24 22 50
28245 5873 24 23 50
28246 5874 24 24 50
28248 5875 24 25 50
28250 5876 24 26 50
28251 5877 24 27 50
28252 5878 24 28 50
28253 5879 24 29 50
28254 5880 24 30 50
28255 5881 24 31 50
28256 5882 24 32 50
28257 5883 24 33 50
28258 5884 24 34 50
28259 5885 24 35 50
28260 5886 24 36 50
28261 5887 24 37 50
28262 5888 24 38 50
28263 5889 24 39 50
28264 5890 24 40 50
28265 5891 24 41 50
28267 5892 24 42 50
28270 5893 24 43 50
28271 5894 24 44 50
28273 5895 24 45 50
28274 5896 24 46 50
28275 5897 24 47 50
28276 5898 24 48 50
28279 5899 24 49 50
28280 5900 24 50 50
28281 5901 24 51 50
28296 5902 24 52 50
28297 5903 24 53 50
28301 5904 24 54 50
28302 5905 24 55 50
28303 5906 24 56 50
28304 5907 24 57 50
28306 5908 24 58 50
28307 5909 24 59 50
28308 5910 24 60 50
28310 5911 24 61 50
28311 5912 24 62 50
28312 5913 24 63 50
28313 5914 24 64 50
28315 5915 24 65 50
28316 5916 24 66 50
28317 5917 24 67 50
28318 5918 24 68 50
28319 5919 24 69 50
28320 5920 24 70 50
28321 5921 24 71 50
28322 5922 24 72 50
28323 5923 24 73 50
28324 5924 24 74 50
28325 5925 24 75 50
28326 5926 24 76 50
28327 5927 24 77 50
28330 5928 24 78 50
28331 5929 24 79 50
28334 5930 24 80 50
28335 5931 24 81 50
28336 5932 24 82 50
28337 5933 24 83 50
28338 5934 24 84 50
28339 5935 24 85 50
28340 5936 24 86 50
28342 5937 24 87 50
28343 5938 24 88 50
28345 5939 24 89 50
28346 5940 24 90 50
28348 5941 24 91 50
28349 5942 24 92 50
28350 5943 24 93 50
28351 5944 24 94 50
28352 5945 24 95 50
28353 5946 24 96 50
28354 5947 24 97 50
28355 5948 24 98 50
28356 5949 24 99 50
28357 5950 24 100 50
28358 5951 24 101 50
28359 5952 24 102 50
28360 5953 24 103 50
28361 5954 24 104 50
28362 5955 24 105 50
28363 5956 24 106 50
28364 5957 24 107 50
28365 5958 24 108 50
28366 5959 24 109 50
28367 5960 24 110 50
28368 5961 24 111 50
28369 5962 24 112 50
28370 5963 24 113 50
28371 5964 24 114 50
28372 5965 24 115 50
28373 5966 24 116 50
28374 5967 24 0 51
28376 5968 24 1 51
28380 5969 24 2 51
28395 5970 24 3 51
28396 5971 24 4 51
28397 5972 24 5 51
28398 5973 24 6 51
28399 5974 24 7 51
28401 5975 24 8 51
28402 5976 24 9 51
28404 5977 24 10 51
28405 5978 24 11 51
28406 5979 24 12 51
28407 5980 24 13 51
28408 5981 24 14 51
28409 5982 24 15 51
28411 5983 24 16 51
28412 5984 24 17 51
28413 5985 24 18 51
28414 5986 24 19 51
28415 5987 24 20 51
28416 5988 24 21 51
28417 5989 24 22 51
28418 5990 24 23 51
28419 5991 24 24 51
28421 5992 24 25 51
28422 5993 24 26 51
28423 5994 24 27 51
28424 5995 24 28 51
28425 5996 24 29 51
28426 5997 24 30 51
28429 5998 24 31 51
28430 5999 24 32 51
28431 6000 24 33 51
28434 6001 24 34 51
28435 6002 24 35 51
28436 6003 24 36 51
28437 6004 24 37 51
28440 6005 24 38 51
28441 6006 24 39 51
28442 6007 24 40 51
28444 6008 24 41 51
28446 6009 24 42 51
28447 6010 24 43 51
28448 6011 24 44 51
28449 6012 24 45 51
28450 6013 24 46 51
28451 6014 24 47 51
28453 6015 24 48 51
28454 6016 24 49 51
28455 6017 24 50 51
28457 6018 24 51 51
28458 6019 24 52 51
28459 6020 24 53 51
28460 6021 24 54 51
28461 6022 24 55 51
28462 6023 24 56 51
28463 6024 24 57 51
28464 6025 24 58 51
28465 6026 24 59 51
28466 6027 24 60 51
28467 6028 24 61 51
28469 6029 24 62 51
28470 6030 24 63 51
28471 6031 24 64 51
28472 6032 24 65 51
28473 6033 24 66 51
28474 6034 24 67 51
28475 6035 24 68 51
28476 6036 24 69 51
28478 6037 24 70 51
28479 6038 24 71 51
28480 6039 24 72 51
28481 6040 24 73 51
28483 6041 24 74 51
28494 6042 24 75 51
28495 6043 24 76 51
28496 6044 24 77 51
28497 6045 24 78 51
28498 6046 24 79 51
28499 6047 24 80 51
28500 6048 24 81 51
28501 6049 24 82 51
28503 6050 24 83 51
28504 6051 24 84 51
28506 6052 24 85 51
28507 6053 24 86 51
28509 6054 24 87 51
28510 6055 24 88 51
28511 6056 24 89 51
28512 6057 24 90 51
28513 6058 24 91 51
28514 6059 24 92 51
28515 6060 24 93 51
28516 6061 24 94 51
28518 6062 24 95 51
28519 6063 24 96 51
28521 6064 24 97 51
28522 6065 24 98 51
28523 6066 24 99 51
28524 6067 24 100 51
28525 6068 24 101 51
28526 6069 24 102 51
28527 6070 24 103 51
28528 6071 24 104 51
28530 6072 24 105 51
28531 6073 24 106 51
28534 6074 24 107 51
28535 6075 24 108 51
28536 6076 24 109 51
28538 6077 24 110 51
28539 6078 24 111 51
28540 6079 24 112 51
28541 6080 24 113 51
28542 6081 24 114 51
28543 6082 24 115 51
28544 6083 24 116 51
28546 6084 24 0 52
28548 6085 24 1 52
28549 6086 24 2 52
28550 6087 24 3 52
28551 6088 24 4 52
28552 6089 24 5 52
28553 6090 24 6 52
28555 6091 24 7 52
28556 6092 24 8 52
28557 6093 24 9 52
28558 6094 24 10 52
28560 6095 24 11 52
28562 6096 24 12 52
28563 6097 24 13 52
28564 6098 24 14 52
28565 6099 24 15 52
28566 6100 24 16 52
28567 6101 24 17 52
28574 6102 24 18 52
28576 6103 24 19 52
28577 6104 24 20 52
28578 6105 24 21 52
28579 6106 24 22 52
28580 6107 24 23 52
28581 6108 24 24 52
28582 6109 24 25 52
28583 6110 24 26 52
28584 6111 24 27 52
28585 6112 24 28 52
28586 6113 24 29 52
28587 6114 24 30 52
28588 6115 24 31 52
28589 6116 24 32 52
28590 6117 24 33 52
28591 6118 24 34 52
28592 6119 24 35 52
28593 6120 24 36 52
28594 6121 24 37 52
28595 6122 24 38 52
28596 6123 24 39 52
28598 6124 24 40 52
28600 6125 24 41 52
28601 6126 24 42 52
28602 6127 24 43 52
28604 6128 24 44 52
28605 6129 24 45 52
28607 6130 24 46 52
28608 6131 24 47 52
28609 6132 24 48 52
28610 6133 24 49 52
28611 6134 24 50 52
28612 6135 24 51 52
28614 6136 24 52 52
28615 6137 24 53 52
28616 6138 24 54 52
28617 6139 24 55 52
28618 6140 24 56 52
28619 6141 24 57 52
28620 6142 24 58 52
28621 6143 24 59 52
28622 6144 24 60 52
28623 6145 24 61 52
28628 6146 24 62 52
28629 6147 24 63 52
28632 6148 24 64 52
28635 6149 24 65 52
28636 6150 24 66 52
28637 6151 24 67 52
28638 6152 24 68 52
28639 6153 24 69 52
28640 6154 24 70 52
28641 6155 24 71 52
28642 6156 24 72 52
28643 6157 24 73 52
28644 6158 24 74 52
28646 6159 24 75 52
28647 6160 24 76 52
28648 6161 24 77 52
28649 6162 24 78 52
28651 6163 24 79 52
28652 6164 24 80 52
28653 6165 24 81 52
28654 6166 24 82 52
28655 6167 24 83 52
28656 6168 24 84 52
28657 6169 24 85 52
28658 6170 24 86 52
28660 6171 24 87 52
28663 6172 24 88 52
28666 6173 24 89 52
28667 6174 24 90 52
28668 6175 24 91 52
28670 6176 24 92 52
28671 6177 24 93 52
28672 6178 24 94 52
28673 6179 24 95 52
28676 6180 24 96 52
28677 6181 24 97 52
28678 6182 24 98 52
28679 6183 24 99 52
28681 6184 24 100 52
28682 6185 24 101 52
28683 6186 24 102 52
28684 6187 24 103 52
28685 6188 24 104 52
28686 6189 24 105 52
28687 6190 24 106 52
28689 6191 24 107 52
28692 6192 24 108 52
28693 6193 24 109 52
28694 6194 24 110 52
28695 6195 24 111 52
28696 6196 24 112 52
28697 6197 24 113 52
28698 6198 24 114 52
28699 6199 24 115 52
28700 6200 24 116 52
28701 6201 24 0 53
28703 6202 24 1 53
28704 6203 24 2 53
28705 6204 24 3 53
28706 6205 24 4 53
28707 6206 24 5 53
28708 6207 24 6 53
28710 6208 24 7 53
28711 6209 24 8 53
28712 6210 24 9 53
28713 6211 24 10 53
28714 6212 24 11 53
28715 6213 24 12 53
28719 6214 24 13 53
28720 6215 24 14 53
28721 6216 24 15 53
28722 6217 24 16 53
28723 6218 24 17 53
28724 6219 24 18 53
28725 6220 24 19 53
28727 6221 24 20 53
28728 6222 24 21 53
28729 6223 24 22 53
28730 6224 24 23 53
28731 6225 24 24 53
28732 6226 24 25 53
28734 6227 24 26 53
28735 6228 24 27 53
28736 6229 24 28 53
28737 6230 24 29 53
28738 6231 24 30 53
28739 6232 24 31 53
28740 6233 24 32 53
28741 6234 24 33 53
28742 6235 24 34 53
28744 6236 24 35 53
28745 6237 24 36 53
28746 6238 24 37 53
28748 6239 24 38 53
28753 6240 24 39 53
28754 6241 24 40 53
28757 6242 24 41 53
28758 6243 24 42 53
28759 6244 24 43 53
28760 6245 24 44 53
28762 6246 24 45 53
28763 6247 24 46 53
28765 6248 24 47 53
28766 6249 24 48 53
28767 6250 24 49 53
28768 6251 24 50 53
28769 6252 24 51 53
28770 6253 24 52 53
28771 6254 24 53 53
28772 6255 24 54 53
28773 6256 24 55 53
28774 6257 24 56 53
28776 6258 24 57 53
28777 6259 24 58 53
28778 6260 24 59 53
28779 6261 24 60 53
28784 6262 24 61 53
28785 6263 24 62 53
28788 6264 24 63 53
28790 6265 24 64 53
28792 6266 24 65 53
28794 6267 24 66 53
28796 6268 24 67 53
28797 6269 24 68 53
28802 6270 24 69 53
28803 6271 24 70 53
28804 6272 24 71 53
28805 6273 24 72 53
28806 6274 24 73 53
28810 6275 24 74 53
28814 6276 24 75 53
28817 6277 24 76 53
28818 6278 24 77 53
28819 6279 24 78 53
28820 6280 24 79 53
28821 6281 24 80 53
28822 6282 24 81 53
28824 6283 24 82 53
28825 6284 24 83 53
28826 6285 24 84 53
28831 6286 24 85 53
28833 6287 24 86 53
28836 6288 24 87 53
28841 6289 24 88 53
28843 6290 24 89 53
28844 6291 24 90 53
28845 6292 24 91 53
28846 6293 24 92 53
28847 6294 24 93 53
28848 6295 24 94 53
28849 6296 24 95 53
28851 6297 24 96 53
28852 6298 24 97 53
28853 6299 24 98 53
28855 6300 24 99 53
28856 6301 24 100 53
28858 6302 24 101 53
28862 6303 24 102 53
28869 6304 24 103 53
28870 6305 24 104 53
28871 6306 24 105 53
28872 6307 24 106 53
28874 6308 24 107 53
28875 6309 24 108 53
28877 6310 24 109 53
28878 6311 24 110 53
28879 6312 24 111 53
28881 6313 24 112 53
28882 6314 24 113 53
28883 6315 24 114 53
28884 6316 24 115 53
28887 6317 24 116 53
28888 6318 24 0 54
28889 6319 24 1 54
28890 6320 24 2 54
28892 6321 24 3 54
28893 6322 24 4 54
28894 6323 24 5 54
28896 6324 24 6 54
28897 6325 24 7 54
28898 6326 24 8 54
28900 6327 24 9 54
28911 6328 24 10 54
28912 6329 24 11 54
28915 6330 24 12 54
28916 6331 24 13 54
28918 6332 24 14 54
28919 6333 24 15 54
28920 6334 24 16 54
28921 6335 24 17 54
28922 6336 24 18 54
28923 6337 24 19 54
28924 6338 24 20 54
28925 6339 24 21 54
28927 6340 24 22 54
28928 6341 24 23 54
28930 6342 24 24 54
28932 6343 24 25 54
28934 6344 24 26 54
28937 6345 24 27 54
28938 6346 24 28 54
28939 6347 24 29 54
28940 6348 24 30 54
28941 6349 24 31 54
28942 6350 24 32 54
28944 6351 24 33 54
28947 6352 24 34 54
28951 6353 24 35 54
28953 6354 24 36 54
28954 6355 24 37 54
28955 6356 24 38 54
28956 6357 24 39 54
28958 6358 24 40 54
28959 6359 24 41 54
28960 6360 24 42 54
28961 6361 24 43 54
28962 6362 24 44 54
28963 6363 24 45 54
28965 6364 24 46 54
28966 6365 24 47 54
28968 6366 24 48 54
28974 6367 24 49 54
28975 6368 24 50 54
28976 6369 24 51 54
28977 6370 24 52 54
28978 6371 24 53 54
28982 6372 24 54 54
28986 6373 24 55 54
28993 6374 24 56 54
28994 6375 24 57 54
28995 6376 24 58 54
28996 6377 24 59 54
28998 6378 24 60 54
28999 6379 24 61 54
29001 6380 24 62 54
29003 6381 24 63 54
29004 6382 24 64 54
29005 6383 24 65 54
29006 6384 24 66 54
29008 6385 24 67 54
29010 6386 24 68 54
29011 6387 24 69 54
29012 6388 24 70 54
29014 6389 24 71 54
29016 6390 24 72 54
29017 6391 24 73 54
29018 6392 24 74 54
29020 6393 24 75 54
29021 6394 24 76 54
29022 6395 24 77 54
29023 6396 24 78 54
29024 6397 24 79 54
29025 6398 24 80 54
29026 6399 24 81 54
29027 6400 24 82 54
29028 6401 24 83 54
29029 6402 24 84 54
29030 6403 24 85 54
29031 6404 24 86 54
29032 6405 24 87 54
29033 6406 24 88 54
29034 6407 24 89 54
29036 6408 24 90 54
29038 6409 24 91 54
29040 6410 24 92 54
29042 6411 24 93 54
29048 6412 24 94 54
29051 6413 24 95 54
29053 6414 24 96 54
29056 6415 24 97 54
29057 6416 24 98 54
29058 6417 24 99 54
29060 6418 24 100 54
29061 6419 24 101 54
29062 6420 24 102 54
29063 6421 24 103 54
29065 6422 24 104 54
29066 6423 24 105 54
29071 6424 24 106 54
29072 6425 24 107 54
29074 6426 24 108 54
29076 6427 24 109 54
29079 6428 24 110 54
29081 6429 24 111 54
29082 6430 24 112 54
29083 6431 24 113 54
29084 6432 24 114 54
29085 6433 24 115 54
29086 6434 24 116 54
29087 6435 24 0 55
29088 6436 24 1 55
29089 6437 24 2 55
29092 6438 24 3 55
29093 6439 24 4 55
29095 6440 24 5 55
29096 6441 24 6 55
29097 6442 24 7 55
29098 6443 24 8 55
29100 6444 24 9 55
29103 6445 24 10 55
29104 6446 24 11 55
29105 6447 24 12 55
29106 6448 24 13 55
29107 6449 24 14 55
29109 6450 24 15 55
29112 6451 24 16 55
29113 6452 24 17 55
29116 6453 24 18 55
29117 6454 24 19 55
29118 6455 24 20 55
29119 6456 24 21 55
29120 6457 24 22 55
29121 6458 24 23 55
29122 6459 24 24 55
29123 6460 24 25 55
29124 6461 24 26 55
29125 6462 24 27 55
29126 6463 24 28 55
29127 6464 24 29 55
29128 6465 24 30 55
29129 6466 24 31 55
29130 6467 24 32 55
29131 6468 24 33 55
29134 6469 24 34 55
29135 6470 24 35 55
29136 6471 24 36 55
29138 6472 24 37 55
29140 6473 24 38 55
29141 6474 24 39 55
29142 6475 24 40 55
29144 6476 24 41 55
29145 6477 24 42 55
29146 6478 24 43 55
29147 6479 24 44 55
29148 6480 24 45 55
29151 6481 24 46 55
29152 6482 24 47 55
29153 6483 24 48 55
29154 6484 24 49 55
29156 6485 24 50 55
29157 6486 24 51 55
29158 6487 24 52 55
29159 6488 24 53 55
29160 6489 24 54 55
29164 6490 24 55 55
29165 6491 24 56 55
29166 6492 24 57 55
29168 6493 24 58 55
29169 6494 24 59 55
29170 6495 24 60 55
29172 6496 24 61 55
29176 6497 24 62 55
29177 6498 24 63 55
29179 6499 24 64 55
29180 6500 24 65 55
29181 6501 24 66 55
29182 6502 24 67 55
29183 6503 24 68 55
29185 6504 24 69 55
29186 6505 24 70 55
29187 6506 24 71 55
29189 6507 24 72 55
29190 6508 24 73 55
29191 6509 24 74 55
29194 6510 24 75 55
29196 6511 24 76 55
29197 6512 24 77 55
29200 6513 24 78 55
29203 6514 24 79 55
29204 6515 24 80 55
29209 6516 24 81 55
29210 6517 24 82 55
29211 6518 24 83 55
29213 6519 24 84 55
29214 6520 24 85 55
29215 6521 24 86 55
29218 6522 24 87 55
29219 6523 24 88 55
29222 6524 24 89 55
29223 6525 24 90 55
29224 6526 24 91 55
29225 6527 24 92 55
29226 6528 24 93 55
29228 6529 24 94 55
29229 6530 24 95 55
29232 6531 24 96 55
29237 6532 24 97 55
29238 6533 24 98 55
29240 6534 24 99 55
29241 6535 24 100 55
29242 6536 24 101 55
29243 6537 24 102 55
29245 6538 24 103 55
29246 6539 24 104 55
29247 6540 24 105 55
29249 6541 24 106 55
29250 6542 24 107 55
29252 6543 24 108 55
29254 6544 24 109 55
29255 6545 24 110 55
29256 6546 24 111 55
29257 6547 24 112 55
29258 6548 24 113 55
29259 6549 24 114 55
29260 6550 24 115 55
29263 6551 24 116 55
29266 6552 24 0 56
29267 6553 24 1 56
29270 6554 24 2 56
29272 6555 24 3 56
29273 6556 24 4 56
29274 6557 24 5 56
29275 6558 24 6 56
29277 6559 24 7 56
29278 6560 24 8 56
29279 6561 24 9 56
29280 6562 24 10 56
29281 6563 24 11 56
29282 6564 24 12 56
29283 6565 24 13 56
29287 6566 24 14 56
29289 6567 24 15 56
29290 6568 24 16 56
29292 6569 24 17 56
29294 6570 24 18 56
29295 6571 24 19 56
29296 6572 24 20 56
29298 6573 24 21 56
29299 6574 24 22 56
29300 6575 24 23 56
29302 6576 24 24 56
29303 6577 24 25 56
29304 6578 24 26 56
29305 6579 24 27 56
29307 6580 24 28 56
29308 6581 24 29 56
29309 6582 24 30 56
29310 6583 24 31 56
29311 6584 24 32 56
29312 6585 24 33 56
29313 6586 24 34 56
29316 6587 24 35 56
29317 6588 24 36 56
29318 6589 24 37 56
29320 6590 24 38 56
29321 6591 24 39 56
29323 6592 24 40 56
29324 6593 24 41 56
29325 6594 24 42 56
29326 6595 24 43 56
29328 6596 24 44 56
29329 6597 24 45 56
29330 6598 24 46 56
29331 6599 24 47 56
29333 6600 24 48 56
29334 6601 24 49 56
29335 6602 24 50 56
29336 6603 24 51 56
29338 6604 24 52 56
29339 6605 24 53 56
29341 6606 24 54 56
29342 6607 24 55 56
29345 6608 24 56 56
29346 6609 24 57 56
29347 6610 24 58 56
29348 6611 24 59 56
29349 6612 24 60 56
29350 6613 24 61 56
29351 6614 24 62 56
29352 6615 24 63 56
29353 6616 24 64 56
29354 6617 24 65 56
29356 6618 24 66 56
29358 6619 24 67 56
29359 6620 24 68 56
29360 6621 24 69 56
29364 6622 24 70 56
29365 6623 24 71 56
29370 6624 24 72 56
29373 6625 24 73 56
29375 6626 24 74 56
29376 6627 24 75 56
29377 6628 24 76 56
29378 6629 24 77 56
29379 6630 24 78 56
29380 6631 24 79 56
29381 6632 24 80 56
29382 6633 24 81 56
29385 6634 24 82 56
29386 6635 24 83 56
29387 6636 24 84 56
29388 6637 24 85 56
29390 6638 24 86 56
29392 6639 24 87 56
29393 6640 24 88 56
29394 6641 24 89 56
29396 6642 24 90 56
29398 6643 24 91 56
29399 6644 24 92 56
29400 6645 24 93 56
29401 6646 24 94 56
29402 6647 24 95 56
29404 6648 24 96 56
29407 6649 24 97 56
29408 6650 24 98 56
29409 6651 24 99 56
29411 6652 24 100 56
29412 6653 24 101 56
29414 6654 24 102 56
29416 6655 24 103 56
29417 6656 24 104 56
29418 6657 24 105 56
29419 6658 24 106 56
29427 6659 24 107 56
29428 6660 24 108 56
29430 6661 24 109 56
29431 6662 24 110 56
29432 6663 24 111 56
29433 6664 24 112 56
29434 6665 24 113 56
29435 6666 24 114 56
29436 6667 24 115 56
29437 6668 24 116 56
29438 6669 24 0 57
29439 6670 24 1 57
29440 6671 24 2 57
29441 6672 24 3 57
29447 6673 24 4 57
29448 6674 24 5 57
29450 6675 24 6 57
29451 6676 24 7 57
29452 6677 24 8 57
29455 6678 24 9 57
29457 6679 24 10 57
29458 6680 24 11 57
29459 6681 24 12 57
29462 6682 24 13 57
29463 6683 24 14 57
29464 6684 24 15 57
29465 6685 24 16 57
29467 6686 24 17 57
29468 6687 24 18 57
29469 6688 24 19 57
29470 6689 24 20 57
29474 6690 24 21 57
29475 6691 24 22 57
29477 6692 24 23 57
29478 6693 24 24 57
29479 6694 24 25 57
29481 6695 24 26 57
29485 6696 24 27 57
29488 6697 24 28 57
29489 6698 24 29 57
29490 6699 24 30 57
29491 6700 24 31 57
29492 6701 24 32 57
29493 6702 24 33 57
29494 6703 24 34 57
29495 6704 24 35 57
29498 6705 24 36 57
29499 6706 24 37 57
29500 6707 24 38 57
29502 6708 24 39 57
29503 6709 24 40 57
29504 6710 24 41 57
29506 6711 24 42 57
29507 6712 24 43 57
29508 6713 24 44 57
29509 6714 24 45 57
29513 6715 24 46 57
29514 6716 24 47 57
29516 6717 24 48 57
29517 6718 24 49 57
29518 6719 24 50 57
29520 6720 24 51 57
29521 6721 24 52 57
29522 6722 24 53 57
29527 6723 24 54 57
29528 6724 24 55 57
29529 6725 24 56 57
29530 6726 24 57 57
29531 6727 24 58 57
29533 6728 24 59 57
29534 6729 24 60 57
29535 6730 24 61 57
29536 6731 24 62 57
29537 6732 24 63 57
29538 6733 24 64 57
29541 6734 24 65 57
29542 6735 24 66 57
29543 6736 24 67 57
29544 6737 24 68 57
29545 6738 24 69 57
29546 6739 24 70 57
29547 6740 24 71 57
29548 6741 24 72 57
29550 6742 24 73 57
29551 6743 24 74 57
29552 6744 24 75 57
29554 6745 24 76 57
29555 6746 24 77 57
29557 6747 24 78 57
29558 6748 24 79 57
29559 6749 24 80 57
29560 6750 24 81 57
29562 6751 24 82 57
29563 6752 24 83 57
29564 6753 24 84 57
29565 6754 24 85 57
29566 6755 24 86 57
29567 6756 24 87 57
29568 6757 24 88 57
29569 6758 24 89 57
29570 6759 24 90 57
29571 6760 24 91 57
29572 6761 24 92 57
29573 6762 24 93 57
29574 6763 24 94 57
29575 6764 24 95 57
29576 6765 24 96 57
29577 6766 24 97 57
29578 6767 24 98 57
29579 6768 24 99 57
29582 6769 24 100 57
29586 6770 24 101 57
29587 6771 24 102 57
29588 6772 24 103 57
29589 6773 24 104 57
29590 6774 24 105 57
29591 6775 24 106 57
29597 6776 24 107 57
29599 6777 24 108 57
29600 6778 24 109 57
29601 6779 24 110 57
29602 6780 24 111 57
29604 6781 24 112 57
29605 6782 24 113 57
29606 6783 24 114 57
29608 6784 24 115 57
29609 6785 24 116 57
29611 6786 24 0 58
29612 6787 24 1 58
29613 6788 24 2 58
29618 6789 24 3 58
29619 6790 24 4 58
29620 6791 24 5 58
29621 6792 24 6 58
29622 6793 24 7 58
29623 6794 24 8 58
29624 6795 24 9 58
29625 6796 24 10 58
29627 6797 24 11 58
29628 6798 24 12 58
29630 6799 24 13 58
29631 6800 24 14 58
29632 6801 24 15 58
29634 6802 24 16 58
29635 6803 24 17 58
29637 6804 24 18 58
29638 6805 24 19 58
29639 6806 24 20 58
29640 6807 24 21 58
29642 6808 24 22 58
29643 6809 24 23 58
29644 6810 24 24 58
29645 6811 24 25 58
29650 6812 24 26 58
29651 6813 24 27 58
29652 6814 24 28 58
29654 6815 24 29 58
29655 6816 24 30 58
29656 6817 24 31 58
29657 6818 24 32 58
29658 6819 24 33 58
29659 6820 24 34 58
29660 6821 24 35 58
29661 6822 24 36 58
29662 6823 24 37 58
29664 6824 24 38 58
29667 6825 24 39 58
29669 6826 24 40 58
29671 6827 24 41 58
29672 6828 24 42 58
29673 6829 24 43 58
29674 6830 24 44 58
29675 6831 24 45 58
29677 6832 24 46 58
29678 6833 24 47 58
29684 6834 24 48 58
29685 6835 24 49 58
29686 6836 24 50 58
29688 6837 24 51 58
29690 6838 24 52 58
29692 6839 24 53 58
29693 6840 24 54 58
29694 6841 24 55 58
29695 6842 24 56 58
29696 6843 24 57 58
29697 6844 24 58 58
29699 6845 24 59 58
29700 6846 24 60 58
29701 6847 24 61 58
29702 6848 24 62 58
29703 6849 24 63 58
29704 6850 24 64 58
29705 6851 24 65 58
29706 6852 24 66 58
29707 6853 24 67 58
29708 6854 24 68 58
29709 6855 24 69 58
29718 6856 24 70 58
29722 6857 24 71 58
29723 6858 24 72 58
29725 6859 24 73 58
29728 6860 24 74 58
29729 6861 24 75 58
29730 6862 24 76 58
29731 6863 24 77 58
29732 6864 24 78 58
29733 6865 24 79 58
29734 6866 24 80 58
29736 6867 24 81 58
29737 6868 24 82 58
29738 6869 24 83 58
29739 6870 24 84 58
29740 6871 24 85 58
29741 6872 24 86 58
29742 6873 24 87 58
29743 6874 24 88 58
29744 6875 24 89 58
29745 6876 24 90 58
29746 6877 24 91 58
29747 6878 24 92 58
29748 6879 24 93 58
29749 6880 24 94 58
29750 6881 24 95 58
29754 6882 24 96 58
29759 6883 24 97 58
29760 6884 24 98 58
29761 6885 24 99 58
29762 6886 24 100 58
29764 6887 24 101 58
29766 6888 24 102 58
29770 6889 24 103 58
29771 6890 24 104 58
29773 6891 24 105 58
29774 6892 24 106 58
29775 6893 24 107 58
29776 6894 24 108 58
29777 6895 24 109 58
29778 6896 24 110 58
29780 6897 24 111 58
29781 6898 24 112 58
29783 6899 24 113 58
29785 6900 24 114 58
29786 6901 24 115 58
29787 6902 24 116 58
29788 6903 24 0 59
29790 6904 24 1 59
29791 6905 24 2 59
29794 6906 24 3 59
29795 6907 24 4 59
29796 6908 24 5 59
29799 6909 24 6 59
29801 6910 24 7 59
29802 6911 24 8 59
29805 6912 24 9 59
29806 6913 24 10 59
29807 6914 24 11 59
29808 6915 24 12 59
29809 6916 24 13 59
29810 6917 24 14 59
29811 6918 24 15 59
29813 6919 24 16 59
29817 6920 24 17 59
29820 6921 24 18 59
29821 6922 24 19 59
29822 6923 24 20 59
29823 6924 24 21 59
29824 6925 24 22 59
29825 6926 24 23 59
29827 6927 24 24 59
29829 6928 24 25 59
29830 6929 24 26 59
29831 6930 24 27 59
29832 6931 24 28 59
29833 6932 24 29 59
29834 6933 24 30 59
29835 6934 24 31 59
29840 6935 24 32 59
29842 6936 24 33 59
29844 6937 24 34 59
29845 6938 24 35 59
29847 6939 24 36 59
29848 6940 24 37 59
29850 6941 24 38 59
29852 6942 24 39 59
29854 6943 24 40 59
29855 6944 24 41 59
29856 6945 24 42 59
29857 6946 24 43 59
29859 6947 24 44 59
29861 6948 24 45 59
29862 6949 24 46 59
29863 6950 24 47 59
29864 6951 24 48 59
29865 6952 24 49 59
29866 6953 24 50 59
29867 6954 24 51 59
29869 6955 24 52 59
29871 6956 24 53 59
29872 6957 24 54 59
29873 6958 24 55 59
29874 6959 24 56 59
29877 6960 24 57 59
29878 6961 24 58 59
29879 6962 24 59 59
29880 6963 24 60 59
29882 6964 24 61 59
29883 6965 24 62 59
29885 6966 24 63 59
29886 6967 24 64 59
29887 6968 24 65 59
29888 6969 24 66 59
29889 6970 24 67 59
29890 6971 24 68 59
29891 6972 24 69 59
29893 6973 24 70 59
29898 6974 24 71 59
29899 6975 24 72 59
29903 6976 24 73 59
29908 6977 24 74 59
29909 6978 24 75 59
29910 6979 24 76 59
29911 6980 24 77 59
29912 6981 24 78 59
29913 6982 24 79 59
29914 6983 24 80 59
29915 6984 24 81 59
29916 6985 24 82 59
29917 6986 24 83 59
29918 6987 24 84 59
29919 6988 24 85 59
29920 6989 24 86 59
29921 6990 24 87 59
29922 6991 24 88 59
29923 6992 24 89 59
29924 6993 24 90 59
29925 6994 24 91 59
29926 6995 24 92 59
29928 6996 24 93 59
29929 6997 24 94 59
29932 6998 24 95 59
29934 6999 24 96 59
29940 7000 24 97 59
29941 7001 24 98 59
29942 7002 24 99 59
29943 7003 24 100 59
29947 7004 24 101 59
29949 7005 24 102 59
29950 7006 24 103 59
29951 7007 24 104 59
29952 7008 24 105 59
29954 7009 24 106 59
29955 7010 24 107 59
29956 7011 24 108 59
29959 7012 24 109 59
29960 7013 24 110 59
29963 7014 24 111 59
29964 7015 24 112 59
29965 7016 24 113 59
29967 7017 24 114 59
29968 7018 24 115 59
29969 7019 24 116 59
29970 7020 24 0 60
29971 7021 24 1 60
29972 7022 24 2 60
29973 7023 24 3 60
29974 7024 24 4 60
29975 7025 24 5 60
29976 7026 24 6 60
29978 7027 24 7 60
29980 7028 24 8 60
29981 7029 24 9 60
29983 7030 24 10 60
29985 7031 24 11 60
29986 7032 24 12 60
29989 7033 24 13 60
29990 7034 24 14 60
29992 7035 24 15 60
29993 7036 24 16 60
29994 7037 24 17 60
29995 7038 24 18 60
29996 7039 24 19 60
29997 7040 24 20 60
29998 7041 24 21 60
29999 7042 24 22 60
30000 7043 24 23 60
30001 7044 24 24 60
30002 7045 24 25 60
30003 7046 24 26 60
30007 7047 24 27 60
30008 7048 24 28 60
30009 7049 24 29 60
30010 7050 24 30 60
30013 7051 24 31 60
30014 7052 24 32 60
30015 7053 24 33 60
30016 7054 24 34 60
30023 7055 24 35 60
30024 7056 24 36 60
30027 7057 24 37 60
30028 7058 24 38 60
30030 7059 24 39 60
30031 7060 24 40 60
30036 7061 24 41 60
30041 7062 24 42 60
30042 7063 24 43 60
30043 7064 24 44 60
30044 7065 24 45 60
30045 7066 24 46 60
30047 7067 24 47 60
30050 7068 24 48 60
30051 7069 24 49 60
30052 7070 24 50 60
30053 7071 24 51 60
30054 7072 24 52 60
30058 7073 24 53 60
30059 7074 24 54 60
30060 7075 24 55 60
30063 7076 24 56 60
30064 7077 24 57 60
30070 7078 24 58 60
30071 7079 24 59 60
30072 7080 24 60 60
30073 7081 24 61 60
30077 7082 24 62 60
30078 7083 24 63 60
30079 7084 24 64 60
30080 7085 24 65 60
30084 7086 24 66 60
30086 7087 24 67 60
30087 7088 24 68 60
30090 7089 24 69 60
30091 7090 24 70 60
30092 7091 24 71 60
30095 7092 24 72 60
30096 7093 24 73 60
30097 7094 24 74 60
30100 7095 24 75 60
30101 7096 24 76 60
30104 7097 24 77 60
30105 7098 24 78 60
30106 7099 24 79 60
30109 7100 24 80 60
30114 7101 24 81 60
30115 7102 24 82 60
30116 7103 24 83 60
30117 7104 24 84 60
30119 7105 24 85 60
30122 7106 24 86 60
30123 7107 24 87 60
30128 7108 24 88 60
30130 7109 24 89 60
30131 7110 24 90 60
30133 7111 24 91 60
30134 7112 24 92 60
30136 7113 24 93 60
30137 7114 24 94 60
30138 7115 24 95 60
30139 7116 24 96 60
30140 7117 24 97 60
30141 7118 24 98 60
30142 7119 24 99 60
30143 7120 24 100 60
30144 7121 24 101 60
30145 7122 24 102 60
30146 7123 24 103 60
30148 7124 24 104 60
30149 7125 24 105 60
30151 7126 24 106 60
30154 7127 24 107 60
30155 7128 24 108 60
30156 7129 24 109 60
30157 7130 24 110 60
30158 7131 24 111 60
30159 7132 24 112 60
30160 7133 24 113 60
30161 7134 24 114 60
30162 7135 24 115 60
30164 7136 24 116 60
30165 7137 24 0 61
30167 7138 24 1 61
30168 7139 24 2 61
30169 7140 24 3 61
30170 7141 24 4 61
30171 7142 24 5 61
30173 7143 24 6 61
30174 7144 24 7 61
30175 7145 24 8 61
30176 7146 24 9 61
30177 7147 24 10 61
30178 7148 24 11 61
30179 7149 24 12 61
30180 7150 24 13 61
30182 7151 24 14 61
30183 7152 24 15 61
30189 7153 24 16 61
30191 7154 24 17 61
30192 7155 24 18 61
30193 7156 24 19 61
30194 7157 24 20 61
30195 7158 24 21 61
30196 7159 24 22 61
30197 7160 24 23 61
30198 7161 24 24 61
30199 7162 24 25 61
30200 7163 24 26 61
30201 7164 24 27 61
30202 7165 24 28 61
30203 7166 24 29 61
30204 7167 24 30 61
30205 7168 24 31 61
30206 7169 24 32 61
30207 7170 24 33 61
30208 7171 24 34 61
30209 7172 24 35 61
30211 7173 24 36 61
30216 7174 24 37 61
30217 7175 24 38 61
30218 7176 24 39 61
30219 7177 24 40 61
30220 7178 24 41 61
30221 7179 24 42 61
30223 7180 24 43 61
30224 7181 24 44 61
30225 7182 24 45 61
30227 7183 24 46 61
30228 7184 24 47 61
30229 7185 24 48 61
30230 7186 24 49 61
30233 7187 24 50 61
30234 7188 24 51 61
30235 7189 24 52 61
30236 7190 24 53 61
30237 7191 24 54 61
30238 7192 24 55 61
30239 7193 24 56 61
30240 7194 24 57 61
30241 7195 24 58 61
30242 7196 24 59 61
30243 7197 24 60 61
30244 7198 24 61 61
30245 7199 24 62 61
30246 7200 24 63 61
30247 7201 24 64 61
30248 7202 24 65 61
30249 7203 24 66 61
30253 7204 24 67 61
30255 7205 24 68 61
30256 7206 24 69 61
30257 7207 24 70 61
30258 7208 24 71 61
30259 7209 24 72 61
30260 7210 24 73 61
30261 7211 24 74 61
30264 7212 24 75 61
30266 7213 24 76 61
30268 7214 24 77 61
30269 7215 24 78 61
30274 7216 24 79 61
30275 7217 24 80 61
30278 7218 24 81 61
30279 7219 24 82 61
30280 7220 24 83 61
30281 7221 24 84 61
30284 7222 24 85 61
30288 7223 24 86 61
30290 7224 24 87 61
30291 7225 24 88 61
30294 7226 24 89 61
30295 7227 24 90 61
30296 7228 24 91 61
30297 7229 24 92 61
30298 7230 24 93 61
30300 7231 24 94 61
30303 7232 24 95 61
30304 7233 24 96 61
30305 7234 24 97 61
30306 7235 24 98 61
30308 7236 24 99 61
30309 7237 24 100 61
30313 7238 24 101 61
30314 7239 24 102 61
30316 7240 24 103 61
30317 7241 24 104 61
30318 7242 24 105 61
30320 7243 24 106 61
30321 7244 24 107 61
30322 7245 24 108 61
30325 7246 24 109 61
30328 7247 24 110 61
30329 7248 24 111 61
30331 7249 24 112 61
30332 7250 24 113 61
30333 7251 24 114 61
30334 7252 24 115 61
30335 7253 24 116 61
30337 7254 24 0 62
30338 7255 24 1 62
30340 7256 24 2 62
30342 7257 24 3 62
30343 7258 24 4 62
30344 7259 24 5 62
30345 7260 24 6 62
30346 7261 24 7 62
30347 7262 24 8 62
30350 7263 24 9 62
30351 7264 24 10 62
30354 7265 24 11 62
30355 7266 24 12 62
30357 7267 24 13 62
30358 7268 24 14 62
30361 7269 24 15 62
30362 7270 24 16 62
30363 7271 24 17 62
30364 7272 24 18 62
30365 7273 24 19 62
30366 7274 24 20 62
30372 7275 24 21 62
30374 7276 24 22 62
30378 7277 24 23 62
30379 7278 24 24 62
30381 7279 24 25 62
30382 7280 24 26 62
30383 7281 24 27 62
30384 7282 24 28 62
30388 7283 24 29 62
30389 7284 24 30 62
30392 7285 24 31 62
30394 7286 24 32 62
30395 7287 24 33 62
30397 7288 24 34 62
30398 7289 24 35 62
30399 7290 24 36 62
30402 7291 24 37 62
30403 7292 24 38 62
30404 7293 24 39 62
30405 7294 24 40 62
30406 7295 24 41 62
30408 7296 24 42 62
30409 7297 24 43 62
30410 7298 24 44 62
30413 7299 24 45 62
30414 7300 24 46 62
30418 7301 24 47 62
30419 7302 24 48 62
30420 7303 24 49 62
30426 7304 24 50 62
30427 7305 24 51 62
30428 7306 24 52 62
30429 7307 24 53 62
30430 7308 24 54 62
30431 7309 24 55 62
30433 7310 24 56 62
30435 7311 24 57 62
30436 7312 24 58 62
30437 7313 24 59 62
30438 7314 24 60 62
30439 7315 24 61 62
30441 7316 24 62 62
30442 7317 24 63 62
30444 7318 24 64 62
30445 7319 24 65 62
30446 7320 24 66 62
30447 7321 24 67 62
30448 7322 24 68 62
30449 7323 24 69 62
30450 7324 24 70 62
30451 7325 24 71 62
30452 7326 24 72 62
30453 7327 24 73 62
30455 7328 24 74 62
30456 7329 24 75 62
30457 7330 24 76 62
30458 7331 24 77 62
30459 7332 24 78 62
30460 7333 24 79 62
30462 7334 24 80 62
30465 7335 24 81 62
30467 7336 24 82 62
30468 7337 24 83 62
30469 7338 24 84 62
30471 7339 24 85 62
30472 7340 24 86 62
30473 7341 24 87 62
30474 7342 24 88 62
30475 7343 24 89 62
30480 7344 24 90 62
30481 7345 24 91 62
30482 7346 24 92 62
30483 7347 24 93 62
30485 7348 24 94 62
30489 7349 24 95 62
30490 7350 24 96 62
30491 7351 24 97 62
30493 7352 24 98 62
30495 7353 24 99 62
30496 7354 24 100 62
30498 7355 24 101 62
30499 7356 24 102 62
30501 7357 24 103 62
30503 7358 24 104 62
30504 7359 24 105 62
30505 7360 24 106 62
30509 7361 24 107 62
30511 7362 24 108 62
30513 7363 24 109 62
30514 7364 24 110 62
30515 7365 24 111 62
30516 7366 24 112 62
30517 7367 24 113 62
30518 7368 24 114 62
30519 7369 24 115 62
30520 7370 24 116 62
30521 7371 24 0 63
30522 7372 24 1 63
30523 7373 24 2 63
30524 7374 24 3 63
30525 7375 24 4 63
30526 7376 24 5 63
30532 7377 24 6 63
30533 7378 24 7 63
30534 7379 24 8 63
30535 7380 24 9 63
30538 7381 24 10 63
30539 7382 24 11 63
30540 7383 24 12 63
30541 7384 24 13 63
30542 7385 24 14 63
30543 7386 24 15 63
30546 7387 24 16 63
30548 7388 24 17 63
30549 7389 24 18 63
30550 7390 24 19 63
30553 7391 24 20 63
30554 7392 24 21 63
30555 7393 24 22 63
30556 7394 24 23 63
30558 7395 24 24 63
30559 7396 24 25 63
30560 7397 24 26 63
30561 7398 24 27 63
30562 7399 24 28 63
30563 7400 24 29 63
30565 7401 24 30 63
30566 7402 24 31 63
30567 7403 24 32 63
30568 7404 24 33 63
30569 7405 24 34 63
30570 7406 24 35 63
30571 7407 24 36 63
30572 7408 24 37 63
30573 7409 24 38 63
30574 7410 24 39 63
30575 7411 24 40 63
30585 7412 24 41 63
30588 7413 24 42 63
30589 7414 24 43 63
30590 7415 24 44 63
30591 7416 24 45 63
30592 7417 24 46 63
30593 7418 24 47 63
30594 7419 24 48 63
30595 7420 24 49 63
30596 7421 24 50 63
30597 7422 24 51 63
30599 7423 24 52 63
30600 7424 24 53 63
30601 7425 24 54 63
30603 7426 24 55 63
30604 7427 24 56 63
30605 7428 24 57 63
30606 7429 24 58 63
30607 7430 24 59 63
30609 7431 24 60 63
30613 7432 24 61 63
30615 7433 24 62 63
30617 7434 24 63 63
30618 7435 24 64 63
30619 7436 24 65 63
30620 7437 24 66 63
30621 7438 24 67 63
30622 7439 24 68 63
30623 7440 24 69 63
30624 7441 24 70 63
30625 7442 24 71 63
30626 7443 24 72 63
30627 7444 24 73 63
30629 7445 24 74 63
30631 7446 24 75 63
30632 7447 24 76 63
30634 7448 24 77 63
30635 7449 24 78 63
30636 7450 24 79 63
30637 7451 24 80 63
30640 7452 24 81 63
30641 7453 24 82 63
30642 7454 24 83 63
30643 7455 24 84 63
30644 7456 24 85 63
30645 7457 24 86 63
30646 7458 24 87 63
30647 7459 24 88 63
30650 7460 24 89 63
30651 7461 24 90 63
30652 7462 24 91 63
30653 7463 24 92 63
30655 7464 24 93 63
30658 7465 24 94 63
30660 7466 24 95 63
30663 7467 24 96 63
30665 7468 24 97 63
30666 7469 24 98 63
30668 7470 24 99 63
30669 7471 24 100 63
30670 7472 24 101 63
30671 7473 24 102 63
30672 7474 24 103 63
30675 7475 24 104 63
30676 7476 24 105 63
30677 7477 24 106 63
30679 7478 24 107 63
30680 7479 24 108 63
30681 7480 24 109 63
30682 7481 24 110 63
30683 7482 24 111 63
30684 7483 24 112 63
30686 7484 24 113 63
30688 7485 24 114 63
30690 7486 24 115 63
30691 7487 24 116 63
30693 7488 24 0 64
30695 7489 24 1 64
30696 7490 24 2 64
30697 7491 24 3 64
30700 7492 24 4 64
30701 7493 24 5 64
30702 7494 24 6 64
30703 7495 24 7 64
30704 7496 24 8 64
30705 7497 24 9 64
30706 7498 24 10 64
30707 7499 24 11 64
30711 7500 24 12 64
30712 7501 24 13 64
30713 7502 24 14 64
30714 7503 24 15 64
30715 7504 24 16 64
30716 7505 24 17 64
30717 7506 24 18 64
30722 7507 24 19 64
30723 7508 24 20 64
30725 7509 24 21 64
30726 7510 24 22 64
30729 7511 24 23 64
30732 7512 24 24 64
30733 7513 24 25 64
30734 7514 24 26 64
30735 7515 24 27 64
30736 7516 24 28 64
30737 7517 24 29 64
30738 7518 24 30 64
30739 7519 24 31 64
30740 7520 24 32 64
30749 7521 24 33 64
30751 7522 24 34 64
30752 7523 24 35 64
30753 7524 24 36 64
30754 7525 24 37 64
30755 7526 24 38 64
30757 7527 24 39 64
30758 7528 24 40 64
30759 7529 24 41 64
30760 7530 24 42 64
30761 7531 24 43 64
30762 7532 24 44 64
30763 7533 24 45 64
30764 7534 24 46 64
30765 7535 24 47 64
30766 7536 24 48 64
30767 7537 24 49 64
30768 7538 24 50 64
30769 7539 24 51 64
30770 7540 24 52 64
30771 7541 24 53 64
30772 7542 24 54 64
30773 7543 24 55 64
30775 7544 24 56 64
30776 7545 24 57 64
30787 7546 24 58 64
30789 7547 24 59 64
30792 7548 24 60 64
30793 7549 24 61 64
30794 7550 24 62 64
30796 7551 24 63 64
30797 7552 24 64 64
30798 7553 24 65 64
30800 7554 24 66 64
30802 7555 24 67 64
30812 7556 24 68 64
30813 7557 24 69 64
30814 7558 24 70 64
30816 7559 24 71 64
30818 7560 24 72 64
30820 7561 24 73 64
30821 7562 24 74 64
30824 7563 24 75 64
30825 7564 24 76 64
30826 7565 24 77 64
30827 7566 24 78 64
30828 7567 24 79 64
30829 7568 24 80 64
30830 7569 24 81 64
30831 7570 24 82 64
30832 7571 24 83 64
30833 7572 24 84 64
30841 7573 24 85 64
30843 7574 24 86 64
30844 7575 24 87 64
30846 7576 24 88 64
30847 7577 24 89 64
30848 7578 24 90 64
30851 7579 24 91 64
30852 7580 24 92 64
30853 7581 24 93 64
30854 7582 24 94 64
30855 7583 24 95 64
30857 7584 24 96 64
30860 7585 24 97 64
30862 7586 24 98 64
30863 7587 24 99 64
30865 7588 24 100 64
30867 7589 24 101 64
30868 7590 24 102 64
30869 7591 24 103 64
30870 7592 24 104 64
30871 7593 24 105 64
30872 7594 24 106 64
30873 7595 24 107 64
30874 7596 24 108 64
30878 7597 24 109 64
30879 7598 24 110 64
30880 7599 24 111 64
30881 7600 24 112 64
30882 7601 24 113 64
30883 7602 24 114 64
30884 7603 24 115 64
30885 7604 24 116 64
30887 7605 24 0 65
30888 7606 24 1 65
30889 7607 24 2 65
30890 7608 24 3 65
30891 7609 24 4 65
30892 7610 24 5 65
30893 7611 24 6 65
30896 7612 24 7 65
30898 7613 24 8 65
30899 7614 24 9 65
30900 7615 24 10 65
30906 7616 24 11 65
30907 7617 24 12 65
30908 7618 24 13 65
30910 7619 24 14 65
30913 7620 24 15 65
30915 7621 24 16 65
30916 7622 24 17 65
30917 7623 24 18 65
30920 7624 24 19 65
30921 7625 24 20 65
30922 7626 24 21 65
30923 7627 24 22 65
30924 7628 24 23 65
30925 7629 24 24 65
30926 7630 24 25 65
30927 7631 24 26 65
30928 7632 24 27 65
30929 7633 24 28 65
30932 7634 24 29 65
30933 7635 24 30 65
30938 7636 24 31 65
30939 7637 24 32 65
30941 7638 24 33 65
30942 7639 24 34 65
30943 7640 24 35 65
30944 7641 24 36 65
30945 7642 24 37 65
30946 7643 24 38 65
30947 7644 24 39 65
30949 7645 24 40 65
30951 7646 24 41 65
30952 7647 24 42 65
30953 7648 24 43 65
30954 7649 24 44 65
30956 7650 24 45 65
30957 7651 24 46 65
30959 7652 24 47 65
30962 7653 24 48 65
30963 7654 24 49 65
30964 7655 24 50 65
30967 7656 24 51 65
30969 7657 24 52 65
30970 7658 24 53 65
30971 7659 24 54 65
30972 7660 24 55 65
30973 7661 24 56 65
30974 7662 24 57 65
30975 7663 24 58 65
30977 7664 24 59 65
30978 7665 24 60 65
30980 7666 24 61 65
30981 7667 24 62 65
30985 7668 24 63 65
30988 7669 24 64 65
30990 7670 24 65 65
30992 7671 24 66 65
30993 7672 24 67 65
30994 7673 24 68 65
30995 7674 24 69 65
30996 7675 24 70 65
30999 7676 24 71 65
31001 7677 24 72 65
31003 7678 24 73 65
31004 7679 24 74 65
31005 7680 24 75 65
31006 7681 24 76 65
31009 7682 24 77 65
31011 7683 24 78 65
31012 7684 24 79 65
31013 7685 24 80 65
31014 7686 24 81 65
31015 7687 24 82 65
31016 7688 24 83 65
31017 7689 24 84 65
31018 7690 24 85 65
31019 7691 24 86 65
31020 7692 24 87 65
31021 7693 24 88 65
31023 7694 24 89 65
31025 7695 24 90 65
31029 7696 24 91 65
31032 7697 24 92 65
31033 7698 24 93 65
31034 7699 24 94 65
31037 7700 24 95 65
31038 7701 24 96 65
31039 7702 24 97 65
31040 7703 24 98 65
31041 7704 24 99 65
31042 7705 24 100 65
31044 7706 24 101 65
31045 7707 24 102 65
31046 7708 24 103 65
31047 7709 24 104 65
31048 7710 24 105 65
31049 7711 24 106 65
31050 7712 24 107 65
31051 7713 24 108 65
31052 7714 24 109 65
31055 7715 24 110 65
31056 7716 24 111 65
31057 7717 24 112 65
31058 7718 24 113 65
31059 7719 24 114 65
31060 7720 24 115 65
31061 7721 24 116 65
31062 7722 24 0 66
31063 7723 24 1 66
31066 7724 24 2 66
31067 7725 24 3 66
31068 7726 24 4 66
31069 7727 24 5 66
31070 7728 24 6 66
31071 7729 24 7 66
31072 7730 24 8 66
31073 7731 24 9 66
31075 7732 24 10 66
31076 7733 24 11 66
31077 7734 24 12 66
31079 7735 24 13 66
31080 7736 24 14 66
31081 7737 24 15 66
31082 7738 24 16 66
31083 7739 24 17 66
31085 7740 24 18 66
31088 7741 24 19 66
31090 7742 24 20 66
31091 7743 24 21 66
31092 7744 24 22 66
31097 7745 24 23 66
31098 7746 24 24 66
31100 7747 24 25 66
31101 7748 24 26 66
31103 7749 24 27 66
31105 7750 24 28 66
31106 7751 24 29 66
31112 7752 24 30 66
31114 7753 24 31 66
31115 7754 24 32 66
31117 7755 24 33 66
31118 7756 24 34 66
31119 7757 24 35 66
31120 7758 24 36 66
31122 7759 24 37 66
31123 7760 24 38 66
31124 7761 24 39 66
31125 7762 24 40 66
31126 7763 24 41 66
31127 7764 24 42 66
31128 7765 24 43 66
31130 7766 24 44 66
31131 7767 24 45 66
31132 7768 24 46 66
31136 7769 24 47 66
31137 7770 24 48 66
31138 7771 24 49 66
31140 7772 24 50 66
31142 7773 24 51 66
31143 7774 24 52 66
31144 7775 24 53 66
31146 7776 24 54 66
31147 7777 24 55 66
31148 7778 24 56 66
31149 7779 24 57 66
31150 7780 24 58 66
31152 7781 24 59 66
31153 7782 24 60 66
31154 7783 24 61 66
31155 7784 24 62 66
31156 7785 24 63 66
31158 7786 24 64 66
31159 7787 24 65 66
31160 7788 24 66 66
31161 7789 24 67 66
31162 7790 24 68 66
31163 7791 24 69 66
31165 7792 24 70 66
31166 7793 24 71 66
31167 7794 24 72 66
31168 7795 24 73 66
31169 7796 24 74 66
31173 7797 24 75 66
31176 7798 24 76 66
31177 7799 24 77 66
31179 7800 24 78 66
31181 7801 24 79 66
31182 7802 24 80 66
31183 7803 24 81 66
31185 7804 24 82 66
31186 7805 24 83 66
31189 7806 24 84 66
31190 7807 24 85 66
31192 7808 24 86 66
31196 7809 24 87 66
31197 7810 24 88 66
31198 7811 24 89 66
31199 7812 24 90 66
31200 7813 24 91 66
31203 7814 24 92 66
31204 7815 24 93 66
31206 7816 24 94 66
31207 7817 24 95 66
31209 7818 24 96 66
31210 7819 24 97 66
31211 7820 24 98 66
31212 7821 24 99 66
31213 7822 24 100 66
31214 7823 24 101 66
31222 7824 24 102 66
31223 7825 24 103 66
31224 7826 24 104 66
31226 7827 24 105 66
31227 7828 24 106 66
31232 7829 24 107 66
31234 7830 24 108 66
31235 7831 24 109 66
31236 7832 24 110 66
31237 7833 24 111 66
31240 7834 24 112 66
31242 7835 24 113 66
31243 7836 24 114 66
31244 7837 24 115 66
31245 7838 24 116 66
31248 7839 24 0 67
31249 7840 24 1 67
31250 7841 24 2 67
31251 7842 24 3 67
31252 7843 24 4 67
31253 7844 24 5 67
31255 7845 24 6 67
31256 7846 24 7 67
31257 7847 24 8 67
31258 7848 24 9 67
31259 7849 24 10 67
31260 7850 24 11 67
31262 7851 24 12 67
31263 7852 24 13 67
31264 7853 24 14 67
31266 7854 24 15 67
31270 7855 24 16 67
31272 7856 24 17 67
31275 7857 24 18 67
31278 7858 24 19 67
31279 7859 24 20 67
31280 7860 24 21 67
31281 7861 24 22 67
31287 7862 24 23 67
31289 7863 24 24 67
31291 7864 24 25 67
31292 7865 24 26 67
31293 7866 24 27 67
31295 7867 24 28 67
31296 7868 24 29 67
31300 7869 24 30 67
31302 7870 24 31 67
31303 7871 24 32 67
31304 7872 24 33 67
31306 7873 24 34 67
31307 7874 24 35 67
31308 7875 24 36 67
31309 7876 24 37 67
31310 7877 24 38 67
31316 7878 24 39 67
31318 7879 24 40 67
31319 7880 24 41 67
31320 7881 24 42 67
31322 7882 24 43 67
31323 7883 24 44 67
31324 7884 24 45 67
31327 7885 24 46 67
31328 7886 24 47 67
31329 7887 24 48 67
31330 7888 24 49 67
31335 7889 24 50 67
31336 7890 24 51 67
31337 7891 24 52 67
31339 7892 24 53 67
31340 7893 24 54 67
31341 7894 24 55 67
31342 7895 24 56 67
31344 7896 24 57 67
31345 7897 24 58 67
31348 7898 24 59 67
31349 7899 24 60 67
31350 7900 24 61 67
31352 7901 24 62 67
31353 7902 24 63 67
31354 7903 24 64 67
31355 7904 24 65 67
31358 7905 24 66 67
31359 7906 24 67 67
31360 7907 24 68 67
31361 7908 24 69 67
31364 7909 24 70 67
31365 7910 24 71 67
31366 7911 24 72 67
31367 7912 24 73 67
31368 7913 24 74 67
31369 7914 24 75 67
31370 7915 24 76 67
31371 7916 24 77 67
31372 7917 24 78 67
31375 7918 24 79 67
31376 7919 24 80 67
31378 7920 24 81 67
31380 7921 24 82 67
31381 7922 24 83 67
31382 7923 24 84 67
31383 7924 24 85 67
31384 7925 24 86 67
31385 7926 24 87 67
31390 7927 24 88 67
31391 7928 24 89 67
31392 7929 24 90 67
31394 7930 24 91 67
31395 7931 24 92 67
31400 7932 24 93 67
31401 7933 24 94 67
31402 7934 24 95 67
31403 7935 24 96 67
31404 7936 24 97 67
31406 7937 24 98 67
31407 7938 24 99 67
31409 7939 24 100 67
31410 7940 24 101 67
31411 7941 24 102 67
31412 7942 24 103 67
31413 7943 24 104 67
31414 7944 24 105 67
31415 7945 24 106 67
31416 7946 24 107 67
31418 7947 24 108 67
31422 7948 24 109 67
31423 7949 24 110 67
31424 7950 24 111 67
31425 7951 24 112 67
31428 7952 24 113 67
31429 7953 24 114 67
31431 7954 24 115 67
31434 7955 24 116 67
31435 7956 24 0 68
31441 7957 24 1 68
31448 7958 24 2 68
31449 7959 24 3 68
31455 7960 24 4 68
31456 7961 24 5 68
31459 7962 24 6 68
31460 7963 24 7 68
31461 7964 24 8 68
31462 7965 24 9 68
31467 7966 24 10 68
31469 7967 24 11 68
31470 7968 24 12 68
31471 7969 24 13 68
31478 7970 24 14 68
31479 7971 24 15 68
31481 7972 24 16 68
31482 7973 24 17 68
31483 7974 24 18 68
31485 7975 24 19 68
31487 7976 24 20 68
31488 7977 24 21 68
31489 7978 24 22 68
31492 7979 24 23 68
31493 7980 24 24 68
31494 7981 24 25 68
31496 7982 24 26 68
31497 7983 24 27 68
31498 7984 24 28 68
31502 7985 24 29 68
31503 7986 24 30 68
31504 7987 24 31 68
31505 7988 24 32 68
31506 7989 24 33 68
31507 7990 24 34 68
31512 7991 24 35 68
31513 7992 24 36 68
31514 7993 24 37 68
31515 7994 24 38 68
31517 7995 24 39 68
31518 7996 24 40 68
31520 7997 24 41 68
31522 7998 24 42 68
31523 7999 24 43 68
31524 8000 24 44 68
31525 8001 24 45 68
31526 8002 24 46 68
31528 8003 24 47 68
31530 8004 24 48 68
31531 8005 24 49 68
31532 8006 24 50 68
31533 8007 24 51 68
31534 8008 24 52 68
31535 8009 24 53 68
31536 8010 24 54 68
31537 8011 24 55 68
31538 8012 24 56 68
31539 8013 24 57 68
31540 8014 24 58 68
31541 8015 24 59 68
31544 8016 24 60 68
31547 8017 24 61 68
31552 8018 24 62 68
31556 8019 24 63 68
31557 8020 24 64 68
31558 8021 24 65 68
31559 8022 24 66 68
31560 8023 24 67 68
31561 8024 24 68 68
31562 8025 24 69 68
31563 8026 24 70 68
31564 8027 24 71 68
31565 8028 24 72 68
31566 8029 24 73 68
31567 8030 24 74 68
31568 8031 24 75 68
31569 8032 24 76 68
31570 8033 24 77 68
31572 8034 24 78 68
31574 8035 24 79 68
31576 8036 24 80 68
31584 8037 24 81 68
31585 8038 24 82 68
31587 8039 24 83 68
31588 8040 24 84 68
31589 8041 24 85 68
31590 8042 24 86 68
31591 8043 24 87 68
31593 8044 24 88 68
31597 8045 24 89 68
31598 8046 24 90 68
31600 8047 24 91 68
31601 8048 24 92 68
31602 8049 24 93 68
31603 8050 24 94 68
31604 8051 24 95 68
31605 8052 24 96 68
31606 8053 24 97 68
31607 8054 24 98 68
31608 8055 24 99 68
31618 8056 24 100 68
31620 8057 24 101 68
31621 8058 24 102 68
31623 8059 24 103 68
31624 8060 24 104 68
31626 8061 24 105 68
31627 8062 24 106 68
31628 8063 24 107 68
31629 8064 24 108 68
31630 8065 24 109 68
31631 8066 24 110 68
31632 8067 24 111 68
31633 8068 24 112 68
31636 8069 24 113 68
31637 8070 24 114 68
31638 8071 24 115 68
31639 8072 24 116 68
31640 8073 24 0 69
31641 8074 24 1 69
31643 8075 24 2 69
31644 8076 24 3 69
31645 8077 24 4 69
31648 8078 24 5 69
31649 8079 24 6 69
31652 8080 24 7 69
31660 8081 24 8 69
31661 8082 24 9 69
31663 8083 24 10 69
31665 8084 24 11 69
31668 8085 24 12 69
31669 8086 24 13 69
31671 8087 24 14 69
31672 8088 24 15 69
31673 8089 24 16 69
31678 8090 24 17 69
31680 8091 24 18 69
31681 8092 24 19 69
31684 8093 24 20 69
31686 8094 24 21 69
31687 8095 24 22 69
31689 8096 24 23 69
31690 8097 24 24 69
31691 8098 24 25 69
31692 8099 24 26 69
31694 8100 24 27 69
31700 8101 24 28 69
31701 8102 24 29 69
31704 8103 24 30 69
31705 8104 24 31 69
31706 8105 24 32 69
31707 8106 24 33 69
31708 8107 24 34 69
31709 8108 24 35 69
31710 8109 24 36 69
31711 8110 24 37 69
31712 8111 24 38 69
31713 8112 24 39 69
31714 8113 24 40 69
31715 8114 24 41 69
31716 8115 24 42 69
31717 8116 24 43 69
31718 8117 24 44 69
31719 8118 24 45 69
31720 8119 24 46 69
31721 8120 24 47 69
31722 8121 24 48 69
31723 8122 24 49 69
31728 8123 24 50 69
31729 8124 24 51 69
31730 8125 24 52 69
31731 8126 24 53 69
31732 8127 24 54 69
31735 8128 24 55 69
31736 8129 24 56 69
31737 8130 24 57 69
31739 8131 24 58 69
31741 8132 24 59 69
31742 8133 24 60 69
31743 8134 24 61 69
31744 8135 24 62 69
31745 8136 24 63 69
31746 8137 24 64 69
31747 8138 24 65 69
31749 8139 24 66 69
31750 8140 24 67 69
31751 8141 24 68 69
31753 8142 24 69 69
31754 8143 24 70 69
31755 8144 24 71 69
31756 8145 24 72 69
31757 8146 24 73 69
31758 8147 24 74 69
31759 8148 24 75 69
31760 8149 24 76 69
31761 8150 24 77 69
31769 8151 24 78 69
31772 8152 24 79 69
31773 8153 24 80 69
31774 8154 24 81 69
31775 8155 24 82 69
31776 8156 24 83 69
31777 8157 24 84 69
31778 8158 24 85 69
31779 8159 24 86 69
31781 8160 24 87 69
31782 8161 24 88 69
31783 8162 24 89 69
31784 8163 24 90 69
31785 8164 24 91 69
31786 8165 24 92 69
31787 8166 24 93 69
31788 8167 24 94 69
31789 8168 24 95 69
31792 8169 24 96 69
31795 8170 24 97 69
31799 8171 24 98 69
31800 8172 24 99 69
31801 8173 24 100 69
31803 8174 24 101 69
31804 8175 24 102 69
31805 8176 24 103 69
31806 8177 24 104 69
31807 8178 24 105 69
31808 8179 24 106 69
31811 8180 24 107 69
31813 8181 24 108 69
31815 8182 24 109 69
31816 8183 24 110 69
31817 8184 24 111 69
31818 8185 24 112 69
31820 8186 24 113 69
31821 8187 24 114 69
31824 8188 24 115 69
31827 8189 24 116 69
31828 8190 24 0 70
31831 8191 24 1 70
31833 8192 24 2 70
31834 8193 24 3 70
31835 8194 24 4 70
31836 8195 24 5 70
31839 8196 24 6 70
31840 8197 24 7 70
31843 8198 24 8 70
31844 8199 24 9 70
31845 8200 24 10 70
31846 8201 24 11 70
31847 8202 24 12 70
31849 8203 24 13 70
31850 8204 24 14 70
31851 8205 24 15 70
31852 8206 24 16 70
31854 8207 24 17 70
31855 8208 24 18 70
31858 8209 24 19 70
31859 8210 24 20 70
31861 8211 24 21 70
31864 8212 24 22 70
31865 8213 24 23 70
31866 8214 24 24 70
31869 8215 24 25 70
31871 8216 24 26 70
31872 8217 24 27 70
31873 8218 24 28 70
31876 8219 24 29 70
31877 8220 24 30 70
31880 8221 24 31 70
31881 8222 24 32 70
31882 8223 24 33 70
31884 8224 24 34 70
31885 8225 24 35 70
31889 8226 24 36 70
31890 8227 24 37 70
31892 8228 24 38 70
31893 8229 24 39 70
31894 8230 24 40 70
31895 8231 24 41 70
31896 8232 24 42 70
31902 8233 24 43 70
31903 8234 24 44 70
31905 8235 24 45 70
31906 8236 24 46 70
31907 8237 24 47 70
31909 8238 24 48 70
31912 8239 24 49 70
31919 8240 24 50 70
31921 8241 24 51 70
31922 8242 24 52 70
31923 8243 24 53 70
31924 8244 24 54 70
31925 8245 24 55 70
31929 8246 24 56 70
31930 8247 24 57 70
31931 8248 24 58 70
31932 8249 24 59 70
31933 8250 24 60 70
31934 8251 24 61 70
31935 8252 24 62 70
31941 8253 24 63 70
31944 8254 24 64 70
31946 8255 24 65 70
31947 8256 24 66 70
31948 8257 24 67 70
31950 8258 24 68 70
31952 8259 24 69 70
31953 8260 24 70 70
31954 8261 24 71 70
31956 8262 24 72 70
31957 8263 24 73 70
31958 8264 24 74 70
31959 8265 24 75 70
31961 8266 24 76 70
31964 8267 24 77 70
31965 8268 24 78 70
31966 8269 24 79 70
31967 8270 24 80 70
31968 8271 24 81 70
31970 8272 24 82 70
31975 8273 24 83 70
31976 8274 24 84 70
31978 8275 24 85 70
31980 8276 24 86 70
31982 8277 24 87 70
31983 8278 24 88 70
31984 8279 24 89 70
31985 8280 24 90 70
31986 8281 24 91 70
31988 8282 24 92 70
31990 8283 24 93 70
31991 8284 24 94 70
31992 8285 24 95 70
31995 8286 24 96 70
31997 8287 24 97 70
31998 8288 24 98 70
32000 8289 24 99 70
32001 8290 24 100 70
32002 8291 24 101 70
32003 8292 24 102 70
32004 8293 24 103 70
32005 8294 24 104 70
32006 8295 24 105 70
32007 8296 24 106 70
32008 8297 24 107 70
32009 8298 24 108 70
32010 8299 24 109 70
32011 8300 24 110 70
32012 8301 24 111 70
32013 8302 24 112 70
32014 8303 24 113 70
32015 8304 24 114 70
32016 8305 24 115 70
32017 8306 24 116 70
32018 8307 24 0 71
32019 8308 24 1 71
32020 8309 24 2 71
32021 8310 24 3 71
32022 8311 24 4 71
32023 8312 24 5 71
32024 8313 24 6 71
32025 8314 24 7 71
32026 8315 24 8 71
32027 8316 24 9 71
32028 8317 24 10 71
32029 8318 24 11 71
32030 8319 24 12 71
32031 8320 24 13 71
32032 8321 24 14 71
32033 8322 24 15 71
32034 8323 24 16 71
32040 8324 24 17 71
32041 8325 24 18 71
32043 8326 24 19 71
32044 8327 24 20 71
32046 8328 24 21 71
32047 8329 24 22 71
32048 8330 24 23 71
32049 8331 24 24 71
32050 8332 24 25 71
32051 8333 24 26 71
32053 8334 24 27 71
32054 8335 24 28 71
32056 8336 24 29 71
32057 8337 24 30 71
32058 8338 24 31 71
32059 8339 24 32 71
32060 8340 24 33 71
32061 8341 24 34 71
32062 8342 24 35 71
32063 8343 24 36 71
32064 8344 24 37 71
32065 8345 24 38 71
32066 8346 24 39 71
32067 8347 24 40 71
32068 8348 24 41 71
32069 8349 24 42 71
32070 8350 24 43 71
32071 8351 24 44 71
32074 8352 24 45 71
32078 8353 24 46 71
32079 8354 24 47 71
32080 8355 24 48 71
32081 8356 24 49 71
32082 8357 24 50 71
32083 8358 24 51 71
32084 8359 24 52 71
32085 8360 24 53 71
32086 8361 24 54 71
32088 8362 24 55 71
32091 8363 24 56 71
32092 8364 24 57 71
32094 8365 24 58 71
32095 8366 24 59 71
32097 8367 24 60 71
32098 8368 24 61 71
32099 8369 24 62 71
32102 8370 24 63 71
32103 8371 24 64 71
32104 8372 24 65 71
32105 8373 24 66 71
32106 8374 24 67 71
32107 8375 24 68 71
32109 8376 24 69 71
32110 8377 24 70 71
32111 8378 24 71 71
32112 8379 24 72 71
32113 8380 24 73 71
32114 8381 24 74 71
32115 8382 24 75 71
32121 8383 24 76 71
32122 8384 24 77 71
32123 8385 24 78 71
32124 8386 24 79 71
32125 8387 24 80 71
32127 8388 24 81 71
32128 8389 24 82 71
32129 8390 24 83 71
32131 8391 24 84 71
32132 8392 24 85 71
32133 8393 24 86 71
32134 8394 24 87 71
32136 8395 24 88 71
32140 8396 24 89 71
32141 8397 24 90 71
32142 8398 24 91 71
32143 8399 24 92 71
32145 8400 24 93 71
32146 8401 24 94 71
32147 8402 24 95 71
32148 8403 24 96 71
32150 8404 24 97 71
32156 8405 24 98 71
32157 8406 24 99 71
32158 8407 24 100 71
32159 8408 24 101 71
32160 8409 24 102 71
32161 8410 24 103 71
32162 8411 24 104 71
32163 8412 24 105 71
32166 8413 24 106 71
32167 8414 24 107 71
32169 8415 24 108 71
32170 8416 24 109 71
32172 8417 24 110 71
32173 8418 24 111 71
32174 8419 24 112 71
32175 8420 24 113 71
32176 8421 24 114 71
32177 8422 24 115 71
32178 8423 24 116 71
32180 8424 24 0 72
32181 8425 24 1 72
32183 8426 24 2 72
32184 8427 24 3 72
32185 8428 24 4 72
32186 8429 24 5 72
32187 8430 24 6 72
32188 8431 24 7 72
32189 8432 24 8 72
32190 8433 24 9 72
32191 8434 24 10 72
32192 8435 24 11 72
32193 8436 24 12 72
32194 8437 24 13 72
32196 8438 24 14 72
32197 8439 24 15 72
32198 8440 24 16 72
32199 8441 24 17 72
32201 8442 24 18 72
32202 8443 24 19 72
32203 8444 24 20 72
32204 8445 24 21 72
32206 8446 24 22 72
32210 8447 24 23 72
32215 8448 24 24 72
32216 8449 24 25 72
32217 8450 24 26 72
32218 8451 24 27 72
32219 8452 24 28 72
32221 8453 24 29 72
32222 8454 24 30 72
32223 8455 24 31 72
32224 8456 24 32 72
32225 8457 24 33 72
32227 8458 24 34 72
32230 8459 24 35 72
32231 8460 24 36 72
32232 8461 24 37 72
32233 8462 24 38 72
32234 8463 24 39 72
32236 8464 24 40 72
32238 8465 24 41 72
32239 8466 24 42 72
32240 8467 24 43 72
32241 8468 24 44 72
32242 8469 24 45 72
32243 8470 24 46 72
32244 8471 24 47 72
32246 8472 24 48 72
32247 8473 24 49 72
32249 8474 24 50 72
32250 8475 24 51 72
32251 8476 24 52 72
32259 8477 24 53 72
32264 8478 24 54 72
32265 8479 24 55 72
32266 8480 24 56 72
32267 8481 24 57 72
32268 8482 24 58 72
32269 8483 24 59 72
32270 8484 24 60 72
32271 8485 24 61 72
32272 8486 24 62 72
32273 8487 24 63 72
32274 8488 24 64 72
32275 8489 24 65 72
32276 8490 24 66 72
32277 8491 24 67 72
32278 8492 24 68 72
32279 8493 24 69 72
32282 8494 24 70 72
32283 8495 24 71 72
32284 8496 24 72 72
32285 8497 24 73 72
32286 8498 24 74 72
32287 8499 24 75 72
32288 8500 24 76 72
32289 8501 24 77 72
32290 8502 24 78 72
32291 8503 24 79 72
32292 8504 24 80 72
32293 8505 24 81 72
32297 8506 24 82 72
32298 8507 24 83 72
32299 8508 24 84 72
32301 8509 24 85 72
32302 8510 24 86 72
32303 8511 24 87 72
32304 8512 24 88 72
32305 8513 24 89 72
32306 8514 24 90 72
32307 8515 24 91 72
32308 8516 24 92 72
32309 8517 24 93 72
32310 8518 24 94 72
32311 8519 24 95 72
32312 8520 24 96 72
32313 8521 24 97 72
32314 8522 24 98 72
32315 8523 24 99 72
32316 8524 24 100 72
32317 8525 24 101 72
32318 8526 24 102 72
32319 8527 24 103 72
32320 8528 24 104 72
32321 8529 24 105 72
32322 8530 24 106 72
32323 8531 24 107 72
32324 8532 24 108 72
32325 8533 24 109 72
32326 8534 24 110 72
32327 8535 24 111 72
32328 8536 24 112 72
32329 8537 24 113 72
32332 8538 24 114 72
32336 8539 24 115 72
32337 8540 24 116 72
32338 8541 24 0 73
32339 8542 24 1 73
32340 8543 24 2 73
32341 8544 24 3 73
32342 8545 24 4 73
32343 8546 24 5 73
32344 8547 24 6 73
32345 8548 24 7 73
32346 8549 24 8 73
32348 8550 24 9 73
32350 8551 24 10 73
32351 8552 24 11 73
32352 8553 24 12 73
32353 8554 24 13 73
32354 8555 24 14 73
32355 8556 24 15 73
32360 8557 24 16 73
32361 8558 24 17 73
32362 8559 24 18 73
32363 8560 24 19 73
32365 8561 24 20 73
32367 8562 24 21 73
32368 8563 24 22 73
32370 8564 24 23 73
32371 8565 24 24 73
32372 8566 24 25 73
32373 8567 24 26 73
32374 8568 24 27 73
32375 8569 24 28 73
32376 8570 24 29 73
32377 8571 24 30 73
32378 8572 24 31 73
32379 8573 24 32 73
32380 8574 24 33 73
32381 8575 24 34 73
32382 8576 24 35 73
32384 8577 24 36 73
32385 8578 24 37 73
32386 8579 24 38 73
32390 8580 24 39 73
32391 8581 24 40 73
32392 8582 24 41 73
32394 8583 24 42 73
32395 8584 24 43 73
32396 8585 24 44 73
32397 8586 24 45 73
32399 8587 24 46 73
32401 8588 24 47 73
32403 8589 24 48 73
32404 8590 24 49 73
32405 8591 24 50 73
32406 8592 24 51 73
32407 8593 24 52 73
32408 8594 24 53 73
32409 8595 24 54 73
32410 8596 24 55 73
32411 8597 24 56 73
32412 8598 24 57 73
32566 8599 24 58 73
32568 8600 24 59 73
32569 8601 24 60 73
32570 8602 24 61 73
32573 8603 24 62 73
32574 8604 24 63 73
32575 8605 24 64 73
32579 8606 24 65 73
32580 8607 24 66 73
32581 8608 24 67 73
32584 8609 24 68 73
32586 8610 24 69 73
32587 8611 24 70 73
32588 8612 24 71 73
32589 8613 24 72 73
32591 8614 24 73 73
32592 8615 24 74 73
32593 8616 24 75 73
32596 8617 24 76 73
32597 8618 24 77 73
32600 8619 24 78 73
32603 8620 24 79 73
32604 8621 24 80 73
32605 8622 24 81 73
32606 8623 24 82 73
32607 8624 24 83 73
32608 8625 24 84 73
32609 8626 24 85 73
32611 8627 24 86 73
32613 8628 24 87 73
32614 8629 24 88 73
32615 8630 24 89 73
32616 8631 24 90 73
32617 8632 24 91 73
32618 8633 24 92 73
32619 8634 24 93 73
32620 8635 24 94 73
32621 8636 24 95 73
32622 8637 24 96 73
32624 8638 24 97 73
32626 8639 24 98 73
32627 8640 24 99 73
32629 8641 24 100 73
32630 8642 24 101 73
32631 8643 24 102 73
32633 8644 24 103 73
32634 8645 24 104 73
32635 8646 24 105 73
32636 8647 24 106 73
32637 8648 24 107 73
32638 8649 24 108 73
32639 8650 24 109 73
32643 8651 24 110 73
32645 8652 24 111 73
32646 8653 24 112 73
32647 8654 24 113 73
32648 8655 24 114 73
32649 8656 24 115 73
32650 8657 24 116 73
32651 8658 24 0 74
32652 8659 24 1 74
32653 8660 24 2 74
32654 8661 24 3 74
32657 8662 24 4 74
32658 8663 24 5 74
32660 8664 24 6 74
32661 8665 24 7 74
32662 8666 24 8 74
32666 8667 24 9 74
32667 8668 24 10 74
32668 8669 24 11 74
32669 8670 24 12 74
32670 8671 24 13 74
32672 8672 24 14 74
32673 8673 24 15 74
32674 8674 24 16 74
32676 8675 24 17 74
32677 8676 24 18 74
32678 8677 24 19 74
32679 8678 24 20 74
32680 8679 24 21 74
32681 8680 24 22 74
32684 8681 24 23 74
32685 8682 24 24 74
32687 8683 24 25 74
32688 8684 24 26 74
32689 8685 24 27 74
32690 8686 24 28 74
32691 8687 24 29 74
32693 8688 24 30 74
32694 8689 24 31 74
32695 8690 24 32 74
32696 8691 24 33 74
32697 8692 24 34 74
32698 8693 24 35 74
32699 8694 24 36 74
32700 8695 24 37 74
32701 8696 24 38 74
32702 8697 24 39 74
32703 8698 24 40 74
32704 8699 24 41 74
32705 8700 24 42 74
32706 8701 24 43 74
32707 8702 24 44 74
32709 8703 24 45 74
32711 8704 24 46 74
32713 8705 24 47 74
32714 8706 24 48 74
32715 8707 24 49 74
32716 8708 24 50 74
32717 8709 24 51 74
32718 8710 24 52 74
32719 8711 24 53 74
32720 8712 24 54 74
32721 8713 24 55 74
32722 8714 24 56 74
32724 8715 24 57 74
32725 8716 24 58 74
32727 8717 24 59 74
32731 8718 24 60 74
32732 8719 24 61 74
32734 8720 24 62 74
32735 8721 24 63 74
32736 8722 24 64 74
32737 8723 24 65 74
32738 8724 24 66 74
32739 8725 24 67 74
32741 8726 24 68 74
32742 8727 24 69 74
32744 8728 24 70 74
32745 8729 24 71 74
32746 8730 24 72 74
32747 8731 24 73 74
32748 8732 24 74 74
32749 8733 24 75 74
32750 8734 24 76 74
32751 8735 24 77 74
32752 8736 24 78 74
32753 8737 24 79 74
32754 8738 24 80 74
32755 8739 24 81 74
32756 8740 24 82 74
32757 8741 24 83 74
32759 8742 24 84 74
32760 8743 24 85 74
32761 8744 24 86 74
32763 8745 24 87 74
32764 8746 24 88 74
32765 8747 24 89 74
32766 8748 24 90 74
32767 8749 24 91 74
32768 8750 24 92 74
32769 8751 24 93 74
32771 8752 24 94 74
32772 8753 24 95 74
32773 8754 24 96 74
32774 8755 24 97 74
32775 8756 24 98 74
32779 8757 24 99 74
32780 8758 24 100 74
32781 8759 24 101 74
32782 8760 24 102 74
32783 8761 24 103 74
32784 8762 24 104 74
32785 8763 24 105 74
32786 8764 24 106 74
32788 8765 24 107 74
32789 8766 24 108 74
32790 8767 24 109 74
32791 8768 24 110 74
32792 8769 24 111 74
32793 8770 24 112 74
32795 8771 24 113 74
32796 8772 24 114 74
32798 8773 24 115 74
32799 8774 24 116 74
32801 8775 24 0 75
32804 8776 24 1 75
32806 8777 24 2 75
32808 8778 24 3 75
32809 8779 24 4 75
32810 8780 24 5 75
32812 8781 24 6 75
32816 8782 24 7 75
32819 8783 24 8 75
32820 8784 24 9 75
32821 8785 24 10 75
32822 8786 24 11 75
32823 8787 24 12 75
32825 8788 24 13 75
32829 8789 24 14 75
32830 8790 24 15 75
32831 8791 24 16 75
32835 8792 24 17 75
32838 8793 24 18 75
32839 8794 24 19 75
32840 8795 24 20 75
32842 8796 24 21 75
32847 8797 24 22 75
32848 8798 24 23 75
32849 8799 24 24 75
32850 8800 24 25 75
32854 8801 24 26 75
32856 8802 24 27 75
32858 8803 24 28 75
32860 8804 24 29 75
32861 8805 24 30 75
32862 8806 24 31 75
32868 8807 24 32 75
32871 8808 24 33 75
32876 8809 24 34 75
32879 8810 24 35 75
32880 8811 24 36 75
32881 8812 24 37 75
32882 8813 24 38 75
32883 8814 24 39 75
32885 8815 24 40 75
32886 8816 24 41 75
32887 8817 24 42 75
32888 8818 24 43 75
32889 8819 24 44 75
32893 8820 24 45 75
32894 8821 24 46 75
32895 8822 24 47 75
32898 8823 24 48 75
32900 8824 24 49 75
32901 8825 24 50 75
32902 8826 24 51 75
32903 8827 24 52 75
32905 8828 24 53 75
32906 8829 24 54 75
32907 8830 24 55 75
32908 8831 24 56 75
32911 8832 24 57 75
32912 8833 24 58 75
32914 8834 24 59 75
32915 8835 24 60 75
32917 8836 24 61 75
32918 8837 24 62 75
32920 8838 24 63 75
32921 8839 24 64 75
32922 8840 24 65 75
32923 8841 24 66 75
32924 8842 24 67 75
32925 8843 24 68 75
32929 8844 24 69 75
32930 8845 24 70 75
32931 8846 24 71 75
32933 8847 24 72 75
32937 8848 24 73 75
32938 8849 24 74 75
32939 8850 24 75 75
32941 8851 24 76 75
32942 8852 24 77 75
32943 8853 24 78 75
32945 8854 24 79 75
32946 8855 24 80 75
32948 8856 24 81 75
32949 8857 24 82 75
32952 8858 24 83 75
32954 8859 24 84 75
32962 8860 24 85 75
32963 8861 24 86 75
32964 8862 24 87 75
32965 8863 24 88 75
32967 8864 24 89 75
32968 8865 24 90 75
32969 8866 24 91 75
32970 8867 24 92 75
32972 8868 24 93 75
32973 8869 24 94 75
32974 8870 24 95 75
32975 8871 24 96 75
32976 8872 24 97 75
32977 8873 24 98 75
32980 8874 24 99 75
32981 8875 24 100 75
32982 8876 24 101 75
32983 8877 24 102 75
32984 8878 24 103 75
32985 8879 24 104 75
32986 8880 24 105 75
32987 8881 24 106 75
32988 8882 24 107 75
32989 8883 24 108 75
32990 8884 24 109 75
32992 8885 24 110 75
32993 8886 24 111 75
32995 8887 24 112 75
32996 8888 24 113 75
32997 8889 24 114 75
32998 8890 24 115 75
33005 8891 24 116 75
33007 8892 24 0 76
33008 8893 24 1 76
33009 8894 24 2 76
33010 8895 24 3 76
33011 8896 24 4 76
33012 8897 24 5 76
33013 8898 24 6 76
33016 8899 24 7 76
33017 8900 24 8 76
33018 8901 24 9 76
33019 8902 24 10 76
33020 8903 24 11 76
33021 8904 24 12 76
33022 8905 24 13 76
33024 8906 24 14 76
33025 8907 24 15 76
33026 8908 24 16 76
33029 8909 24 17 76
33030 8910 24 18 76
33032 8911 24 19 76
33034 8912 24 20 76
33045 8913 24 21 76
33046 8914 24 22 76
33048 8915 24 23 76
33049 8916 24 24 76
33051 8917 24 25 76
33053 8918 24 26 76
33054 8919 24 27 76
33055 8920 24 28 76
33057 8921 24 29 76
33058 8922 24 30 76
33059 8923 24 31 76
33060 8924 24 32 76
33061 8925 24 33 76
33063 8926 24 34 76
33065 8927 24 35 76
33067 8928 24 36 76
33068 8929 24 37 76
33069 8930 24 38 76
33071 8931 24 39 76
33072 8932 24 40 76
33081 8933 24 41 76
33082 8934 24 42 76
33085 8935 24 43 76
33086 8936 24 44 76
33091 8937 24 45 76
33092 8938 24 46 76
33094 8939 24 47 76
33095 8940 24 48 76
33098 8941 24 49 76
33099 8942 24 50 76
33100 8943 24 51 76
33101 8944 24 52 76
33102 8945 24 53 76
33103 8946 24 54 76
33104 8947 24 55 76
33105 8948 24 56 76
33106 8949 24 57 76
33107 8950 24 58 76
33108 8951 24 59 76
33109 8952 24 60 76
33115 8953 24 61 76
33116 8954 24 62 76
33118 8955 24 63 76
33120 8956 24 64 76
33121 8957 24 65 76
33122 8958 24 66 76
33124 8959 24 67 76
33125 8960 24 68 76
33126 8961 24 69 76
33127 8962 24 70 76
33129 8963 24 71 76
33131 8964 24 72 76
33134 8965 24 73 76
33135 8966 24 74 76
33136 8967 24 75 76
33137 8968 24 76 76
33138 8969 24 77 76
33139 8970 24 78 76
33140 8971 24 79 76
33142 8972 24 80 76
33143 8973 24 81 76
33144 8974 24 82 76
33145 8975 24 83 76
33146 8976 24 84 76
33151 8977 24 85 76
33152 8978 24 86 76
33154 8979 24 87 76
33155 8980 24 88 76
33158 8981 24 89 76
33159 8982 24 90 76
33160 8983 24 91 76
33161 8984 24 92 76
33162 8985 24 93 76
33163 8986 24 94 76
33164 8987 24 95 76
33165 8988 24 96 76
33167 8989 24 97 76
33173 8990 24 98 76
33175 8991 24 99 76
33176 8992 24 100 76
33177 8993 24 101 76
33178 8994 24 102 76
33179 8995 24 103 76
33180 8996 24 104 76
33181 8997 24 105 76
33182 8998 24 106 76
33183 8999 24 107 76
33184 9000 24 108 76
33186 9001 24 109 76
33187 9002 24 110 76
33190 9003 24 111 76
33191 9004 24 112 76
33192 9005 24 113 76
33193 9006 24 114 76
33195 9007 24 115 76
33196 9008 24 116 76
33198 9009 24 0 77
33200 9010 24 1 77
33201 9011 24 2 77
33202 9012 24 3 77
33203 9013 24 4 77
33204 9014 24 5 77
33205 9015 24 6 77
33207 9016 24 7 77
33209 9017 24 8 77
33210 9018 24 9 77
33211 9019 24 10 77
33212 9020 24 11 77
33213 9021 24 12 77
33214 9022 24 13 77
33215 9023 24 14 77
33216 9024 24 15 77
33218 9025 24 16 77
33219 9026 24 17 77
33220 9027 24 18 77
33221 9028 24 19 77
33222 9029 24 20 77
33223 9030 24 21 77
33225 9031 24 22 77
33226 9032 24 23 77
33228 9033 24 24 77
33229 9034 24 25 77
33231 9035 24 26 77
33232 9036 24 27 77
33233 9037 24 28 77
33234 9038 24 29 77
33237 9039 24 30 77
33239 9040 24 31 77
33240 9041 24 32 77
33241 9042 24 33 77
33242 9043 24 34 77
33243 9044 24 35 77
33245 9045 24 36 77
33246 9046 24 37 77
33247 9047 24 38 77
33248 9048 24 39 77
33249 9049 24 40 77
33250 9050 24 41 77
33251 9051 24 42 77
33253 9052 24 43 77
33254 9053 24 44 77
33255 9054 24 45 77
33256 9055 24 46 77
33257 9056 24 47 77
33258 9057 24 48 77
33260 9058 24 49 77
33261 9059 24 50 77
33262 9060 24 51 77
33266 9061 24 52 77
33267 9062 24 53 77
33268 9063 24 54 77
33271 9064 24 55 77
33272 9065 24 56 77
33273 9066 24 57 77
33274 9067 24 58 77
33275 9068 24 59 77
33276 9069 24 60 77
33278 9070 24 61 77
33279 9071 24 62 77
33280 9072 24 63 77
33281 9073 24 64 77
33282 9074 24 65 77
33284 9075 24 66 77
33285 9076 24 67 77
33287 9077 24 68 77
33288 9078 24 69 77
33289 9079 24 70 77
33290 9080 24 71 77
33291 9081 24 72 77
33292 9082 24 73 77
33293 9083 24 74 77
33296 9084 24 75 77
33297 9085 24 76 77
33298 9086 24 77 77
33300 9087 24 78 77
33301 9088 24 79 77
33302 9089 24 80 77
33307 9090 24 81 77
33308 9091 24 82 77
33309 9092 24 83 77
33310 9093 24 84 77
33311 9094 24 85 77
33312 9095 24 86 77
33313 9096 24 87 77
33314 9097 24 88 77
33317 9098 24 89 77
33320 9099 24 90 77
33322 9100 24 91 77
33323 9101 24 92 77
33324 9102 24 93 77
33327 9103 24 94 77
33330 9104 24 95 77
33331 9105 24 96 77
33332 9106 24 97 77
33333 9107 24 98 77
33334 9108 24 99 77
33335 9109 24 100 77
33336 9110 24 101 77
33337 9111 24 102 77
33338 9112 24 103 77
33340 9113 24 104 77
33341 9114 24 105 77
33343 9115 24 106 77
33344 9116 24 107 77
33346 9117 24 108 77
33348 9118 24 109 77
33349 9119 24 110 77
33351 9120 24 111 77
33353 9121 24 112 77
33355 9122 24 113 77
33358 9123 24 114 77
33359 9124 24 115 77
33360 9125 24 116 77
33361 9126 24 0 78
33362 9127 24 1 78
33363 9128 24 2 78
33365 9129 24 3 78
33366 9130 24 4 78
33367 9131 24 5 78
33368 9132 24 6 78
33369 9133 24 7 78
33370 9134 24 8 78
33371 9135 24 9 78
33372 9136 24 10 78
33374 9137 24 11 78
33375 9138 24 12 78
33377 9139 24 13 78
33379 9140 24 14 78
33380 9141 24 15 78
33382 9142 24 16 78
33384 9143 24 17 78
33385 9144 24 18 78
33387 9145 24 19 78
33388 9146 24 20 78
33389 9147 24 21 78
33390 9148 24 22 78
33391 9149 24 23 78
33393 9150 24 24 78
33394 9151 24 25 78
33396 9152 24 26 78
33397 9153 24 27 78
33399 9154 24 28 78
33400 9155 24 29 78
33404 9156 24 30 78
33405 9157 24 31 78
33406 9158 24 32 78
33407 9159 24 33 78
33408 9160 24 34 78
33411 9161 24 35 78
33412 9162 24 36 78
33413 9163 24 37 78
33418 9164 24 38 78
33419 9165 24 39 78
33421 9166 24 40 78
33422 9167 24 41 78
33423 9168 24 42 78
33424 9169 24 43 78
33425 9170 24 44 78
33426 9171 24 45 78
33427 9172 24 46 78
33428 9173 24 47 78
33432 9174 24 48 78
33433 9175 24 49 78
33434 9176 24 50 78
33435 9177 24 51 78
33437 9178 24 52 78
33438 9179 24 53 78
33439 9180 24 54 78
33440 9181 24 55 78
33441 9182 24 56 78
33442 9183 24 57 78
33443 9184 24 58 78
33444 9185 24 59 78
33445 9186 24 60 78
33447 9187 24 61 78
33448 9188 24 62 78
33449 9189 24 63 78
33451 9190 24 64 78
33452 9191 24 65 78
33453 9192 24 66 78
33454 9193 24 67 78
33455 9194 24 68 78
33456 9195 24 69 78
33457 9196 24 70 78
33459 9197 24 71 78
33460 9198 24 72 78
33461 9199 24 73 78
33462 9200 24 74 78
33463 9201 24 75 78
33464 9202 24 76 78
33465 9203 24 77 78
33466 9204 24 78 78
33467 9205 24 79 78
33468 9206 24 80 78
33469 9207 24 81 78
33470 9208 24 82 78
33472 9209 24 83 78
33474 9210 24 84 78
33475 9211 24 85 78
33489 9212 24 86 78
33490 9213 24 87 78
33491 9214 24 88 78
33492 9215 24 89 78
33493 9216 24 90 78
33494 9217 24 91 78
33495 9218 24 92 78
33497 9219 24 93 78
33499 9220 24 94 78
33500 9221 24 95 78
33502 9222 24 96 78
33503 9223 24 97 78
33504 9224 24 98 78
33505 9225 24 99 78
33507 9226 24 100 78
33508 9227 24 101 78
33509 9228 24 102 78
33510 9229 24 103 78
33511 9230 24 104 78
33512 9231 24 105 78
33514 9232 24 106 78
33515 9233 24 107 78
33516 9234 24 108 78
33517 9235 24 109 78
33519 9236 24 110 78
33520 9237 24 111 78
33521 9238 24 112 78
33522 9239 24 113 78
33523 9240 24 114 78
33524 9241 24 115 78
33525 9242 24 116 78
33526 9243 24 0 79
33529 9244 24 1 79
33530 9245 24 2 79
33531 9246 24 3 79
33534 9247 24 4 79
33536 9248 24 5 79
33537 9249 24 6 79
33538 9250 24 7 79
33539 9251 24 8 79
33540 9252 24 9 79
33541 9253 24 10 79
33542 9254 24 11 79
33543 9255 24 12 79
33544 9256 24 13 79
33545 9257 24 14 79
33548 9258 24 15 79
33549 9259 24 16 79
33558 9260 24 17 79
33559 9261 24 18 79
33561 9262 24 19 79
33563 9263 24 20 79
33564 9264 24 21 79
33566 9265 24 22 79
33568 9266 24 23 79
33570 9267 24 24 79
33572 9268 24 25 79
33573 9269 24 26 79
33574 9270 24 27 79
33575 9271 24 28 79
33576 9272 24 29 79
33577 9273 24 30 79
33578 9274 24 31 79
33579 9275 24 32 79
33580 9276 24 33 79
33581 9277 24 34 79
33583 9278 24 35 79
33585 9279 24 36 79
33586 9280 24 37 79
33587 9281 24 38 79
33588 9282 24 39 79
33589 9283 24 40 79
33590 9284 24 41 79
33591 9285 24 42 79
33592 9286 24 43 79
33593 9287 24 44 79
33594 9288 24 45 79
33595 9289 24 46 79
33596 9290 24 47 79
33599 9291 24 48 79
33600 9292 24 49 79
33601 9293 24 50 79
33602 9294 24 51 79
33603 9295 24 52 79
33604 9296 24 53 79
33605 9297 24 54 79
33607 9298 24 55 79
33608 9299 24 56 79
33609 9300 24 57 79
33610 9301 24 58 79
33611 9302 24 59 79
33612 9303 24 60 79
33613 9304 24 61 79
33614 9305 24 62 79
33615 9306 24 63 79
33616 9307 24 64 79
33617 9308 24 65 79
33618 9309 24 66 79
33619 9310 24 67 79
33620 9311 24 68 79
33622 9312 24 69 79
33651 9313 24 70 79
33652 9314 24 71 79
33653 9315 24 72 79
33654 9316 24 73 79
33655 9317 24 74 79
33656 9318 24 75 79
33658 9319 24 76 79
33659 9320 24 77 79
33660 9321 24 78 79
33661 9322 24 79 79
33662 9323 24 80 79
33663 9324 24 81 79
33665 9325 24 82 79
33667 9326 24 83 79
33670 9327 24 84 79
33671 9328 24 85 79
33672 9329 24 86 79
33673 9330 24 87 79
33674 9331 24 88 79
33675 9332 24 89 79
33676 9333 24 90 79
33677 9334 24 91 79
33678 9335 24 92 79
33679 9336 24 93 79
33680 9337 24 94 79
33682 9338 24 95 79
33683 9339 24 96 79
33684 9340 24 97 79
33685 9341 24 98 79
33686 9342 24 99 79
33687 9343 24 100 79
33688 9344 24 101 79
33689 9345 24 102 79
33690 9346 24 103 79
33691 9347 24 104 79
33693 9348 24 105 79
33694 9349 24 106 79
33696 9350 24 107 79
33698 9351 24 108 79
33699 9352 24 109 79
33700 9353 24 110 79
33701 9354 24 111 79
33702 9355 24 112 79
33703 9356 24 113 79
33704 9357 24 114 79
33705 9358 24 115 79
33706 9359 24 116 79
33707 9360 24 0 80
33710 9361 24 1 80
33711 9362 24 2 80
33712 9363 24 3 80
33725 9364 24 4 80
33727 9365 24 5 80
33728 9366 24 6 80
33729 9367 24 7 80
33730 9368 24 8 80
33731 9369 24 9 80
33732 9370 24 10 80
33733 9371 24 11 80
33734 9372 24 12 80
33735 9373 24 13 80
33736 9374 24 14 80
33737 9375 24 15 80
33738 9376 24 16 80
33739 9377 24 17 80
33740 9378 24 18 80
33742 9379 24 19 80
33743 9380 24 20 80
33745 9381 24 21 80
33748 9382 24 22 80
33749 9383 24 23 80
33750 9384 24 24 80
33751 9385 24 25 80
33752 9386 24 26 80
33753 9387 24 27 80
33755 9388 24 28 80
33756 9389 24 29 80
33757 9390 24 30 80
33758 9391 24 31 80
33759 9392 24 32 80
33760 9393 24 33 80
33761 9394 24 34 80
33762 9395 24 35 80
33763 9396 24 36 80
33764 9397 24 37 80
33765 9398 24 38 80
33767 9399 24 39 80
33768 9400 24 40 80
33769 9401 24 41 80
33770 9402 24 42 80
33771 9403 24 43 80
33772 9404 24 44 80
33774 9405 24 45 80
33775 9406 24 46 80
33776 9407 24 47 80
33777 9408 24 48 80
33778 9409 24 49 80
33779 9410 24 50 80
33780 9411 24 51 80
33781 9412 24 52 80
33782 9413 24 53 80
33784 9414 24 54 80
33785 9415 24 55 80
33786 9416 24 56 80
33787 9417 24 57 80
33788 9418 24 58 80
33789 9419 24 59 80
33790 9420 24 60 80
33791 9421 24 61 80
33793 9422 24 62 80
33795 9423 24 63 80
33796 9424 24 64 80
33798 9425 24 65 80
33799 9426 24 66 80
33801 9427 24 67 80
33802 9428 24 68 80
33803 9429 24 69 80
33804 9430 24 70 80
33805 9431 24 71 80
33806 9432 24 72 80
33807 9433 24 73 80
33808 9434 24 74 80
33809 9435 24 75 80
33810 9436 24 76 80
33811 9437 24 77 80
33819 9438 24 78 80
33827 9439 24 79 80
33833 9440 24 80 80
33835 9441 24 81 80
33836 9442 24 82 80
33837 9443 24 83 80
33839 9444 24 84 80
33840 9445 24 85 80
33841 9446 24 86 80
33842 9447 24 87 80
33843 9448 24 88 80
33844 9449 24 89 80
33845 9450 24 90 80
33846 9451 24 91 80
33847 9452 24 92 80
33848 9453 24 93 80
33849 9454 24 94 80
33850 9455 24 95 80
33851 9456 24 96 80
33852 9457 24 97 80
33853 9458 24 98 80
33855 9459 24 99 80
33856 9460 24 100 80
33858 9461 24 101 80
33859 9462 24 102 80
33860 9463 24 103 80
33861 9464 24 104 80
33862 9465 24 105 80
33863 9466 24 106 80
33865 9467 24 107 80
33867 9468 24 108 80
33868 9469 24 109 80
33869 9470 24 110 80
33870 9471 24 111 80
33872 9472 24 112 80
33873 9473 24 113 80
33874 9474 24 114 80
33876 9475 24 115 80
33878 9476 24 116 80
33879 9477 24 0 81
33881 9478 24 1 81
33882 9479 24 2 81
33883 9480 24 3 81
33885 9481 24 4 81
33886 9482 24 5 81
33887 9483 24 6 81
33888 9484 24 7 81
33889 9485 24 8 81
33891 9486 24 9 81
33893 9487 24 10 81
33894 9488 24 11 81
33895 9489 24 12 81
33896 9490 24 13 81
33897 9491 24 14 81
33899 9492 24 15 81
33900 9493 24 16 81
33901 9494 24 17 81
33902 9495 24 18 81
33903 9496 24 19 81
33904 9497 24 20 81
33907 9498 24 21 81
33908 9499 24 22 81
33909 9500 24 23 81
33910 9501 24 24 81
33911 9502 24 25 81
33912 9503 24 26 81
33913 9504 24 27 81
33914 9505 24 28 81
33917 9506 24 29 81
33918 9507 24 30 81
33922 9508 24 31 81
33926 9509 24 32 81
33933 9510 24 33 81
33934 9511 24 34 81
33935 9512 24 35 81
33936 9513 24 36 81
33937 9514 24 37 81
33940 9515 24 38 81
33943 9516 24 39 81
33944 9517 24 40 81
33945 9518 24 41 81
33946 9519 24 42 81
33947 9520 24 43 81
33948 9521 24 44 81
33949 9522 24 45 81
33950 9523 24 46 81
33951 9524 24 47 81
33952 9525 24 48 81
33953 9526 24 49 81
33954 9527 24 50 81
33956 9528 24 51 81
33959 9529 24 52 81
33960 9530 24 53 81
33961 9531 24 54 81
33962 9532 24 55 81
33963 9533 24 56 81
33964 9534 24 57 81
33966 9535 24 58 81
33967 9536 24 59 81
33968 9537 24 60 81
33969 9538 24 61 81
33970 9539 24 62 81
33972 9540 24 63 81
33974 9541 24 64 81
33976 9542 24 65 81
33977 9543 24 66 81
33978 9544 24 67 81
33979 9545 24 68 81
33980 9546 24 69 81
33983 9547 24 70 81
33984 9548 24 71 81
33985 9549 24 72 81
33986 9550 24 73 81
33988 9551 24 74 81
33989 9552 24 75 81
33990 9553 24 76 81
33991 9554 24 77 81
33993 9555 24 78 81
33994 9556 24 79 81
33995 9557 24 80 81
33996 9558 24 81 81
33997 9559 24 82 81
33998 9560 24 83 81
33999 9561 24 84 81
34000 9562 24 85 81
34001 9563 24 86 81
34002 9564 24 87 81
34003 9565 24 88 81
34004 9566 24 89 81
34006 9567 24 90 81
34007 9568 24 91 81
34011 9569 24 92 81
34023 9570 24 93 81
34024 9571 24 94 81
34025 9572 24 95 81
34026 9573 24 96 81
34027 9574 24 97 81
34028 9575 24 98 81
34030 9576 24 99 81
34031 9577 24 100 81
34032 9578 24 101 81
34033 9579 24 102 81
34034 9580 24 103 81
34035 9581 24 104 81
34036 9582 24 105 81
34038 9583 24 106 81
34039 9584 24 107 81
34041 9585 24 108 81
34042 9586 24 109 81
34043 9587 24 110 81
34044 9588 24 111 81
34045 9589 24 112 81
34046 9590 24 113 81
34047 9591 24 114 81
34048 9592 24 115 81
34050 9593 24 116 81
34054 9594 24 0 82
34055 9595 24 1 82
34056 9596 24 2 82
34057 9597 24 3 82
34058 9598 24 4 82
34059 9599 24 5 82
34060 9600 24 6 82
34061 9601 24 7 82
34062 9602 24 8 82
34063 9603 24 9 82
34065 9604 24 10 82
34066 9605 24 11 82
34067 9606 24 12 82
34068 9607 24 13 82
34069 9608 24 14 82
34070 9609 24 15 82
34071 9610 24 16 82
34072 9611 24 17 82
34073 9612 24 18 82
34074 9613 24 19 82
34076 9614 24 20 82
34077 9615 24 21 82
34078 9616 24 22 82
34079 9617 24 23 82
34080 9618 24 24 82
34081 9619 24 25 82
34083 9620 24 26 82
34084 9621 24 27 82
34085 9622 24 28 82
34086 9623 24 29 82
34087 9624 24 30 82
34088 9625 24 31 82
34089 9626 24 32 82
34090 9627 24 33 82
34091 9628 24 34 82
34092 9629 24 35 82
34093 9630 24 36 82
34094 9631 24 37 82
34095 9632 24 38 82
34096 9633 24 39 82
34097 9634 24 40 82
34107 9635 24 41 82
34109 9636 24 42 82
34110 9637 24 43 82
34112 9638 24 44 82
34113 9639 24 45 82
34115 9640 24 46 82
34116 9641 24 47 82
34117 9642 24 48 82
34118 9643 24 49 82
34119 9644 24 50 82
34120 9645 24 51 82
34121 9646 24 52 82
34122 9647 24 53 82
34125 9648 24 54 82
34126 9649 24 55 82
34129 9650 24 56 82
34131 9651 24 57 82
34132 9652 24 58 82
34133 9653 24 59 82
34134 9654 24 60 82
34135 9655 24 61 82
34136 9656 24 62 82
34137 9657 24 63 82
34139 9658 24 64 82
34141 9659 24 65 82
34142 9660 24 66 82
34144 9661 24 67 82
34145 9662 24 68 82
34146 9663 24 69 82
34147 9664 24 70 82
34148 9665 24 71 82
34149 9666 24 72 82
34150 9667 24 73 82
34151 9668 24 74 82
34152 9669 24 75 82
34153 9670 24 76 82
34154 9671 24 77 82
34155 9672 24 78 82
34156 9673 24 79 82
34157 9674 24 80 82
34158 9675 24 81 82
34161 9676 24 82 82
34165 9677 24 83 82
34166 9678 24 84 82
34167 9679 24 85 82
34168 9680 24 86 82
34169 9681 24 87 82
34170 9682 24 88 82
34171 9683 24 89 82
34172 9684 24 90 82
34174 9685 24 91 82
34176 9686 24 92 82
34177 9687 24 93 82
34178 9688 24 94 82
34179 9689 24 95 82
34180 9690 24 96 82
34181 9691 24 97 82
34182 9692 24 98 82
34183 9693 24 99 82
34184 9694 24 100 82
34185 9695 24 101 82
34186 9696 24 102 82
34187 9697 24 103 82
34188 9698 24 104 82
34189 9699 24 105 82
34190 9700 24 106 82
34191 9701 24 107 82
34192 9702 24 108 82
34193 9703 24 109 82
34196 9704 24 110 82
34197 9705 24 111 82
34198 9706 24 112 82
34200 9707 24 113 82
34201 9708 24 114 82
34202 9709 24 115 82
34203 9710 24 116 82
34204 9711 24 0 83
34205 9712 24 1 83
34206 9713 24 2 83
34207 9714 24 3 83
34208 9715 24 4 83
34209 9716 24 5 83
34210 9717 24 6 83
34211 9718 24 7 83
34212 9719 24 8 83
34214 9720 24 9 83
34215 9721 24 10 83
34216 9722 24 11 83
34217 9723 24 12 83
34218 9724 24 13 83
34223 9725 24 14 83
34224 9726 24 15 83
34225 9727 24 16 83
34227 9728 24 17 83
34228 9729 24 18 83
34229 9730 24 19 83
34230 9731 24 20 83
34231 9732 24 21 83
34232 9733 24 22 83
34233 9734 24 23 83
34234 9735 24 24 83
34237 9736 24 25 83
34238 9737 24 26 83
34239 9738 24 27 83
34240 9739 24 28 83
34242 9740 24 29 83
34243 9741 24 30 83
34244 9742 24 31 83
34245 9743 24 32 83
34246 9744 24 33 83
34247 9745 24 34 83
34248 9746 24 35 83
34249 9747 24 36 83
34251 9748 24 37 83
34253 9749 24 38 83
34254 9750 24 39 83
34255 9751 24 40 83
34256 9752 24 41 83
34257 9753 24 42 83
34258 9754 24 43 83
34261 9755 24 44 83
34263 9756 24 45 83
34264 9757 24 46 83
34265 9758 24 47 83
34266 9759 24 48 83
34268 9760 24 49 83
34269 9761 24 50 83
34270 9762 24 51 83
34271 9763 24 52 83
34273 9764 24 53 83
34274 9765 24 54 83
34275 9766 24 55 83
34276 9767 24 56 83
34277 9768 24 57 83
34278 9769 24 58 83
34280 9770 24 59 83
34281 9771 24 60 83
34282 9772 24 61 83
34283 9773 24 62 83
34284 9774 24 63 83
34285 9775 24 64 83
34287 9776 24 65 83
34288 9777 24 66 83
34289 9778 24 67 83
34290 9779 24 68 83
34294 9780 24 69 83
34295 9781 24 70 83
34296 9782 24 71 83
34297 9783 24 72 83
34298 9784 24 73 83
34299 9785 24 74 83
34301 9786 24 75 83
34302 9787 24 76 83
34303 9788 24 77 83
34304 9789 24 78 83
34305 9790 24 79 83
34308 9791 24 80 83
34309 9792 24 81 83
34310 9793 24 82 83
34311 9794 24 83 83
34313 9795 24 84 83
34314 9796 24 85 83
34315 9797 24 86 83
34316 9798 24 87 83
34321 9799 24 88 83
34327 9800 24 89 83
34328 9801 24 90 83
34329 9802 24 91 83
34330 9803 24 92 83
34331 9804 24 93 83
34332 9805 24 94 83
34334 9806 24 95 83
34335 9807 24 96 83
34336 9808 24 97 83
34337 9809 24 98 83
34338 9810 24 99 83
34339 9811 24 100 83
34340 9812 24 101 83
34341 9813 24 102 83
34342 9814 24 103 83
34343 9815 24 104 83
34345 9816 24 105 83
34346 9817 24 106 83
34348 9818 24 107 83
34349 9819 24 108 83
34350 9820 24 109 83
34353 9821 24 110 83
34354 9822 24 111 83
34355 9823 24 112 83
34356 9824 24 113 83
34357 9825 24 114 83
34358 9826 24 115 83
34360 9827 24 116 83
34361 9828 24 0 84
34362 9829 24 1 84
34363 9830 24 2 84
34364 9831 24 3 84
34366 9832 24 4 84
34367 9833 24 5 84
34368 9834 24 6 84
34371 9835 24 7 84
34374 9836 24 8 84
34375 9837 24 9 84
34376 9838 24 10 84
34379 9839 24 11 84
34380 9840 24 12 84
34381 9841 24 13 84
34382 9842 24 14 84
34384 9843 24 15 84
34386 9844 24 16 84
34387 9845 24 17 84
34388 9846 24 18 84
34389 9847 24 19 84
34390 9848 24 20 84
34393 9849 24 21 84
34395 9850 24 22 84
34396 9851 24 23 84
34398 9852 24 24 84
34399 9853 24 25 84
34401 9854 24 26 84
34402 9855 24 27 84
34403 9856 24 28 84
34404 9857 24 29 84
34405 9858 24 30 84
34407 9859 24 31 84
34408 9860 24 32 84
34409 9861 24 33 84
34410 9862 24 34 84
34411 9863 24 35 84
34413 9864 24 36 84
34414 9865 24 37 84
34415 9866 24 38 84
34416 9867 24 39 84
34417 9868 24 40 84
34419 9869 24 41 84
34420 9870 24 42 84
34423 9871 24 43 84
34425 9872 24 44 84
34426 9873 24 45 84
34427 9874 24 46 84
34428 9875 24 47 84
34437 9876 24 48 84
34438 9877 24 49 84
34439 9878 24 50 84
34442 9879 24 51 84
34443 9880 24 52 84
34444 9881 24 53 84
34445 9882 24 54 84
34446 9883 24 55 84
34448 9884 24 56 84
34449 9885 24 57 84
34451 9886 24 58 84
34452 9887 24 59 84
34453 9888 24 60 84
34454 9889 24 61 84
34455 9890 24 62 84
34456 9891 24 63 84
34457 9892 24 64 84
34458 9893 24 65 84
34460 9894 24 66 84
34461 9895 24 67 84
34462 9896 24 68 84
34465 9897 24 69 84
34466 9898 24 70 84
34467 9899 24 71 84
34468 9900 24 72 84
34469 9901 24 73 84
34471 9902 24 74 84
34472 9903 24 75 84
34473 9904 24 76 84
34474 9905 24 77 84
34479 9906 24 78 84
34480 9907 24 79 84
34481 9908 24 80 84
34483 9909 24 81 84
34484 9910 24 82 84
34485 9911 24 83 84
34486 9912 24 84 84
34487 9913 24 85 84
34488 9914 24 86 84
34489 9915 24 87 84
34490 9916 24 88 84
34491 9917 24 89 84
34492 9918 24 90 84
34493 9919 24 91 84
34494 9920 24 92 84
34495 9921 24 93 84
34496 9922 24 94 84
34497 9923 24 95 84
34498 9924 24 96 84
34499 9925 24 97 84
34500 9926 24 98 84
34501 9927 24 99 84
34502 9928 24 100 84
34503 9929 24 101 84
34504 9930 24 102 84
34505 9931 24 103 84
34507 9932 24 104 84
34508 9933 24 105 84
34512 9934 24 106 84
34513 9935 24 107 84
34515 9936 24 108 84
34516 9937 24 109 84
34518 9938 24 110 84
34519 9939 24 111 84
34520 9940 24 112 84
34521 9941 24 113 84
34522 9942 24 114 84
34523 9943 24 115 84
34524 9944 24 116 84
34525 9945 24 0 85
34526 9946 24 1 85
34527 9947 24 2 85
34530 9948 24 3 85
34531 9949 24 4 85
34532 9950 24 5 85
34534 9951 24 6 85
34536 9952 24 7 85
34537 9953 24 8 85
34538 9954 24 9 85
34539 9955 24 10 85
34540 9956 24 11 85
34541 9957 24 12 85
34549 9958 24 13 85
34550 9959 24 14 85
34551 9960 24 15 85
34552 9961 24 16 85
34553 9962 24 17 85
34554 9963 24 18 85
34555 9964 24 19 85
34558 9965 24 20 85
34560 9966 24 21 85
34561 9967 24 22 85
34562 9968 24 23 85
34563 9969 24 24 85
34564 9970 24 25 85
34565 9971 24 26 85
34566 9972 24 27 85
34567 9973 24 28 85
34568 9974 24 29 85
34569 9975 24 30 85
34570 9976 24 31 85
34571 9977 24 32 85
34572 9978 24 33 85
34573 9979 24 34 85
34574 9980 24 35 85
34577 9981 24 36 85
34578 9982 24 37 85
34579 9983 24 38 85
34584 9984 24 39 85
34585 9985 24 40 85
34586 9986 24 41 85
34587 9987 24 42 85
34588 9988 24 43 85
34590 9989 24 44 85
34592 9990 24 45 85
34593 9991 24 46 85
34594 9992 24 47 85
34595 9993 24 48 85
34596 9994 24 49 85
34597 9995 24 50 85
34598 9996 24 51 85
34599 9997 24 52 85
34600 9998 24 53 85
34601 9999 24 54 85
34602 10000 24 55 85
34604 10001 24 56 85
34605 10002 24 57 85
34606 10003 24 58 85
34608 10004 24 59 85
34609 10005 24 60 85
34610 10006 24 61 85
34611 10007 24 62 85
34612 10008 24 63 85
34613 10009 24 64 85
34615 10010 24 65 85
34616 10011 24 66 85
34618 10012 24 67 85
34619 10013 24 68 85
34620 10014 24 69 85
34622 10015 24 70 85
34623 10016 24 71 85
34624 10017 24 72 85
34625 10018 24 73 85
34626 10019 24 74 85
34627 10020 24 75 85
34630 10021 24 76 85
34636 10022 24 77 85
34637 10023 24 78 85
34638 10024 24 79 85
34639 10025 24 80 85
34640 10026 24 81 85
34641 10027 24 82 85
34642 10028 24 83 85
34643 10029 24 84 85
34644 10030 24 85 85
34645 10031 24 86 85
34646 10032 24 87 85
34647 10033 24 88 85
34648 10034 24 89 85
34649 10035 24 90 85
34650 10036 24 91 85
34651 10037 24 92 85
34652 10038 24 93 85
34653 10039 24 94 85
34654 10040 24 95 85
34655 10041 24 96 85
34656 10042 24 97 85
34657 10043 24 98 85
34658 10044 24 99 85
34659 10045 24 100 85
34660 10046 24 101 85
34661 10047 24 102 85
34662 10048 24 103 85
34663 10049 24 104 85
34664 10050 24 105 85
34665 10051 24 106 85
34666 10052 24 107 85
34667 10053 24 108 85
34668 10054 24 109 85
34669 10055 24 110 85
34670 10056 24 111 85
34671 10057 24 112 85
34675 10058 24 113 85
34676 10059 24 114 85
34677 10060 24 115 85
34678 10061 24 116 85
34679 10062 24 0 86
34680 10063 24 1 86
34681 10064 24 2 86
34682 10065 24 3 86
34683 10066 24 4 86
34689 10067 24 5 86
34690 10068 24 6 86
34691 10069 24 7 86
34692 10070 24 8 86
34693 10071 24 9 86
34695 10072 24 10 86
34696 10073 24 11 86
34697 10074 24 12 86
34701 10075 24 13 86
34703 10076 24 14 86
34704 10077 24 15 86
34705 10078 24 16 86
34706 10079 24 17 86
34707 10080 24 18 86
34708 10081 24 19 86
34710 10082 24 20 86
34711 10083 24 21 86
34712 10084 24 22 86
34714 10085 24 23 86
34715 10086 24 24 86
34716 10087 24 25 86
34717 10088 24 26 86
34718 10089 24 27 86
34719 10090 24 28 86
34722 10091 24 29 86
34723 10092 24 30 86
34724 10093 24 31 86
34730 10094 24 32 86
34731 10095 24 33 86
34732 10096 24 34 86
34733 10097 24 35 86
34734 10098 24 36 86
34735 10099 24 37 86
34736 10100 24 38 86
34738 10101 24 39 86
34739 10102 24 40 86
34740 10103 24 41 86
34741 10104 24 42 86
34742 10105 24 43 86
34743 10106 24 44 86
34744 10107 24 45 86
34745 10108 24 46 86
34746 10109 24 47 86
34747 10110 24 48 86
34748 10111 24 49 86
34749 10112 24 50 86
34750 10113 24 51 86
34751 10114 24 52 86
34752 10115 24 53 86
34754 10116 24 54 86
34755 10117 24 55 86
34756 10118 24 56 86
34757 10119 24 57 86
34758 10120 24 58 86
34760 10121 24 59 86
34761 10122 24 60 86
34762 10123 24 61 86
34763 10124 24 62 86
34764 10125 24 63 86
34769 10126 24 64 86
34770 10127 24 65 86
34771 10128 24 66 86
34772 10129 24 67 86
34775 10130 24 68 86
34776 10131 24 69 86
34777 10132 24 70 86
34779 10133 24 71 86
34780 10134 24 72 86
34781 10135 24 73 86
34782 10136 24 74 86
34783 10137 24 75 86
34784 10138 24 76 86
34785 10139 24 77 86
34786 10140 24 78 86
34787 10141 24 79 86
34788 10142 24 80 86
34789 10143 24 81 86
34790 10144 24 82 86
34791 10145 24 83 86
34792 10146 24 84 86
34794 10147 24 85 86
34795 10148 24 86 86
34796 10149 24 87 86
34797 10150 24 88 86
34799 10151 24 89 86
34802 10152 24 90 86
34803 10153 24 91 86
34804 10154 24 92 86
34806 10155 24 93 86
34807 10156 24 94 86
34809 10157 24 95 86
34810 10158 24 96 86
34811 10159 24 97 86
34812 10160 24 98 86
34814 10161 24 99 86
34815 10162 24 100 86
34816 10163 24 101 86
34817 10164 24 102 86
34818 10165 24 103 86
34819 10166 24 104 86
34821 10167 24 105 86
34822 10168 24 106 86
34824 10169 24 107 86
34825 10170 24 108 86
34826 10171 24 109 86
34827 10172 24 110 86
34828 10173 24 111 86
34829 10174 24 112 86
34832 10175 24 113 86
34833 10176 24 114 86
34835 10177 24 115 86
34836 10178 24 116 86
34837 10179 24 0 87
34838 10180 24 1 87
34839 10181 24 2 87
34841 10182 24 3 87
34843 10183 24 4 87
34844 10184 24 5 87
34845 10185 24 6 87
34847 10186 24 7 87
34848 10187 24 8 87
34849 10188 24 9 87
34850 10189 24 10 87
34851 10190 24 11 87
34852 10191 24 12 87
34853 10192 24 13 87
34854 10193 24 14 87
34856 10194 24 15 87
34857 10195 24 16 87
34858 10196 24 17 87
34859 10197 24 18 87
34860 10198 24 19 87
34862 10199 24 20 87
34863 10200 24 21 87
34864 10201 24 22 87
34865 10202 24 23 87
34866 10203 24 24 87
34867 10204 24 25 87
34869 10205 24 26 87
34870 10206 24 27 87
34871 10207 24 28 87
34872 10208 24 29 87
34873 10209 24 30 87
34875 10210 24 31 87
34876 10211 24 32 87
34877 10212 24 33 87
34878 10213 24 34 87
34879 10214 24 35 87
34880 10215 24 36 87
34881 10216 24 37 87
34883 10217 24 38 87
34884 10218 24 39 87
34888 10219 24 40 87
34890 10220 24 41 87
34891 10221 24 42 87
34892 10222 24 43 87
34893 10223 24 44 87
34894 10224 24 45 87
34898 10225 24 46 87
34899 10226 24 47 87
34901 10227 24 48 87
34902 10228 24 49 87
34903 10229 24 50 87
34905 10230 24 51 87
34906 10231 24 52 87
34907 10232 24 53 87
34909 10233 24 54 87
34913 10234 24 55 87
34914 10235 24 56 87
34915 10236 24 57 87
34919 10237 24 58 87
34920 10238 24 59 87
34921 10239 24 60 87
34922 10240 24 61 87
34923 10241 24 62 87
34925 10242 24 63 87
34927 10243 24 64 87
34928 10244 24 65 87
34929 10245 24 66 87
34930 10246 24 67 87
34932 10247 24 68 87
34933 10248 24 69 87
34934 10249 24 70 87
34935 10250 24 71 87
34937 10251 24 72 87
34940 10252 24 73 87
34941 10253 24 74 87
34942 10254 24 75 87
34943 10255 24 76 87
34944 10256 24 77 87
34945 10257 24 78 87
34946 10258 24 79 87
34947 10259 24 80 87
34952 10260 24 81 87
34953 10261 24 82 87
34955 10262 24 83 87
34956 10263 24 84 87
34957 10264 24 85 87
34958 10265 24 86 87
34961 10266 24 87 87
34962 10267 24 88 87
34963 10268 24 89 87
34965 10269 24 90 87
34966 10270 24 91 87
34967 10271 24 92 87
34968 10272 24 93 87
34969 10273 24 94 87
34970 10274 24 95 87
34971 10275 24 96 87
34974 10276 24 97 87
34975 10277 24 98 87
34977 10278 24 99 87
34978 10279 24 100 87
34980 10280 24 101 87
34983 10281 24 102 87
34984 10282 24 103 87
34986 10283 24 104 87
34987 10284 24 105 87
34988 10285 24 106 87
34993 10286 24 107 87
34994 10287 24 108 87
34998 10288 24 109 87
34999 10289 24 110 87
35000 10290 24 111 87
35001 10291 24 112 87
35002 10292 24 113 87
35004 10293 24 114 87
35005 10294 24 115 87
35006 10295 24 116 87
35008 10296 24 0 88
35009 10297 24 1 88
35010 10298 24 2 88
35017 10299 24 3 88
35018 10300 24 4 88
35019 10301 24 5 88
35020 10302 24 6 88
35021 10303 24 7 88
35022 10304 24 8 88
35024 10305 24 9 88
35026 10306 24 10 88
35028 10307 24 11 88
35029 10308 24 12 88
35030 10309 24 13 88
35031 10310 24 14 88
35032 10311 24 15 88
35033 10312 24 16 88
35034 10313 24 17 88
35035 10314 24 18 88
35036 10315 24 19 88
35037 10316 24 20 88
35038 10317 24 21 88
35039 10318 24 22 88
35041 10319 24 23 88
35047 10320 24 24 88
35048 10321 24 25 88
35051 10322 24 26 88
35052 10323 24 27 88
35054 10324 24 28 88
35055 10325 24 29 88
35056 10326 24 30 88
35057 10327 24 31 88
35058 10328 24 32 88
35059 10329 24 33 88
35060 10330 24 34 88
35062 10331 24 35 88
35063 10332 24 36 88
35064 10333 24 37 88
35065 10334 24 38 88
35066 10335 24 39 88
35067 10336 24 40 88
35068 10337 24 41 88
35069 10338 24 42 88
35070 10339 24 43 88
35073 10340 24 44 88
35074 10341 24 45 88
35077 10342 24 46 88
35078 10343 24 47 88
35079 10344 24 48 88
35081 10345 24 49 88
35082 10346 24 50 88
35083 10347 24 51 88
35084 10348 24 52 88
35086 10349 24 53 88
35088 10350 24 54 88
35089 10351 24 55 88
35090 10352 24 56 88
35091 10353 24 57 88
35092 10354 24 58 88
35093 10355 24 59 88
35094 10356 24 60 88
35095 10357 24 61 88
35096 10358 24 62 88
35097 10359 24 63 88
35098 10360 24 64 88
35102 10361 24 65 88
35103 10362 24 66 88
35105 10363 24 67 88
35106 10364 24 68 88
35107 10365 24 69 88
35109 10366 24 70 88
35110 10367 24 71 88
35111 10368 24 72 88
35113 10369 24 73 88
35114 10370 24 74 88
35115 10371 24 75 88
35116 10372 24 76 88
35117 10373 24 77 88
35118 10374 24 78 88
35119 10375 24 79 88
35120 10376 24 80 88
35121 10377 24 81 88
35122 10378 24 82 88
35123 10379 24 83 88
35125 10380 24 84 88
35126 10381 24 85 88
35127 10382 24 86 88
35128 10383 24 87 88
35131 10384 24 88 88
35132 10385 24 89 88
35133 10386 24 90 88
35134 10387 24 91 88
35137 10388 24 92 88
35138 10389 24 93 88
35140 10390 24 94 88
35142 10391 24 95 88
35145 10392 24 96 88
35147 10393 24 97 88
35148 10394 24 98 88
35151 10395 24 99 88
35152 10396 24 100 88
35153 10397 24 101 88
35154 10398 24 102 88
35155 10399 24 103 88
35158 10400 24 104 88
35159 10401 24 105 88
35160 10402 24 106 88
35161 10403 24 107 88
35162 10404 24 108 88
35163 10405 24 109 88
35164 10406 24 110 88
35165 10407 24 111 88
35166 10408 24 112 88
35167 10409 24 113 88
35168 10410 24 114 88
35169 10411 24 115 88
35170 10412 24 116 88
35171 10413 24 0 89
35172 10414 24 1 89
35174 10415 24 2 89
35177 10416 24 3 89
35178 10417 24 4 89
35179 10418 24 5 89
35180 10419 24 6 89
35181 10420 24 7 89
35182 10421 24 8 89
35183 10422 24 9 89
35185 10423 24 10 89
35186 10424 24 11 89
35187 10425 24 12 89
35188 10426 24 13 89
35190 10427 24 14 89
35193 10428 24 15 89
35194 10429 24 16 89
35195 10430 24 17 89
35196 10431 24 18 89
35198 10432 24 19 89
35199 10433 24 20 89
35201 10434 24 21 89
35202 10435 24 22 89
35203 10436 24 23 89
35205 10437 24 24 89
35206 10438 24 25 89
35208 10439 24 26 89
35211 10440 24 27 89
35215 10441 24 28 89
35219 10442 24 29 89
35221 10443 24 30 89
35222 10444 24 31 89
35223 10445 24 32 89
35224 10446 24 33 89
35227 10447 24 34 89
35228 10448 24 35 89
35229 10449 24 36 89
35230 10450 24 37 89
35231 10451 24 38 89
35233 10452 24 39 89
35234 10453 24 40 89
35235 10454 24 41 89
35236 10455 24 42 89
35238 10456 24 43 89
35242 10457 24 44 89
35244 10458 24 45 89
35245 10459 24 46 89
35246 10460 24 47 89
35247 10461 24 48 89
35250 10462 24 49 89
35254 10463 24 50 89
35255 10464 24 51 89
35257 10465 24 52 89
35258 10466 24 53 89
35261 10467 24 54 89
35262 10468 24 55 89
35263 10469 24 56 89
35264 10470 24 57 89
35282 10471 24 58 89
35283 10472 24 59 89
35284 10473 24 60 89
35285 10474 24 61 89
35286 10475 24 62 89
35289 10476 24 63 89
35290 10477 24 64 89
35291 10478 24 65 89
35292 10479 24 66 89
35293 10480 24 67 89
35295 10481 24 68 89
35296 10482 24 69 89
35297 10483 24 70 89
35298 10484 24 71 89
35299 10485 24 72 89
35300 10486 24 73 89
35301 10487 24 74 89
35302 10488 24 75 89
35304 10489 24 76 89
35305 10490 24 77 89
35307 10491 24 78 89
35308 10492 24 79 89
35309 10493 24 80 89
35312 10494 24 81 89
35313 10495 24 82 89
35314 10496 24 83 89
35315 10497 24 84 89
35316 10498 24 85 89
35318 10499 24 86 89
35319 10500 24 87 89
35320 10501 24 88 89
35322 10502 24 89 89
35323 10503 24 90 89
35324 10504 24 91 89
35326 10505 24 92 89
35327 10506 24 93 89
35328 10507 24 94 89
35330 10508 24 95 89
35331 10509 24 96 89
35332 10510 24 97 89
35335 10511 24 98 89
35336 10512 24 99 89
35338 10513 24 100 89
35340 10514 24 101 89
35342 10515 24 102 89
35343 10516 24 103 89
35344 10517 24 104 89
35345 10518 24 105 89
35346 10519 24 106 89
35347 10520 24 107 89
35349 10521 24 108 89
35350 10522 24 109 89
35351 10523 24 110 89
35352 10524 24 111 89
35355 10525 24 112 89
35357 10526 24 113 89
35358 10527 24 114 89
35359 10528 24 115 89
35362 10529 24 116 89
35363 10530 24 0 90
35365 10531 24 1 90
35367 10532 24 2 90
35370 10533 24 3 90
35372 10534 24 4 90
35373 10535 24 5 90
35376 10536 24 6 90
35377 10537 24 7 90
35380 10538 24 8 90
35382 10539 24 9 90
35385 10540 24 10 90
35386 10541 24 11 90
35387 10542 24 12 90
35388 10543 24 13 90
35390 10544 24 14 90
35391 10545 24 15 90
35392 10546 24 16 90
35393 10547 24 17 90
35396 10548 24 18 90
35397 10549 24 19 90
35398 10550 24 20 90
35400 10551 24 21 90
35402 10552 24 22 90
35404 10553 24 23 90
35405 10554 24 24 90
35406 10555 24 25 90
35407 10556 24 26 90
35408 10557 24 27 90
35409 10558 24 28 90
35410 10559 24 29 90
35412 10560 24 30 90
35413 10561 24 31 90
35414 10562 24 32 90
35415 10563 24 33 90
35416 10564 24 34 90
35417 10565 24 35 90
35419 10566 24 36 90
35422 10567 24 37 90
35424 10568 24 38 90
35425 10569 24 39 90
35426 10570 24 40 90
35427 10571 24 41 90
35430 10572 24 42 90
35432 10573 24 43 90
35433 10574 24 44 90
35435 10575 24 45 90
35436 10576 24 46 90
35437 10577 24 47 90
35438 10578 24 48 90
35440 10579 24 49 90
35441 10580 24 50 90
35442 10581 24 51 90
35443 10582 24 52 90
35444 10583 24 53 90
35445 10584 24 54 90
35446 10585 24 55 90
35447 10586 24 56 90
35449 10587 24 57 90
35450 10588 24 58 90
35451 10589 24 59 90
35452 10590 24 60 90
35455 10591 24 61 90
35457 10592 24 62 90
35458 10593 24 63 90
35459 10594 24 64 90
35460 10595 24 65 90
35461 10596 24 66 90
35462 10597 24 67 90
35463 10598 24 68 90
35467 10599 24 69 90
35468 10600 24 70 90
35469 10601 24 71 90
35471 10602 24 72 90
35473 10603 24 73 90
35474 10604 24 74 90
35475 10605 24 75 90
35477 10606 24 76 90
35478 10607 24 77 90
35480 10608 24 78 90
35481 10609 24 79 90
35482 10610 24 80 90
35486 10611 24 81 90
35488 10612 24 82 90
35489 10613 24 83 90
35491 10614 24 84 90
35492 10615 24 85 90
35493 10616 24 86 90
35494 10617 24 87 90
35495 10618 24 88 90
35496 10619 24 89 90
35498 10620 24 90 90
35499 10621 24 91 90
35504 10622 24 92 90
35506 10623 24 93 90
35510 10624 24 94 90
35512 10625 24 95 90
35513 10626 24 96 90
35514 10627 24 97 90
35515 10628 24 98 90
35516 10629 24 99 90
35517 10630 24 100 90
35518 10631 24 101 90
35519 10632 24 102 90
35520 10633 24 103 90
35522 10634 24 104 90
35523 10635 24 105 90
35524 10636 24 106 90
35525 10637 24 107 90
35526 10638 24 108 90
35527 10639 24 109 90
35528 10640 24 110 90
35529 10641 24 111 90
35531 10642 24 112 90
35533 10643 24 113 90
35535 10644 24 114 90
35537 10645 24 115 90
35538 10646 24 116 90
35539 10647 24 0 91
35540 10648 24 1 91
35541 10649 24 2 91
35542 10650 24 3 91
35543 10651 24 4 91
35544 10652 24 5 91
35545 10653 24 6 91
35547 10654 24 7 91
35548 10655 24 8 91
35549 10656 24 9 91
35550 10657 24 10 91
35551 10658 24 11 91
35552 10659 24 12 91
35553 10660 24 13 91
35554 10661 24 14 91
35556 10662 24 15 91
35558 10663 24 16 91
35559 10664 24 17 91
35560 10665 24 18 91
35563 10666 24 19 91
35565 10667 24 20 91
35566 10668 24 21 91
35567 10669 24 22 91
35568 10670 24 23 91
35569 10671 24 24 91
35570 10672 24 25 91
35571 10673 24 26 91
35572 10674 24 27 91
35573 10675 24 28 91
35574 10676 24 29 91
35575 10677 24 30 91
35576 10678 24 31 91
35578 10679 24 32 91
35579 10680 24 33 91
35580 10681 24 34 91
35582 10682 24 35 91
35583 10683 24 36 91
35584 10684 24 37 91
35585 10685 24 38 91
35586 10686 24 39 91
35588 10687 24 40 91
35589 10688 24 41 91
35590 10689 24 42 91
35591 10690 24 43 91
35592 10691 24 44 91
35594 10692 24 45 91
35595 10693 24 46 91
35597 10694 24 47 91
35598 10695 24 48 91
35599 10696 24 49 91
35600 10697 24 50 91
35601 10698 24 51 91
35602 10699 24 52 91
35603 10700 24 53 91
35604 10701 24 54 91
35605 10702 24 55 91
35606 10703 24 56 91
35607 10704 24 57 91
35608 10705 24 58 91
35609 10706 24 59 91
35610 10707 24 60 91
35611 10708 24 61 91
35612 10709 24 62 91
35613 10710 24 63 91
35614 10711 24 64 91
35616 10712 24 65 91
35618 10713 24 66 91
35619 10714 24 67 91
35620 10715 24 68 91
35621 10716 24 69 91
35622 10717 24 70 91
35623 10718 24 71 91
35624 10719 24 72 91
35626 10720 24 73 91
35627 10721 24 74 91
35628 10722 24 75 91
35630 10723 24 76 91
35631 10724 24 77 91
35632 10725 24 78 91
35633 10726 24 79 91
35635 10727 24 80 91
35637 10728 24 81 91
35638 10729 24 82 91
35639 10730 24 83 91
35641 10731 24 84 91
35642 10732 24 85 91
35643 10733 24 86 91
35644 10734 24 87 91
35645 10735 24 88 91
35646 10736 24 89 91
35648 10737 24 90 91
35649 10738 24 91 91
35650 10739 24 92 91
35653 10740 24 93 91
35654 10741 24 94 91
35655 10742 24 95 91
35656 10743 24 96 91
35657 10744 24 97 91
35658 10745 24 98 91
35659 10746 24 99 91
35662 10747 24 100 91
35663 10748 24 101 91
35664 10749 24 102 91
35665 10750 24 103 91
35666 10751 24 104 91
35667 10752 24 105 91
35668 10753 24 106 91
35669 10754 24 107 91
35670 10755 24 108 91
35671 10756 24 109 91
35672 10757 24 110 91
35673 10758 24 111 91
35674 10759 24 112 91
35676 10760 24 113 91
35677 10761 24 114 91
35679 10762 24 115 91
35680 10763 24 116 91
35683 10764 24 0 92
35685 10765 24 1 92
35686 10766 24 2 92
35687 10767 24 3 92
35688 10768 24 4 92
35690 10769 24 5 92
35691 10770 24 6 92
35692 10771 24 7 92
35693 10772 24 8 92
35695 10773 24 9 92
35696 10774 24 10 92
35700 10775 24 11 92
35703 10776 24 12 92
35704 10777 24 13 92
35705 10778 24 14 92
35706 10779 24 15 92
35707 10780 24 16 92
35709 10781 24 17 92
35710 10782 24 18 92
35711 10783 24 19 92
35712 10784 24 20 92
35714 10785 24 21 92
35716 10786 24 22 92
35717 10787 24 23 92
35718 10788 24 24 92
35720 10789 24 25 92
35722 10790 24 26 92
35723 10791 24 27 92
35724 10792 24 28 92
35726 10793 24 29 92
35730 10794 24 30 92
35731 10795 24 31 92
35732 10796 24 32 92
35733 10797 24 33 92
35734 10798 24 34 92
35736 10799 24 35 92
35737 10800 24 36 92
35738 10801 24 37 92
35740 10802 24 38 92
35742 10803 24 39 92
35743 10804 24 40 92
35895 10805 24 41 92
35897 10806 24 42 92
35899 10807 24 43 92
35900 10808 24 44 92
35901 10809 24 45 92
35902 10810 24 46 92
35903 10811 24 47 92
35905 10812 24 48 92
35906 10813 24 49 92
35907 10814 24 50 92
35909 10815 24 51 92
35910 10816 24 52 92
35911 10817 24 53 92
35912 10818 24 54 92
35913 10819 24 55 92
35914 10820 24 56 92
35915 10821 24 57 92
35916 10822 24 58 92
35917 10823 24 59 92
35918 10824 24 60 92
35919 10825 24 61 92
35920 10826 24 62 92
35924 10827 24 63 92
35925 10828 24 64 92
35926 10829 24 65 92
35927 10830 24 66 92
35930 10831 24 67 92
35932 10832 24 68 92
35933 10833 24 69 92
35935 10834 24 70 92
35937 10835 24 71 92
35938 10836 24 72 92
35940 10837 24 73 92
35941 10838 24 74 92
35942 10839 24 75 92
35944 10840 24 76 92
35945 10841 24 77 92
35946 10842 24 78 92
35947 10843 24 79 92
35948 10844 24 80 92
35949 10845 24 81 92
35951 10846 24 82 92
35952 10847 24 83 92
35953 10848 24 84 92
35954 10849 24 85 92
35955 10850 24 86 92
35957 10851 24 87 92
35958 10852 24 88 92
35959 10853 24 89 92
35960 10854 24 90 92
35961 10855 24 91 92
35962 10856 24 92 92
35963 10857 24 93 92
35965 10858 24 94 92
35968 10859 24 95 92
35969 10860 24 96 92
35970 10861 24 97 92
35972 10862 24 98 92
35973 10863 24 99 92
35974 10864 24 100 92
35977 10865 24 101 92
35978 10866 24 102 92
35980 10867 24 103 92
35981 10868 24 104 92
35983 10869 24 105 92
35984 10870 24 106 92
35985 10871 24 107 92
35986 10872 24 108 92
35987 10873 24 109 92
35988 10874 24 110 92
35989 10875 24 111 92
35991 10876 24 112 92
35992 10877 24 113 92
35993 10878 24 114 92
35994 10879 24 115 92
35996 10880 24 116 92
35997 10881 24 0 93
35998 10882 24 1 93
36000 10883 24 2 93
36001 10884 24 3 93
36002 10885 24 4 93
36003 10886 24 5 93
36004 10887 24 6 93
36005 10888 24 7 93
36007 10889 24 8 93
36008 10890 24 9 93
36009 10891 24 10 93
36010 10892 24 11 93
36011 10893 24 12 93
36012 10894 24 13 93
36015 10895 24 14 93
36016 10896 24 15 93
36018 10897 24 16 93
36019 10898 24 17 93
36020 10899 24 18 93
36021 10900 24 19 93
36022 10901 24 20 93
36023 10902 24 21 93
36024 10903 24 22 93
36025 10904 24 23 93
36026 10905 24 24 93
36027 10906 24 25 93
36028 10907 24 26 93
36029 10908 24 27 93
36030 10909 24 28 93
36031 10910 24 29 93
36032 10911 24 30 93
36033 10912 24 31 93
36034 10913 24 32 93
36035 10914 24 33 93
36036 10915 24 34 93
36037 10916 24 35 93
36039 10917 24 36 93
36040 10918 24 37 93
36042 10919 24 38 93
36044 10920 24 39 93
36047 10921 24 40 93
36049 10922 24 41 93
36050 10923 24 42 93
36051 10924 24 43 93
36053 10925 24 44 93
36055 10926 24 45 93
36057 10927 24 46 93
36058 10928 24 47 93
36060 10929 24 48 93
36061 10930 24 49 93
36062 10931 24 50 93
36063 10932 24 51 93
36064 10933 24 52 93
36065 10934 24 53 93
36066 10935 24 54 93
36067 10936 24 55 93
36068 10937 24 56 93
36069 10938 24 57 93
36070 10939 24 58 93
36071 10940 24 59 93
36072 10941 24 60 93
36074 10942 24 61 93
36076 10943 24 62 93
36077 10944 24 63 93
36078 10945 24 64 93
36080 10946 24 65 93
36081 10947 24 66 93
36083 10948 24 67 93
36084 10949 24 68 93
36085 10950 24 69 93
36088 10951 24 70 93
36089 10952 24 71 93
36090 10953 24 72 93
36091 10954 24 73 93
36092 10955 24 74 93
36093 10956 24 75 93
36094 10957 24 76 93
36096 10958 24 77 93
36098 10959 24 78 93
36100 10960 24 79 93
36101 10961 24 80 93
36102 10962 24 81 93
36103 10963 24 82 93
36104 10964 24 83 93
36105 10965 24 84 93
36106 10966 24 85 93
36109 10967 24 86 93
36111 10968 24 87 93
36112 10969 24 88 93
36115 10970 24 89 93
36116 10971 24 90 93
36117 10972 24 91 93
36118 10973 24 92 93
36119 10974 24 93 93
36121 10975 24 94 93
36123 10976 24 95 93
36196 10977 24 96 93
36198 10978 24 97 93
36199 10979 24 98 93
36200 10980 24 99 93
36201 10981 24 100 93
36203 10982 24 101 93
36204 10983 24 102 93
36205 10984 24 103 93
36206 10985 24 104 93
36207 10986 24 105 93
36208 10987 24 106 93
36210 10988 24 107 93
36211 10989 24 108 93
36212 10990 24 109 93
36214 10991 24 110 93
36215 10992 24 111 93
36216 10993 24 112 93
36217 10994 24 113 93
36219 10995 24 114 93
36221 10996 24 115 93
36224 10997 24 116 93
36225 10998 24 0 94
36228 10999 24 1 94
36229 11000 24 2 94
36233 11001 24 3 94
36234 11002 24 4 94
36236 11003 24 5 94
36237 11004 24 6 94
36238 11005 24 7 94
36239 11006 24 8 94
36240 11007 24 9 94
36241 11008 24 10 94
36242 11009 24 11 94
36243 11010 24 12 94
36244 11011 24 13 94
36245 11012 24 14 94
36246 11013 24 15 94
36249 11014 24 16 94
36251 11015 24 17 94
36252 11016 24 18 94
36255 11017 24 19 94
36256 11018 24 20 94
36257 11019 24 21 94
36259 11020 24 22 94
36261 11021 24 23 94
36263 11022 24 24 94
36264 11023 24 25 94
36266 11024 24 26 94
36267 11025 24 27 94
36268 11026 24 28 94
36269 11027 24 29 94
36270 11028 24 30 94
36271 11029 24 31 94
36274 11030 24 32 94
36275 11031 24 33 94
36276 11032 24 34 94
36277 11033 24 35 94
36278 11034 24 36 94
36279 11035 24 37 94
36281 11036 24 38 94
36282 11037 24 39 94
36284 11038 24 40 94
36286 11039 24 41 94
36287 11040 24 42 94
36289 11041 24 43 94
36290 11042 24 44 94
36293 11043 24 45 94
36294 11044 24 46 94
36295 11045 24 47 94
36296 11046 24 48 94
36299 11047 24 49 94
36300 11048 24 50 94
36301 11049 24 51 94
36302 11050 24 52 94
36303 11051 24 53 94
36304 11052 24 54 94
36305 11053 24 55 94
36307 11054 24 56 94
36309 11055 24 57 94
36310 11056 24 58 94
36311 11057 24 59 94
36312 11058 24 60 94
36313 11059 24 61 94
36314 11060 24 62 94
36315 11061 24 63 94
36316 11062 24 64 94
36317 11063 24 65 94
36319 11064 24 66 94
36320 11065 24 67 94
36321 11066 24 68 94
36322 11067 24 69 94
36323 11068 24 70 94
36324 11069 24 71 94
36326 11070 24 72 94
36327 11071 24 73 94
36328 11072 24 74 94
36329 11073 24 75 94
36330 11074 24 76 94
36331 11075 24 77 94
36332 11076 24 78 94
36334 11077 24 79 94
36335 11078 24 80 94
36336 11079 24 81 94
36337 11080 24 82 94
36338 11081 24 83 94
36339 11082 24 84 94
36340 11083 24 85 94
36346 11084 24 86 94
36348 11085 24 87 94
36349 11086 24 88 94
36350 11087 24 89 94
36351 11088 24 90 94
36352 11089 24 91 94
36354 11090 24 92 94
36355 11091 24 93 94
36356 11092 24 94 94
36357 11093 24 95 94
36358 11094 24 96 94
36359 11095 24 97 94
36361 11096 24 98 94
36362 11097 24 99 94
36365 11098 24 100 94
36367 11099 24 101 94
36368 11100 24 102 94
36369 11101 24 103 94
36370 11102 24 104 94
36371 11103 24 105 94
36372 11104 24 106 94
36373 11105 24 107 94
36374 11106 24 108 94
36375 11107 24 109 94
36376 11108 24 110 94
36377 11109 24 111 94
36378 11110 24 112 94
36379 11111 24 113 94
36380 11112 24 114 94
36381 11113 24 115 94
36382 11114 24 116 94
36383 11115 24 0 95
36384 11116 24 1 95
36385 11117 24 2 95
36386 11118 24 3 95
36387 11119 24 4 95
36388 11120 24 5 95
36389 11121 24 6 95
36390 11122 24 7 95
36391 11123 24 8 95
36393 11124 24 9 95
36395 11125 24 10 95
36398 11126 24 11 95
36400 11127 24 12 95
36401 11128 24 13 95
36403 11129 24 14 95
36404 11130 24 15 95
36405 11131 24 16 95
36406 11132 24 17 95
36408 11133 24 18 95
36409 11134 24 19 95
36412 11135 24 20 95
36413 11136 24 21 95
36414 11137 24 22 95
36415 11138 24 23 95
36416 11139 24 24 95
36417 11140 24 25 95
36418 11141 24 26 95
36420 11142 24 27 95
36421 11143 24 28 95
36423 11144 24 29 95
36424 11145 24 30 95
36425 11146 24 31 95
36426 11147 24 32 95
36427 11148 24 33 95
36428 11149 24 34 95
36429 11150 24 35 95
36430 11151 24 36 95
36432 11152 24 37 95
36435 11153 24 38 95
36436 11154 24 39 95
36437 11155 24 40 95
36438 11156 24 41 95
36439 11157 24 42 95
36441 11158 24 43 95
36442 11159 24 44 95
36443 11160 24 45 95
36444 11161 24 46 95
36445 11162 24 47 95
36446 11163 24 48 95
36447 11164 24 49 95
36448 11165 24 50 95
36449 11166 24 51 95
36450 11167 24 52 95
36451 11168 24 53 95
36452 11169 24 54 95
36453 11170 24 55 95
36454 11171 24 56 95
36455 11172 24 57 95
36457 11173 24 58 95
36458 11174 24 59 95
36460 11175 24 60 95
36461 11176 24 61 95
36463 11177 24 62 95
36466 11178 24 63 95
36467 11179 24 64 95
36468 11180 24 65 95
36470 11181 24 66 95
36472 11182 24 67 95
36474 11183 24 68 95
36475 11184 24 69 95
36476 11185 24 70 95
36481 11186 24 71 95
36482 11187 24 72 95
36484 11188 24 73 95
36485 11189 24 74 95
36486 11190 24 75 95
36487 11191 24 76 95
36488 11192 24 77 95
36489 11193 24 78 95
36490 11194 24 79 95
36491 11195 24 80 95
36492 11196 24 81 95
36493 11197 24 82 95
36494 11198 24 83 95
36496 11199 24 84 95
36497 11200 24 85 95
36498 11201 24 86 95
36499 11202 24 87 95
36500 11203 24 88 95
36501 11204 24 89 95
36502 11205 24 90 95
36503 11206 24 91 95
36504 11207 24 92 95
36506 11208 24 93 95
36509 11209 24 94 95
36510 11210 24 95 95
36511 11211 24 96 95
36512 11212 24 97 95
36513 11213 24 98 95
36515 11214 24 99 95
36516 11215 24 100 95
36517 11216 24 101 95
36518 11217 24 102 95
36520 11218 24 103 95
36521 11219 24 104 95
36522 11220 24 105 95
36523 11221 24 106 95
36524 11222 24 107 95
36530 11223 24 108 95
36538 11224 24 109 95
36541 11225 24 110 95
36544 11226 24 111 95
36546 11227 24 112 95
36553 11228 24 113 95
36554 11229 24 114 95
36555 11230 24 115 95
36556 11231 24 116 95
36557 11232 24 0 96
36559 11233 24 1 96
36561 11234 24 2 96
36562 11235 24 3 96
36563 11236 24 4 96
36564 11237 24 5 96
36567 11238 24 6 96
36568 11239 24 7 96
36571 11240 24 8 96
36572 11241 24 9 96
36573 11242 24 10 96
36574 11243 24 11 96
36575 11244 24 12 96
36576 11245 24 13 96
36577 11246 24 14 96
36581 11247 24 15 96
36582 11248 24 16 96
36583 11249 24 17 96
36584 11250 24 18 96
36585 11251 24 19 96
36587 11252 24 20 96
36588 11253 24 21 96
36590 11254 24 22 96
36591 11255 24 23 96
36593 11256 24 24 96
36596 11257 24 25 96
36597 11258 24 26 96
36598 11259 24 27 96
36599 11260 24 28 96
36600 11261 24 29 96
36601 11262 24 30 96
36602 11263 24 31 96
36603 11264 24 32 96
36604 11265 24 33 96
36606 11266 24 34 96
36607 11267 24 35 96
36608 11268 24 36 96
36609 11269 24 37 96
36610 11270 24 38 96
36611 11271 24 39 96
36613 11272 24 40 96
36614 11273 24 41 96
36615 11274 24 42 96
36616 11275 24 43 96
36617 11276 24 44 96
36618 11277 24 45 96
36619 11278 24 46 96
36621 11279 24 47 96
36622 11280 24 48 96
36624 11281 24 49 96
36625 11282 24 50 96
36626 11283 24 51 96
36627 11284 24 52 96
36628 11285 24 53 96
36629 11286 24 54 96
36630 11287 24 55 96
36631 11288 24 56 96
36632 11289 24 57 96
36634 11290 24 58 96
36635 11291 24 59 96
36636 11292 24 60 96
36637 11293 24 61 96
36638 11294 24 62 96
36639 11295 24 63 96
36640 11296 24 64 96
36643 11297 24 65 96
36644 11298 24 66 96
36645 11299 24 67 96
36646 11300 24 68 96
36649 11301 24 69 96
36650 11302 24 70 96
36652 11303 24 71 96
36654 11304 24 72 96
36655 11305 24 73 96
36658 11306 24 74 96
36659 11307 24 75 96
36660 11308 24 76 96
36661 11309 24 77 96
36662 11310 24 78 96
36663 11311 24 79 96
36664 11312 24 80 96
36665 11313 24 81 96
36667 11314 24 82 96
36670 11315 24 83 96
36671 11316 24 84 96
36672 11317 24 85 96
36674 11318 24 86 96
36675 11319 24 87 96
36676 11320 24 88 96
36677 11321 24 89 96
36678 11322 24 90 96
36679 11323 24 91 96
36680 11324 24 92 96
36681 11325 24 93 96
36683 11326 24 94 96
36685 11327 24 95 96
36686 11328 24 96 96
36687 11329 24 97 96
36688 11330 24 98 96
36689 11331 24 99 96
36690 11332 24 100 96
36691 11333 24 101 96
36692 11334 24 102 96
36693 11335 24 103 96
36694 11336 24 104 96
36695 11337 24 105 96
36696 11338 24 106 96
36697 11339 24 107 96
36698 11340 24 108 96
36699 11341 24 109 96
36701 11342 24 110 96
36702 11343 24 111 96
36703 11344 24 112 96
36704 11345 24 113 96
36705 11346 24 114 96
36706 11347 24 115 96
36707 11348 24 116 96
36708 11349 24 0 97
36763 11350 24 1 97
36764 11351 24 2 97
36767 11352 24 3 97
36771 11353 24 4 97
36774 11354 24 5 97
36776 11355 24 6 97
36781 11356 24 7 97
36782 11357 24 8 97
36783 11358 24 9 97
36784 11359 24 10 97
36785 11360 24 11 97
36786 11361 24 12 97
36788 11362 24 13 97
36799 11363 24 14 97
36802 11364 24 15 97
36804 11365 24 16 97
36805 11366 24 17 97
36806 11367 24 18 97
36809 11368 24 19 97
36811 11369 24 20 97
36813 11370 24 21 97
36814 11371 24 22 97
36817 11372 24 23 97
36818 11373 24 24 97
36819 11374 24 25 97
36820 11375 24 26 97
36821 11376 24 27 97
36822 11377 24 28 97
36823 11378 24 29 97
36832 11379 24 30 97
36833 11380 24 31 97
36834 11381 24 32 97
36835 11382 24 33 97
36836 11383 24 34 97
36837 11384 24 35 97
36838 11385 24 36 97
36840 11386 24 37 97
36842 11387 24 38 97
36843 11388 24 39 97
36845 11389 24 40 97
36846 11390 24 41 97
36848 11391 24 42 97
36852 11392 24 43 97
36853 11393 24 44 97
36854 11394 24 45 97
36855 11395 24 46 97
36856 11396 24 47 97
36858 11397 24 48 97
36859 11398 24 49 97
36860 11399 24 50 97
36861 11400 24 51 97
36862 11401 24 52 97
36863 11402 24 53 97
36864 11403 24 54 97
36865 11404 24 55 97
36866 11405 24 56 97
36867 11406 24 57 97
36868 11407 24 58 97
36869 11408 24 59 97
36870 11409 24 60 97
36875 11410 24 61 97
36876 11411 24 62 97
36877 11412 24 63 97
36879 11413 24 64 97
36880 11414 24 65 97
36881 11415 24 66 97
36884 11416 24 67 97
36885 11417 24 68 97
36886 11418 24 69 97
36887 11419 24 70 97
36889 11420 24 71 97
36890 11421 24 72 97
36891 11422 24 73 97
36892 11423 24 74 97
36893 11424 24 75 97
36894 11425 24 76 97
36895 11426 24 77 97
36896 11427 24 78 97
36897 11428 24 79 97
36898 11429 24 80 97
36899 11430 24 81 97
36900 11431 24 82 97
36909 11432 24 83 97
36910 11433 24 84 97
36911 11434 24 85 97
36913 11435 24 86 97
36914 11436 24 87 97
36916 11437 24 88 97
36917 11438 24 89 97
36918 11439 24 90 97
36920 11440 24 91 97
36924 11441 24 92 97
36925 11442 24 93 97
36926 11443 24 94 97
36927 11444 24 95 97
36929 11445 24 96 97
36930 11446 24 97 97
36932 11447 24 98 97
36935 11448 24 99 97
36937 11449 24 100 97
36938 11450 24 101 97
36939 11451 24 102 97
36941 11452 24 103 97
36942 11453 24 104 97
36943 11454 24 105 97
36944 11455 24 106 97
36945 11456 24 107 97
36946 11457 24 108 97
36947 11458 24 109 97
36948 11459 24 110 97
36949 11460 24 111 97
36952 11461 24 112 97
36953 11462 24 113 97
36955 11463 24 114 97
36956 11464 24 115 97
36957 11465 24 116 97
36958 11466 24 0 98
36960 11467 24 1 98
36962 11468 24 2 98
36963 11469 24 3 98
36967 11470 24 4 98
36968 11471 24 5 98
36969 11472 24 6 98
36971 11473 24 7 98
36973 11474 24 8 98
36974 11475 24 9 98
36975 11476 24 10 98
36976 11477 24 11 98
36978 11478 24 12 98
36979 11479 24 13 98
36980 11480 24 14 98
36981 11481 24 15 98
36982 11482 24 16 98
36983 11483 24 17 98
36984 11484 24 18 98
36985 11485 24 19 98
36986 11486 24 20 98
36987 11487 24 21 98
36988 11488 24 22 98
36989 11489 24 23 98
36990 11490 24 24 98
36991 11491 24 25 98
36992 11492 24 26 98
36993 11493 24 27 98
36994 11494 24 28 98
36995 11495 24 29 98
36996 11496 24 30 98
36997 11497 24 31 98
36998 11498 24 32 98
36999 11499 24 33 98
37000 11500 24 34 98
37002 11501 24 35 98
37003 11502 24 36 98
37005 11503 24 37 98
37007 11504 24 38 98
37008 11505 24 39 98
37009 11506 24 40 98
37012 11507 24 41 98
37013 11508 24 42 98
37015 11509 24 43 98
37016 11510 24 44 98
37017 11511 24 45 98
37019 11512 24 46 98
37022 11513 24 47 98
37023 11514 24 48 98
37024 11515 24 49 98
37025 11516 24 50 98
37026 11517 24 51 98
37027 11518 24 52 98
37029 11519 24 53 98
37030 11520 24 54 98
37031 11521 24 55 98
37034 11522 24 56 98
37039 11523 24 57 98
37040 11524 24 58 98
37041 11525 24 59 98
37042 11526 24 60 98
37043 11527 24 61 98
37044 11528 24 62 98
37045 11529 24 63 98
37046 11530 24 64 98
37048 11531 24 65 98
37053 11532 24 66 98
37054 11533 24 67 98
37055 11534 24 68 98
37057 11535 24 69 98
37059 11536 24 70 98
37061 11537 24 71 98
37063 11538 24 72 98
37064 11539 24 73 98
37066 11540 24 74 98
37067 11541 24 75 98
37070 11542 24 76 98
37076 11543 24 77 98
37077 11544 24 78 98
37078 11545 24 79 98
37079 11546 24 80 98
37080 11547 24 81 98
37081 11548 24 82 98
37082 11549 24 83 98
37083 11550 24 84 98
37084 11551 24 85 98
37085 11552 24 86 98
37087 11553 24 87 98
37088 11554 24 88 98
37089 11555 24 89 98
37090 11556 24 90 98
37091 11557 24 91 98
37092 11558 24 92 98
37093 11559 24 93 98
37096 11560 24 94 98
37097 11561 24 95 98
37098 11562 24 96 98
37099 11563 24 97 98
37100 11564 24 98 98
37101 11565 24 99 98
37103 11566 24 100 98
37104 11567 24 101 98
37105 11568 24 102 98
37106 11569 24 103 98
37107 11570 24 104 98
37108 11571 24 105 98
37109 11572 24 106 98
37113 11573 24 107 98
37114 11574 24 108 98
37115 11575 24 109 98
37116 11576 24 110 98
37117 11577 24 111 98
37118 11578 24 112 98
37119 11579 24 113 98
37120 11580 24 114 98
37121 11581 24 115 98
37122 11582 24 116 98
37123 11583 24 0 99
37124 11584 24 1 99
37125 11585 24 2 99
37126 11586 24 3 99
37127 11587 24 4 99
37128 11588 24 5 99
37129 11589 24 6 99
37131 11590 24 7 99
37133 11591 24 8 99
37134 11592 24 9 99
37135 11593 24 10 99
37136 11594 24 11 99
37137 11595 24 12 99
37138 11596 24 13 99
37140 11597 24 14 99
37142 11598 24 15 99
37143 11599 24 16 99
37144 11600 24 17 99
37145 11601 24 18 99
37146 11602 24 19 99
37147 11603 24 20 99
37148 11604 24 21 99
37149 11605 24 22 99
37150 11606 24 23 99
37151 11607 24 24 99
37152 11608 24 25 99
37153 11609 24 26 99
37154 11610 24 27 99
37155 11611 24 28 99
37156 11612 24 29 99
37158 11613 24 30 99
37159 11614 24 31 99
37160 11615 24 32 99
37161 11616 24 33 99
37162 11617 24 34 99
37163 11618 24 35 99
37164 11619 24 36 99
37165 11620 24 37 99
37166 11621 24 38 99
37167 11622 24 39 99
37168 11623 24 40 99
37169 11624 24 41 99
37170 11625 24 42 99
37171 11626 24 43 99
37172 11627 24 44 99
37173 11628 24 45 99
37174 11629 24 46 99
37176 11630 24 47 99
37177 11631 24 48 99
37178 11632 24 49 99
37179 11633 24 50 99
37182 11634 24 51 99
37183 11635 24 52 99
37184 11636 24 53 99
37185 11637 24 54 99
37187 11638 24 55 99
37188 11639 24 56 99
37189 11640 24 57 99
37190 11641 24 58 99
37191 11642 24 59 99
37192 11643 24 60 99
37193 11644 24 61 99
37194 11645 24 62 99
37195 11646 24 63 99
37196 11647 24 64 99
37197 11648 24 65 99
37198 11649 24 66 99
37199 11650 24 67 99
37200 11651 24 68 99
37202 11652 24 69 99
37203 11653 24 70 99
37205 11654 24 71 99
37206 11655 24 72 99
37207 11656 24 73 99
37208 11657 24 74 99
37210 11658 24 75 99
37215 11659 24 76 99
37216 11660 24 77 99
37217 11661 24 78 99
37218 11662 24 79 99
37219 11663 24 80 99
37220 11664 24 81 99
37221 11665 24 82 99
37224 11666 24 83 99
37225 11667 24 84 99
37226 11668 24 85 99
37228 11669 24 86 99
37230 11670 24 87 99
37231 11671 24 88 99
37234 11672 24 89 99
37235 11673 24 90 99
37236 11674 24 91 99
37237 11675 24 92 99
37239 11676 24 93 99
37240 11677 24 94 99
37241 11678 24 95 99
37242 11679 24 96 99
37248 11680 24 97 99
37249 11681 24 98 99
37250 11682 24 99 99
37251 11683 24 100 99
37252 11684 24 101 99
37253 11685 24 102 99
37254 11686 24 103 99
37255 11687 24 104 99
37257 11688 24 105 99
37258 11689 24 106 99
37259 11690 24 107 99
37261 11691 24 108 99
37263 11692 24 109 99
37264 11693 24 110 99
37265 11694 24 111 99
37266 11695 24 112 99
37267 11696 24 113 99
37273 11697 24 114 99
37274 11698 24 115 99
37275 11699 24 116 99
37276 11700 24 0 100
37277 11701 24 1 100
37278 11702 24 2 100
37279 11703 24 3 100
37280 11704 24 4 100
37281 11705 24 5 100
37282 11706 24 6 100
37283 11707 24 7 100
37285 11708 24 8 100
37287 11709 24 9 100
37288 11710 24 10 100
37290 11711 24 11 100
37291 11712 24 12 100
37292 11713 24 13 100
37293 11714 24 14 100
37294 11715 24 15 100
37295 11716 24 16 100
37296 11717 24 17 100
37297 11718 24 18 100
37298 11719 24 19 100
37299 11720 24 20 100
37300 11721 24 21 100
37301 11722 24 22 100
37303 11723 24 23 100
37305 11724 24 24 100
37306 11725 24 25 100
37308 11726 24 26 100
37309 11727 24 27 100
37310 11728 24 28 100
37312 11729 24 29 100
37313 11730 24 30 100
37314 11731 24 31 100
37315 11732 24 32 100
37317 11733 24 33 100
37318 11734 24 34 100
37319 11735 24 35 100
37321 11736 24 36 100
37323 11737 24 37 100
37324 11738 24 38 100
37325 11739 24 39 100
37326 11740 24 40 100
37327 11741 24 41 100
37328 11742 24 42 100
37329 11743 24 43 100
37331 11744 24 44 100
37332 11745 24 45 100
37333 11746 24 46 100
37335 11747 24 47 100
37336 11748 24 48 100
37337 11749 24 49 100
37338 11750 24 50 100
37340 11751 24 51 100
37341 11752 24 52 100
37346 11753 24 53 100
37347 11754 24 54 100
37348 11755 24 55 100
37350 11756 24 56 100
37351 11757 24 57 100
37352 11758 24 58 100
37353 11759 24 59 100
37354 11760 24 60 100
37355 11761 24 61 100
37356 11762 24 62 100
37357 11763 24 63 100
37358 11764 24 64 100
37361 11765 24 65 100
37363 11766 24 66 100
37364 11767 24 67 100
37365 11768 24 68 100
37367 11769 24 69 100
37368 11770 24 70 100
37369 11771 24 71 100
37373 11772 24 72 100
37375 11773 24 73 100
37376 11774 24 74 100
37377 11775 24 75 100
37378 11776 24 76 100
37379 11777 24 77 100
37380 11778 24 78 100
37381 11779 24 79 100
37382 11780 24 80 100
37383 11781 24 81 100
37385 11782 24 82 100
37386 11783 24 83 100
37388 11784 24 84 100
37389 11785 24 85 100
37391 11786 24 86 100
37392 11787 24 87 100
37393 11788 24 88 100
37394 11789 24 89 100
37396 11790 24 90 100
37397 11791 24 91 100
37398 11792 24 92 100
37399 11793 24 93 100
37401 11794 24 94 100
37402 11795 24 95 100
37404 11796 24 96 100
37406 11797 24 97 100
37411 11798 24 98 100
37412 11799 24 99 100
37413 11800 24 100 100
37414 11801 24 101 100
37415 11802 24 102 100
37421 11803 24 103 100
37422 11804 24 104 100
37424 11805 24 105 100
37425 11806 24 106 100
37426 11807 24 107 100
37427 11808 24 108 100
37428 11809 24 109 100
37430 11810 24 110 100
37431 11811 24 111 100
37432 11812 24 112 100
37433 11813 24 113 100
37434 11814 24 114 100
37437 11815 24 115 100
37438 11816 24 116 100
37439 11817 24 0 101
37440 11818 24 1 101
37445 11819 24 2 101
37446 11820 24 3 101
37448 11821 24 4 101
37449 11822 24 5 101
37450 11823 24 6 101
37451 11824 24 7 101
37452 11825 24 8 101
37453 11826 24 9 101
37454 11827 24 10 101
37455 11828 24 11 101
37456 11829 24 12 101
37457 11830 24 13 101
37458 11831 24 14 101
37459 11832 24 15 101
37460 11833 24 16 101
37462 11834 24 17 101
37463 11835 24 18 101
37466 11836 24 19 101
37467 11837 24 20 101
37470 11838 24 21 101
37472 11839 24 22 101
37473 11840 24 23 101
37475 11841 24 24 101
37476 11842 24 25 101
37477 11843 24 26 101
37478 11844 24 27 101
37479 11845 24 28 101
37484 11846 24 29 101
37485 11847 24 30 101
37487 11848 24 31 101
37488 11849 24 32 101
37490 11850 24 33 101
37494 11851 24 34 101
37496 11852 24 35 101
37497 11853 24 36 101
37498 11854 24 37 101
37499 11855 24 38 101
37500 11856 24 39 101
37501 11857 24 40 101
37502 11858 24 41 101
37503 11859 24 42 101
37504 11860 24 43 101
37506 11861 24 44 101
37507 11862 24 45 101
37509 11863 24 46 101
37510 11864 24 47 101
37511 11865 24 48 101
37512 11866 24 49 101
37514 11867 24 50 101
37515 11868 24 51 101
37516 11869 24 52 101
37517 11870 24 53 101
37518 11871 24 54 101
37521 11872 24 55 101
37523 11873 24 56 101
37524 11874 24 57 101
37525 11875 24 58 101
37526 11876 24 59 101
37527 11877 24 60 101
37528 11878 24 61 101
37529 11879 24 62 101
37530 11880 24 63 101
37531 11881 24 64 101
37532 11882 24 65 101
37533 11883 24 66 101
37536 11884 24 67 101
37537 11885 24 68 101
37538 11886 24 69 101
37539 11887 24 70 101
37540 11888 24 71 101
37541 11889 24 72 101
37542 11890 24 73 101
37543 11891 24 74 101
37544 11892 24 75 101
37545 11893 24 76 101
37546 11894 24 77 101
37547 11895 24 78 101
37548 11896 24 79 101
37554 11897 24 80 101
37555 11898 24 81 101
37556 11899 24 82 101
37557 11900 24 83 101
37558 11901 24 84 101
37559 11902 24 85 101
37563 11903 24 86 101
37564 11904 24 87 101
37568 11905 24 88 101
37569 11906 24 89 101
37570 11907 24 90 101
37571 11908 24 91 101
37572 11909 24 92 101
37573 11910 24 93 101
37574 11911 24 94 101
37575 11912 24 95 101
37576 11913 24 96 101
37577 11914 24 97 101
37578 11915 24 98 101
37579 11916 24 99 101
37580 11917 24 100 101
37581 11918 24 101 101
37582 11919 24 102 101
37583 11920 24 103 101
37584 11921 24 104 101
37585 11922 24 105 101
37586 11923 24 106 101
37587 11924 24 107 101
37589 11925 24 108 101
37591 11926 24 109 101
37592 11927 24 110 101
37593 11928 24 111 101
37597 11929 24 112 101
37598 11930 24 113 101
37599 11931 24 114 101
37600 11932 24 115 101
37601 11933 24 116 101
37604 11934 24 0 102
37606 11935 24 1 102
37607 11936 24 2 102
37608 11937 24 3 102
37609 11938 24 4 102
37610 11939 24 5 102
37614 11940 24 6 102
37615 11941 24 7 102
37616 11942 24 8 102
37617 11943 24 9 102
37623 11944 24 10 102
37624 11945 24 11 102
37625 11946 24 12 102
37626 11947 24 13 102
37627 11948 24 14 102
37628 11949 24 15 102
37630 11950 24 16 102
37631 11951 24 17 102
37632 11952 24 18 102
37633 11953 24 19 102
37634 11954 24 20 102
37636 11955 24 21 102
37638 11956 24 22 102
37640 11957 24 23 102
37641 11958 24 24 102
37643 11959 24 25 102
37644 11960 24 26 102
37645 11961 24 27 102
37646 11962 24 28 102
37647 11963 24 29 102
37648 11964 24 30 102
37650 11965 24 31 102
37651 11966 24 32 102
37652 11967 24 33 102
37653 11968 24 34 102
37654 11969 24 35 102
37656 11970 24 36 102
37657 11971 24 37 102
37658 11972 24 38 102
37659 11973 24 39 102
37661 11974 24 40 102
37662 11975 24 41 102
37663 11976 24 42 102
37664 11977 24 43 102
37665 11978 24 44 102
37666 11979 24 45 102
37667 11980 24 46 102
37668 11981 24 47 102
37669 11982 24 48 102
37670 11983 24 49 102
37671 11984 24 50 102
37672 11985 24 51 102
37673 11986 24 52 102
37674 11987 24 53 102
37675 11988 24 54 102
37677 11989 24 55 102
37678 11990 24 56 102
37679 11991 24 57 102
37683 11992 24 58 102
37684 11993 24 59 102
37685 11994 24 60 102
37686 11995 24 61 102
37688 11996 24 62 102
37689 11997 24 63 102
37692 11998 24 64 102
37702 11999 24 65 102
37703 12000 24 66 102
37705 12001 24 67 102
37706 12002 24 68 102
37707 12003 24 69 102
37708 12004 24 70 102
37709 12005 24 71 102
37710 12006 24 72 102
37711 12007 24 73 102
37712 12008 24 74 102
37713 12009 24 75 102
37714 12010 24 76 102
37716 12011 24 77 102
37717 12012 24 78 102
37718 12013 24 79 102
37719 12014 24 80 102
37720 12015 24 81 102
37721 12016 24 82 102
37722 12017 24 83 102
37723 12018 24 84 102
37724 12019 24 85 102
37726 12020 24 86 102
37728 12021 24 87 102
37729 12022 24 88 102
37731 12023 24 89 102
37732 12024 24 90 102
37733 12025 24 91 102
37735 12026 24 92 102
37738 12027 24 93 102
37740 12028 24 94 102
37741 12029 24 95 102
37744 12030 24 96 102
37745 12031 24 97 102
37749 12032 24 98 102
37750 12033 24 99 102
37751 12034 24 100 102
37753 12035 24 101 102
37754 12036 24 102 102
37755 12037 24 103 102
37756 12038 24 104 102
37758 12039 24 105 102
37760 12040 24 106 102
37762 12041 24 107 102
37763 12042 24 108 102
37768 12043 24 109 102
37769 12044 24 110 102
37770 12045 24 111 102
37772 12046 24 112 102
37773 12047 24 113 102
37774 12048 24 114 102
37775 12049 24 115 102
37777 12050 24 116 102
37778 12051 24 0 103
37780 12052 24 1 103
37781 12053 24 2 103
37782 12054 24 3 103
37783 12055 24 4 103
37784 12056 24 5 103
37785 12057 24 6 103
37786 12058 24 7 103
37787 12059 24 8 103
37789 12060 24 9 103
37790 12061 24 10 103
37791 12062 24 11 103
37793 12063 24 12 103
37794 12064 24 13 103
37795 12065 24 14 103
37796 12066 24 15 103
37797 12067 24 16 103
37798 12068 24 17 103
37799 12069 24 18 103
37800 12070 24 19 103
37801 12071 24 20 103
37802 12072 24 21 103
37804 12073 24 22 103
37806 12074 24 23 103
37807 12075 24 24 103
37808 12076 24 25 103
37809 12077 24 26 103
37810 12078 24 27 103
37811 12079 24 28 103
37812 12080 24 29 103
37813 12081 24 30 103
37815 12082 24 31 103
37824 12083 24 32 103
37826 12084 24 33 103
37827 12085 24 34 103
37828 12086 24 35 103
37831 12087 24 36 103
37832 12088 24 37 103
37834 12089 24 38 103
37836 12090 24 39 103
37837 12091 24 40 103
37838 12092 24 41 103
37839 12093 24 42 103
37840 12094 24 43 103
37841 12095 24 44 103
37842 12096 24 45 103
37844 12097 24 46 103
37845 12098 24 47 103
37846 12099 24 48 103
37847 12100 24 49 103
37848 12101 24 50 103
37849 12102 24 51 103
37850 12103 24 52 103
37852 12104 24 53 103
37853 12105 24 54 103
37854 12106 24 55 103
37855 12107 24 56 103
37857 12108 24 57 103
37858 12109 24 58 103
37859 12110 24 59 103
37860 12111 24 60 103
37862 12112 24 61 103
37863 12113 24 62 103
37864 12114 24 63 103
37868 12115 24 64 103
37870 12116 24 65 103
37877 12117 24 66 103
37878 12118 24 67 103
37879 12119 24 68 103
37880 12120 24 69 103
37881 12121 24 70 103
37882 12122 24 71 103
37883 12123 24 72 103
37884 12124 24 73 103
37885 12125 24 74 103
37886 12126 24 75 103
37887 12127 24 76 103
37888 12128 24 77 103
37891 12129 24 78 103
37894 12130 24 79 103
37895 12131 24 80 103
37897 12132 24 81 103
37898 12133 24 82 103
37899 12134 24 83 103
37900 12135 24 84 103
37901 12136 24 85 103
37902 12137 24 86 103
37903 12138 24 87 103
37904 12139 24 88 103
37905 12140 24 89 103
37906 12141 24 90 103
37907 12142 24 91 103
37908 12143 24 92 103
37909 12144 24 93 103
37910 12145 24 94 103
37912 12146 24 95 103
37913 12147 24 96 103
37920 12148 24 97 103
37928 12149 24 98 103
37929 12150 24 99 103
37930 12151 24 100 103
37931 12152 24 101 103
37932 12153 24 102 103
37934 12154 24 103 103
37936 12155 24 104 103
37937 12156 24 105 103
37938 12157 24 106 103
37939 12158 24 107 103
37941 12159 24 108 103
37942 12160 24 109 103
37943 12161 24 110 103
37944 12162 24 111 103
37945 12163 24 112 103
37946 12164 24 113 103
37947 12165 24 114 103
37948 12166 24 115 103
37949 12167 24 116 103
37951 12168 24 0 104
37952 12169 24 1 104
37956 12170 24 2 104
37957 12171 24 3 104
37958 12172 24 4 104
37959 12173 24 5 104
37960 12174 24 6 104
37961 12175 24 7 104
37962 12176 24 8 104
37963 12177 24 9 104
37964 12178 24 10 104
37967 12179 24 11 104
37968 12180 24 12 104
37969 12181 24 13 104
37970 12182 24 14 104
37973 12183 24 15 104
37975 12184 24 16 104
37981 12185 24 17 104
37982 12186 24 18 104
37984 12187 24 19 104
37986 12188 24 20 104
37987 12189 24 21 104
37988 12190 24 22 104
37992 12191 24 23 104
37993 12192 24 24 104
37994 12193 24 25 104
37995 12194 24 26 104
37997 12195 24 27 104
37998 12196 24 28 104
37999 12197 24 29 104
38000 12198 24 30 104
38001 12199 24 31 104
38002 12200 24 32 104
38003 12201 24 33 104
38004 12202 24 34 104
38005 12203 24 35 104
38006 12204 24 36 104
38007 12205 24 37 104
38008 12206 24 38 104
38012 12207 24 39 104
38013 12208 24 40 104
38014 12209 24 41 104
38015 12210 24 42 104
38016 12211 24 43 104
38017 12212 24 44 104
38018 12213 24 45 104
38019 12214 24 46 104
38263 12215 24 47 104
38266 12216 24 48 104
38267 12217 24 49 104
38268 12218 24 50 104
38269 12219 24 51 104
38272 12220 24 52 104
38274 12221 24 53 104
38275 12222 24 54 104
38278 12223 24 55 104
38280 12224 24 56 104
38281 12225 24 57 104
38283 12226 24 58 104
38284 12227 24 59 104
38285 12228 24 60 104
38286 12229 24 61 104
38287 12230 24 62 104
38288 12231 24 63 104
38289 12232 24 64 104
38290 12233 24 65 104
38291 12234 24 66 104
38292 12235 24 67 104
38296 12236 24 68 104
38299 12237 24 69 104
38300 12238 24 70 104
38302 12239 24 71 104
38303 12240 24 72 104
38305 12241 24 73 104
38307 12242 24 74 104
38308 12243 24 75 104
38309 12244 24 76 104
38312 12245 24 77 104
38313 12246 24 78 104
38315 12247 24 79 104
38316 12248 24 80 104
38317 12249 24 81 104
38318 12250 24 82 104
38320 12251 24 83 104
38321 12252 24 84 104
38325 12253 24 85 104
38326 12254 24 86 104
38327 12255 24 87 104
38329 12256 24 88 104
38330 12257 24 89 104
38331 12258 24 90 104
38332 12259 24 91 104
38333 12260 24 92 104
38334 12261 24 93 104
38335 12262 24 94 104
38336 12263 24 95 104
38339 12264 24 96 104
38341 12265 24 97 104
38342 12266 24 98 104
38343 12267 24 99 104
38344 12268 24 100 104
38345 12269 24 101 104
38346 12270 24 102 104
38347 12271 24 103 104
38348 12272 24 104 104
38349 12273 24 105 104
38352 12274 24 106 104
38353 12275 24 107 104
38354 12276 24 108 104
38355 12277 24 109 104
38356 12278 24 110 104
38357 12279 24 111 104
38358 12280 24 112 104
38362 12281 24 113 104
38363 12282 24 114 104
38364 12283 24 115 104
38366 12284 24 116 104
38367 12285 24 0 105
38368 12286 24 1 105
38369 12287 24 2 105
38370 12288 24 3 105
38371 12289 24 4 105
38372 12290 24 5 105
38373 12291 24 6 105
38428 12292 24 7 105
38430 12293 24 8 105
38432 12294 24 9 105
38433 12295 24 10 105
38434 12296 24 11 105
38435 12297 24 12 105
38436 12298 24 13 105
38440 12299 24 14 105
38442 12300 24 15 105
38444 12301 24 16 105
38445 12302 24 17 105
38446 12303 24 18 105
38447 12304 24 19 105
38448 12305 24 20 105
38449 12306 24 21 105
38450 12307 24 22 105
38457 12308 24 23 105
38458 12309 24 24 105
38459 12310 24 25 105
38460 12311 24 26 105
38461 12312 24 27 105
38463 12313 24 28 105
38464 12314 24 29 105
38466 12315 24 30 105
38467 12316 24 31 105
38468 12317 24 32 105
38474 12318 24 33 105
38475 12319 24 34 105
38476 12320 24 35 105
38477 12321 24 36 105
38478 12322 24 37 105
38479 12323 24 38 105
38480 12324 24 39 105
38481 12325 24 40 105
38483 12326 24 41 105
38484 12327 24 42 105
38488 12328 24 43 105
38491 12329 24 44 105
38492 12330 24 45 105
38493 12331 24 46 105
38494 12332 24 47 105
38495 12333 24 48 105
38497 12334 24 49 105
38498 12335 24 50 105
38499 12336 24 51 105
38500 12337 24 52 105
38506 12338 24 53 105
38507 12339 24 54 105
38508 12340 24 55 105
38509 12341 24 56 105
38511 12342 24 57 105
38512 12343 24 58 105
38513 12344 24 59 105
38514 12345 24 60 105
38515 12346 24 61 105
38516 12347 24 62 105
38517 12348 24 63 105
38518 12349 24 64 105
38519 12350 24 65 105
38520 12351 24 66 105
38524 12352 24 67 105
38525 12353 24 68 105
38526 12354 24 69 105
38528 12355 24 70 105
38531 12356 24 71 105
38532 12357 24 72 105
38533 12358 24 73 105
38534 12359 24 74 105
38535 12360 24 75 105
38536 12361 24 76 105
38537 12362 24 77 105
38538 12363 24 78 105
38539 12364 24 79 105
38541 12365 24 80 105
38542 12366 24 81 105
38545 12367 24 82 105
38546 12368 24 83 105
38547 12369 24 84 105
38548 12370 24 85 105
38549 12371 24 86 105
38551 12372 24 87 105
38552 12373 24 88 105
38553 12374 24 89 105
38555 12375 24 90 105
38556 12376 24 91 105
38558 12377 24 92 105
38561 12378 24 93 105
38562 12379 24 94 105
38564 12380 24 95 105
38567 12381 24 96 105
38568 12382 24 97 105
38569 12383 24 98 105
38570 12384 24 99 105
38572 12385 24 100 105
38574 12386 24 101 105
38576 12387 24 102 105
38577 12388 24 103 105
38579 12389 24 104 105
38580 12390 24 105 105
38584 12391 24 106 105
38585 12392 24 107 105
38587 12393 24 108 105
38588 12394 24 109 105
38591 12395 24 110 105
38592 12396 24 111 105
38593 12397 24 112 105
38594 12398 24 113 105
38595 12399 24 114 105
38596 12400 24 115 105
38597 12401 24 116 105
38598 12402 24 0 106
38599 12403 24 1 106
38600 12404 24 2 106
38601 12405 24 3 106
38602 12406 24 4 106
38603 12407 24 5 106
38604 12408 24 6 106
38605 12409 24 7 106
38606 12410 24 8 106
38610 12411 24 9 106
38611 12412 24 10 106
38612 12413 24 11 106
38613 12414 24 12 106
38614 12415 24 13 106
38615 12416 24 14 106
38616 12417 24 15 106
38617 12418 24 16 106
38618 12419 24 17 106
38619 12420 24 18 106
38620 12421 24 19 106
38621 12422 24 20 106
38622 12423 24 21 106
38623 12424 24 22 106
38625 12425 24 23 106
38626 12426 24 24 106
38627 12427 24 25 106
38629 12428 24 26 106
38632 12429 24 27 106
38633 12430 24 28 106
38634 12431 24 29 106
38639 12432 24 30 106
38640 12433 24 31 106
38641 12434 24 32 106
38642 12435 24 33 106
38645 12436 24 34 106
38646 12437 24 35 106
38647 12438 24 36 106
38648 12439 24 37 106
38649 12440 24 38 106
38650 12441 24 39 106
38651 12442 24 40 106
38653 12443 24 41 106
38655 12444 24 42 106
38656 12445 24 43 106
38658 12446 24 44 106
38660 12447 24 45 106
38661 12448 24 46 106
38662 12449 24 47 106
38663 12450 24 48 106
38664 12451 24 49 106
38665 12452 24 50 106
38667 12453 24 51 106
38669 12454 24 52 106
38670 12455 24 53 106
38671 12456 24 54 106
38672 12457 24 55 106
38673 12458 24 56 106
38674 12459 24 57 106
38675 12460 24 58 106
38678 12461 24 59 106
38680 12462 24 60 106
38681 12463 24 61 106
38684 12464 24 62 106
38685 12465 24 63 106
38686 12466 24 64 106
38687 12467 24 65 106
38688 12468 24 66 106
38690 12469 24 67 106
38691 12470 24 68 106
38692 12471 24 69 106
38693 12472 24 70 106
38694 12473 24 71 106
38695 12474 24 72 106
38696 12475 24 73 106
38697 12476 24 74 106
38698 12477 24 75 106
38699 12478 24 76 106
38700 12479 24 77 106
38702 12480 24 78 106
38703 12481 24 79 106
38704 12482 24 80 106
38706 12483 24 81 106
38709 12484 24 82 106
38712 12485 24 83 106
38713 12486 24 84 106
38714 12487 24 85 106
38717 12488 24 86 106
38718 12489 24 87 106
38719 12490 24 88 106
38722 12491 24 89 106
38723 12492 24 90 106
38724 12493 24 91 106
38726 12494 24 92 106
38727 12495 24 93 106
38728 12496 24 94 106
38729 12497 24 95 106
38731 12498 24 96 106
38738 12499 24 97 106
38742 12500 24 98 106
38744 12501 24 99 106
38746 12502 24 100 106
38747 12503 24 101 106
38748 12504 24 102 106
38750 12505 24 103 106
38752 12506 24 104 106
38753 12507 24 105 106
38754 12508 24 106 106
38758 12509 24 107 106
38760 12510 24 108 106
38761 12511 24 109 106
38762 12512 24 110 106
38764 12513 24 111 106
38766 12514 24 112 106
38768 12515 24 113 106
38770 12516 24 114 106
38771 12517 24 115 106
38772 12518 24 116 106
38774 12519 24 0 107
38775 12520 24 1 107
38776 12521 24 2 107
38778 12522 24 3 107
38779 12523 24 4 107
38780 12524 24 5 107
38781 12525 24 6 107
38782 12526 24 7 107
38783 12527 24 8 107
38784 12528 24 9 107
38785 12529 24 10 107
38786 12530 24 11 107
38787 12531 24 12 107
38788 12532 24 13 107
38789 12533 24 14 107
38792 12534 24 15 107
38794 12535 24 16 107
38795 12536 24 17 107
38797 12537 24 18 107
38798 12538 24 19 107
38799 12539 24 20 107
38804 12540 24 21 107
38807 12541 24 22 107
38808 12542 24 23 107
38809 12543 24 24 107
38810 12544 24 25 107
38812 12545 24 26 107
38813 12546 24 27 107
38814 12547 24 28 107
38816 12548 24 29 107
38817 12549 24 30 107
38818 12550 24 31 107
38819 12551 24 32 107
38820 12552 24 33 107
38821 12553 24 34 107
38822 12554 24 35 107
38824 12555 24 36 107
38826 12556 24 37 107
38827 12557 24 38 107
38828 12558 24 39 107
38829 12559 24 40 107
38830 12560 24 41 107
38835 12561 24 42 107
38838 12562 24 43 107
38839 12563 24 44 107
38841 12564 24 45 107
38843 12565 24 46 107
38847 12566 24 47 107
38849 12567 24 48 107
38851 12568 24 49 107
38852 12569 24 50 107
38853 12570 24 51 107
38854 12571 24 52 107
38855 12572 24 53 107
38857 12573 24 54 107
38859 12574 24 55 107
38860 12575 24 56 107
38861 12576 24 57 107
38862 12577 24 58 107
38863 12578 24 59 107
38864 12579 24 60 107
38867 12580 24 61 107
38868 12581 24 62 107
38869 12582 24 63 107
38870 12583 24 64 107
38871 12584 24 65 107
38872 12585 24 66 107
38873 12586 24 67 107
38876 12587 24 68 107
38877 12588 24 69 107
38878 12589 24 70 107
38879 12590 24 71 107
38881 12591 24 72 107
38883 12592 24 73 107
38885 12593 24 74 107
38893 12594 24 75 107
38896 12595 24 76 107
38897 12596 24 77 107
38899 12597 24 78 107
38902 12598 24 79 107
38904 12599 24 80 107
38905 12600 24 81 107
38906 12601 24 82 107
38907 12602 24 83 107
38909 12603 24 84 107
38910 12604 24 85 107
38911 12605 24 86 107
38912 12606 24 87 107
38913 12607 24 88 107
38914 12608 24 89 107
38915 12609 24 90 107
38916 12610 24 91 107
38917 12611 24 92 107
38918 12612 24 93 107
38919 12613 24 94 107
38920 12614 24 95 107
38922 12615 24 96 107
38924 12616 24 97 107
38925 12617 24 98 107
38926 12618 24 99 107
38927 12619 24 100 107
38928 12620 24 101 107
38929 12621 24 102 107
38930 12622 24 103 107
38931 12623 24 104 107
38934 12624 24 105 107
38935 12625 24 106 107
38936 12626 24 107 107
38939 12627 24 108 107
38940 12628 24 109 107
38941 12629 24 110 107
38942 12630 24 111 107
38944 12631 24 112 107
38945 12632 24 113 107
38948 12633 24 114 107
38950 12634 24 115 107
38951 12635 24 116 107
38952 12636 24 0 108
38953 12637 24 1 108
38955 12638 24 2 108
38957 12639 24 3 108
38959 12640 24 4 108
38960 12641 24 5 108
38962 12642 24 6 108
38965 12643 24 7 108
38967 12644 24 8 108
38968 12645 24 9 108
38969 12646 24 10 108
38971 12647 24 11 108
38977 12648 24 12 108
38979 12649 24 13 108
38980 12650 24 14 108
38981 12651 24 15 108
38982 12652 24 16 108
38984 12653 24 17 108
38985 12654 24 18 108
38986 12655 24 19 108
38988 12656 24 20 108
38989 12657 24 21 108
38990 12658 24 22 108
38991 12659 24 23 108
38992 12660 24 24 108
38993 12661 24 25 108
38994 12662 24 26 108
38995 12663 24 27 108
38999 12664 24 28 108
39000 12665 24 29 108
39001 12666 24 30 108
39003 12667 24 31 108
39004 12668 24 32 108
39005 12669 24 33 108
39006 12670 24 34 108
39007 12671 24 35 108
39008 12672 24 36 108
39010 12673 24 37 108
39011 12674 24 38 108
39012 12675 24 39 108
39013 12676 24 40 108
39015 12677 24 41 108
39017 12678 24 42 108
39018 12679 24 43 108
39019 12680 24 44 108
39023 12681 24 45 108
39024 12682 24 46 108
39025 12683 24 47 108
39026 12684 24 48 108
39027 12685 24 49 108
39028 12686 24 50 108
39080 12687 24 51 108
39081 12688 24 52 108
39084 12689 24 53 108
39085 12690 24 54 108
39086 12691 24 55 108
39087 12692 24 56 108
39089 12693 24 57 108
39090 12694 24 58 108
39091 12695 24 59 108
39094 12696 24 60 108
39096 12697 24 61 108
39098 12698 24 62 108
39099 12699 24 63 108
39100 12700 24 64 108
39101 12701 24 65 108
39102 12702 24 66 108
39103 12703 24 67 108
39104 12704 24 68 108
39105 12705 24 69 108
39106 12706 24 70 108
39108 12707 24 71 108
39110 12708 24 72 108
39113 12709 24 73 108
39115 12710 24 74 108
39116 12711 24 75 108
39131 12712 24 76 108
39135 12713 24 77 108
39138 12714 24 78 108
39139 12715 24 79 108
39141 12716 24 80 108
39143 12717 24 81 108
39145 12718 24 82 108
39146 12719 24 83 108
39147 12720 24 84 108
39149 12721 24 85 108
39151 12722 24 86 108
39154 12723 24 87 108
39156 12724 24 88 108
39158 12725 24 89 108
39161 12726 24 90 108
39162 12727 24 91 108
39164 12728 24 92 108
39165 12729 24 93 108
39166 12730 24 94 108
39168 12731 24 95 108
39170 12732 24 96 108
39171 12733 24 97 108
39173 12734 24 98 108
39175 12735 24 99 108
39176 12736 24 100 108
39177 12737 24 101 108
39178 12738 24 102 108
39180 12739 24 103 108
39184 12740 24 104 108
39185 12741 24 105 108
39186 12742 24 106 108
39187 12743 24 107 108
39188 12744 24 108 108
39189 12745 24 109 108
39190 12746 24 110 108
39191 12747 24 111 108
39192 12748 24 112 108
39194 12749 24 113 108
39195 12750 24 114 108
39198 12751 24 115 108
39199 12752 24 116 108
39201 12753 24 0 109
39204 12754 24 1 109
39205 12755 24 2 109
39207 12756 24 3 109
39208 12757 24 4 109
39209 12758 24 5 109
39210 12759 24 6 109
39211 12760 24 7 109
39212 12761 24 8 109
39213 12762 24 9 109
39214 12763 24 10 109
39215 12764 24 11 109
39216 12765 24 12 109
39217 12766 24 13 109
39218 12767 24 14 109
39219 12768 24 15 109
39221 12769 24 16 109
39226 12770 24 17 109
39228 12771 24 18 109
39229 12772 24 19 109
39230 12773 24 20 109
39231 12774 24 21 109
39233 12775 24 22 109
39235 12776 24 23 109
39237 12777 24 24 109
39239 12778 24 25 109
39240 12779 24 26 109
39241 12780 24 27 109
39243 12781 24 28 109
39244 12782 24 29 109
39246 12783 24 30 109
39248 12784 24 31 109
39249 12785 24 32 109
39250 12786 24 33 109
39251 12787 24 34 109
39252 12788 24 35 109
39253 12789 24 36 109
39254 12790 24 37 109
39255 12791 24 38 109
39256 12792 24 39 109
39257 12793 24 40 109
39259 12794 24 41 109
39260 12795 24 42 109
39262 12796 24 43 109
39263 12797 24 44 109
39265 12798 24 45 109
39318 12799 24 46 109
39319 12800 24 47 109
39320 12801 24 48 109
39321 12802 24 49 109
39324 12803 24 50 109
39325 12804 24 51 109
39326 12805 24 52 109
39329 12806 24 53 109
39331 12807 24 54 109
39333 12808 24 55 109
39334 12809 24 56 109
39335 12810 24 57 109
39336 12811 24 58 109
39339 12812 24 59 109
39340 12813 24 60 109
39341 12814 24 61 109
39342 12815 24 62 109
39343 12816 24 63 109
39344 12817 24 64 109
39345 12818 24 65 109
39346 12819 24 66 109
39347 12820 24 67 109
39348 12821 24 68 109
39349 12822 24 69 109
39353 12823 24 70 109
39354 12824 24 71 109
39355 12825 24 72 109
39357 12826 24 73 109
39361 12827 24 74 109
39362 12828 24 75 109
39363 12829 24 76 109
39367 12830 24 77 109
39369 12831 24 78 109
39371 12832 24 79 109
39372 12833 24 80 109
39373 12834 24 81 109
39374 12835 24 82 109
39375 12836 24 83 109
39376 12837 24 84 109
39377 12838 24 85 109
39378 12839 24 86 109
39379 12840 24 87 109
39380 12841 24 88 109
39381 12842 24 89 109
39382 12843 24 90 109
39383 12844 24 91 109
39384 12845 24 92 109
39385 12846 24 93 109
39387 12847 24 94 109
39388 12848 24 95 109
39389 12849 24 96 109
39391 12850 24 97 109
39394 12851 24 98 109
39395 12852 24 99 109
39396 12853 24 100 109
39397 12854 24 101 109
39399 12855 24 102 109
39401 12856 24 103 109
39402 12857 24 104 109
39404 12858 24 105 109
39405 12859 24 106 109
39406 12860 24 107 109
39408 12861 24 108 109
39409 12862 24 109 109
39412 12863 24 110 109
39414 12864 24 111 109
39415 12865 24 112 109
39416 12866 24 113 109
39417 12867 24 114 109
39418 12868 24 115 109
39419 12869 24 116 109
39420 12870 24 0 110
39421 12871 24 1 110
39422 12872 24 2 110
39423 12873 24 3 110
39425 12874 24 4 110
39426 12875 24 5 110
39427 12876 24 6 110
39428 12877 24 7 110
39429 12878 24 8 110
39430 12879 24 9 110
39431 12880 24 10 110
39433 12881 24 11 110
39434 12882 24 12 110
39435 12883 24 13 110
39437 12884 24 14 110
39438 12885 24 15 110
39439 12886 24 16 110
39441 12887 24 17 110
39444 12888 24 18 110
39445 12889 24 19 110
39446 12890 24 20 110
39449 12891 24 21 110
39450 12892 24 22 110
39451 12893 24 23 110
39452 12894 24 24 110
39453 12895 24 25 110
39454 12896 24 26 110
39456 12897 24 27 110
39458 12898 24 28 110
39459 12899 24 29 110
39460 12900 24 30 110
39461 12901 24 31 110
39463 12902 24 32 110
39465 12903 24 33 110
39466 12904 24 34 110
39467 12905 24 35 110
39468 12906 24 36 110
39469 12907 24 37 110
39470 12908 24 38 110
39472 12909 24 39 110
39473 12910 24 40 110
39474 12911 24 41 110
39476 12912 24 42 110
39477 12913 24 43 110
39478 12914 24 44 110
39479 12915 24 45 110
39480 12916 24 46 110
39481 12917 24 47 110
39482 12918 24 48 110
39485 12919 24 49 110
39486 12920 24 50 110
39487 12921 24 51 110
39488 12922 24 52 110
39489 12923 24 53 110
39490 12924 24 54 110
39491 12925 24 55 110
39492 12926 24 56 110
39493 12927 24 57 110
39494 12928 24 58 110
39496 12929 24 59 110
39497 12930 24 60 110
39498 12931 24 61 110
39500 12932 24 62 110
39501 12933 24 63 110
39502 12934 24 64 110
39503 12935 24 65 110
39504 12936 24 66 110
39506 12937 24 67 110
39507 12938 24 68 110
39508 12939 24 69 110
39509 12940 24 70 110
39510 12941 24 71 110
39511 12942 24 72 110
39513 12943 24 73 110
39514 12944 24 74 110
39515 12945 24 75 110
39518 12946 24 76 110
39519 12947 24 77 110
39520 12948 24 78 110
39522 12949 24 79 110
39524 12950 24 80 110
39525 12951 24 81 110
39526 12952 24 82 110
39527 12953 24 83 110
39528 12954 24 84 110
39529 12955 24 85 110
39530 12956 24 86 110
39531 12957 24 87 110
39592 12958 24 88 110
39595 12959 24 89 110
39597 12960 24 90 110
39599 12961 24 91 110
39600 12962 24 92 110
39601 12963 24 93 110
39603 12964 24 94 110
39604 12965 24 95 110
39607 12966 24 96 110
39608 12967 24 97 110
39609 12968 24 98 110
39611 12969 24 99 110
39612 12970 24 100 110
39614 12971 24 101 110
39615 12972 24 102 110
39616 12973 24 103 110
39617 12974 24 104 110
39618 12975 24 105 110
39622 12976 24 106 110
39623 12977 24 107 110
39626 12978 24 108 110
39629 12979 24 109 110
39631 12980 24 110 110
39632 12981 24 111 110
39633 12982 24 112 110
39634 12983 24 113 110
39635 12984 24 114 110
39636 12985 24 115 110
39637 12986 24 116 110
39638 12987 24 0 111
39640 12988 24 1 111
39644 12989 24 2 111
39647 12990 24 3 111
39649 12991 24 4 111
39651 12992 24 5 111
39654 12993 24 6 111
39655 12994 24 7 111
39659 12995 24 8 111
39660 12996 24 9 111
39661 12997 24 10 111
39662 12998 24 11 111
39663 12999 24 12 111
39665 13000 24 13 111
39666 13001 24 14 111
39667 13002 24 15 111
39670 13003 24 16 111
39671 13004 24 17 111
39673 13005 24 18 111
39674 13006 24 19 111
39675 13007 24 20 111
39676 13008 24 21 111
39677 13009 24 22 111
39678 13010 24 23 111
39681 13011 24 24 111
39683 13012 24 25 111
39684 13013 24 26 111
39685 13014 24 27 111
39686 13015 24 28 111
39688 13016 24 29 111
39690 13017 24 30 111
39691 13018 24 31 111
39692 13019 24 32 111
39693 13020 24 33 111
39694 13021 24 34 111
39696 13022 24 35 111
39697 13023 24 36 111
39698 13024 24 37 111
39701 13025 24 38 111
39702 13026 24 39 111
39703 13027 24 40 111
39704 13028 24 41 111
39705 13029 24 42 111
39706 13030 24 43 111
39710 13031 24 44 111
39711 13032 24 45 111
39712 13033 24 46 111
39714 13034 24 47 111
39715 13035 24 48 111
39716 13036 24 49 111
39717 13037 24 50 111
39719 13038 24 51 111
39720 13039 24 52 111
39721 13040 24 53 111
39723 13041 24 54 111
39726 13042 24 55 111
39727 13043 24 56 111
39729 13044 24 57 111
39730 13045 24 58 111
39731 13046 24 59 111
39733 13047 24 60 111
39735 13048 24 61 111
39738 13049 24 62 111
39739 13050 24 63 111
39740 13051 24 64 111
39742 13052 24 65 111
39743 13053 24 66 111
39745 13054 24 67 111
39746 13055 24 68 111
39747 13056 24 69 111
39748 13057 24 70 111
39749 13058 24 71 111
39750 13059 24 72 111
39752 13060 24 73 111
39754 13061 24 74 111
39755 13062 24 75 111
39756 13063 24 76 111
39757 13064 24 77 111
39758 13065 24 78 111
39759 13066 24 79 111
39761 13067 24 80 111
39762 13068 24 81 111
39764 13069 24 82 111
39765 13070 24 83 111
39766 13071 24 84 111
39768 13072 24 85 111
39769 13073 24 86 111
39770 13074 24 87 111
39771 13075 24 88 111
39775 13076 24 89 111
39776 13077 24 90 111
39777 13078 24 91 111
39780 13079 24 92 111
39782 13080 24 93 111
39783 13081 24 94 111
39784 13082 24 95 111
39788 13083 24 96 111
39791 13084 24 97 111
39792 13085 24 98 111
39793 13086 24 99 111
39796 13087 24 100 111
39797 13088 24 101 111
39798 13089 24 102 111
39799 13090 24 103 111
39802 13091 24 104 111
39803 13092 24 105 111
39804 13093 24 106 111
39805 13094 24 107 111
39806 13095 24 108 111
39808 13096 24 109 111
39810 13097 24 110 111
39813 13098 24 111 111
39814 13099 24 112 111
39815 13100 24 113 111
39816 13101 24 114 111
39824 13102 24 115 111
39825 13103 24 116 111
39826 13104 24 0 112
39827 13105 24 1 112
39829 13106 24 2 112
39834 13107 24 3 112
39835 13108 24 4 112
39838 13109 24 5 112
39840 13110 24 6 112
39841 13111 24 7 112
39842 13112 24 8 112
39844 13113 24 9 112
39845 13114 24 10 112
39846 13115 24 11 112
39848 13116 24 12 112
39850 13117 24 13 112
39851 13118 24 14 112
39853 13119 24 15 112
39854 13120 24 16 112
39855 13121 24 17 112
39861 13122 24 18 112
39862 13123 24 19 112
39864 13124 24 20 112
39865 13125 24 21 112
39869 13126 24 22 112
39871 13127 24 23 112
39872 13128 24 24 112
39873 13129 24 25 112
39875 13130 24 26 112
39876 13131 24 27 112
39878 13132 24 28 112
39879 13133 24 29 112
39880 13134 24 30 112
39881 13135 24 31 112
39882 13136 24 32 112
39891 13137 24 33 112
39892 13138 24 34 112
39893 13139 24 35 112
39894 13140 24 36 112
39895 13141 24 37 112
39897 13142 24 38 112
39898 13143 24 39 112
39899 13144 24 40 112
39900 13145 24 41 112
39902 13146 24 42 112
39904 13147 24 43 112
39905 13148 24 44 112
39906 13149 24 45 112
39908 13150 24 46 112
39909 13151 24 47 112
39910 13152 24 48 112
39911 13153 24 49 112
39912 13154 24 50 112
39914 13155 24 51 112
39915 13156 24 52 112
39916 13157 24 53 112
39920 13158 24 54 112
39927 13159 24 55 112
39928 13160 24 56 112
39933 13161 24 57 112
39941 13162 24 58 112
39942 13163 24 59 112
39943 13164 24 60 112
39944 13165 24 61 112
39945 13166 24 62 112
39947 13167 24 63 112
39949 13168 24 64 112
39950 13169 24 65 112
39954 13170 24 66 112
39955 13171 24 67 112
39956 13172 24 68 112
39959 13173 24 69 112
39964 13174 24 70 112
39965 13175 24 71 112
39969 13176 24 72 112
39971 13177 24 73 112
39972 13178 24 74 112
39973 13179 24 75 112
39976 13180 24 76 112
39977 13181 24 77 112
39979 13182 24 78 112
39980 13183 24 79 112
39981 13184 24 80 112
39985 13185 24 81 112
39986 13186 24 82 112
39987 13187 24 83 112
39988 13188 24 84 112
39990 13189 24 85 112
39991 13190 24 86 112
39993 13191 24 87 112
39995 13192 24 88 112
39996 13193 24 89 112
39997 13194 24 90 112
39998 13195 24 91 112
39999 13196 24 92 112
40000 13197 24 93 112
40001 13198 24 94 112
40004 13199 24 95 112
40006 13200 24 96 112
40008 13201 24 97 112
40009 13202 24 98 112
40010 13203 24 99 112
40011 13204 24 100 112
40012 13205 24 101 112
40013 13206 24 102 112
40014 13207 24 103 112
40016 13208 24 104 112
40018 13209 24 105 112
40020 13210 24 106 112
40021 13211 24 107 112
40022 13212 24 108 112
40023 13213 24 109 112
40024 13214 24 110 112
40025 13215 24 111 112
40030 13216 24 112 112
40031 13217 24 113 112
40032 13218 24 114 112
40034 13219 24 115 112
40035 13220 24 116 112
40038 13221 24 0 113
40039 13222 24 1 113
40040 13223 24 2 113
40045 13224 24 3 113
40046 13225 24 4 113
40049 13226 24 5 113
40051 13227 24 6 113
40052 13228 24 7 113
40053 13229 24 8 113
40055 13230 24 9 113
40056 13231 24 10 113
40057 13232 24 11 113
40058 13233 24 12 113
40165 13234 24 13 113
40166 13235 24 14 113
40167 13236 24 15 113
40169 13237 24 16 113
40170 13238 24 17 113
40173 13239 24 18 113
40177 13240 24 19 113
40178 13241 24 20 113
40179 13242 24 21 113
40180 13243 24 22 113
40181 13244 24 23 113
40182 13245 24 24 113
40183 13246 24 25 113
40185 13247 24 26 113
40186 13248 24 27 113
40187 13249 24 28 113
40188 13250 24 29 113
40189 13251 24 30 113
40191 13252 24 31 113
40192 13253 24 32 113
40195 13254 24 33 113
40196 13255 24 34 113
40197 13256 24 35 113
40198 13257 24 36 113
40199 13258 24 37 113
40200 13259 24 38 113
40201 13260 24 39 113
40208 13261 24 40 113
40210 13262 24 41 113
40212 13263 24 42 113
40213 13264 24 43 113
40215 13265 24 44 113
40216 13266 24 45 113
40217 13267 24 46 113
40219 13268 24 47 113
40221 13269 24 48 113
40222 13270 24 49 113
40223 13271 24 50 113
40224 13272 24 51 113
40226 13273 24 52 113
40227 13274 24 53 113
40229 13275 24 54 113
40230 13276 24 55 113
40232 13277 24 56 113
40233 13278 24 57 113
40237 13279 24 58 113
40238 13280 24 59 113
40239 13281 24 60 113
40240 13282 24 61 113
40241 13283 24 62 113
40243 13284 24 63 113
40246 13285 24 64 113
40247 13286 24 65 113
40248 13287 24 66 113
40251 13288 24 67 113
40253 13289 24 68 113
40254 13290 24 69 113
40255 13291 24 70 113
40256 13292 24 71 113
40257 13293 24 72 113
40258 13294 24 73 113
40259 13295 24 74 113
40261 13296 24 75 113
40266 13297 24 76 113
40267 13298 24 77 113
40268 13299 24 78 113
40271 13300 24 79 113
40273 13301 24 80 113
40274 13302 24 81 113
40275 13303 24 82 113
40276 13304 24 83 113
40278 13305 24 84 113
40279 13306 24 85 113
40280 13307 24 86 113
40281 13308 24 87 113
40282 13309 24 88 113
40283 13310 24 89 113
40284 13311 24 90 113
40285 13312 24 91 113
40287 13313 24 92 113
40288 13314 24 93 113
40289 13315 24 94 113
40295 13316 24 95 113
40296 13317 24 96 113
40297 13318 24 97 113
40298 13319 24 98 113
40299 13320 24 99 113
40300 13321 24 100 113
40303 13322 24 101 113
40304 13323 24 102 113
40305 13324 24 103 113
40306 13325 24 104 113
40307 13326 24 105 113
40308 13327 24 106 113
40309 13328 24 107 113
40311 13329 24 108 113
40312 13330 24 109 113
40313 13331 24 110 113
40315 13332 24 111 113
40317 13333 24 112 113
40319 13334 24 113 113
40320 13335 24 114 113
40321 13336 24 115 113
40322 13337 24 116 113
40324 13338 24 0 114
40325 13339 24 1 114
40326 13340 24 2 114
40327 13341 24 3 114
40328 13342 24 4 114
40329 13343 24 5 114
40330 13344 24 6 114
40331 13345 24 7 114
40332 13346 24 8 114
40336 13347 24 9 114
40338 13348 24 10 114
40340 13349 24 11 114
40342 13350 24 12 114
40343 13351 24 13 114
40344 13352 24 14 114
40345 13353 24 15 114
40346 13354 24 16 114
40347 13355 24 17 114
40348 13356 24 18 114
40349 13357 24 19 114
40350 13358 24 20 114
40351 13359 24 21 114
40352 13360 24 22 114
40353 13361 24 23 114
40354 13362 24 24 114
40355 13363 24 25 114
40356 13364 24 26 114
40358 13365 24 27 114
40359 13366 24 28 114
40360 13367 24 29 114
40361 13368 24 30 114
40362 13369 24 31 114
40364 13370 24 32 114
40365 13371 24 33 114
40367 13372 24 34 114
40369 13373 24 35 114
40370 13374 24 36 114
40371 13375 24 37 114
40372 13376 24 38 114
40373 13377 24 39 114
40374 13378 24 40 114
40375 13379 24 41 114
40376 13380 24 42 114
40377 13381 24 43 114
40378 13382 24 44 114
40379 13383 24 45 114
40380 13384 24 46 114
40382 13385 24 47 114
40383 13386 24 48 114
40385 13387 24 49 114
40386 13388 24 50 114
40387 13389 24 51 114
40389 13390 24 52 114
40391 13391 24 53 114
40392 13392 24 54 114
40394 13393 24 55 114
40395 13394 24 56 114
40396 13395 24 57 114
40397 13396 24 58 114
40398 13397 24 59 114
40399 13398 24 60 114
40400 13399 24 61 114
40401 13400 24 62 114
40402 13401 24 63 114
40403 13402 24 64 114
40405 13403 24 65 114
40406 13404 24 66 114
40407 13405 24 67 114
40408 13406 24 68 114
40409 13407 24 69 114
40410 13408 24 70 114
40411 13409 24 71 114
40412 13410 24 72 114
40413 13411 24 73 114
40414 13412 24 74 114
40415 13413 24 75 114
40417 13414 24 76 114
40418 13415 24 77 114
40419 13416 24 78 114
40420 13417 24 79 114
40421 13418 24 80 114
40422 13419 24 81 114
40424 13420 24 82 114
40425 13421 24 83 114
40427 13422 24 84 114
40428 13423 24 85 114
40429 13424 24 86 114
40430 13425 24 87 114
40431 13426 24 88 114
40432 13427 24 89 114
40434 13428 24 90 114
40435 13429 24 91 114
40436 13430 24 92 114
40437 13431 24 93 114
40438 13432 24 94 114
40439 13433 24 95 114
40440 13434 24 96 114
40441 13435 24 97 114
40442 13436 24 98 114
40443 13437 24 99 114
40445 13438 24 100 114
40446 13439 24 101 114
40447 13440 24 102 114
40448 13441 24 103 114
40449 13442 24 104 114
40450 13443 24 105 114
40451 13444 24 106 114
40452 13445 24 107 114
40453 13446 24 108 114
40454 13447 24 109 114
40455 13448 24 110 114
40457 13449 24 111 114
40459 13450 24 112 114
40461 13451 24 113 114
40463 13452 24 114 114
40464 13453 24 115 114
40465 13454 24 116 114
40466 13455 24 0 115
40467 13456 24 1 115
40468 13457 24 2 115
40469 13458 24 3 115
40471 13459 24 4 115
40473 13460 24 5 115
40474 13461 24 6 115
40475 13462 24 7 115
40477 13463 24 8 115
40478 13464 24 9 115
40565 13465 24 10 115
40569 13466 24 11 115
40570 13467 24 12 115
40572 13468 24 13 115
40573 13469 24 14 115
40575 13470 24 15 115
40576 13471 24 16 115
40578 13472 24 17 115
40579 13473 24 18 115
40582 13474 24 19 115
40583 13475 24 20 115
40584 13476 24 21 115
40585 13477 24 22 115
40586 13478 24 23 115
40587 13479 24 24 115
40588 13480 24 25 115
40589 13481 24 26 115
40590 13482 24 27 115
40593 13483 24 28 115
40594 13484 24 29 115
40595 13485 24 30 115
40596 13486 24 31 115
40599 13487 24 32 115
40601 13488 24 33 115
40602 13489 24 34 115
40603 13490 24 35 115
40604 13491 24 36 115
40605 13492 24 37 115
40607 13493 24 38 115
40608 13494 24 39 115
40609 13495 24 40 115
40612 13496 24 41 115
40613 13497 24 42 115
40615 13498 24 43 115
40617 13499 24 44 115
40621 13500 24 45 115
40622 13501 24 46 115
40624 13502 24 47 115
40628 13503 24 48 115
40629 13504 24 49 115
40630 13505 24 50 115
40631 13506 24 51 115
40635 13507 24 52 115
40636 13508 24 53 115
40638 13509 24 54 115
40640 13510 24 55 115
40642 13511 24 56 115
40643 13512 24 57 115
40648 13513 24 58 115
40652 13514 24 59 115
40653 13515 24 60 115
40654 13516 24 61 115
40655 13517 24 62 115
40656 13518 24 63 115
40657 13519 24 64 115
40659 13520 24 65 115
40660 13521 24 66 115
40661 13522 24 67 115
40662 13523 24 68 115
40664 13524 24 69 115
40666 13525 24 70 115
40667 13526 24 71 115
40668 13527 24 72 115
40669 13528 24 73 115
40670 13529 24 74 115
40671 13530 24 75 115
40672 13531 24 76 115
40676 13532 24 77 115
40677 13533 24 78 115
40678 13534 24 79 115
40679 13535 24 80 115
40680 13536 24 81 115
40683 13537 24 82 115
40685 13538 24 83 115
40686 13539 24 84 115
40687 13540 24 85 115
40688 13541 24 86 115
40690 13542 24 87 115
40691 13543 24 88 115
40692 13544 24 89 115
40693 13545 24 90 115
40694 13546 24 91 115
40695 13547 24 92 115
40697 13548 24 93 115
40698 13549 24 94 115
40699 13550 24 95 115
40700 13551 24 96 115
40701 13552 24 97 115
40703 13553 24 98 115
40704 13554 24 99 115
40705 13555 24 100 115
40710 13556 24 101 115
40711 13557 24 102 115
40713 13558 24 103 115
40714 13559 24 104 115
40718 13560 24 105 115
40719 13561 24 106 115
40720 13562 24 107 115
40722 13563 24 108 115
40723 13564 24 109 115
40725 13565 24 110 115
40726 13566 24 111 115
40728 13567 24 112 115
40729 13568 24 113 115
40730 13569 24 114 115
40731 13570 24 115 115
40732 13571 24 116 115
40734 13572 24 0 116
40736 13573 24 1 116
40738 13574 24 2 116
40739 13575 24 3 116
40740 13576 24 4 116
40741 13577 24 5 116
40744 13578 24 6 116
40745 13579 24 7 116
40746 13580 24 8 116
40747 13581 24 9 116
40748 13582 24 10 116
40749 13583 24 11 116
40750 13584 24 12 116
40751 13585 24 13 116
40752 13586 24 14 116
40753 13587 24 15 116
40754 13588 24 16 116
40755 13589 24 17 116
40756 13590 24 18 116
40757 13591 24 19 116
40758 13592 24 20 116
40759 13593 24 21 116
40760 13594 24 22 116
40763 13595 24 23 116
40765 13596 24 24 116
40766 13597 24 25 116
40768 13598 24 26 116
40769 13599 24 27 116
40770 13600 24 28 116
40771 13601 24 29 116
40774 13602 24 30 116
40775 13603 24 31 116
40776 13604 24 32 116
40777 13605 24 33 116
40778 13606 24 34 116
40779 13607 24 35 116
40780 13608 24 36 116
40781 13609 24 37 116
40782 13610 24 38 116
40783 13611 24 39 116
40786 13612 24 40 116
40788 13613 24 41 116
40789 13614 24 42 116
40790 13615 24 43 116
40791 13616 24 44 116
40792 13617 24 45 116
40793 13618 24 46 116
40795 13619 24 47 116
40796 13620 24 48 116
40797 13621 24 49 116
40798 13622 24 50 116
40799 13623 24 51 116
40800 13624 24 52 116
40801 13625 24 53 116
40803 13626 24 54 116
40804 13627 24 55 116
40805 13628 24 56 116
40806 13629 24 57 116
40807 13630 24 58 116
40810 13631 24 59 116
40811 13632 24 60 116
40812 13633 24 61 116
40814 13634 24 62 116
40815 13635 24 63 116
40816 13636 24 64 116
40817 13637 24 65 116
40818 13638 24 66 116
40820 13639 24 67 116
40821 13640 24 68 116
40822 13641 24 69 116
40823 13642 24 70 116
40824 13643 24 71 116
40825 13644 24 72 116
40826 13645 24 73 116
40827 13646 24 74 116
40830 13647 24 75 116
40845 13648 24 76 116
40848 13649 24 77 116
40849 13650 24 78 116
40850 13651 24 79 116
40852 13652 24 80 116
40853 13653 24 81 116
40856 13654 24 82 116
40860 13655 24 83 116
40864 13656 24 84 116
40866 13657 24 85 116
40868 13658 24 86 116
64012 13659 24 87 116
64013 13660 24 88 116
65072 13661 24 89 116
65073 13662 24 90 116
65075 13663 24 91 116
65076 13664 24 92 116
65077 13665 24 93 116
65078 13666 24 94 116
65079 13667 24 95 116
65080 13668 24 96 116
65081 13669 24 97 116
65082 13670 24 98 116
65083 13671 24 99 116
65084 13672 24 100 116
65085 13673 24 101 116
65086 13674 24 102 116
65087 13675 24 103 116
65088 13676 24 104 116
65089 13677 24 105 116
65090 13678 24 106 116
65091 13679 24 107 116
65092 13680 24 108 116
65097 13681 24 109 116
65098 13682 24 110 116
65099 13683 24 111 116
65100 13684 24 112 116
65101 13685 24 113 116
65102 13686 24 114 116
65103 13687 24 115 116
65104 13688 24 116 116
65106 13689 24 0 117
65108 13690 24 1 117
65109 13691 24 2 117
65110 13692 24 3 117
65111 13693 24 4 117
65113 13694 24 5 117
65114 13695 24 6 117
65115 13696 24 7 117
65116 13697 24 8 117
65117 13698 24 9 117
65118 13699 24 10 117
65119 13700 24 11 117
65120 13701 24 12 117
65121 13702 24 13 117
65122 13703 24 14 117
65123 13704 24 15 117
65124 13705 24 16 117
65125 13706 24 17 117
65126 13707 24 18 117
65129 13708 24 19 117
65130 13709 24 20 117
65131 13710 24 21 117
65281 13711 24 22 117
65283 13712 24 23 117
65284 13713 24 24 117
65285 13714 24 25 117
65286 13715 24 26 117
65288 13716 24 27 117
65289 13717 24 28 117
65290 13718 24 29 117
65291 13719 24 30 117
65292 13720 24 31 117
65293 13721 24 32 117
65294 13722 24 33 117
65295 13723 24 34 117
65296 13724 24 35 117
65297 13725 24 36 117
65298 13726 24 37 117
65299 13727 24 38 117
65300 13728 24 39 117
65301 13729 24 40 117
65302 13730 24 41 117
65303 13731 24 42 117
65304 13732 24 43 117
65305 13733 24 44 117
65306 13734 24 45 117
65307 13735 24 46 117
65308 13736 24 47 117
65309 13737 24 48 117
65310 13738 24 49 117
65311 13739 24 50 117
65312 13740 24 51 117
65313 13741 24 52 117
65314 13742 24 53 117
65315 13743 24 54 117
65316 13744 24 55 117
65317 13745 24 56 117
65318 13746 24 57 117
65319 13747 24 58 117
65320 13748 24 59 117
65321 13749 24 60 117
65322 13750 24 61 117
65323 13751 24 62 117
65324 13752 24 63 117
65325 13753 24 64 117
65326 13754 24 65 117
65327 13755 24 66 117
65328 13756 24 67 117
65329 13757 24 68 117
65330 13758 24 69 117
65331 13759 24 70 117
65332 13760 24 71 117
65333 13761 24 72 117
65334 13762 24 73 117
65335 13763 24 74 117
65336 13764 24 75 117
65337 13765 24 76 117
65338 13766 24 77 117
65340 13767 24 78 117
65343 13768 24 79 117
65345 13769 24 80 117
65346 13770 24 81 117
65347 13771 24 82 117
65348 13772 24 83 117
65349 13773 24 84 117
65350 13774 24 85 117
65351 13775 24 86 117
65352 13776 24 87 117
65353 13777 24 88 117
65354 13778 24 89 117
65355 13779 24 90 117
65356 13780 24 91 117
65357 13781 24 92 117
65358 13782 24 93 117
65359 13783 24 94 117
65360 13784 24 95 117
65361 13785 24 96 117
65362 13786 24 97 117
65363 13787 24 98 117
65364 13788 24 99 117
65365 13789 24 100 117
65366 13790 24 101 117
65367 13791 24 102 117
65368 13792 24 103 117
65369 13793 24 104 117
65370 13794 24 105 117
65371 13795 24 106 117
65372 13796 24 107 117
65373 13797 24 108 117
65380 13798 24 109 117
65533 13799 24 110 117
65533 13800 24 111 117
65533 13801 24 112 117
65533 13802 24 113 117
65533 13803 24 114 117
65533 13804 24 115 117
65533 13805 24 116 117
