# 原版中文位图字体 font24：帧→字符 + 排版度量（**生成物，不要手改**）
# 生成命令：python tools/d2codec/make_chifont_assets.py
# 源：原版资源/导出的字体映射/font24_chi.tsv（原版 data/LOCAL/FONT/chi/font24.tbl
#     格式出处 libd2 packages/formats/src/font.zig L59-117）
# 图集：D2/Fonts/font24_chi.png（整幅，按行主序规则网格摆放）
# 字段：code frame advance col row（code=Unicode 码位；advance=该字排版步进=原版 width；
#       col/row=该字在图集里的格子；格子尺寸 = 19×19；列数 = 117）
COLS 117
CELL 19 19
COUNT 13806
32 0 5 0 0
33 1 6 1 0
34 2 7 2 0
35 3 9 3 0
36 4 9 4 0
37 5 15 5 0
38 6 14 6 0
39 7 3 7 0
40 8 6 8 0
41 9 6 9 0
42 10 9 10 0
43 11 10 11 0
44 12 4 12 0
45 13 6 13 0
46 14 4 14 0
47 15 5 15 0
48 16 9 16 0
49 17 9 17 0
50 18 9 18 0
51 19 9 19 0
52 20 9 20 0
53 21 9 21 0
54 22 9 22 0
55 23 9 23 0
56 24 9 24 0
57 25 9 25 0
58 26 5 26 0
59 27 5 27 0
60 28 10 28 0
61 29 10 29 0
62 30 10 30 0
63 31 8 31 0
64 32 16 32 0
65 33 13 33 0
66 34 12 34 0
67 35 12 35 0
68 36 13 36 0
69 37 11 37 0
70 38 10 38 0
71 39 13 39 0
72 40 13 40 0
73 41 6 41 0
74 42 7 42 0
75 43 13 43 0
76 44 11 44 0
77 45 16 45 0
78 46 13 46 0
79 47 13 47 0
80 48 10 48 0
81 49 13 49 0
82 50 12 50 0
83 51 10 51 0
84 52 11 52 0
85 53 13 53 0
86 54 13 54 0
87 55 17 55 0
88 56 13 56 0
89 57 13 57 0
90 58 11 58 0
91 59 6 59 0
92 60 5 60 0
93 61 6 61 0
94 62 8 62 0
95 63 9 63 0
96 64 6 64 0
97 65 8 65 0
98 66 9 66 0
99 67 8 67 0
100 68 9 68 0
101 69 8 69 0
102 70 6 70 0
103 71 9 71 0
104 72 9 72 0
105 73 5 73 0
106 74 5 74 0
107 75 9 75 0
108 76 5 76 0
109 77 14 77 0
110 78 9 78 0
111 79 9 79 0
112 80 9 80 0
113 81 9 81 0
114 82 6 82 0
115 83 7 83 0
116 84 5 84 0
117 85 9 85 0
118 86 9 86 0
119 87 13 87 0
120 88 9 88 0
121 89 9 89 0
122 90 8 90 0
123 91 9 91 0
124 92 4 92 0
125 93 9 93 0
126 94 10 94 0
127 95 0 95 0
162 96 10 96 0
163 97 9 97 0
165 98 19 98 0
167 99 8 99 0
176 100 5 100 0
177 101 10 101 0
183 102 4 102 0
215 103 10 103 0
247 104 11 104 0
711 105 19 105 0
713 106 19 106 0
714 107 19 107 0
715 108 19 108 0
729 109 19 109 0
913 110 19 110 0
914 111 19 111 0
915 112 19 112 0
916 113 19 113 0
917 114 19 114 0
918 115 19 115 0
919 116 19 116 0
920 117 19 0 1
921 118 19 1 1
922 119 19 2 1
923 120 19 3 1
924 121 19 4 1
925 122 19 5 1
926 123 19 6 1
927 124 19 7 1
928 125 19 8 1
929 126 19 9 1
931 127 19 10 1
932 128 19 11 1
933 129 19 12 1
934 130 19 13 1
935 131 19 14 1
936 132 19 15 1
937 133 19 16 1
945 134 19 17 1
946 135 19 18 1
947 136 19 19 1
948 137 19 20 1
949 138 19 21 1
950 139 19 22 1
951 140 19 23 1
952 141 19 24 1
953 142 19 25 1
954 143 19 26 1
955 144 19 27 1
956 145 19 28 1
957 146 19 29 1
958 147 19 30 1
959 148 19 31 1
960 149 19 32 1
961 150 19 33 1
963 151 19 34 1
964 152 19 35 1
965 153 19 36 1
966 154 19 37 1
967 155 19 38 1
968 156 19 39 1
969 157 19 40 1
1025 158 19 41 1
1044 159 19 42 1
1045 160 19 43 1
1046 161 19 44 1
1047 162 19 45 1
1048 163 19 46 1
1049 164 19 47 1
1050 165 19 48 1
1051 166 19 49 1
1052 167 19 50 1
1059 168 19 51 1
1060 169 19 52 1
1061 170 19 53 1
1062 171 19 54 1
1063 172 19 55 1
1064 173 19 56 1
1065 174 19 57 1
1066 175 19 58 1
1067 176 19 59 1
1068 177 19 60 1
1069 178 19 61 1
1070 179 19 62 1
1071 180 19 63 1
1072 181 19 64 1
1073 182 19 65 1
1074 183 19 66 1
1075 184 19 67 1
1076 185 19 68 1
1077 186 19 69 1
1078 187 19 70 1
1079 188 19 71 1
1080 189 19 72 1
1081 190 19 73 1
1082 191 19 74 1
1083 192 19 75 1
1084 193 19 76 1
1085 194 19 77 1
1086 195 19 78 1
1087 196 19 79 1
1088 197 19 80 1
1089 198 19 81 1
1090 199 19 82 1
1091 200 19 83 1
1092 201 19 84 1
1093 202 19 85 1
1094 203 19 86 1
1095 204 19 87 1
1096 205 19 88 1
1097 206 19 89 1
1098 207 19 90 1
1099 208 19 91 1
1100 209 19 92 1
1101 210 19 93 1
1102 211 19 94 1
1103 212 19 95 1
1105 213 19 96 1
8211 214 19 97 1
8212 215 19 98 1
8216 216 19 99 1
8217 217 19 100 1
8220 218 19 101 1
8221 219 19 102 1
8226 220 19 103 1
8229 221 19 104 1
8230 222 19 105 1
8242 223 19 106 1
8245 224 19 107 1
8251 225 19 108 1
8254 226 19 109 1
8451 227 19 110 1
8453 228 19 111 1
8457 229 19 112 1
8544 230 19 113 1
8545 231 19 114 1
8546 232 19 115 1
8547 233 19 116 1
8548 234 19 0 2
8549 235 19 1 2
8550 236 19 2 2
8551 237 19 3 2
8552 238 19 4 2
8553 239 19 5 2
8592 240 19 6 2
8593 241 19 7 2
8594 242 19 8 2
8595 243 19 9 2
8598 244 19 10 2
8599 245 19 11 2
8600 246 19 12 2
8601 247 19 13 2
8730 248 19 14 2
8734 249 19 15 2
8735 250 19 16 2
8736 251 19 17 2
8739 252 19 18 2
8741 253 19 19 2
8745 254 19 20 2
8746 255 19 21 2
8747 256 19 22 2
8750 257 19 23 2
8756 258 19 24 2
8757 259 19 25 2
8764 260 19 26 2
8786 261 19 27 2
8800 262 19 28 2
8801 263 19 29 2
8806 264 19 30 2
8807 265 19 31 2
8869 266 19 32 2
8895 267 19 33 2
9312 268 19 34 2
9313 269 19 35 2
9314 270 19 36 2
9315 271 19 37 2
9316 272 19 38 2
9317 273 19 39 2
9318 274 19 40 2
9319 275 19 41 2
9320 276 19 42 2
9321 277 19 43 2
9332 278 19 44 2
9333 279 19 45 2
9334 280 19 46 2
9335 281 19 47 2
9336 282 19 48 2
9337 283 19 49 2
9338 284 19 50 2
9339 285 19 51 2
9340 286 19 52 2
9341 287 19 53 2
9472 288 19 54 2
9474 289 19 55 2
9484 290 19 56 2
9488 291 19 57 2
9492 292 19 58 2
9496 293 19 59 2
9500 294 19 60 2
9508 295 19 61 2
9516 296 19 62 2
9524 297 19 63 2
9532 298 19 64 2
9552 299 19 65 2
9566 300 19 66 2
9569 301 19 67 2
9578 302 19 68 2
9581 303 19 69 2
9582 304 19 70 2
9583 305 19 71 2
9584 306 19 72 2
9585 307 19 73 2
9586 308 19 74 2
9587 309 19 75 2
9601 310 19 76 2
9602 311 19 77 2
9603 312 19 78 2
9604 313 19 79 2
9605 314 19 80 2
9606 315 19 81 2
9607 316 19 82 2
9608 317 19 83 2
9609 318 19 84 2
9610 319 19 85 2
9611 320 19 86 2
9612 321 19 87 2
9613 322 19 88 2
9614 323 19 89 2
9615 324 19 90 2
9620 325 19 91 2
9621 326 19 92 2
9632 327 19 93 2
9633 328 19 94 2
9650 329 19 95 2
9651 330 19 96 2
9660 331 19 97 2
9661 332 19 98 2
9670 333 19 99 2
9671 334 19 100 2
9675 335 19 101 2
9678 336 19 102 2
9679 337 19 103 2
9698 338 19 104 2
9699 339 19 105 2
9700 340 19 106 2
9701 341 19 107 2
9733 342 19 108 2
9734 343 19 109 2
9737 344 19 110 2
9792 345 19 111 2
9793 346 19 112 2
9794 347 19 113 2
12288 348 19 114 2
12289 349 19 115 2
12290 350 19 116 2
12291 351 19 0 3
12293 352 19 1 3
12296 353 19 2 3
12297 354 19 3 3
12298 355 19 4 3
12299 356 19 5 3
12300 357 19 6 3
12301 358 19 7 3
12302 359 19 8 3
12303 360 19 9 3
12304 361 19 10 3
12305 362 19 11 3
12306 363 19 12 3
12308 364 19 13 3
12309 365 19 14 3
12317 366 19 15 3
12318 367 19 16 3
12321 368 19 17 3
12322 369 19 18 3
12323 370 19 19 3
12324 371 19 20 3
12325 372 19 21 3
12326 373 19 22 3
12327 374 19 23 3
12328 375 19 24 3
12329 376 19 25 3
12353 377 19 26 3
12354 378 19 27 3
12355 379 19 28 3
12356 380 19 29 3
12357 381 19 30 3
12358 382 19 31 3
12359 383 19 32 3
12360 384 19 33 3
12361 385 19 34 3
12362 386 19 35 3
12363 387 19 36 3
12364 388 19 37 3
12365 389 19 38 3
12366 390 19 39 3
12367 391 19 40 3
12368 392 19 41 3
12369 393 19 42 3
12370 394 19 43 3
12371 395 19 44 3
12372 396 19 45 3
12373 397 19 46 3
12374 398 19 47 3
12375 399 19 48 3
12376 400 19 49 3
12377 401 19 50 3
12378 402 19 51 3
12379 403 19 52 3
12380 404 19 53 3
12381 405 19 54 3
12382 406 19 55 3
12383 407 19 56 3
12384 408 19 57 3
12385 409 19 58 3
12386 410 19 59 3
12387 411 19 60 3
12388 412 19 61 3
12389 413 19 62 3
12390 414 19 63 3
12391 415 19 64 3
12392 416 19 65 3
12393 417 19 66 3
12394 418 19 67 3
12395 419 19 68 3
12396 420 19 69 3
12397 421 19 70 3
12398 422 19 71 3
12399 423 19 72 3
12400 424 19 73 3
12401 425 19 74 3
12402 426 19 75 3
12403 427 19 76 3
12404 428 19 77 3
12405 429 19 78 3
12406 430 19 79 3
12407 431 19 80 3
12408 432 19 81 3
12409 433 19 82 3
12410 434 19 83 3
12411 435 19 84 3
12412 436 19 85 3
12413 437 19 86 3
12414 438 19 87 3
12415 439 19 88 3
12416 440 19 89 3
12417 441 19 90 3
12418 442 19 91 3
12419 443 19 92 3
12420 444 19 93 3
12421 445 19 94 3
12422 446 19 95 3
12423 447 19 96 3
12424 448 19 97 3
12425 449 19 98 3
12426 450 19 99 3
12427 451 19 100 3
12428 452 19 101 3
12429 453 19 102 3
12430 454 19 103 3
12431 455 19 104 3
12432 456 19 105 3
12433 457 19 106 3
12434 458 19 107 3
12435 459 19 108 3
12445 460 19 109 3
12446 461 19 110 3
12449 462 19 111 3
12450 463 19 112 3
12451 464 19 113 3
12452 465 19 114 3
12453 466 19 115 3
12454 467 19 116 3
12455 468 19 0 4
12456 469 19 1 4
12457 470 19 2 4
12458 471 19 3 4
12459 472 19 4 4
12460 473 19 5 4
12461 474 19 6 4
12462 475 19 7 4
12463 476 19 8 4
12464 477 19 9 4
12465 478 19 10 4
12466 479 19 11 4
12467 480 19 12 4
12468 481 19 13 4
12469 482 19 14 4
12470 483 19 15 4
12471 484 19 16 4
12472 485 19 17 4
12473 486 19 18 4
12474 487 19 19 4
12475 488 19 20 4
12476 489 19 21 4
12477 490 19 22 4
12478 491 19 23 4
12479 492 19 24 4
12480 493 19 25 4
12481 494 19 26 4
12482 495 19 27 4
12483 496 19 28 4
12484 497 19 29 4
12485 498 19 30 4
12486 499 19 31 4
12487 500 19 32 4
12488 501 19 33 4
12489 502 19 34 4
12490 503 19 35 4
12491 504 19 36 4
12492 505 19 37 4
12493 506 19 38 4
12494 507 19 39 4
12495 508 19 40 4
12496 509 19 41 4
12497 510 19 42 4
12498 511 19 43 4
12499 512 19 44 4
12500 513 19 45 4
12501 514 19 46 4
12502 515 19 47 4
12503 516 19 48 4
12504 517 19 49 4
12505 518 19 50 4
12506 519 19 51 4
12507 520 19 52 4
12508 521 19 53 4
12509 522 19 54 4
12510 523 19 55 4
12511 524 19 56 4
12512 525 19 57 4
12513 526 19 58 4
12514 527 19 59 4
12515 528 19 60 4
12516 529 19 61 4
12517 530 19 62 4
12518 531 19 63 4
12519 532 19 64 4
12520 533 19 65 4
12521 534 19 66 4
12522 535 19 67 4
12523 536 19 68 4
12524 537 19 69 4
12525 538 19 70 4
12526 539 19 71 4
12527 540 19 72 4
12528 541 19 73 4
12529 542 19 74 4
12530 543 19 75 4
12531 544 19 76 4
12532 545 19 77 4
12533 546 19 78 4
12534 547 19 79 4
12542 548 19 80 4
12549 549 19 81 4
12550 550 19 82 4
12551 551 19 83 4
12552 552 19 84 4
12553 553 19 85 4
12554 554 19 86 4
12555 555 19 87 4
12556 556 19 88 4
12557 557 19 89 4
12558 558 19 90 4
12559 559 19 91 4
12560 560 19 92 4
12561 561 19 93 4
12562 562 19 94 4
12563 563 19 95 4
12564 564 19 96 4
12565 565 19 97 4
12566 566 19 98 4
12567 567 19 99 4
12568 568 19 100 4
12569 569 19 101 4
12570 570 19 102 4
12571 571 19 103 4
12572 572 19 104 4
12573 573 19 105 4
12574 574 19 106 4
12575 575 19 107 4
12576 576 19 108 4
12577 577 19 109 4
12578 578 19 110 4
12579 579 19 111 4
12580 580 19 112 4
12581 581 19 113 4
12582 582 19 114 4
12583 583 19 115 4
12584 584 19 116 4
12585 585 19 0 5
12963 586 19 1 5
13198 587 19 2 5
13199 588 19 3 5
13212 589 19 4 5
13213 590 19 5 5
13214 591 19 6 5
13217 592 19 7 5
13252 593 19 8 5
13262 594 19 9 5
13265 595 19 10 5
13266 596 19 11 5
13269 597 19 12 5
19968 598 19 13 5
19969 599 19 14 5
19971 600 19 15 5
19975 601 19 16 5
19976 602 19 17 5
19977 603 19 18 5
19978 604 19 19 5
19979 605 19 20 5
19980 606 19 21 5
19981 607 19 22 5
19982 608 19 23 5
19983 609 19 24 5
19984 610 19 25 5
19985 611 19 26 5
19988 612 19 27 5
19989 613 19 28 5
19990 614 19 29 5
19992 615 19 30 5
19993 616 19 31 5
19998 617 19 32 5
19999 618 19 33 5
20006 619 19 34 5
20011 620 19 35 5
20013 621 19 36 5
20014 622 19 37 5
20016 623 19 38 5
20017 624 19 39 5
20018 625 19 40 5
20019 626 19 41 5
20024 627 19 42 5
20025 628 19 43 5
20027 629 19 44 5
20028 630 19 45 5
20034 631 19 46 5
20035 632 19 47 5
20037 633 19 48 5
20039 634 19 49 5
20040 635 19 50 5
20043 636 19 51 5
20045 637 19 52 5
20046 638 19 53 5
20047 639 19 54 5
20050 640 19 55 5
20051 641 19 56 5
20054 642 19 57 5
20056 643 19 58 5
20057 644 19 59 5
20060 645 19 60 5
20061 646 19 61 5
20062 647 19 62 5
20063 648 19 63 5
20073 649 19 64 5
20083 650 19 65 5
20094 651 19 66 5
20095 652 19 67 5
20098 653 19 68 5
20099 654 19 69 5
20100 655 19 70 5
20102 656 19 71 5
20104 657 19 72 5
20107 658 19 73 5
20108 659 19 74 5
20109 660 19 75 5
20110 661 19 76 5
20113 662 19 77 5
20114 663 19 78 5
20115 664 19 79 5
20116 665 19 80 5
20117 666 19 81 5
20121 667 19 82 5
20123 668 19 83 5
20126 669 19 84 5
20127 670 19 85 5
20129 671 19 86 5
20130 672 19 87 5
20132 673 19 88 5
20133 674 19 89 5
20134 675 19 90 5
20136 676 19 91 5
20139 677 19 92 5
20140 678 19 93 5
20141 679 19 94 5
20142 680 19 95 5
20147 681 19 96 5
20150 682 19 97 5
20153 683 19 98 5
20154 684 19 99 5
20160 685 19 100 5
20161 686 19 101 5
20162 687 19 102 5
20163 688 19 103 5
20164 689 19 104 5
20166 690 19 105 5
20167 691 19 106 5
20168 692 19 107 5
20169 693 19 108 5
20170 694 19 109 5
20171 695 19 110 5
20173 696 19 111 5
20180 697 19 112 5
20181 698 19 113 5
20182 699 19 114 5
20183 700 19 115 5
20184 701 19 116 5
20185 702 19 0 6
20186 703 19 1 6
20188 704 19 2 6
20189 705 19 3 6
20190 706 19 4 6
20191 707 19 5 6
20193 708 19 6 6
20195 709 19 7 6
20196 710 19 8 6
20197 711 19 9 6
20200 712 19 10 6
20201 713 19 11 6
20208 714 19 12 6
20209 715 19 13 6
20210 716 19 14 6
20211 717 19 15 6
20212 718 19 16 6
20213 719 19 17 6
20214 720 19 18 6
20215 721 19 19 6
20219 722 19 20 6
20221 723 19 21 6
20223 724 19 22 6
20224 725 19 23 6
20225 726 19 24 6
20226 727 19 25 6
20228 728 19 26 6
20229 729 19 27 6
20232 730 19 28 6
20233 731 19 29 6
20234 732 19 30 6
20235 733 19 31 6
20237 734 19 32 6
20238 735 19 33 6
20239 736 19 34 6
20240 737 19 35 6
20241 738 19 36 6
20242 739 19 37 6
20243 740 19 38 6
20244 741 19 39 6
20245 742 19 40 6
20248 743 19 41 6
20249 744 19 42 6
20253 745 19 43 6
20258 746 19 44 6
20268 747 19 45 6
20269 748 19 46 6
20271 749 19 47 6
20272 750 19 48 6
20275 751 19 49 6
20276 752 19 50 6
20278 753 19 51 6
20280 754 19 52 6
20282 755 19 53 6
20283 756 19 54 6
20284 757 19 55 6
20285 758 19 56 6
20286 759 19 57 6
20287 760 19 58 6
20289 761 19 59 6
20291 762 19 60 6
20294 763 19 61 6
20295 764 19 62 6
20296 765 19 63 6
20297 766 19 64 6
20300 767 19 65 6
20301 768 19 66 6
20302 769 19 67 6
20303 770 19 68 6
20304 771 19 69 6
20305 772 19 70 6
20306 773 19 71 6
20307 774 19 72 6
20308 775 19 73 6
20309 776 19 74 6
20310 777 19 75 6
20311 778 19 76 6
20312 779 19 77 6
20313 780 19 78 6
20314 781 19 79 6
20315 782 19 80 6
20316 783 19 81 6
20317 784 19 82 6
20318 785 19 83 6
20319 786 19 84 6
20320 787 19 85 6
20321 788 19 86 6
20322 789 19 87 6
20323 790 19 88 6
20324 791 19 89 6
20327 792 19 90 6
20329 793 19 91 6
20330 794 19 92 6
20331 795 19 93 6
20332 796 19 94 6
20334 797 19 95 6
20335 798 19 96 6
20336 799 19 97 6
20339 800 19 98 6
20340 801 19 99 6
20341 802 19 100 6
20342 803 19 101 6
20343 804 19 102 6
20344 805 19 103 6
20345 806 19 104 6
20346 807 19 105 6
20347 808 19 106 6
20348 809 19 107 6
20349 810 19 108 6
20350 811 19 109 6
20351 812 19 110 6
20352 813 19 111 6
20353 814 19 112 6
20354 815 19 113 6
20355 816 19 114 6
20356 817 19 115 6
20357 818 19 116 6
20358 819 19 0 7
20359 820 19 1 7
20360 821 19 2 7
20361 822 19 3 7
20363 823 19 4 7
20365 824 19 5 7
20367 825 19 6 7
20368 826 19 7 7
20369 827 19 8 7
20370 828 19 9 7
20372 829 19 10 7
20373 830 19 11 7
20374 831 19 12 7
20375 832 19 13 7
20376 833 19 14 7
20378 834 19 15 7
20379 835 19 16 7
20380 836 19 17 7
20381 837 19 18 7
20382 838 19 19 7
20398 839 19 20 7
20399 840 19 21 7
20402 841 19 22 7
20403 842 19 23 7
20405 843 19 24 7
20406 844 19 25 7
20407 845 19 26 7
20409 846 19 27 7
20410 847 19 28 7
20411 848 19 29 7
20415 849 19 30 7
20416 850 19 31 7
20417 851 19 32 7
20418 852 19 33 7
20419 853 19 34 7
20420 854 19 35 7
20421 855 19 36 7
20423 856 19 37 7
20425 857 19 38 7
20426 858 19 39 7
20427 859 19 40 7
20429 860 19 41 7
20430 861 19 42 7
20431 862 19 43 7
20432 863 19 44 7
20433 864 19 45 7
20435 865 19 46 7
20436 866 19 47 7
20438 867 19 48 7
20439 868 19 49 7
20440 869 19 50 7
20441 870 19 51 7
20442 871 19 52 7
20443 872 19 53 7
20444 873 19 54 7
20445 874 19 55 7
20446 875 19 56 7
20447 876 19 57 7
20448 877 19 58 7
20449 878 19 59 7
20460 879 19 60 7
20462 880 19 61 7
20463 881 19 62 7
20465 882 19 63 7
20467 883 19 64 7
20468 884 19 65 7
20469 885 19 66 7
20470 886 19 67 7
20471 887 19 68 7
20472 888 19 69 7
20474 889 19 70 7
20478 890 19 71 7
20480 891 19 72 7
20485 892 19 73 7
20486 893 19 74 7
20487 894 19 75 7
20489 895 19 76 7
20491 896 19 77 7
20492 897 19 78 7
20493 898 19 79 7
20494 899 19 80 7
20495 900 19 81 7
20497 901 19 82 7
20498 902 19 83 7
20499 903 19 84 7
20500 904 19 85 7
20501 905 19 86 7
20502 906 19 87 7
20503 907 19 88 7
20504 908 19 89 7
20505 909 19 90 7
20506 910 19 91 7
20507 911 19 92 7
20508 912 19 93 7
20510 913 19 94 7
20511 914 19 95 7
20512 915 19 96 7
20513 916 19 97 7
20514 917 19 98 7
20515 918 19 99 7
20517 919 19 100 7
20518 920 19 101 7
20519 921 19 102 7
20520 922 19 103 7
20521 923 19 104 7
20522 924 19 105 7
20523 925 19 106 7
20524 926 19 107 7
20525 927 19 108 7
20527 928 19 109 7
20528 929 19 110 7
20529 930 19 111 7
20531 931 19 112 7
20533 932 19 113 7
20535 933 19 114 7
20540 934 19 115 7
20544 935 19 116 7
20545 936 19 0 8
20547 937 19 1 8
20549 938 19 2 8
20550 939 19 3 8
20551 940 19 4 8
20552 941 19 5 8
20553 942 19 6 8
20554 943 19 7 8
20555 944 19 8 8
20556 945 19 9 8
20557 946 19 10 8
20558 947 19 11 8
20559 948 19 12 8
20561 949 19 13 8
20563 950 19 14 8
20565 951 19 15 8
20567 952 19 16 8
20570 953 19 17 8
20571 954 19 18 8
20572 955 19 19 8
20573 956 19 20 8
20574 957 19 21 8
20575 958 19 22 8
20576 959 19 23 8
20577 960 19 24 8
20578 961 19 25 8
20579 962 19 26 8
20580 963 19 27 8
20581 964 19 28 8
20584 965 19 29 8
20585 966 19 30 8
20586 967 19 31 8
20587 968 19 32 8
20589 969 19 33 8
20590 970 19 34 8
20591 971 19 35 8
20592 972 19 36 8
20594 973 19 37 8
20595 974 19 38 8
20596 975 19 39 8
20597 976 19 40 8
20598 977 19 41 8
20599 978 19 42 8
20602 979 19 43 8
20605 980 19 44 8
20608 981 19 45 8
20610 982 19 46 8
20611 983 19 47 8
20613 984 19 48 8
20615 985 19 49 8
20619 986 19 50 8
20620 987 19 51 8
20621 988 19 52 8
20622 989 19 53 8
20625 990 19 54 8
20626 991 19 55 8
20628 992 19 56 8
20629 993 19 57 8
20630 994 19 58 8
20632 995 19 59 8
20633 996 19 60 8
20634 997 19 61 8
20635 998 19 62 8
20636 999 19 63 8
20637 1000 19 64 8
20638 1001 19 65 8
20642 1002 19 66 8
20643 1003 19 67 8
20652 1004 19 68 8
20653 1005 19 69 8
20654 1006 19 70 8
20655 1007 19 71 8
20656 1008 19 72 8
20657 1009 19 73 8
20658 1010 19 74 8
20659 1011 19 75 8
20660 1012 19 76 8
20661 1013 19 77 8
20662 1014 19 78 8
20663 1015 19 79 8
20664 1016 19 80 8
20666 1017 19 81 8
20667 1018 19 82 8
20669 1019 19 83 8
20670 1020 19 84 8
20671 1021 19 85 8
20673 1022 19 86 8
20674 1023 19 87 8
20676 1024 19 88 8
20677 1025 19 89 8
20678 1026 19 90 8
20679 1027 19 91 8
20680 1028 19 92 8
20681 1029 19 93 8
20682 1030 19 94 8
20683 1031 19 95 8
20686 1032 19 96 8
20687 1033 19 97 8
20689 1034 19 98 8
20691 1035 19 99 8
20692 1036 19 100 8
20693 1037 19 101 8
20694 1038 19 102 8
20695 1039 19 103 8
20698 1040 19 104 8
20699 1041 19 105 8
20701 1042 19 106 8
20704 1043 19 107 8
20707 1044 19 108 8
20708 1045 19 109 8
20709 1046 19 110 8
20710 1047 19 111 8
20711 1048 19 112 8
20712 1049 19 113 8
20713 1050 19 114 8
20714 1051 19 115 8
20716 1052 19 116 8
20717 1053 19 0 9
20718 1054 19 1 9
20719 1055 19 2 9
20720 1056 19 3 9
20721 1057 19 4 9
20723 1058 19 5 9
20725 1059 19 6 9
20726 1060 19 7 9
20728 1061 19 8 9
20729 1062 19 9 9
20731 1063 19 10 9
20733 1064 19 11 9
20734 1065 19 12 9
20735 1066 19 13 9
20736 1067 19 14 9
20738 1068 19 15 9
20739 1069 19 16 9
20740 1070 19 17 9
20741 1071 19 18 9
20742 1072 19 19 9
20743 1073 19 20 9
20744 1074 19 21 9
20745 1075 19 22 9
20746 1076 19 23 9
20747 1077 19 24 9
20748 1078 19 25 9
20752 1079 19 26 9
20753 1080 19 27 9
20754 1081 19 28 9
20755 1082 19 29 9
20756 1083 19 30 9
20757 1084 19 31 9
20759 1085 19 32 9
20760 1086 19 33 9
20762 1087 19 34 9
20764 1088 19 35 9
20767 1089 19 36 9
20768 1090 19 37 9
20769 1091 19 38 9
20770 1092 19 39 9
20772 1093 19 40 9
20773 1094 19 41 9
20774 1095 19 42 9
20777 1096 19 43 9
20778 1097 19 44 9
20781 1098 19 45 9
20782 1099 19 46 9
20784 1100 19 47 9
20785 1101 19 48 9
20786 1102 19 49 9
20787 1103 19 50 9
20788 1104 19 51 9
20789 1105 19 52 9
20791 1106 19 53 9
20792 1107 19 54 9
20793 1108 19 55 9
20794 1109 19 56 9
20795 1110 19 57 9
20796 1111 19 58 9
20797 1112 19 59 9
20799 1113 19 60 9
20800 1114 19 61 9
20801 1115 19 62 9
20803 1116 19 63 9
20804 1117 19 64 9
20805 1118 19 65 9
20806 1119 19 66 9
20807 1120 19 67 9
20808 1121 19 68 9
20809 1122 19 69 9
20811 1123 19 70 9
20812 1124 19 71 9
20813 1125 19 72 9
20818 1126 19 73 9
20820 1127 19 74 9
20821 1128 19 75 9
20823 1129 19 76 9
20825 1130 19 77 9
20826 1131 19 78 9
20827 1132 19 79 9
20828 1133 19 80 9
20829 1134 19 81 9
20830 1135 19 82 9
20831 1136 19 83 9
20833 1137 19 84 9
20834 1138 19 85 9
20835 1139 19 86 9
20837 1140 19 87 9
20839 1141 19 88 9
20840 1142 19 89 9
20841 1143 19 90 9
20843 1144 19 91 9
20844 1145 19 92 9
20845 1146 19 93 9
20846 1147 19 94 9
20849 1148 19 95 9
20853 1149 19 96 9
20854 1150 19 97 9
20855 1151 19 98 9
20856 1152 19 99 9
20860 1153 19 100 9
20864 1154 19 101 9
20871 1155 19 102 9
20873 1156 19 103 9
20874 1157 19 104 9
20877 1158 19 105 9
20879 1159 19 106 9
20881 1160 19 107 9
20882 1161 19 108 9
20883 1162 19 109 9
20884 1163 19 110 9
20885 1164 19 111 9
20887 1165 19 112 9
20888 1166 19 113 9
20894 1167 19 114 9
20896 1168 19 115 9
20898 1169 19 116 9
20900 1170 19 0 10
20901 1171 19 1 10
20906 1172 19 2 10
20908 1173 19 3 10
20912 1174 19 4 10
20913 1175 19 5 10
20918 1176 19 6 10
20919 1177 19 7 10
20921 1178 19 8 10
20924 1179 19 9 10
20925 1180 19 10 10
20926 1181 19 11 10
20932 1182 19 12 10
20933 1183 19 13 10
20934 1184 19 14 10
20936 1185 19 15 10
20938 1186 19 16 10
20939 1187 19 17 10
20940 1188 19 18 10
20941 1189 19 19 10
20942 1190 19 20 10
20944 1191 19 21 10
20948 1192 19 22 10
20951 1193 19 23 10
20952 1194 19 24 10
20956 1195 19 25 10
20957 1196 19 26 10
20958 1197 19 27 10
20960 1198 19 28 10
20961 1199 19 29 10
20976 1200 19 30 10
20977 1201 19 31 10
20979 1202 19 32 10
20981 1203 19 33 10
20982 1204 19 34 10
20984 1205 19 35 10
20985 1206 19 36 10
20986 1207 19 37 10
20989 1208 19 38 10
20992 1209 19 39 10
20993 1210 19 40 10
20995 1211 19 41 10
20998 1212 19 42 10
20999 1213 19 43 10
21000 1214 19 44 10
21001 1215 19 45 10
21002 1216 19 46 10
21004 1217 19 47 10
21006 1218 19 48 10
21008 1219 19 49 10
21009 1220 19 50 10
21010 1221 19 51 10
21011 1222 19 52 10
21014 1223 19 53 10
21015 1224 19 54 10
21020 1225 19 55 10
21021 1226 19 56 10
21022 1227 19 57 10
21025 1228 19 58 10
21028 1229 19 59 10
21029 1230 19 60 10
21032 1231 19 61 10
21033 1232 19 62 10
21034 1233 19 63 10
21038 1234 19 64 10
21040 1235 19 65 10
21041 1236 19 66 10
21042 1237 19 67 10
21043 1238 19 68 10
21045 1239 19 69 10
21046 1240 19 70 10
21047 1241 19 71 10
21048 1242 19 72 10
21050 1243 19 73 10
21051 1244 19 74 10
21057 1245 19 75 10
21059 1246 19 76 10
21060 1247 19 77 10
21062 1248 19 78 10
21063 1249 19 79 10
21065 1250 19 80 10
21066 1251 19 81 10
21067 1252 19 82 10
21068 1253 19 83 10
21069 1254 19 84 10
21070 1255 19 85 10
21074 1256 19 86 10
21076 1257 19 87 10
21077 1258 19 88 10
21078 1259 19 89 10
21082 1260 19 90 10
21083 1261 19 91 10
21084 1262 19 92 10
21085 1263 19 93 10
21086 1264 19 94 10
21087 1265 19 95 10
21089 1266 19 96 10
21090 1267 19 97 10
21097 1268 19 98 10
21098 1269 19 99 10
21099 1270 19 100 10
21100 1271 19 101 10
21101 1272 19 102 10
21102 1273 19 103 10
21103 1274 19 104 10
21106 1275 19 105 10
21108 1276 19 106 10
21109 1277 19 107 10
21111 1278 19 108 10
21112 1279 19 109 10
21114 1280 19 110 10
21115 1281 19 111 10
21116 1282 19 112 10
21117 1283 19 113 10
21119 1284 19 114 10
21120 1285 19 115 10
21121 1286 19 116 10
21122 1287 19 0 11
21123 1288 19 1 11
21124 1289 19 2 11
21127 1290 19 3 11
21128 1291 19 4 11
21129 1292 19 5 11
21130 1293 19 6 11
21131 1294 19 7 11
21132 1295 19 8 11
21133 1296 19 9 11
21137 1297 19 10 11
21139 1298 19 11 11
21142 1299 19 12 11
21143 1300 19 13 11
21144 1301 19 14 11
21145 1302 19 15 11
21147 1303 19 16 11
21151 1304 19 17 11
21152 1305 19 18 11
21155 1306 19 19 11
21158 1307 19 20 11
21161 1308 19 21 11
21162 1309 19 22 11
21163 1310 19 23 11
21164 1311 19 24 11
21165 1312 19 25 11
21166 1313 19 26 11
21179 1314 19 27 11
21180 1315 19 28 11
21182 1316 19 29 11
21184 1317 19 30 11
21185 1318 19 31 11
21186 1319 19 32 11
21187 1320 19 33 11
21191 1321 19 34 11
21193 1322 19 35 11
21197 1323 19 36 11
21202 1324 19 37 11
21203 1325 19 38 11
21205 1326 19 39 11
21206 1327 19 40 11
21207 1328 19 41 11
21208 1329 19 42 11
21209 1330 19 43 11
21211 1331 19 44 11
21213 1332 19 45 11
21214 1333 19 46 11
21215 1334 19 47 11
21218 1335 19 48 11
21219 1336 19 49 11
21220 1337 19 50 11
21222 1338 19 51 11
21225 1339 19 52 11
21227 1340 19 53 11
21231 1341 19 54 11
21232 1342 19 55 11
21233 1343 19 56 11
21235 1344 19 57 11
21236 1345 19 58 11
21237 1346 19 59 11
21239 1347 19 60 11
21240 1348 19 61 11
21242 1349 19 62 11
21243 1350 19 63 11
21244 1351 19 64 11
21246 1352 19 65 11
21247 1353 19 66 11
21253 1354 19 67 11
21254 1355 19 68 11
21256 1356 19 69 11
21257 1357 19 70 11
21258 1358 19 71 11
21259 1359 19 72 11
21261 1360 19 73 11
21262 1361 19 74 11
21263 1362 19 75 11
21264 1363 19 76 11
21265 1364 19 77 11
21266 1365 19 78 11
21269 1366 19 79 11
21270 1367 19 80 11
21271 1368 19 81 11
21273 1369 19 82 11
21274 1370 19 83 11
21276 1371 19 84 11
21277 1372 19 85 11
21279 1373 19 86 11
21280 1374 19 87 11
21281 1375 19 88 11
21282 1376 19 89 11
21283 1377 19 90 11
21290 1378 19 91 11
21293 1379 19 92 11
21295 1380 19 93 11
21296 1381 19 94 11
21297 1382 19 95 11
21300 1383 19 96 11
21303 1384 19 97 11
21305 1385 19 98 11
21308 1386 19 99 11
21309 1387 19 100 11
21310 1388 19 101 11
21311 1389 19 102 11
21312 1390 19 103 11
21313 1391 19 104 11
21315 1392 19 105 11
21316 1393 19 106 11
21317 1394 19 107 11
21319 1395 19 108 11
21320 1396 19 109 11
21321 1397 19 110 11
21322 1398 19 111 11
21324 1399 19 112 11
21325 1400 19 113 11
21329 1401 19 114 11
21330 1402 19 115 11
21331 1403 19 116 11
21332 1404 19 0 12
21335 1405 19 1 12
21338 1406 19 2 12
21340 1407 19 3 12
21342 1408 19 4 12
21344 1409 19 5 12
21345 1410 19 6 12
21347 1411 19 7 12
21350 1412 19 8 12
21356 1413 19 9 12
21358 1414 19 10 12
21359 1415 19 11 12
21360 1416 19 12 12
21361 1417 19 13 12
21362 1418 19 14 12
21363 1419 19 15 12
21365 1420 19 16 12
21367 1421 19 17 12
21368 1422 19 18 12
21369 1423 19 19 12
21371 1424 19 20 12
21372 1425 19 21 12
21375 1426 19 22 12
21378 1427 19 23 12
21380 1428 19 24 12
21386 1429 19 25 12
21390 1430 19 26 12
21391 1431 19 27 12
21394 1432 19 28 12
21396 1433 19 29 12
21398 1434 19 30 12
21399 1435 19 31 12
21400 1436 19 32 12
21401 1437 19 33 12
21402 1438 19 34 12
21404 1439 19 35 12
21405 1440 19 36 12
21406 1441 19 37 12
21407 1442 19 38 12
21412 1443 19 39 12
21413 1444 19 40 12
21415 1445 19 41 12
21420 1446 19 42 12
21421 1447 19 43 12
21426 1448 19 44 12
21428 1449 19 45 12
21433 1450 19 46 12
21435 1451 19 47 12
21443 1452 19 48 12
21448 1453 19 49 12
21449 1454 19 50 12
21450 1455 19 51 12
21451 1456 19 52 12
21453 1457 19 53 12
21460 1458 19 54 12
21462 1459 19 55 12
21463 1460 19 56 12
21467 1461 19 57 12
21471 1462 19 58 12
21473 1463 19 59 12
21474 1464 19 60 12
21475 1465 19 61 12
21476 1466 19 62 12
21477 1467 19 63 12
21478 1468 19 64 12
21480 1469 19 65 12
21481 1470 19 66 12
21482 1471 19 67 12
21483 1472 19 68 12
21484 1473 19 69 12
21485 1474 19 70 12
21486 1475 19 71 12
21487 1476 19 72 12
21488 1477 19 73 12
21489 1478 19 74 12
21490 1479 19 75 12
21491 1480 19 76 12
21493 1481 19 77 12
21496 1482 19 78 12
21499 1483 19 79 12
21500 1484 19 80 12
21505 1485 19 81 12
21507 1486 19 82 12
21508 1487 19 83 12
21510 1488 19 84 12
21511 1489 19 85 12
21512 1490 19 86 12
21513 1491 19 87 12
21514 1492 19 88 12
21515 1493 19 89 12
21516 1494 19 90 12
21517 1495 19 91 12
21518 1496 19 92 12
21519 1497 19 93 12
21520 1498 19 94 12
21521 1499 19 95 12
21522 1500 19 96 12
21528 1501 19 97 12
21529 1502 19 98 12
21531 1503 19 99 12
21532 1504 19 100 12
21533 1505 19 101 12
21534 1506 19 102 12
21535 1507 19 103 12
21536 1508 19 104 12
21540 1509 19 105 12
21541 1510 19 106 12
21542 1511 19 107 12
21543 1512 19 108 12
21544 1513 19 109 12
21545 1514 19 110 12
21546 1515 19 111 12
21547 1516 19 112 12
21548 1517 19 113 12
21549 1518 19 114 12
21550 1519 19 115 12
21552 1520 19 116 12
21553 1521 19 0 13
21555 1522 19 1 13
21557 1523 19 2 13
21558 1524 19 3 13
21559 1525 19 4 13
21560 1526 19 5 13
21561 1527 19 6 13
21563 1528 19 7 13
21564 1529 19 8 13
21565 1530 19 9 13
21566 1531 19 10 13
21568 1532 19 11 13
21569 1533 19 12 13
21570 1534 19 13 13
21571 1535 19 14 13
21573 1536 19 15 13
21574 1537 19 16 13
21575 1538 19 17 13
21576 1539 19 18 13
21578 1540 19 19 13
21582 1541 19 20 13
21583 1542 19 21 13
21588 1543 19 22 13
21600 1544 19 23 13
21601 1545 19 24 13
21602 1546 19 25 13
21603 1547 19 26 13
21604 1548 19 27 13
21605 1549 19 28 13
21606 1550 19 29 13
21607 1551 19 30 13
21608 1552 19 31 13
21611 1553 19 32 13
21612 1554 19 33 13
21615 1555 19 34 13
21616 1556 19 35 13
21617 1557 19 36 13
21618 1558 19 37 13
21619 1559 19 38 13
21620 1560 19 39 13
21621 1561 19 40 13
21622 1562 19 41 13
21623 1563 19 42 13
21624 1564 19 43 13
21626 1565 19 44 13
21627 1566 19 45 13
21628 1567 19 46 13
21629 1568 19 47 13
21630 1569 19 48 13
21631 1570 19 49 13
21632 1571 19 50 13
21633 1572 19 51 13
21634 1573 19 52 13
21636 1574 19 53 13
21638 1575 19 54 13
21639 1576 19 55 13
21640 1577 19 56 13
21643 1578 19 57 13
21644 1579 19 58 13
21645 1580 19 59 13
21646 1581 19 60 13
21648 1582 19 61 13
21649 1583 19 62 13
21650 1584 19 63 13
21653 1585 19 64 13
21654 1586 19 65 13
21656 1587 19 66 13
21658 1588 19 67 13
21664 1589 19 68 13
21665 1590 19 69 13
21666 1591 19 70 13
21669 1592 19 71 13
21670 1593 19 72 13
21671 1594 19 73 13
21672 1595 19 74 13
21673 1596 19 75 13
21674 1597 19 76 13
21675 1598 19 77 13
21676 1599 19 78 13
21677 1600 19 79 13
21678 1601 19 80 13
21679 1602 19 81 13
21680 1603 19 82 13
21681 1604 19 83 13
21683 1605 19 84 13
21686 1606 19 85 13
21687 1607 19 86 13
21688 1608 19 87 13
21690 1609 19 88 13
21691 1610 19 89 13
21692 1611 19 90 13
21693 1612 19 91 13
21694 1613 19 92 13
21695 1614 19 93 13
21696 1615 19 94 13
21697 1616 19 95 13
21698 1617 19 96 13
21699 1618 19 97 13
21700 1619 19 98 13
21701 1620 19 99 13
21702 1621 19 100 13
21703 1622 19 101 13
21704 1623 19 102 13
21705 1624 19 103 13
21710 1625 19 104 13
21711 1626 19 105 13
21718 1627 19 106 13
21726 1628 19 107 13
21728 1629 19 108 13
21729 1630 19 109 13
21730 1631 19 110 13
21732 1632 19 111 13
21733 1633 19 112 13
21734 1634 19 113 13
21735 1635 19 114 13
21736 1636 19 115 13
21737 1637 19 116 13
21738 1638 19 0 14
21739 1639 19 1 14
21741 1640 19 2 14
21742 1641 19 3 14
21745 1642 19 4 14
21746 1643 19 5 14
21747 1644 19 6 14
21751 1645 19 7 14
21752 1646 19 8 14
21754 1647 19 9 14
21755 1648 19 10 14
21756 1649 19 11 14
21757 1650 19 12 14
21759 1651 19 13 14
21761 1652 19 14 14
21763 1653 19 15 14
21764 1654 19 16 14
21765 1655 19 17 14
21766 1656 19 18 14
21767 1657 19 19 14
21768 1658 19 20 14
21769 1659 19 21 14
21770 1660 19 22 14
21771 1661 19 23 14
21772 1662 19 24 14
21774 1663 19 25 14
21775 1664 19 26 14
21776 1665 19 27 14
21777 1666 19 28 14
21778 1667 19 29 14
21780 1668 19 30 14
21783 1669 19 31 14
21786 1670 19 32 14
21798 1671 19 33 14
21799 1672 19 34 14
21802 1673 19 35 14
21804 1674 19 36 14
21805 1675 19 37 14
21806 1676 19 38 14
21807 1677 19 39 14
21808 1678 19 40 14
21809 1679 19 41 14
21810 1680 19 42 14
21811 1681 19 43 14
21812 1682 19 44 14
21813 1683 19 45 14
21814 1684 19 46 14
21815 1685 19 47 14
21816 1686 19 48 14
21817 1687 19 49 14
21819 1688 19 50 14
21820 1689 19 51 14
21822 1690 19 52 14
21824 1691 19 53 14
21825 1692 19 54 14
21827 1693 19 55 14
21828 1694 19 56 14
21829 1695 19 57 14
21830 1696 19 58 14
21832 1697 19 59 14
21834 1698 19 60 14
21835 1699 19 61 14
21837 1700 19 62 14
21838 1701 19 63 14
21839 1702 19 64 14
21840 1703 19 65 14
21841 1704 19 66 14
21842 1705 19 67 14
21845 1706 19 68 14
21846 1707 19 69 14
21847 1708 19 70 14
21852 1709 19 71 14
21854 1710 19 72 14
21855 1711 19 73 14
21857 1712 19 74 14
21858 1713 19 75 14
21859 1714 19 76 14
21860 1715 19 77 14
21861 1716 19 78 14
21862 1717 19 79 14
21866 1718 19 80 14
21877 1719 19 81 14
21878 1720 19 82 14
21879 1721 19 83 14
21883 1722 19 84 14
21884 1723 19 85 14
21885 1724 19 86 14
21886 1725 19 87 14
21887 1726 19 88 14
21888 1727 19 89 14
21889 1728 19 90 14
21890 1729 19 91 14
21891 1730 19 92 14
21892 1731 19 93 14
21895 1732 19 94 14
21896 1733 19 95 14
21897 1734 19 96 14
21898 1735 19 97 14
21899 1736 19 98 14
21900 1737 19 99 14
21901 1738 19 100 14
21902 1739 19 101 14
21903 1740 19 102 14
21905 1741 19 103 14
21906 1742 19 104 14
21907 1743 19 105 14
21908 1744 19 106 14
21909 1745 19 107 14
21912 1746 19 108 14
21913 1747 19 109 14
21914 1748 19 110 14
21916 1749 19 111 14
21917 1750 19 112 14
21919 1751 19 113 14
21921 1752 19 114 14
21922 1753 19 115 14
21923 1754 19 116 14
21924 1755 19 0 15
21925 1756 19 1 15
21926 1757 19 2 15
21927 1758 19 3 15
21928 1759 19 4 15
21930 1760 19 5 15
21931 1761 19 6 15
21932 1762 19 7 15
21933 1763 19 8 15
21934 1764 19 9 15
21937 1765 19 10 15
21938 1766 19 11 15
21939 1767 19 12 15
21941 1768 19 13 15
21947 1769 19 14 15
21951 1770 19 15 15
21952 1771 19 16 15
21954 1772 19 17 15
21955 1773 19 18 15
21956 1774 19 19 15
21957 1775 19 20 15
21958 1776 19 21 15
21959 1777 19 22 15
21960 1778 19 23 15
21961 1779 19 24 15
21962 1780 19 25 15
21963 1781 19 26 15
21964 1782 19 27 15
21965 1783 19 28 15
21966 1784 19 29 15
21967 1785 19 30 15
21968 1786 19 31 15
21969 1787 19 32 15
21970 1788 19 33 15
21971 1789 19 34 15
21972 1790 19 35 15
21973 1791 19 36 15
21974 1792 19 37 15
21977 1793 19 38 15
21978 1794 19 39 15
21979 1795 19 40 15
21980 1796 19 41 15
21981 1797 19 42 15
21983 1798 19 43 15
21985 1799 19 44 15
21986 1800 19 45 15
21987 1801 19 46 15
21988 1802 19 47 15
21989 1803 19 48 15
21990 1804 19 49 15
21991 1805 19 50 15
21992 1806 19 51 15
21993 1807 19 52 15
21999 1808 19 53 15
22002 1809 19 54 15
22006 1810 19 55 15
22007 1811 19 56 15
22009 1812 19 57 15
22010 1813 19 58 15
22012 1814 19 59 15
22013 1815 19 60 15
22014 1816 19 61 15
22015 1817 19 62 15
22016 1818 19 63 15
22017 1819 19 64 15
22018 1820 19 65 15
22020 1821 19 66 15
22022 1822 19 67 15
22024 1823 19 68 15
22025 1824 19 69 15
22028 1825 19 70 15
22029 1826 19 71 15
22030 1827 19 72 15
22031 1828 19 73 15
22032 1829 19 74 15
22034 1830 19 75 15
22035 1831 19 76 15
22036 1832 19 77 15
22037 1833 19 78 15
22038 1834 19 79 15
22039 1835 19 80 15
22043 1836 19 81 15
22044 1837 19 82 15
22045 1838 19 83 15
22047 1839 19 84 15
22055 1840 19 85 15
22057 1841 19 86 15
22058 1842 19 87 15
22060 1843 19 88 15
22062 1844 19 89 15
22063 1845 19 90 15
22064 1846 19 91 15
22066 1847 19 92 15
22067 1848 19 93 15
22068 1849 19 94 15
22069 1850 19 95 15
22070 1851 19 96 15
22072 1852 19 97 15
22073 1853 19 98 15
22074 1854 19 99 15
22075 1855 19 100 15
22077 1856 19 101 15
22078 1857 19 102 15
22079 1858 19 103 15
22080 1859 19 104 15
22081 1860 19 105 15
22082 1861 19 106 15
22085 1862 19 107 15
22086 1863 19 108 15
22088 1864 19 109 15
22089 1865 19 110 15
22090 1866 19 111 15
22092 1867 19 112 15
22094 1868 19 113 15
22099 1869 19 114 15
22103 1870 19 115 15
22104 1871 19 116 15
22105 1872 19 0 16
22106 1873 19 1 16
22110 1874 19 2 16
22112 1875 19 3 16
22114 1876 19 4 16
22115 1877 19 5 16
22116 1878 19 6 16
22117 1879 19 7 16
22118 1880 19 8 16
22120 1881 19 9 16
22121 1882 19 10 16
22122 1883 19 11 16
22123 1884 19 12 16
22124 1885 19 13 16
22125 1886 19 14 16
22126 1887 19 15 16
22127 1888 19 16 16
22128 1889 19 17 16
22129 1890 19 18 16
22130 1891 19 19 16
22131 1892 19 20 16
22132 1893 19 21 16
22134 1894 19 22 16
22135 1895 19 23 16
22136 1896 19 24 16
22137 1897 19 25 16
22142 1898 19 26 16
22143 1899 19 27 16
22144 1900 19 28 16
22145 1901 19 29 16
22146 1902 19 30 16
22147 1903 19 31 16
22148 1904 19 32 16
22149 1905 19 33 16
22150 1906 19 34 16
22151 1907 19 35 16
22156 1908 19 36 16
22157 1909 19 37 16
22158 1910 19 38 16
22159 1911 19 39 16
22160 1912 19 40 16
22163 1913 19 41 16
22165 1914 19 42 16
22167 1915 19 43 16
22168 1916 19 44 16
22169 1917 19 45 16
22170 1918 19 46 16
22172 1919 19 47 16
22173 1920 19 48 16
22181 1921 19 49 16
22182 1922 19 50 16
22183 1923 19 51 16
22184 1924 19 52 16
22186 1925 19 53 16
22187 1926 19 54 16
22188 1927 19 55 16
22189 1928 19 56 16
22190 1929 19 57 16
22194 1930 19 58 16
22195 1931 19 59 16
22196 1932 19 60 16
22197 1933 19 61 16
22198 1934 19 62 16
22199 1935 19 63 16
22204 1936 19 64 16
22205 1937 19 65 16
22206 1938 19 66 16
22208 1939 19 67 16
22209 1940 19 68 16
22210 1941 19 69 16
22211 1942 19 70 16
22213 1943 19 71 16
22214 1944 19 72 16
22216 1945 19 73 16
22217 1946 19 74 16
22218 1947 19 75 16
22219 1948 19 76 16
22220 1949 19 77 16
22221 1950 19 78 16
22225 1951 19 79 16
22227 1952 19 80 16
22228 1953 19 81 16
22231 1954 19 82 16
22234 1955 19 83 16
22235 1956 19 84 16
22237 1957 19 85 16
22238 1958 19 86 16
22239 1959 19 87 16
22240 1960 19 88 16
22241 1961 19 89 16
22244 1962 19 90 16
22245 1963 19 91 16
22247 1964 19 92 16
22250 1965 19 93 16
22251 1966 19 94 16
22254 1967 19 95 16
22256 1968 19 96 16
22263 1969 19 97 16
22265 1970 19 98 16
22266 1971 19 99 16
22271 1972 19 100 16
22273 1973 19 101 16
22274 1974 19 102 16
22275 1975 19 103 16
22276 1976 19 104 16
22279 1977 19 105 16
22280 1978 19 106 16
22281 1979 19 107 16
22282 1980 19 108 16
22283 1981 19 109 16
22284 1982 19 110 16
22285 1983 19 111 16
22290 1984 19 112 16
22291 1985 19 113 16
22292 1986 19 114 16
22294 1987 19 115 16
22296 1988 19 116 16
22298 1989 19 0 17
22299 1990 19 1 17
22300 1991 19 2 17
22302 1992 19 3 17
22303 1993 19 4 17
22304 1994 19 5 17
22306 1995 19 6 17
22307 1996 19 7 17
22312 1997 19 8 17
22313 1998 19 9 17
22314 1999 19 10 17
22316 2000 19 11 17
22317 2001 19 12 17
22318 2002 19 13 17
22319 2003 19 14 17
22320 2004 19 15 17
22323 2005 19 16 17
22324 2006 19 17 17
22331 2007 19 18 17
22334 2008 19 19 17
22336 2009 19 20 17
22337 2010 19 21 17
22341 2011 19 22 17
22343 2012 19 23 17
22345 2013 19 24 17
22346 2014 19 25 17
22347 2015 19 26 17
22348 2016 19 27 17
22349 2017 19 28 17
22350 2018 19 29 17
22351 2019 19 30 17
22352 2020 19 31 17
22353 2021 19 32 17
22354 2022 19 33 17
22369 2023 19 34 17
22370 2024 19 35 17
22372 2025 19 36 17
22374 2026 19 37 17
22376 2027 19 38 17
22377 2028 19 39 17
22378 2029 19 40 17
22379 2030 19 41 17
22381 2031 19 42 17
22383 2032 19 43 17
22384 2033 19 44 17
22385 2034 19 45 17
22386 2035 19 46 17
22387 2036 19 47 17
22388 2037 19 48 17
22389 2038 19 49 17
22390 2039 19 50 17
22391 2040 19 51 17
22395 2041 19 52 17
22396 2042 19 53 17
22397 2043 19 54 17
22400 2044 19 55 17
22402 2045 19 56 17
22403 2046 19 57 17
22411 2047 19 58 17
22412 2048 19 59 17
22415 2049 19 60 17
22419 2050 19 61 17
22420 2051 19 62 17
22421 2052 19 63 17
22423 2053 19 64 17
22424 2054 19 65 17
22425 2055 19 66 17
22426 2056 19 67 17
22427 2057 19 68 17
22429 2058 19 69 17
22430 2059 19 70 17
22431 2060 19 71 17
22432 2061 19 72 17
22434 2062 19 73 17
22435 2063 19 74 17
22436 2064 19 75 17
22437 2065 19 76 17
22446 2066 19 77 17
22453 2067 19 78 17
22454 2068 19 79 17
22456 2069 19 80 17
22457 2070 19 81 17
22458 2071 19 82 17
22460 2072 19 83 17
22461 2073 19 84 17
22463 2074 19 85 17
22465 2075 19 86 17
22466 2076 19 87 17
22467 2077 19 88 17
22470 2078 19 89 17
22471 2079 19 90 17
22475 2080 19 91 17
22476 2081 19 92 17
22478 2082 19 93 17
22479 2083 19 94 17
22480 2084 19 95 17
22482 2085 19 96 17
22484 2086 19 97 17
22485 2087 19 98 17
22492 2088 19 99 17
22495 2089 19 100 17
22496 2090 19 101 17
22497 2091 19 102 17
22498 2092 19 103 17
22499 2093 19 104 17
22500 2094 19 105 17
22501 2095 19 106 17
22503 2096 19 107 17
22505 2097 19 108 17
22508 2098 19 109 17
22509 2099 19 110 17
22510 2100 19 111 17
22512 2101 19 112 17
22513 2102 19 113 17
22514 2103 19 114 17
22515 2104 19 115 17
22516 2105 19 116 17
22517 2106 19 0 18
22518 2107 19 1 18
22519 2108 19 2 18
22520 2109 19 3 18
22521 2110 19 4 18
22522 2111 19 5 18
22523 2112 19 6 18
22524 2113 19 7 18
22525 2114 19 8 18
22528 2115 19 9 18
22529 2116 19 10 18
22530 2117 19 11 18
22532 2118 19 12 18
22533 2119 19 13 18
22534 2120 19 14 18
22535 2121 19 15 18
22536 2122 19 16 18
22537 2123 19 17 18
22538 2124 19 18 18
22539 2125 19 19 18
22540 2126 19 20 18
22541 2127 19 21 18
22542 2128 19 22 18
22544 2129 19 23 18
22548 2130 19 24 18
22553 2131 19 25 18
22555 2132 19 26 18
22556 2133 19 27 18
22557 2134 19 28 18
22558 2135 19 29 18
22560 2136 19 30 18
22561 2137 19 31 18
22563 2138 19 32 18
22564 2139 19 33 18
22565 2140 19 34 18
22567 2141 19 35 18
22568 2142 19 36 18
22569 2143 19 37 18
22570 2144 19 38 18
22572 2145 19 39 18
22573 2146 19 40 18
22574 2147 19 41 18
22575 2148 19 42 18
22576 2149 19 43 18
22577 2150 19 44 18
22578 2151 19 45 18
22579 2152 19 46 18
22580 2153 19 47 18
22581 2154 19 48 18
22582 2155 19 49 18
22583 2156 19 50 18
22584 2157 19 51 18
22585 2158 19 52 18
22587 2159 19 53 18
22589 2160 19 54 18
22591 2161 19 55 18
22600 2162 19 56 18
22601 2163 19 57 18
22602 2164 19 58 18
22603 2165 19 59 18
22604 2166 19 60 18
22605 2167 19 61 18
22606 2168 19 62 18
22607 2169 19 63 18
22609 2170 19 64 18
22610 2171 19 65 18
22611 2172 19 66 18
22612 2173 19 67 18
22613 2174 19 68 18
22615 2175 19 69 18
22616 2176 19 70 18
22617 2177 19 71 18
22618 2178 19 72 18
22619 2179 19 73 18
22621 2180 19 74 18
22622 2181 19 75 18
22626 2182 19 76 18
22627 2183 19 77 18
22628 2184 19 78 18
22629 2185 19 79 18
22632 2186 19 80 18
22635 2187 19 81 18
22637 2188 19 82 18
22639 2189 19 83 18
22641 2190 19 84 18
22644 2191 19 85 18
22645 2192 19 86 18
22646 2193 19 87 18
22649 2194 19 88 18
22650 2195 19 89 18
22651 2196 19 90 18
22652 2197 19 91 18
22653 2198 19 92 18
22654 2199 19 93 18
22655 2200 19 94 18
22656 2201 19 95 18
22657 2202 19 96 18
22658 2203 19 97 18
22659 2204 19 98 18
22661 2205 19 99 18
22662 2206 19 100 18
22663 2207 19 101 18
22664 2208 19 102 18
22665 2209 19 103 18
22666 2210 19 104 18
22667 2211 19 105 18
22670 2212 19 106 18
22671 2213 19 107 18
22672 2214 19 108 18
22673 2215 19 109 18
22675 2216 19 110 18
22676 2217 19 111 18
22680 2218 19 112 18
22684 2219 19 113 18
22685 2220 19 114 18
22686 2221 19 115 18
22687 2222 19 116 18
22688 2223 19 0 19
22689 2224 19 1 19
22691 2225 19 2 19
22693 2226 19 3 19
22694 2227 19 4 19
22696 2228 19 5 19
22697 2229 19 6 19
22699 2230 19 7 19
22700 2231 19 8 19
22702 2232 19 9 19
22703 2233 19 10 19
22705 2234 19 11 19
22707 2235 19 12 19
22714 2236 19 13 19
22716 2237 19 14 19
22717 2238 19 15 19
22718 2239 19 16 19
22719 2240 19 17 19
22721 2241 19 18 19
22722 2242 19 19 19
22725 2243 19 20 19
22726 2244 19 21 19
22727 2245 19 22 19
22728 2246 19 23 19
22729 2247 19 24 19
22734 2248 19 25 19
22735 2249 19 26 19
22737 2250 19 27 19
22738 2251 19 28 19
22739 2252 19 29 19
22740 2253 19 30 19
22741 2254 19 31 19
22742 2255 19 32 19
22744 2256 19 33 19
22745 2257 19 34 19
22746 2258 19 35 19
22747 2259 19 36 19
22749 2260 19 37 19
22750 2261 19 38 19
22751 2262 19 39 19
22754 2263 19 40 19
22755 2264 19 41 19
22756 2265 19 42 19
22759 2266 19 43 19
22760 2267 19 44 19
22761 2268 19 45 19
22763 2269 19 46 19
22764 2270 19 47 19
22767 2271 19 48 19
22772 2272 19 49 19
22777 2273 19 50 19
22778 2274 19 51 19
22780 2275 19 52 19
22781 2276 19 53 19
22782 2277 19 54 19
22783 2278 19 55 19
22787 2279 19 56 19
22790 2280 19 57 19
22796 2281 19 58 19
22797 2282 19 59 19
22798 2283 19 60 19
22799 2284 19 61 19
22802 2285 19 62 19
22804 2286 19 63 19
22805 2287 19 64 19
22806 2288 19 65 19
22807 2289 19 66 19
22809 2290 19 67 19
22810 2291 19 68 19
22812 2292 19 69 19
22816 2293 19 70 19
22818 2294 19 71 19
22820 2295 19 72 19
22821 2296 19 73 19
22823 2297 19 74 19
22825 2298 19 75 19
22826 2299 19 76 19
22827 2300 19 77 19
22828 2301 19 78 19
22829 2302 19 79 19
22830 2303 19 80 19
22831 2304 19 81 19
22833 2305 19 82 19
22839 2306 19 83 19
22840 2307 19 84 19
22844 2308 19 85 19
22846 2309 19 86 19
22848 2310 19 87 19
22852 2311 19 88 19
22853 2312 19 89 19
22855 2313 19 90 19
22856 2314 19 91 19
22857 2315 19 92 19
22858 2316 19 93 19
22862 2317 19 94 19
22863 2318 19 95 19
22864 2319 19 96 19
22865 2320 19 97 19
22867 2321 19 98 19
22868 2322 19 99 19
22869 2323 19 100 19
22871 2324 19 101 19
22872 2325 19 102 19
22874 2326 19 103 19
22876 2327 19 104 19
22880 2328 19 105 19
22881 2329 19 106 19
22882 2330 19 107 19
22887 2331 19 108 19
22889 2332 19 109 19
22890 2333 19 110 19
22891 2334 19 111 19
22893 2335 19 112 19
22894 2336 19 113 19
22896 2337 19 114 19
22897 2338 19 115 19
22898 2339 19 116 19
22899 2340 19 0 20
22900 2341 19 1 20
22902 2342 19 2 20
22903 2343 19 3 20
22904 2344 19 4 20
22905 2345 19 5 20
22907 2346 19 6 20
22908 2347 19 7 20
22909 2348 19 8 20
22910 2349 19 9 20
22911 2350 19 10 20
22912 2351 19 11 20
22913 2352 19 12 20
22914 2353 19 13 20
22915 2354 19 14 20
22916 2355 19 15 20
22917 2356 19 16 20
22922 2357 19 17 20
22925 2358 19 18 20
22926 2359 19 19 20
22927 2360 19 20 20
22928 2361 19 21 20
22930 2362 19 22 20
22931 2363 19 23 20
22934 2364 19 24 20
22935 2365 19 25 20
22936 2366 19 26 20
22937 2367 19 27 20
22941 2368 19 28 20
22942 2369 19 29 20
22944 2370 19 30 20
22945 2371 19 31 20
22946 2372 19 32 20
22947 2373 19 33 20
22948 2374 19 34 20
22949 2375 19 35 20
22950 2376 19 36 20
22951 2377 19 37 20
22952 2378 19 38 20
22958 2379 19 39 20
22959 2380 19 40 20
22961 2381 19 41 20
22962 2382 19 42 20
22963 2383 19 43 20
22964 2384 19 44 20
22965 2385 19 45 20
22966 2386 19 46 20
22969 2387 19 47 20
22970 2388 19 48 20
22971 2389 19 49 20
22972 2390 19 50 20
22973 2391 19 51 20
22974 2392 19 52 20
22976 2393 19 53 20
22977 2394 19 54 20
22979 2395 19 55 20
22981 2396 19 56 20
22982 2397 19 57 20
22983 2398 19 58 20
22984 2399 19 59 20
22986 2400 19 60 20
22987 2401 19 61 20
22988 2402 19 62 20
22989 2403 19 63 20
22990 2404 19 64 20
22991 2405 19 65 20
22992 2406 19 66 20
22993 2407 19 67 20
22994 2408 19 68 20
22995 2409 19 69 20
22996 2410 19 70 20
22998 2411 19 71 20
23000 2412 19 72 20
23002 2413 19 73 20
23003 2414 19 74 20
23004 2415 19 75 20
23005 2416 19 76 20
23006 2417 19 77 20
23008 2418 19 78 20
23009 2419 19 79 20
23011 2420 19 80 20
23012 2421 19 81 20
23013 2422 19 82 20
23014 2423 19 83 20
23016 2424 19 84 20
23017 2425 19 85 20
23018 2426 19 86 20
23020 2427 19 87 20
23021 2428 19 88 20
23022 2429 19 89 20
23025 2430 19 90 20
23026 2431 19 91 20
23027 2432 19 92 20
23028 2433 19 93 20
23029 2434 19 94 20
23030 2435 19 95 20
23031 2436 19 96 20
23034 2437 19 97 20
23035 2438 19 98 20
23036 2439 19 99 20
23037 2440 19 100 20
23038 2441 19 101 20
23039 2442 19 102 20
23040 2443 19 103 20
23041 2444 19 104 20
23043 2445 19 105 20
23049 2446 19 106 20
23050 2447 19 107 20
23052 2448 19 108 20
23055 2449 19 109 20
23057 2450 19 110 20
23059 2451 19 111 20
23061 2452 19 112 20
23062 2453 19 113 20
23063 2454 19 114 20
23064 2455 19 115 20
23065 2456 19 116 20
23067 2457 19 0 21
23068 2458 19 1 21
23070 2459 19 2 21
23071 2460 19 3 21
23072 2461 19 4 21
23075 2462 19 5 21
23077 2463 19 6 21
23081 2464 19 7 21
23085 2465 19 8 21
23086 2466 19 9 21
23091 2467 19 10 21
23093 2468 19 11 21
23094 2469 19 12 21
23095 2470 19 13 21
23096 2471 19 14 21
23097 2472 19 15 21
23100 2473 19 16 21
23102 2474 19 17 21
23104 2475 19 18 21
23105 2476 19 19 21
23106 2477 19 20 21
23107 2478 19 21 21
23108 2479 19 22 21
23110 2480 19 23 21
23111 2481 19 24 21
23112 2482 19 25 21
23113 2483 19 26 21
23114 2484 19 27 21
23116 2485 19 28 21
23117 2486 19 29 21
23120 2487 19 30 21
23121 2488 19 31 21
23122 2489 19 32 21
23123 2490 19 33 21
23125 2491 19 34 21
23126 2492 19 35 21
23127 2493 19 36 21
23128 2494 19 37 21
23130 2495 19 38 21
23131 2496 19 39 21
23132 2497 19 40 21
23133 2498 19 41 21
23134 2499 19 42 21
23135 2500 19 43 21
23136 2501 19 44 21
23138 2502 19 45 21
23140 2503 19 46 21
23141 2504 19 47 21
23142 2505 19 48 21
23143 2506 19 49 21
23145 2507 19 50 21
23146 2508 19 51 21
23148 2509 19 52 21
23149 2510 19 53 21
23152 2511 19 54 21
23159 2512 19 55 21
23160 2513 19 56 21
23162 2514 19 57 21
23163 2515 19 58 21
23164 2516 19 59 21
23165 2517 19 60 21
23167 2518 19 61 21
23171 2519 19 62 21
23172 2520 19 63 21
23178 2521 19 64 21
23179 2522 19 65 21
23180 2523 19 66 21
23182 2524 19 67 21
23183 2525 19 68 21
23184 2526 19 69 21
23186 2527 19 70 21
23187 2528 19 71 21
23188 2529 19 72 21
23189 2530 19 73 21
23191 2531 19 74 21
23194 2532 19 75 21
23195 2533 19 76 21
23196 2534 19 77 21
23197 2535 19 78 21
23198 2536 19 79 21
23199 2537 19 80 21
23202 2538 19 81 21
23205 2539 19 82 21
23206 2540 19 83 21
23207 2541 19 84 21
23209 2542 19 85 21
23212 2543 19 86 21
23214 2544 19 87 21
23215 2545 19 88 21
23216 2546 19 89 21
23217 2547 19 90 21
23218 2548 19 91 21
23219 2549 19 92 21
23220 2550 19 93 21
23221 2551 19 94 21
23222 2552 19 95 21
23223 2553 19 96 21
23224 2554 19 97 21
23225 2555 19 98 21
23226 2556 19 99 21
23227 2557 19 100 21
23228 2558 19 101 21
23229 2559 19 102 21
23230 2560 19 103 21
23231 2561 19 104 21
23232 2562 19 105 21
23233 2563 19 106 21
23234 2564 19 107 21
23236 2565 19 108 21
23238 2566 19 109 21
23239 2567 19 110 21
23240 2568 19 111 21
23241 2569 19 112 21
23242 2570 19 113 21
23243 2571 19 114 21
23244 2572 19 115 21
23245 2573 19 116 21
23253 2574 19 0 22
23254 2575 19 1 22
23255 2576 19 2 22
23256 2577 19 3 22
23257 2578 19 4 22
23258 2579 19 5 22
23259 2580 19 6 22
23260 2581 19 7 22
23261 2582 19 8 22
23262 2583 19 9 22
23263 2584 19 10 22
23264 2585 19 11 22
23265 2586 19 12 22
23266 2587 19 13 22
23267 2588 19 14 22
23269 2589 19 15 22
23270 2590 19 16 22
23272 2591 19 17 22
23273 2592 19 18 22
23274 2593 19 19 22
23275 2594 19 20 22
23276 2595 19 21 22
23277 2596 19 22 22
23278 2597 19 23 22
23283 2598 19 24 22
23284 2599 19 25 22
23285 2600 19 26 22
23286 2601 19 27 22
23287 2602 19 28 22
23288 2603 19 29 22
23289 2604 19 30 22
23291 2605 19 31 22
23293 2606 19 32 22
23295 2607 19 33 22
23297 2608 19 34 22
23298 2609 19 35 22
23299 2610 19 36 22
23301 2611 19 37 22
23303 2612 19 38 22
23304 2613 19 39 22
23305 2614 19 40 22
23307 2615 19 41 22
23308 2616 19 42 22
23311 2617 19 43 22
23312 2618 19 44 22
23315 2619 19 45 22
23316 2620 19 46 22
23318 2621 19 47 22
23319 2622 19 48 22
23321 2623 19 49 22
23322 2624 19 50 22
23323 2625 19 51 22
23325 2626 19 52 22
23326 2627 19 53 22
23328 2628 19 54 22
23329 2629 19 55 22
23331 2630 19 56 22
23332 2631 19 57 22
23333 2632 19 58 22
23334 2633 19 59 22
23335 2634 19 60 22
23336 2635 19 61 22
23338 2636 19 62 22
23340 2637 19 63 22
23341 2638 19 64 22
23342 2639 19 65 22
23343 2640 19 66 22
23344 2641 19 67 22
23346 2642 19 68 22
23348 2643 19 69 22
23352 2644 19 70 22
23356 2645 19 71 22
23357 2646 19 72 22
23358 2647 19 73 22
23359 2648 19 74 22
23360 2649 19 75 22
23363 2650 19 76 22
23365 2651 19 77 22
23367 2652 19 78 22
23368 2653 19 79 22
23371 2654 19 80 22
23372 2655 19 81 22
23373 2656 19 82 22
23374 2657 19 83 22
23376 2658 19 84 22
23377 2659 19 85 22
23379 2660 19 86 22
23380 2661 19 87 22
23381 2662 19 88 22
23382 2663 19 89 22
23383 2664 19 90 22
23384 2665 19 91 22
23386 2666 19 92 22
23387 2667 19 93 22
23388 2668 19 94 22
23389 2669 19 95 22
23391 2670 19 96 22
23394 2671 19 97 22
23395 2672 19 98 22
23396 2673 19 99 22
23397 2674 19 100 22
23401 2675 19 101 22
23403 2676 19 102 22
23404 2677 19 103 22
23406 2678 19 104 22
23408 2679 19 105 22
23409 2680 19 106 22
23410 2681 19 107 22
23411 2682 19 108 22
23413 2683 19 109 22
23415 2684 19 110 22
23416 2685 19 111 22
23418 2686 19 112 22
23419 2687 19 113 22
23421 2688 19 114 22
23423 2689 19 115 22
23425 2690 19 116 22
23427 2691 19 0 23
23428 2692 19 1 23
23429 2693 19 2 23
23431 2694 19 3 23
23432 2695 19 4 23
23433 2696 19 5 23
23435 2697 19 6 23
23436 2698 19 7 23
23438 2699 19 8 23
23439 2700 19 9 23
23442 2701 19 10 23
23443 2702 19 11 23
23445 2703 19 12 23
23447 2704 19 13 23
23448 2705 19 14 23
23449 2706 19 15 23
23450 2707 19 16 23
23451 2708 19 17 23
23452 2709 19 18 23
23458 2710 19 19 23
23459 2711 19 20 23
23460 2712 19 21 23
23461 2713 19 22 23
23462 2714 19 23 23
23463 2715 19 24 23
23464 2716 19 25 23
23468 2717 19 26 23
23469 2718 19 27 23
23470 2719 19 28 23
23472 2720 19 29 23
23475 2721 19 30 23
23476 2722 19 31 23
23477 2723 19 32 23
23478 2724 19 33 23
23480 2725 19 34 23
23481 2726 19 35 23
23487 2727 19 36 23
23488 2728 19 37 23
23489 2729 19 38 23
23490 2730 19 39 23
23492 2731 19 40 23
23493 2732 19 41 23
23494 2733 19 42 23
23495 2734 19 43 23
23498 2735 19 44 23
23499 2736 19 45 23
23500 2737 19 46 23
23501 2738 19 47 23
23502 2739 19 48 23
23504 2740 19 49 23
23505 2741 19 50 23
23506 2742 19 51 23
23507 2743 19 52 23
23508 2744 19 53 23
23510 2745 19 54 23
23512 2746 19 55 23
23513 2747 19 56 23
23518 2748 19 57 23
23519 2749 19 58 23
23520 2750 19 59 23
23521 2751 19 60 23
23522 2752 19 61 23
23523 2753 19 62 23
23524 2754 19 63 23
23525 2755 19 64 23
23526 2756 19 65 23
23527 2757 19 66 23
23528 2758 19 67 23
23529 2759 19 68 23
23530 2760 19 69 23
23531 2761 19 70 23
23532 2762 19 71 23
23534 2763 19 72 23
23535 2764 19 73 23
23536 2765 19 74 23
23537 2766 19 75 23
23538 2767 19 76 23
23541 2768 19 77 23
23542 2769 19 78 23
23544 2770 19 79 23
23546 2771 19 80 23
23553 2772 19 81 23
23555 2773 19 82 23
23556 2774 19 83 23
23559 2775 19 84 23
23560 2776 19 85 23
23561 2777 19 86 23
23562 2778 19 87 23
23563 2779 19 88 23
23564 2780 19 89 23
23565 2781 19 90 23
23566 2782 19 91 23
23567 2783 19 92 23
23568 2784 19 93 23
23569 2785 19 94 23
23570 2786 19 95 23
23573 2787 19 96 23
23574 2788 19 97 23
23578 2789 19 98 23
23583 2790 19 99 23
23586 2791 19 100 23
23588 2792 19 101 23
23589 2793 19 102 23
23592 2794 19 103 23
23594 2795 19 104 23
23596 2796 19 105 23
23600 2797 19 106 23
23601 2798 19 107 23
23603 2799 19 108 23
23607 2800 19 109 23
23608 2801 19 110 23
23609 2802 19 111 23
23610 2803 19 112 23
23611 2804 19 113 23
23612 2805 19 114 23
23614 2806 19 115 23
23615 2807 19 116 23
23616 2808 19 0 24
23617 2809 19 1 24
23620 2810 19 2 24
23621 2811 19 3 24
23622 2812 19 4 24
23623 2813 19 5 24
23624 2814 19 6 24
23627 2815 19 7 24
23628 2816 19 8 24
23629 2817 19 9 24
23630 2818 19 10 24
23631 2819 19 11 24
23632 2820 19 12 24
23633 2821 19 13 24
23636 2822 19 14 24
23637 2823 19 15 24
23638 2824 19 16 24
23640 2825 19 17 24
23641 2826 19 18 24
23644 2827 19 19 24
23645 2828 19 20 24
23648 2829 19 21 24
23650 2830 19 22 24
23651 2831 19 23 24
23652 2832 19 24 24
23653 2833 19 25 24
23655 2834 19 26 24
23656 2835 19 27 24
23657 2836 19 28 24
23658 2837 19 29 24
23660 2838 19 30 24
23661 2839 19 31 24
23662 2840 19 32 24
23663 2841 19 33 24
23665 2842 19 34 24
23667 2843 19 35 24
23668 2844 19 36 24
23673 2845 19 37 24
23674 2846 19 38 24
23675 2847 19 39 24
23676 2848 19 40 24
23678 2849 19 41 24
23686 2850 19 42 24
23688 2851 19 43 24
23689 2852 19 44 24
23690 2853 19 45 24
23691 2854 19 46 24
23692 2855 19 47 24
23693 2856 19 48 24
23695 2857 19 49 24
23696 2858 19 50 24
23697 2859 19 51 24
23698 2860 19 52 24
23699 2861 19 53 24
23700 2862 19 54 24
23701 2863 19 55 24
23709 2864 19 56 24
23711 2865 19 57 24
23712 2866 19 58 24
23713 2867 19 59 24
23714 2868 19 60 24
23715 2869 19 61 24
23716 2870 19 62 24
23717 2871 19 63 24
23718 2872 19 64 24
23719 2873 19 65 24
23720 2874 19 66 24
23721 2875 19 67 24
23722 2876 19 68 24
23723 2877 19 69 24
23724 2878 19 70 24
23725 2879 19 71 24
23726 2880 19 72 24
23727 2881 19 73 24
23728 2882 19 74 24
23729 2883 19 75 24
23731 2884 19 76 24
23733 2885 19 77 24
23734 2886 19 78 24
23735 2887 19 79 24
23736 2888 19 80 24
23750 2889 19 81 24
23751 2890 19 82 24
23752 2891 19 83 24
23753 2892 19 84 24
23754 2893 19 85 24
23755 2894 19 86 24
23756 2895 19 87 24
23758 2896 19 88 24
23759 2897 19 89 24
23760 2898 19 90 24
23762 2899 19 91 24
23763 2900 19 92 24
23764 2901 19 93 24
23766 2902 19 94 24
23767 2903 19 95 24
23768 2904 19 96 24
23769 2905 19 97 24
23770 2906 19 98 24
23771 2907 19 99 24
23774 2908 19 100 24
23775 2909 19 101 24
23784 2910 19 102 24
23786 2911 19 103 24
23788 2912 19 104 24
23789 2913 19 105 24
23790 2914 19 106 24
23792 2915 19 107 24
23793 2916 19 108 24
23796 2917 19 109 24
23798 2918 19 110 24
23799 2919 19 111 24
23800 2920 19 112 24
23801 2921 19 113 24
23803 2922 19 114 24
23805 2923 19 115 24
23807 2924 19 116 24
23808 2925 19 0 25
23809 2926 19 1 25
23814 2927 19 2 25
23815 2928 19 3 25
23819 2929 19 4 25
23820 2930 19 5 25
23821 2931 19 6 25
23822 2932 19 7 25
23823 2933 19 8 25
23825 2934 19 9 25
23826 2935 19 10 25
23828 2936 19 11 25
23830 2937 19 12 25
23831 2938 19 13 25
23833 2939 19 14 25
23834 2940 19 15 25
23835 2941 19 16 25
23837 2942 19 17 25
23838 2943 19 18 25
23839 2944 19 19 25
23840 2945 19 20 25
23842 2946 19 21 25
23843 2947 19 22 25
23844 2948 19 23 25
23845 2949 19 24 25
23846 2950 19 25 25
23847 2951 19 26 25
23848 2952 19 27 25
23849 2953 19 28 25
23854 2954 19 29 25
23856 2955 19 30 25
23857 2956 19 31 25
23858 2957 19 32 25
23859 2958 19 33 25
23860 2959 19 34 25
23861 2960 19 35 25
23862 2961 19 36 25
23863 2962 19 37 25
23864 2963 19 38 25
23865 2964 19 39 25
23866 2965 19 40 25
23868 2966 19 41 25
23869 2967 19 42 25
23871 2968 19 43 25
23872 2969 19 44 25
23873 2970 19 45 25
23874 2971 19 46 25
23875 2972 19 47 25
23877 2973 19 48 25
23879 2974 19 49 25
23881 2975 19 50 25
23882 2976 19 51 25
23883 2977 19 52 25
23884 2978 19 53 25
23886 2979 19 54 25
23888 2980 19 55 25
23889 2981 19 56 25
23890 2982 19 57 25
23893 2983 19 58 25
23897 2984 19 59 25
23902 2985 19 60 25
23906 2986 19 61 25
23907 2987 19 62 25
23909 2988 19 63 25
23911 2989 19 64 25
23912 2990 19 65 25
23913 2991 19 66 25
23915 2992 19 67 25
23916 2993 19 68 25
23919 2994 19 69 25
23921 2995 19 70 25
23922 2996 19 71 25
23927 2997 19 72 25
23929 2998 19 73 25
23930 2999 19 74 25
23932 3000 19 75 25
23933 3001 19 76 25
23934 3002 19 77 25
23935 3003 19 78 25
23936 3004 19 79 25
23937 3005 19 80 25
23938 3006 19 81 25
23940 3007 19 82 25
23942 3008 19 83 25
23943 3009 19 84 25
23944 3010 19 85 25
23945 3011 19 86 25
23946 3012 19 87 25
23949 3013 19 88 25
23954 3014 19 89 25
23955 3015 19 90 25
23956 3016 19 91 25
23957 3017 19 92 25
23959 3018 19 93 25
23961 3019 19 94 25
23962 3020 19 95 25
23964 3021 19 96 25
23965 3022 19 97 25
23966 3023 19 98 25
23967 3024 19 99 25
23968 3025 19 100 25
23969 3026 19 101 25
23970 3027 19 102 25
23975 3028 19 103 25
23976 3029 19 104 25
23977 3030 19 105 25
23978 3031 19 106 25
23980 3032 19 107 25
23981 3033 19 108 25
23982 3034 19 109 25
23983 3035 19 110 25
23984 3036 19 111 25
23985 3037 19 112 25
23986 3038 19 113 25
23988 3039 19 114 25
23989 3040 19 115 25
23991 3041 19 116 25
23992 3042 19 0 26
23994 3043 19 1 26
23996 3044 19 2 26
23997 3045 19 3 26
24000 3046 19 4 26
24002 3047 19 5 26
24003 3048 19 6 26
24006 3049 19 7 26
24007 3050 19 8 26
24009 3051 19 9 26
24011 3052 19 10 26
24013 3053 19 11 26
24015 3054 19 12 26
24017 3055 19 13 26
24018 3056 19 14 26
24020 3057 19 15 26
24021 3058 19 16 26
24022 3059 19 17 26
24024 3060 19 18 26
24029 3061 19 19 26
24030 3062 19 20 26
24031 3063 19 21 26
24032 3064 19 22 26
24033 3065 19 23 26
24034 3066 19 24 26
24037 3067 19 25 26
24038 3068 19 26 26
24039 3069 19 27 26
24040 3070 19 28 26
24043 3071 19 29 26
24046 3072 19 30 26
24048 3073 19 31 26
24049 3074 19 32 26
24050 3075 19 33 26
24051 3076 19 34 26
24052 3077 19 35 26
24055 3078 19 36 26
24057 3079 19 37 26
24061 3080 19 38 26
24062 3081 19 39 26
24063 3082 19 40 26
24066 3083 19 41 26
24067 3084 19 42 26
24068 3085 19 43 26
24070 3086 19 44 26
24074 3087 19 45 26
24076 3088 19 46 26
24078 3089 19 47 26
24081 3090 19 48 26
24084 3091 19 49 26
24085 3092 19 50 26
24086 3093 19 51 26
24087 3094 19 52 26
24088 3095 19 53 26
24089 3096 19 54 26
24090 3097 19 55 26
24091 3098 19 56 26
24093 3099 19 57 26
24095 3100 19 58 26
24096 3101 19 59 26
24097 3102 19 60 26
24098 3103 19 61 26
24099 3104 19 62 26
24100 3105 19 63 26
24101 3106 19 64 26
24104 3107 19 65 26
24105 3108 19 66 26
24107 3109 19 67 26
24109 3110 19 68 26
24115 3111 19 69 26
24116 3112 19 70 26
24118 3113 19 71 26
24119 3114 19 72 26
24120 3115 19 73 26
24125 3116 19 74 26
24126 3117 19 75 26
24128 3118 19 76 26
24129 3119 19 77 26
24131 3120 19 78 26
24132 3121 19 79 26
24133 3122 19 80 26
24138 3123 19 81 26
24139 3124 19 82 26
24140 3125 19 83 26
24141 3126 19 84 26
24142 3127 19 85 26
24143 3128 19 86 26
24147 3129 19 87 26
24148 3130 19 88 26
24149 3131 19 89 26
24151 3132 19 90 26
24152 3133 19 91 26
24153 3134 19 92 26
24155 3135 19 93 26
24156 3136 19 94 26
24157 3137 19 95 26
24159 3138 19 96 26
24160 3139 19 97 26
24161 3140 19 98 26
24162 3141 19 99 26
24163 3142 19 100 26
24166 3143 19 101 26
24167 3144 19 102 26
24168 3145 19 103 26
24169 3146 19 104 26
24170 3147 19 105 26
24171 3148 19 106 26
24172 3149 19 107 26
24173 3150 19 108 26
24174 3151 19 109 26
24175 3152 19 110 26
24176 3153 19 111 26
24178 3154 19 112 26
24179 3155 19 113 26
24180 3156 19 114 26
24181 3157 19 115 26
24182 3158 19 116 26
24184 3159 19 0 27
24185 3160 19 1 27
24187 3161 19 2 27
24188 3162 19 3 27
24189 3163 19 4 27
24190 3164 19 5 27
24192 3165 19 6 27
24194 3166 19 7 27
24196 3167 19 8 27
24199 3168 19 9 27
24200 3169 19 10 27
24201 3170 19 11 27
24202 3171 19 12 27
24203 3172 19 13 27
24204 3173 19 14 27
24205 3174 19 15 27
24207 3175 19 16 27
24213 3176 19 17 27
24214 3177 19 18 27
24215 3178 19 19 27
24218 3179 19 20 27
24219 3180 19 21 27
24220 3181 19 22 27
24224 3182 19 23 27
24226 3183 19 24 27
24227 3184 19 25 27
24228 3185 19 26 27
24229 3186 19 27 27
24230 3187 19 28 27
24231 3188 19 29 27
24232 3189 19 30 27
24234 3190 19 31 27
24235 3191 19 32 27
24236 3192 19 33 27
24237 3193 19 34 27
24238 3194 19 35 27
24240 3195 19 36 27
24241 3196 19 37 27
24242 3197 19 38 27
24243 3198 19 39 27
24244 3199 19 40 27
24245 3200 19 41 27
24246 3201 19 42 27
24247 3202 19 43 27
24248 3203 19 44 27
24249 3204 19 45 27
24254 3205 19 46 27
24257 3206 19 47 27
24258 3207 19 48 27
24260 3208 19 49 27
24261 3209 19 50 27
24262 3210 19 51 27
24263 3211 19 52 27
24264 3212 19 53 27
24265 3213 19 54 27
24266 3214 19 55 27
24267 3215 19 56 27
24268 3216 19 57 27
24270 3217 19 58 27
24273 3218 19 59 27
24274 3219 19 60 27
24275 3220 19 61 27
24276 3221 19 62 27
24277 3222 19 63 27
24278 3223 19 64 27
24279 3224 19 65 27
24280 3225 19 66 27
24281 3226 19 67 27
24282 3227 19 68 27
24283 3228 19 69 27
24284 3229 19 70 27
24285 3230 19 71 27
24286 3231 19 72 27
24287 3232 19 73 27
24288 3233 19 74 27
24289 3234 19 75 27
24290 3235 19 76 27
24291 3236 19 77 27
24293 3237 19 78 27
24294 3238 19 79 27
24295 3239 19 80 27
24296 3240 19 81 27
24297 3241 19 82 27
24300 3242 19 83 27
24302 3243 19 84 27
24303 3244 19 85 27
24305 3245 19 86 27
24306 3246 19 87 27
24307 3247 19 88 27
24310 3248 19 89 27
24311 3249 19 90 27
24314 3250 19 91 27
24318 3251 19 92 27
24319 3252 19 93 27
24321 3253 19 94 27
24322 3254 19 95 27
24324 3255 19 96 27
24325 3256 19 97 27
24327 3257 19 98 27
24328 3258 19 99 27
24330 3259 19 100 27
24331 3260 19 101 27
24335 3261 19 102 27
24338 3262 19 103 27
24339 3263 19 104 27
24340 3264 19 105 27
24341 3265 19 106 27
24343 3266 19 107 27
24344 3267 19 108 27
24346 3268 19 109 27
24347 3269 19 110 27
24349 3270 19 111 27
24351 3271 19 112 27
24354 3272 19 113 27
24355 3273 19 114 27
24356 3274 19 115 27
24358 3275 19 116 27
24359 3276 19 0 28
24360 3277 19 1 28
24361 3278 19 2 28
24365 3279 19 3 28
24366 3280 19 4 28
24368 3281 19 5 28
24369 3282 19 6 28
24371 3283 19 7 28
24373 3284 19 8 28
24374 3285 19 9 28
24375 3286 19 10 28
24376 3287 19 11 28
24380 3288 19 12 28
24384 3289 19 13 28
24387 3290 19 14 28
24388 3291 19 15 28
24390 3292 19 16 28
24392 3293 19 17 28
24393 3294 19 18 28
24394 3295 19 19 28
24395 3296 19 20 28
24396 3297 19 21 28
24398 3298 19 22 28
24399 3299 19 23 28
24404 3300 19 24 28
24406 3301 19 25 28
24407 3302 19 26 28
24408 3303 19 27 28
24409 3304 19 28 28
24413 3305 19 29 28
24418 3306 19 30 28
24420 3307 19 31 28
24421 3308 19 32 28
24423 3309 19 33 28
24425 3310 19 34 28
24426 3311 19 35 28
24427 3312 19 36 28
24428 3313 19 37 28
24429 3314 19 38 28
24431 3315 19 39 28
24432 3316 19 40 28
24433 3317 19 41 28
24435 3318 19 42 28
24436 3319 19 43 28
24438 3320 19 44 28
24439 3321 19 45 28
24440 3322 19 46 28
24441 3323 19 47 28
24444 3324 19 48 28
24445 3325 19 49 28
24446 3326 19 50 28
24447 3327 19 51 28
24448 3328 19 52 28
24449 3329 19 53 28
24450 3330 19 54 28
24453 3331 19 55 28
24454 3332 19 56 28
24455 3333 19 57 28
24456 3334 19 58 28
24457 3335 19 59 28
24458 3336 19 60 28
24459 3337 19 61 28
24460 3338 19 62 28
24464 3339 19 63 28
24465 3340 19 64 28
24466 3341 19 65 28
24470 3342 19 66 28
24471 3343 19 67 28
24472 3344 19 68 28
24473 3345 19 69 28
24475 3346 19 70 28
24476 3347 19 71 28
24478 3348 19 72 28
24479 3349 19 73 28
24480 3350 19 74 28
24481 3351 19 75 28
24485 3352 19 76 28
24486 3353 19 77 28
24488 3354 19 78 28
24489 3355 19 79 28
24490 3356 19 80 28
24491 3357 19 81 28
24492 3358 19 82 28
24493 3359 19 83 28
24494 3360 19 84 28
24495 3361 19 85 28
24498 3362 19 86 28
24501 3363 19 87 28
24502 3364 19 88 28
24503 3365 19 89 28
24505 3366 19 90 28
24507 3367 19 91 28
24508 3368 19 92 28
24509 3369 19 93 28
24510 3370 19 94 28
24511 3371 19 95 28
24512 3372 19 96 28
24513 3373 19 97 28
24515 3374 19 98 28
24517 3375 19 99 28
24521 3376 19 100 28
24524 3377 19 101 28
24525 3378 19 102 28
24527 3379 19 103 28
24528 3380 19 104 28
24529 3381 19 105 28
24530 3382 19 106 28
24532 3383 19 107 28
24533 3384 19 108 28
24534 3385 19 109 28
24535 3386 19 110 28
24536 3387 19 111 28
24537 3388 19 112 28
24541 3389 19 113 28
24542 3390 19 114 28
24544 3391 19 115 28
24545 3392 19 116 28
24547 3393 19 0 29
24548 3394 19 1 29
24549 3395 19 2 29
24552 3396 19 3 29
24554 3397 19 4 29
24555 3398 19 5 29
24557 3399 19 6 29
24558 3400 19 7 29
24559 3401 19 8 29
24561 3402 19 9 29
24563 3403 19 10 29
24564 3404 19 11 29
24565 3405 19 12 29
24567 3406 19 13 29
24568 3407 19 14 29
24570 3408 19 15 29
24571 3409 19 16 29
24573 3410 19 17 29
24575 3411 19 18 29
24576 3412 19 19 29
24585 3413 19 20 29
24586 3414 19 21 29
24587 3415 19 22 29
24588 3416 19 23 29
24589 3417 19 24 29
24590 3418 19 25 29
24591 3419 19 26 29
24592 3420 19 27 29
24593 3421 19 28 29
24594 3422 19 29 29
24595 3423 19 30 29
24596 3424 19 31 29
24597 3425 19 32 29
24598 3426 19 33 29
24599 3427 19 34 29
24601 3428 19 35 29
24602 3429 19 36 29
24603 3430 19 37 29
24604 3431 19 38 29
24605 3432 19 39 29
24606 3433 19 40 29
24608 3434 19 41 29
24609 3435 19 42 29
24610 3436 19 43 29
24612 3437 19 44 29
24613 3438 19 45 29
24614 3439 19 46 29
24615 3440 19 47 29
24616 3441 19 48 29
24617 3442 19 49 29
24618 3443 19 50 29
24619 3444 19 51 29
24620 3445 19 52 29
24621 3446 19 53 29
24622 3447 19 54 29
24623 3448 19 55 29
24626 3449 19 56 29
24627 3450 19 57 29
24628 3451 19 58 29
24629 3452 19 59 29
24631 3453 19 60 29
24633 3454 19 61 29
24640 3455 19 62 29
24641 3456 19 63 29
24642 3457 19 64 29
24643 3458 19 65 29
24644 3459 19 66 29
24645 3460 19 67 29
24646 3461 19 68 29
24647 3462 19 69 29
24649 3463 19 70 29
24652 3464 19 71 29
24653 3465 19 72 29
24656 3466 19 73 29
24659 3467 19 74 29
24660 3468 19 75 29
24661 3469 19 76 29
24664 3470 19 77 29
24665 3471 19 78 29
24666 3472 19 79 29
24667 3473 19 80 29
24669 3474 19 81 29
24670 3475 19 82 29
24671 3476 19 83 29
24674 3477 19 84 29
24675 3478 19 85 29
24676 3479 19 86 29
24677 3480 19 87 29
24678 3481 19 88 29
24679 3482 19 89 29
24680 3483 19 90 29
24681 3484 19 91 29
24682 3485 19 92 29
24683 3486 19 93 29
24684 3487 19 94 29
24685 3488 19 95 29
24686 3489 19 96 29
24687 3490 19 97 29
24688 3491 19 98 29
24690 3492 19 99 29
24703 3493 19 100 29
24704 3494 19 101 29
24705 3495 19 102 29
24707 3496 19 103 29
24708 3497 19 104 29
24709 3498 19 105 29
24710 3499 19 106 29
24711 3500 19 107 29
24712 3501 19 108 29
24713 3502 19 109 29
24714 3503 19 110 29
24716 3504 19 111 29
24717 3505 19 112 29
24718 3506 19 113 29
24720 3507 19 114 29
24722 3508 19 115 29
24724 3509 19 116 29
24725 3510 19 0 30
24726 3511 19 1 30
24727 3512 19 2 30
24730 3513 19 3 30
24731 3514 19 4 30
24732 3515 19 5 30
24733 3516 19 6 30
24735 3517 19 7 30
24736 3518 19 8 30
24738 3519 19 9 30
24739 3520 19 10 30
24744 3521 19 11 30
24752 3522 19 12 30
24753 3523 19 13 30
24754 3524 19 14 30
24756 3525 19 15 30
24757 3526 19 16 30
24758 3527 19 17 30
24759 3528 19 18 30
24760 3529 19 19 30
24761 3530 19 20 30
24762 3531 19 21 30
24763 3532 19 22 30
24764 3533 19 23 30
24765 3534 19 24 30
24766 3535 19 25 30
24767 3536 19 26 30
24768 3537 19 27 30
24769 3538 19 28 30
24771 3539 19 29 30
24772 3540 19 30 30
24773 3541 19 31 30
24774 3542 19 32 30
24775 3543 19 33 30
24776 3544 19 34 30
24777 3545 19 35 30
24778 3546 19 36 30
24779 3547 19 37 30
24780 3548 19 38 30
24781 3549 19 39 30
24782 3550 19 40 30
24783 3551 19 41 30
24785 3552 19 42 30
24787 3553 19 43 30
24788 3554 19 44 30
24789 3555 19 45 30
24792 3556 19 46 30
24793 3557 19 47 30
24794 3558 19 48 30
24795 3559 19 49 30
24796 3560 19 50 30
24797 3561 19 51 30
24799 3562 19 52 30
24800 3563 19 53 30
24801 3564 19 54 30
24802 3565 19 55 30
24804 3566 19 56 30
24806 3567 19 57 30
24816 3568 19 58 30
24817 3569 19 59 30
24818 3570 19 60 30
24819 3571 19 61 30
24820 3572 19 62 30
24821 3573 19 63 30
24822 3574 19 64 30
24823 3575 19 65 30
24824 3576 19 66 30
24825 3577 19 67 30
24826 3578 19 68 30
24827 3579 19 69 30
24828 3580 19 70 30
24830 3581 19 71 30
24831 3582 19 72 30
24832 3583 19 73 30
24833 3584 19 74 30
24835 3585 19 75 30
24836 3586 19 76 30
24837 3587 19 77 30
24838 3588 19 78 30
24840 3589 19 79 30
24841 3590 19 80 30
24842 3591 19 81 30
24843 3592 19 82 30
24845 3593 19 83 30
24846 3594 19 84 30
24847 3595 19 85 30
24848 3596 19 86 30
24850 3597 19 87 30
24851 3598 19 88 30
24852 3599 19 89 30
24853 3600 19 90 30
24854 3601 19 91 30
24856 3602 19 92 30
24858 3603 19 93 30
24859 3604 19 94 30
24860 3605 19 95 30
24861 3606 19 96 30
24863 3607 19 97 30
24867 3608 19 98 30
24871 3609 19 99 30
24872 3610 19 100 30
24873 3611 19 101 30
24875 3612 19 102 30
24876 3613 19 103 30
24878 3614 19 104 30
24879 3615 19 105 30
24882 3616 19 106 30
24884 3617 19 107 30
24886 3618 19 108 30
24887 3619 19 109 30
24891 3620 19 110 30
24894 3621 19 111 30
24895 3622 19 112 30
24896 3623 19 113 30
24897 3624 19 114 30
24900 3625 19 115 30
24901 3626 19 116 30
24902 3627 19 0 31
24903 3628 19 1 31
24904 3629 19 2 31
24905 3630 19 3 31
24906 3631 19 4 31
24907 3632 19 5 31
24908 3633 19 6 31
24909 3634 19 7 31
24910 3635 19 8 31
24911 3636 19 9 31
24914 3637 19 10 31
24915 3638 19 11 31
24916 3639 19 12 31
24917 3640 19 13 31
24918 3641 19 14 31
24920 3642 19 15 31
24922 3643 19 16 31
24923 3644 19 17 31
24925 3645 19 18 31
24926 3646 19 19 31
24927 3647 19 20 31
24929 3648 19 21 31
24930 3649 19 22 31
24931 3650 19 23 31
24933 3651 19 24 31
24934 3652 19 25 31
24935 3653 19 26 31
24936 3654 19 27 31
24938 3655 19 28 31
24939 3656 19 29 31
24940 3657 19 30 31
24942 3658 19 31 31
24944 3659 19 32 31
24945 3660 19 33 31
24946 3661 19 34 31
24947 3662 19 35 31
24948 3663 19 36 31
24949 3664 19 37 31
24950 3665 19 38 31
24951 3666 19 39 31
24953 3667 19 40 31
24954 3668 19 41 31
24956 3669 19 42 31
24958 3670 19 43 31
24960 3671 19 44 31
24962 3672 19 45 31
24963 3673 19 46 31
24969 3674 19 47 31
24970 3675 19 48 31
24971 3676 19 49 31
24972 3677 19 50 31
24973 3678 19 51 31
24974 3679 19 52 31
24976 3680 19 53 31
24977 3681 19 54 31
24978 3682 19 55 31
24979 3683 19 56 31
24980 3684 19 57 31
24982 3685 19 58 31
24986 3686 19 59 31
24987 3687 19 60 31
24989 3688 19 61 31
24991 3689 19 62 31
24993 3690 19 63 31
24994 3691 19 64 31
24996 3692 19 65 31
24999 3693 19 66 31
25000 3694 19 67 31
25001 3695 19 68 31
25002 3696 19 69 31
25003 3697 19 70 31
25004 3698 19 71 31
25005 3699 19 72 31
25006 3700 19 73 31
25007 3701 19 74 31
25008 3702 19 75 31
25009 3703 19 76 31
25010 3704 19 77 31
25011 3705 19 78 31
25012 3706 19 79 31
25013 3707 19 80 31
25014 3708 19 81 31
25016 3709 19 82 31
25018 3710 19 83 31
25020 3711 19 84 31
25022 3712 19 85 31
25023 3713 19 86 31
25025 3714 19 87 31
25026 3715 19 88 31
25027 3716 19 89 31
25029 3717 19 90 31
25030 3718 19 91 31
25031 3719 19 92 31
25032 3720 19 93 31
25033 3721 19 94 31
25034 3722 19 95 31
25035 3723 19 96 31
25036 3724 19 97 31
25037 3725 19 98 31
25046 3726 19 99 31
25048 3727 19 100 31
25054 3728 19 101 31
25055 3729 19 102 31
25056 3730 19 103 31
25059 3731 19 104 31
25060 3732 19 105 31
25061 3733 19 106 31
25062 3734 19 107 31
25063 3735 19 108 31
25064 3736 19 109 31
25065 3737 19 110 31
25066 3738 19 111 31
25067 3739 19 112 31
25069 3740 19 113 31
25070 3741 19 114 31
25072 3742 19 115 31
25073 3743 19 116 31
25074 3744 19 0 32
25077 3745 19 1 32
25078 3746 19 2 32
25079 3747 19 3 32
25080 3748 19 4 32
25081 3749 19 5 32
25082 3750 19 6 32
25083 3751 19 7 32
25084 3752 19 8 32
25085 3753 19 9 32
25086 3754 19 10 32
25087 3755 19 11 32
25088 3756 19 12 32
25089 3757 19 13 32
25091 3758 19 14 32
25092 3759 19 15 32
25095 3760 19 16 32
25096 3761 19 17 32
25097 3762 19 18 32
25098 3763 19 19 32
25100 3764 19 20 32
25101 3765 19 21 32
25102 3766 19 22 32
25104 3767 19 23 32
25105 3768 19 24 32
25106 3769 19 25 32
25108 3770 19 26 32
25109 3771 19 27 32
25110 3772 19 28 32
25113 3773 19 29 32
25114 3774 19 30 32
25115 3775 19 31 32
25119 3776 19 32 32
25120 3777 19 33 32
25121 3778 19 34 32
25122 3779 19 35 32
25123 3780 19 36 32
25124 3781 19 37 32
25125 3782 19 38 32
25127 3783 19 39 32
25129 3784 19 40 32
25130 3785 19 41 32
25131 3786 19 42 32
25133 3787 19 43 32
25134 3788 19 44 32
25136 3789 19 45 32
25138 3790 19 46 32
25139 3791 19 47 32
25140 3792 19 48 32
25142 3793 19 49 32
25146 3794 19 50 32
25149 3795 19 51 32
25150 3796 19 52 32
25151 3797 19 53 32
25152 3798 19 54 32
25153 3799 19 55 32
25154 3800 19 56 32
25155 3801 19 57 32
25158 3802 19 58 32
25159 3803 19 59 32
25160 3804 19 60 32
25161 3805 19 61 32
25162 3806 19 62 32
25163 3807 19 63 32
25165 3808 19 64 32
25166 3809 19 65 32
25168 3810 19 66 32
25169 3811 19 67 32
25170 3812 19 68 32
25171 3813 19 69 32
25172 3814 19 70 32
25176 3815 19 71 32
25177 3816 19 72 32
25178 3817 19 73 32
25179 3818 19 74 32
25180 3819 19 75 32
25182 3820 19 76 32
25184 3821 19 77 32
25185 3822 19 78 32
25186 3823 19 79 32
25187 3824 19 80 32
25188 3825 19 81 32
25189 3826 19 82 32
25190 3827 19 83 32
25197 3828 19 84 32
25198 3829 19 85 32
25199 3830 19 86 32
25200 3831 19 87 32
25201 3832 19 88 32
25202 3833 19 89 32
25203 3834 19 90 32
25204 3835 19 91 32
25206 3836 19 92 32
25207 3837 19 93 32
25209 3838 19 94 32
25210 3839 19 95 32
25211 3840 19 96 32
25212 3841 19 97 32
25213 3842 19 98 32
25214 3843 19 99 32
25215 3844 19 100 32
25216 3845 19 101 32
25217 3846 19 102 32
25219 3847 19 103 32
25220 3848 19 104 32
25222 3849 19 105 32
25223 3850 19 106 32
25224 3851 19 107 32
25225 3852 19 108 32
25226 3853 19 109 32
25228 3854 19 110 32
25230 3855 19 111 32
25231 3856 19 112 32
25233 3857 19 113 32
25234 3858 19 114 32
25235 3859 19 115 32
25236 3860 19 116 32
25237 3861 19 0 33
25238 3862 19 1 33
25239 3863 19 2 33
25240 3864 19 3 33
25256 3865 19 4 33
25257 3866 19 5 33
25258 3867 19 6 33
25259 3868 19 7 33
25260 3869 19 8 33
25261 3870 19 9 33
25262 3871 19 10 33
25263 3872 19 11 33
25264 3873 19 12 33
25265 3874 19 13 33
25267 3875 19 14 33
25268 3876 19 15 33
25269 3877 19 16 33
25270 3878 19 17 33
25272 3879 19 18 33
25273 3880 19 19 33
25275 3881 19 20 33
25276 3882 19 21 33
25277 3883 19 22 33
25278 3884 19 23 33
25279 3885 19 24 33
25282 3886 19 25 33
25284 3887 19 26 33
25286 3888 19 27 33
25287 3889 19 28 33
25288 3890 19 29 33
25289 3891 19 30 33
25290 3892 19 31 33
25291 3893 19 32 33
25292 3894 19 33 33
25293 3895 19 34 33
25294 3896 19 35 33
25295 3897 19 36 33
25296 3898 19 37 33
25297 3899 19 38 33
25298 3900 19 39 33
25299 3901 19 40 33
25300 3902 19 41 33
25302 3903 19 42 33
25303 3904 19 43 33
25304 3905 19 44 33
25305 3906 19 45 33
25306 3907 19 46 33
25307 3908 19 47 33
25308 3909 19 48 33
25323 3910 19 49 33
25324 3911 19 50 33
25325 3912 19 51 33
25326 3913 19 52 33
25327 3914 19 53 33
25328 3915 19 54 33
25329 3916 19 55 33
25330 3917 19 56 33
25331 3918 19 57 33
25332 3919 19 58 33
25333 3920 19 59 33
25334 3921 19 60 33
25335 3922 19 61 33
25336 3923 19 62 33
25337 3924 19 63 33
25338 3925 19 64 33
25339 3926 19 65 33
25340 3927 19 66 33
25341 3928 19 67 33
25342 3929 19 68 33
25343 3930 19 69 33
25344 3931 19 70 33
25345 3932 19 71 33
25346 3933 19 72 33
25347 3934 19 73 33
25351 3935 19 74 33
25352 3936 19 75 33
25353 3937 19 76 33
25355 3938 19 77 33
25356 3939 19 78 33
25357 3940 19 79 33
25358 3941 19 80 33
25359 3942 19 81 33
25360 3943 19 82 33
25361 3944 19 83 33
25363 3945 19 84 33
25364 3946 19 85 33
25365 3947 19 86 33
25366 3948 19 87 33
25384 3949 19 88 33
25385 3950 19 89 33
25386 3951 19 90 33
25387 3952 19 91 33
25388 3953 19 92 33
25389 3954 19 93 33
25391 3955 19 94 33
25394 3956 19 95 33
25395 3957 19 96 33
25396 3958 19 97 33
25398 3959 19 98 33
25400 3960 19 99 33
25401 3961 19 100 33
25402 3962 19 101 33
25403 3963 19 102 33
25404 3964 19 103 33
25405 3965 19 104 33
25406 3966 19 105 33
25408 3967 19 106 33
25409 3968 19 107 33
25410 3969 19 108 33
25411 3970 19 109 33
25412 3971 19 110 33
25413 3972 19 111 33
25414 3973 19 112 33
25415 3974 19 113 33
25416 3975 19 114 33
25417 3976 19 115 33
25418 3977 19 116 33
25419 3978 19 0 34
25420 3979 19 1 34
25421 3980 19 2 34
25422 3981 19 3 34
25423 3982 19 4 34
25424 3983 19 5 34
25425 3984 19 6 34
25428 3985 19 7 34
25429 3986 19 8 34
25430 3987 19 9 34
25431 3988 19 10 34
25432 3989 19 11 34
25433 3990 19 12 34
25434 3991 19 13 34
25445 3992 19 14 34
25447 3993 19 15 34
25448 3994 19 16 34
25449 3995 19 17 34
25451 3996 19 18 34
25453 3997 19 19 34
25454 3998 19 20 34
25455 3999 19 21 34
25456 4000 19 22 34
25457 4001 19 23 34
25458 4002 19 24 34
25461 4003 19 25 34
25462 4004 19 26 34
25463 4005 19 27 34
25464 4006 19 28 34
25466 4007 19 29 34
25467 4008 19 30 34
25468 4009 19 31 34
25469 4010 19 32 34
25472 4011 19 33 34
25473 4012 19 34 34
25474 4013 19 35 34
25475 4014 19 36 34
25476 4015 19 37 34
25477 4016 19 38 34
25479 4017 19 39 34
25480 4018 19 40 34
25481 4019 19 41 34
25482 4020 19 42 34
25484 4021 19 43 34
25485 4022 19 44 34
25486 4023 19 45 34
25487 4024 19 46 34
25488 4025 19 47 34
25489 4026 19 48 34
25490 4027 19 49 34
25492 4028 19 50 34
25494 4029 19 51 34
25495 4030 19 52 34
25496 4031 19 53 34
25497 4032 19 54 34
25499 4033 19 55 34
25500 4034 19 56 34
25501 4035 19 57 34
25502 4036 19 58 34
25503 4037 19 59 34
25504 4038 19 60 34
25505 4039 19 61 34
25506 4040 19 62 34
25507 4041 19 63 34
25508 4042 19 64 34
25509 4043 19 65 34
25511 4044 19 66 34
25512 4045 19 67 34
25513 4046 19 68 34
25514 4047 19 69 34
25515 4048 19 70 34
25516 4049 19 71 34
25517 4050 19 72 34
25518 4051 19 73 34
25519 4052 19 74 34
25520 4053 19 75 34
25521 4054 19 76 34
25533 4055 19 77 34
25534 4056 19 78 34
25536 4057 19 79 34
25538 4058 19 80 34
25539 4059 19 81 34
25540 4060 19 82 34
25541 4061 19 83 34
25542 4062 19 84 34
25543 4063 19 85 34
25544 4064 19 86 34
25545 4065 19 87 34
25546 4066 19 88 34
25547 4067 19 89 34
25548 4068 19 90 34
25549 4069 19 91 34
25550 4070 19 92 34
25551 4071 19 93 34
25552 4072 19 94 34
25554 4073 19 95 34
25555 4074 19 96 34
25557 4075 19 97 34
25558 4076 19 98 34
25559 4077 19 99 34
25560 4078 19 100 34
25561 4079 19 101 34
25562 4080 19 102 34
25563 4081 19 103 34
25564 4082 19 104 34
25565 4083 19 105 34
25567 4084 19 106 34
25568 4085 19 107 34
25569 4086 19 108 34
25571 4087 19 109 34
25572 4088 19 110 34
25573 4089 19 111 34
25575 4090 19 112 34
25576 4091 19 113 34
25577 4092 19 114 34
25578 4093 19 115 34
25579 4094 19 116 34
25581 4095 19 0 35
25582 4096 19 1 35
25583 4097 19 2 35
25584 4098 19 3 35
25585 4099 19 4 35
25586 4100 19 5 35
25587 4101 19 6 35
25588 4102 19 7 35
25589 4103 19 8 35
25590 4104 19 9 35
25593 4105 19 10 35
25606 4106 19 11 35
25609 4107 19 12 35
25610 4108 19 13 35
25611 4109 19 14 35
25612 4110 19 15 35
25613 4111 19 16 35
25614 4112 19 17 35
25615 4113 19 18 35
25616 4114 19 19 35
25618 4115 19 20 35
25619 4116 19 21 35
25620 4117 19 22 35
25621 4118 19 23 35
25622 4119 19 24 35
25623 4120 19 25 35
25624 4121 19 26 35
25626 4122 19 27 35
25627 4123 19 28 35
25628 4124 19 29 35
25630 4125 19 30 35
25631 4126 19 31 35
25632 4127 19 32 35
25633 4128 19 33 35
25634 4129 19 34 35
25635 4130 19 35 35
25636 4131 19 36 35
25637 4132 19 37 35
25638 4133 19 38 35
25639 4134 19 39 35
25640 4135 19 40 35
25642 4136 19 41 35
25643 4137 19 42 35
25644 4138 19 43 35
25645 4139 19 44 35
25646 4140 19 45 35
25647 4141 19 46 35
25648 4142 19 47 35
25651 4143 19 48 35
25652 4144 19 49 35
25653 4145 19 50 35
25654 4146 19 51 35
25655 4147 19 52 35
25657 4148 19 53 35
25661 4149 19 54 35
25662 4150 19 55 35
25663 4151 19 56 35
25664 4152 19 57 35
25665 4153 19 58 35
25667 4154 19 59 35
25675 4155 19 60 35
25677 4156 19 61 35
25678 4157 19 62 35
25680 4158 19 63 35
25681 4159 19 64 35
25682 4160 19 65 35
25683 4161 19 66 35
25684 4162 19 67 35
25688 4163 19 68 35
25689 4164 19 69 35
25691 4165 19 70 35
25692 4166 19 71 35
25693 4167 19 72 35
25694 4168 19 73 35
25695 4169 19 74 35
25696 4170 19 75 35
25697 4171 19 76 35
25701 4172 19 77 35
25702 4173 19 78 35
25703 4174 19 79 35
25704 4175 19 80 35
25705 4176 19 81 35
25707 4177 19 82 35
25708 4178 19 83 35
25709 4179 19 84 35
25710 4180 19 85 35
25711 4181 19 86 35
25712 4182 19 87 35
25714 4183 19 88 35
25715 4184 19 89 35
25716 4185 19 90 35
25717 4186 19 91 35
25718 4187 19 92 35
25719 4188 19 93 35
25720 4189 19 94 35
25721 4190 19 95 35
25722 4191 19 96 35
25723 4192 19 97 35
25725 4193 19 98 35
25727 4194 19 99 35
25730 4195 19 100 35
25733 4196 19 101 35
25735 4197 19 102 35
25736 4198 19 103 35
25737 4199 19 104 35
25738 4200 19 105 35
25739 4201 19 106 35
25740 4202 19 107 35
25743 4203 19 108 35
25744 4204 19 109 35
25746 4205 19 110 35
25747 4206 19 111 35
25749 4207 19 112 35
25750 4208 19 113 35
25751 4209 19 114 35
25752 4210 19 115 35
25753 4211 19 116 35
25754 4212 19 0 36
25756 4213 19 1 36
25757 4214 19 2 36
25758 4215 19 3 36
25759 4216 19 4 36
25760 4217 19 5 36
25762 4218 19 6 36
25763 4219 19 7 36
25764 4220 19 8 36
25765 4221 19 9 36
25766 4222 19 10 36
25769 4223 19 11 36
25771 4224 19 12 36
25772 4225 19 13 36
25773 4226 19 14 36
25774 4227 19 15 36
25776 4228 19 16 36
25777 4229 19 17 36
25778 4230 19 18 36
25779 4231 19 19 36
25787 4232 19 20 36
25788 4233 19 21 36
25789 4234 19 22 36
25790 4235 19 23 36
25791 4236 19 24 36
25793 4237 19 25 36
25794 4238 19 26 36
25795 4239 19 27 36
25796 4240 19 28 36
25797 4241 19 29 36
25799 4242 19 30 36
25801 4243 19 31 36
25802 4244 19 32 36
25803 4245 19 33 36
25805 4246 19 34 36
25806 4247 19 35 36
25807 4248 19 36 36
25808 4249 19 37 36
25810 4250 19 38 36
25812 4251 19 39 36
25814 4252 19 40 36
25815 4253 19 41 36
25816 4254 19 42 36
25817 4255 19 43 36
25818 4256 19 44 36
25819 4257 19 45 36
25824 4258 19 46 36
25826 4259 19 47 36
25827 4260 19 48 36
25828 4261 19 49 36
25830 4262 19 50 36
25832 4263 19 51 36
25833 4264 19 52 36
25835 4265 19 53 36
25836 4266 19 54 36
25837 4267 19 55 36
25839 4268 19 56 36
25840 4269 19 57 36
25841 4270 19 58 36
25842 4271 19 59 36
25843 4272 19 60 36
25844 4273 19 61 36
25847 4274 19 62 36
25848 4275 19 63 36
25850 4276 19 64 36
25851 4277 19 65 36
25852 4278 19 66 36
25853 4279 19 67 36
25854 4280 19 68 36
25855 4281 19 69 36
25856 4282 19 70 36
25857 4283 19 71 36
25859 4284 19 72 36
25860 4285 19 73 36
25862 4286 19 74 36
25863 4287 19 75 36
25865 4288 19 76 36
25868 4289 19 77 36
25869 4290 19 78 36
25870 4291 19 79 36
25871 4292 19 80 36
25872 4293 19 81 36
25875 4294 19 82 36
25876 4295 19 83 36
25877 4296 19 84 36
25878 4297 19 85 36
25879 4298 19 86 36
25880 4299 19 87 36
25881 4300 19 88 36
25883 4301 19 89 36
25884 4302 19 90 36
25885 4303 19 91 36
25888 4304 19 92 36
25889 4305 19 93 36
25890 4306 19 94 36
25891 4307 19 95 36
25892 4308 19 96 36
25893 4309 19 97 36
25894 4310 19 98 36
25897 4311 19 99 36
25898 4312 19 100 36
25899 4313 19 101 36
25900 4314 19 102 36
25901 4315 19 103 36
25902 4316 19 104 36
25903 4317 19 105 36
25906 4318 19 106 36
25907 4319 19 107 36
25910 4320 19 108 36
25911 4321 19 109 36
25912 4322 19 110 36
25913 4323 19 111 36
25915 4324 19 112 36
25917 4325 19 113 36
25918 4326 19 114 36
25919 4327 19 115 36
25921 4328 19 116 36
25923 4329 19 0 37
25925 4330 19 1 37
25926 4331 19 2 37
25928 4332 19 3 37
25929 4333 19 4 37
25930 4334 19 5 37
25935 4335 19 6 37
25937 4336 19 7 37
25939 4337 19 8 37
25940 4338 19 9 37
25941 4339 19 10 37
25942 4340 19 11 37
25943 4341 19 12 37
25944 4342 19 13 37
25945 4343 19 14 37
25948 4344 19 15 37
25949 4345 19 16 37
25950 4346 19 17 37
25954 4347 19 18 37
25955 4348 19 19 37
25956 4349 19 20 37
25957 4350 19 21 37
25958 4351 19 22 37
25959 4352 19 23 37
25960 4353 19 24 37
25962 4354 19 25 37
25964 4355 19 26 37
25967 4356 19 27 37
25970 4357 19 28 37
25971 4358 19 29 37
25972 4359 19 30 37
25973 4360 19 31 37
25974 4361 19 32 37
25975 4362 19 33 37
25976 4363 19 34 37
25977 4364 19 35 37
25978 4365 19 36 37
25979 4366 19 37 37
25980 4367 19 38 37
25983 4368 19 39 37
25984 4369 19 40 37
25985 4370 19 41 37
25986 4371 19 42 37
25987 4372 19 43 37
25988 4373 19 44 37
25991 4374 19 45 37
25996 4375 19 46 37
26000 4376 19 47 37
26001 4377 19 48 37
26002 4378 19 49 37
26004 4379 19 50 37
26005 4380 19 51 37
26006 4381 19 52 37
26007 4382 19 53 37
26009 4383 19 54 37
26011 4384 19 55 37
26012 4385 19 56 37
26013 4386 19 57 37
26014 4387 19 58 37
26015 4388 19 59 37
26016 4389 19 60 37
26017 4390 19 61 37
26018 4391 19 62 37
26020 4392 19 63 37
26021 4393 19 64 37
26023 4394 19 65 37
26024 4395 19 66 37
26026 4396 19 67 37
26027 4397 19 68 37
26028 4398 19 69 37
26030 4399 19 70 37
26031 4400 19 71 37
26032 4401 19 72 37
26034 4402 19 73 37
26035 4403 19 74 37
26038 4404 19 75 37
26039 4405 19 76 37
26040 4406 19 77 37
26041 4407 19 78 37
26043 4408 19 79 37
26044 4409 19 80 37
26045 4410 19 81 37
26047 4411 19 82 37
26049 4412 19 83 37
26050 4413 19 84 37
26051 4414 19 85 37
26052 4415 19 86 37
26053 4416 19 87 37
26054 4417 19 88 37
26059 4418 19 89 37
26060 4419 19 90 37
26061 4420 19 91 37
26062 4421 19 92 37
26063 4422 19 93 37
26064 4423 19 94 37
26066 4424 19 95 37
26067 4425 19 96 37
26070 4426 19 97 37
26071 4427 19 98 37
26074 4428 19 99 37
26075 4429 19 100 37
26077 4430 19 101 37
26078 4431 19 102 37
26079 4432 19 103 37
26081 4433 19 104 37
26082 4434 19 105 37
26085 4435 19 106 37
26086 4436 19 107 37
26088 4437 19 108 37
26089 4438 19 109 37
26092 4439 19 110 37
26093 4440 19 111 37
26094 4441 19 112 37
26095 4442 19 113 37
26096 4443 19 114 37
26097 4444 19 115 37
26098 4445 19 116 37
26099 4446 19 0 38
26100 4447 19 1 38
26101 4448 19 2 38
26106 4449 19 3 38
26107 4450 19 4 38
26108 4451 19 5 38
26109 4452 19 6 38
26112 4453 19 7 38
26114 4454 19 8 38
26115 4455 19 9 38
26116 4456 19 10 38
26117 4457 19 11 38
26118 4458 19 12 38
26119 4459 19 13 38
26120 4460 19 14 38
26121 4461 19 15 38
26122 4462 19 16 38
26123 4463 19 17 38
26124 4464 19 18 38
26125 4465 19 19 38
26126 4466 19 20 38
26127 4467 19 21 38
26128 4468 19 22 38
26129 4469 19 23 38
26130 4470 19 24 38
26131 4471 19 25 38
26132 4472 19 26 38
26133 4473 19 27 38
26140 4474 19 28 38
26141 4475 19 29 38
26143 4476 19 30 38
26144 4477 19 31 38
26145 4478 19 32 38
26146 4479 19 33 38
26148 4480 19 34 38
26149 4481 19 35 38
26150 4482 19 36 38
26151 4483 19 37 38
26152 4484 19 38 38
26155 4485 19 39 38
26157 4486 19 40 38
26158 4487 19 41 38
26159 4488 19 42 38
26161 4489 19 43 38
26162 4490 19 44 38
26163 4491 19 45 38
26164 4492 19 46 38
26165 4493 19 47 38
26166 4494 19 48 38
26169 4495 19 49 38
26170 4496 19 50 38
26177 4497 19 51 38
26178 4498 19 52 38
26179 4499 19 53 38
26181 4500 19 54 38
26183 4501 19 55 38
26185 4502 19 56 38
26186 4503 19 57 38
26188 4504 19 58 38
26191 4505 19 59 38
26193 4506 19 60 38
26194 4507 19 61 38
26201 4508 19 62 38
26202 4509 19 63 38
26203 4510 19 64 38
26204 4511 19 65 38
26205 4512 19 66 38
26206 4513 19 67 38
26207 4514 19 68 38
26209 4515 19 69 38
26210 4516 19 70 38
26212 4517 19 71 38
26213 4518 19 72 38
26214 4519 19 73 38
26216 4520 19 74 38
26218 4521 19 75 38
26220 4522 19 76 38
26222 4523 19 77 38
26223 4524 19 78 38
26224 4525 19 79 38
26225 4526 19 80 38
26226 4527 19 81 38
26228 4528 19 82 38
26230 4529 19 83 38
26231 4530 19 84 38
26232 4531 19 85 38
26233 4532 19 86 38
26234 4533 19 87 38
26235 4534 19 88 38
26236 4535 19 89 38
26238 4536 19 90 38
26240 4537 19 91 38
26244 4538 19 92 38
26246 4539 19 93 38
26247 4540 19 94 38
26248 4541 19 95 38
26249 4542 19 96 38
26250 4543 19 97 38
26251 4544 19 98 38
26252 4545 19 99 38
26253 4546 19 100 38
26256 4547 19 101 38
26257 4548 19 102 38
26260 4549 19 103 38
26261 4550 19 104 38
26262 4551 19 105 38
26263 4552 19 106 38
26264 4553 19 107 38
26265 4554 19 108 38
26269 4555 19 109 38
26271 4556 19 110 38
26272 4557 19 111 38
26273 4558 19 112 38
26274 4559 19 113 38
26280 4560 19 114 38
26281 4561 19 115 38
26282 4562 19 116 38
26283 4563 19 0 39
26286 4564 19 1 39
26287 4565 19 2 39
26288 4566 19 3 39
26289 4567 19 4 39
26290 4568 19 5 39
26292 4569 19 6 39
26293 4570 19 7 39
26295 4571 19 8 39
26296 4572 19 9 39
26297 4573 19 10 39
26298 4574 19 11 39
26299 4575 19 12 39
26301 4576 19 13 39
26302 4577 19 14 39
26304 4578 19 15 39
26308 4579 19 16 39
26310 4580 19 17 39
26311 4581 19 18 39
26312 4582 19 19 39
26313 4583 19 20 39
26314 4584 19 21 39
26315 4585 19 22 39
26316 4586 19 23 39
26319 4587 19 24 39
26322 4588 19 25 39
26326 4589 19 26 39
26328 4590 19 27 39
26329 4591 19 28 39
26330 4592 19 29 39
26331 4593 19 30 39
26332 4594 19 31 39
26333 4595 19 32 39
26334 4596 19 33 39
26336 4597 19 34 39
26339 4598 19 35 39
26340 4599 19 36 39
26342 4600 19 37 39
26344 4601 19 38 39
26345 4602 19 39 39
26347 4603 19 40 39
26348 4604 19 41 39
26349 4605 19 42 39
26350 4606 19 43 39
26352 4607 19 44 39
26354 4608 19 45 39
26355 4609 19 46 39
26356 4610 19 47 39
26358 4611 19 48 39
26359 4612 19 49 39
26360 4613 19 50 39
26361 4614 19 51 39
26364 4615 19 52 39
26366 4616 19 53 39
26367 4617 19 54 39
26368 4618 19 55 39
26369 4619 19 56 39
26371 4620 19 57 39
26372 4621 19 58 39
26373 4622 19 59 39
26376 4623 19 60 39
26377 4624 19 61 39
26378 4625 19 62 39
26379 4626 19 63 39
26381 4627 19 64 39
26383 4628 19 65 39
26384 4629 19 66 39
26386 4630 19 67 39
26387 4631 19 68 39
26388 4632 19 69 39
26389 4633 19 70 39
26391 4634 19 71 39
26392 4635 19 72 39
26395 4636 19 73 39
26397 4637 19 74 39
26399 4638 19 75 39
26400 4639 19 76 39
26401 4640 19 77 39
26402 4641 19 78 39
26403 4642 19 79 39
26406 4643 19 80 39
26407 4644 19 81 39
26408 4645 19 82 39
26410 4646 19 83 39
26411 4647 19 84 39
26412 4648 19 85 39
26413 4649 19 86 39
26414 4650 19 87 39
26417 4651 19 88 39
26419 4652 19 89 39
26420 4653 19 90 39
26421 4654 19 91 39
26424 4655 19 92 39
26425 4656 19 93 39
26426 4657 19 94 39
26427 4658 19 95 39
26428 4659 19 96 39
26429 4660 19 97 39
26430 4661 19 98 39
26431 4662 19 99 39
26437 4663 19 100 39
26438 4664 19 101 39
26439 4665 19 102 39
26440 4666 19 103 39
26441 4667 19 104 39
26443 4668 19 105 39
26444 4669 19 106 39
26445 4670 19 107 39
26446 4671 19 108 39
26447 4672 19 109 39
26448 4673 19 110 39
26449 4674 19 111 39
26451 4675 19 112 39
26453 4676 19 113 39
26454 4677 19 114 39
26455 4678 19 115 39
26457 4679 19 116 39
26458 4680 19 0 40
26460 4681 19 1 40
26461 4682 19 2 40
26462 4683 19 3 40
26463 4684 19 4 40
26464 4685 19 5 40
26474 4686 19 6 40
26476 4687 19 7 40
26477 4688 19 8 40
26479 4689 19 9 40
26480 4690 19 10 40
26481 4691 19 11 40
26482 4692 19 12 40
26483 4693 19 13 40
26484 4694 19 14 40
26485 4695 19 15 40
26486 4696 19 16 40
26487 4697 19 17 40
26488 4698 19 18 40
26489 4699 19 19 40
26490 4700 19 20 40
26491 4701 19 21 40
26492 4702 19 22 40
26493 4703 19 23 40
26494 4704 19 24 40
26495 4705 19 25 40
26497 4706 19 26 40
26499 4707 19 27 40
26500 4708 19 28 40
26501 4709 19 29 40
26502 4710 19 30 40
26503 4711 19 31 40
26505 4712 19 32 40
26507 4713 19 33 40
26508 4714 19 34 40
26509 4715 19 35 40
26510 4716 19 36 40
26512 4717 19 37 40
26513 4718 19 38 40
26514 4719 19 39 40
26515 4720 19 40 40
26516 4721 19 41 40
26517 4722 19 42 40
26519 4723 19 43 40
26520 4724 19 44 40
26521 4725 19 45 40
26522 4726 19 46 40
26524 4727 19 47 40
26525 4728 19 48 40
26527 4729 19 49 40
26542 4730 19 50 40
26543 4731 19 51 40
26544 4732 19 52 40
26546 4733 19 53 40
26547 4734 19 54 40
26548 4735 19 55 40
26549 4736 19 56 40
26550 4737 19 57 40
26551 4738 19 58 40
26552 4739 19 59 40
26553 4740 19 60 40
26554 4741 19 61 40
26555 4742 19 62 40
26560 4743 19 63 40
26561 4744 19 64 40
26562 4745 19 65 40
26563 4746 19 66 40
26564 4747 19 67 40
26565 4748 19 68 40
26566 4749 19 69 40
26568 4750 19 70 40
26569 4751 19 71 40
26570 4752 19 72 40
26571 4753 19 73 40
26572 4754 19 74 40
26573 4755 19 75 40
26574 4756 19 76 40
26575 4757 19 77 40
26576 4758 19 78 40
26577 4759 19 79 40
26578 4760 19 80 40
26579 4761 19 81 40
26580 4762 19 82 40
26584 4763 19 83 40
26585 4764 19 84 40
26586 4765 19 85 40
26587 4766 19 86 40
26588 4767 19 87 40
26589 4768 19 88 40
26590 4769 19 89 40
26591 4770 19 90 40
26594 4771 19 91 40
26595 4772 19 92 40
26596 4773 19 93 40
26597 4774 19 94 40
26598 4775 19 95 40
26599 4776 19 96 40
26601 4777 19 97 40
26602 4778 19 98 40
26603 4779 19 99 40
26604 4780 19 100 40
26605 4781 19 101 40
26606 4782 19 102 40
26607 4783 19 103 40
26608 4784 19 104 40
26609 4785 19 105 40
26610 4786 19 106 40
26611 4787 19 107 40
26612 4788 19 108 40
26613 4789 19 109 40
26614 4790 19 110 40
26615 4791 19 111 40
26616 4792 19 112 40
26618 4793 19 113 40
26620 4794 19 114 40
26623 4795 19 115 40
26642 4796 19 116 40
26643 4797 19 0 41
26644 4798 19 1 41
26646 4799 19 2 41
26647 4800 19 3 41
26648 4801 19 4 41
26650 4802 19 5 41
26652 4803 19 6 41
26653 4804 19 7 41
26655 4805 19 8 41
26656 4806 19 9 41
26657 4807 19 10 41
26661 4808 19 11 41
26662 4809 19 12 41
26664 4810 19 13 41
26665 4811 19 14 41
26666 4812 19 15 41
26667 4813 19 16 41
26669 4814 19 17 41
26670 4815 19 18 41
26671 4816 19 19 41
26673 4817 19 20 41
26674 4818 19 21 41
26675 4819 19 22 41
26676 4820 19 23 41
26677 4821 19 24 41
26680 4822 19 25 41
26681 4823 19 26 41
26682 4824 19 27 41
26683 4825 19 28 41
26684 4826 19 29 41
26685 4827 19 30 41
26688 4828 19 31 41
26689 4829 19 32 41
26690 4830 19 33 41
26691 4831 19 34 41
26692 4832 19 35 41
26693 4833 19 36 41
26694 4834 19 37 41
26696 4835 19 38 41
26697 4836 19 39 41
26699 4837 19 40 41
26700 4838 19 41 41
26701 4839 19 42 41
26702 4840 19 43 41
26703 4841 19 44 41
26704 4842 19 45 41
26705 4843 19 46 41
26707 4844 19 47 41
26708 4845 19 48 41
26731 4846 19 49 41
26733 4847 19 50 41
26734 4848 19 51 41
26735 4849 19 52 41
26737 4850 19 53 41
26738 4851 19 54 41
26740 4852 19 55 41
26741 4853 19 56 41
26742 4854 19 57 41
26743 4855 19 58 41
26744 4856 19 59 41
26745 4857 19 60 41
26747 4858 19 61 41
26748 4859 19 62 41
26749 4860 19 63 41
26750 4861 19 64 41
26751 4862 19 65 41
26752 4863 19 66 41
26753 4864 19 67 41
26754 4865 19 68 41
26755 4866 19 69 41
26757 4867 19 70 41
26758 4868 19 71 41
26759 4869 19 72 41
26761 4870 19 73 41
26762 4871 19 74 41
26763 4872 19 75 41
26764 4873 19 76 41
26767 4874 19 77 41
26768 4875 19 78 41
26769 4876 19 79 41
26770 4877 19 80 41
26771 4878 19 81 41
26772 4879 19 82 41
26774 4880 19 83 41
26775 4881 19 84 41
26779 4882 19 85 41
26780 4883 19 86 41
26781 4884 19 87 41
26783 4885 19 88 41
26784 4886 19 89 41
26785 4887 19 90 41
26786 4888 19 91 41
26787 4889 19 92 41
26788 4890 19 93 41
26791 4891 19 94 41
26792 4892 19 95 41
26793 4893 19 96 41
26794 4894 19 97 41
26795 4895 19 98 41
26796 4896 19 99 41
26797 4897 19 100 41
26798 4898 19 101 41
26799 4899 19 102 41
26800 4900 19 103 41
26801 4901 19 104 41
26802 4902 19 105 41
26803 4903 19 106 41
26804 4904 19 107 41
26805 4905 19 108 41
26820 4906 19 109 41
26822 4907 19 110 41
26823 4908 19 111 41
26824 4909 19 112 41
26825 4910 19 113 41
26827 4911 19 114 41
26828 4912 19 115 41
26829 4913 19 116 41
26830 4914 19 0 42
26832 4915 19 1 42
26833 4916 19 2 42
26834 4917 19 3 42
26835 4918 19 4 42
26836 4919 19 5 42
26837 4920 19 6 42
26838 4921 19 7 42
26839 4922 19 8 42
26840 4923 19 9 42
26842 4924 19 10 42
26844 4925 19 11 42
26845 4926 19 12 42
26846 4927 19 13 42
26847 4928 19 14 42
26848 4929 19 15 42
26849 4930 19 16 42
26851 4931 19 17 42
26852 4932 19 18 42
26854 4933 19 19 42
26855 4934 19 20 42
26856 4935 19 21 42
26857 4936 19 22 42
26858 4937 19 23 42
26859 4938 19 24 42
26860 4939 19 25 42
26862 4940 19 26 42
26863 4941 19 27 42
26864 4942 19 28 42
26865 4943 19 29 42
26866 4944 19 30 42
26867 4945 19 31 42
26868 4946 19 32 42
26869 4947 19 33 42
26870 4948 19 34 42
26871 4949 19 35 42
26872 4950 19 36 42
26873 4951 19 37 42
26874 4952 19 38 42
26875 4953 19 39 42
26876 4954 19 40 42
26877 4955 19 41 42
26884 4956 19 42 42
26885 4957 19 43 42
26886 4958 19 44 42
26887 4959 19 45 42
26888 4960 19 46 42
26890 4961 19 47 42
26891 4962 19 48 42
26892 4963 19 49 42
26893 4964 19 50 42
26894 4965 19 51 42
26895 4966 19 52 42
26896 4967 19 53 42
26897 4968 19 54 42
26898 4969 19 55 42
26899 4970 19 56 42
26900 4971 19 57 42
26901 4972 19 58 42
26903 4973 19 59 42
26917 4974 19 60 42
26922 4975 19 61 42
26927 4976 19 62 42
26928 4977 19 63 42
26930 4978 19 64 42
26931 4979 19 65 42
26932 4980 19 66 42
26933 4981 19 67 42
26935 4982 19 68 42
26936 4983 19 69 42
26937 4984 19 70 42
26939 4985 19 71 42
26940 4986 19 72 42
26941 4987 19 73 42
26943 4988 19 74 42
26944 4989 19 75 42
26945 4990 19 76 42
26946 4991 19 77 42
26948 4992 19 78 42
26949 4993 19 79 42
26952 4994 19 80 42
26953 4995 19 81 42
26954 4996 19 82 42
26955 4997 19 83 42
26956 4998 19 84 42
26958 4999 19 85 42
26959 5000 19 86 42
26961 5001 19 87 42
26962 5002 19 88 42
26963 5003 19 89 42
26964 5004 19 90 42
26966 5005 19 91 42
26967 5006 19 92 42
26968 5007 19 93 42
26969 5008 19 94 42
26970 5009 19 95 42
26971 5010 19 96 42
26972 5011 19 97 42
26973 5012 19 98 42
26974 5013 19 99 42
26975 5014 19 100 42
26976 5015 19 101 42
26978 5016 19 102 42
26979 5017 19 103 42
26981 5018 19 104 42
26982 5019 19 105 42
26984 5020 19 106 42
26985 5021 19 107 42
26986 5022 19 108 42
26987 5023 19 109 42
26988 5024 19 110 42
26989 5025 19 111 42
26990 5026 19 112 42
26991 5027 19 113 42
26992 5028 19 114 42
26993 5029 19 115 42
26996 5030 19 116 42
26997 5031 19 0 43
26998 5032 19 1 43
26999 5033 19 2 43
27000 5034 19 3 43
27001 5035 19 4 43
27002 5036 19 5 43
27003 5037 19 6 43
27010 5038 19 7 43
27011 5039 19 8 43
27014 5040 19 9 43
27021 5041 19 10 43
27022 5042 19 11 43
27024 5043 19 12 43
27025 5044 19 13 43
27027 5045 19 14 43
27028 5046 19 15 43
27029 5047 19 16 43
27030 5048 19 17 43
27031 5049 19 18 43
27033 5050 19 19 43
27034 5051 19 20 43
27035 5052 19 21 43
27036 5053 19 22 43
27038 5054 19 23 43
27040 5055 19 24 43
27041 5056 19 25 43
27043 5057 19 26 43
27044 5058 19 27 43
27045 5059 19 28 43
27046 5060 19 29 43
27047 5061 19 30 43
27048 5062 19 31 43
27049 5063 19 32 43
27050 5064 19 33 43
27051 5065 19 34 43
27052 5066 19 35 43
27053 5067 19 36 43
27054 5068 19 37 43
27055 5069 19 38 43
27056 5070 19 39 43
27057 5071 19 40 43
27059 5072 19 41 43
27060 5073 19 42 43
27061 5074 19 43 43
27062 5075 19 44 43
27063 5076 19 45 43
27065 5077 19 46 43
27067 5078 19 47 43
27068 5079 19 48 43
27069 5080 19 49 43
27070 5081 19 50 43
27071 5082 19 51 43
27073 5083 19 52 43
27074 5084 19 53 43
27075 5085 19 54 43
27076 5086 19 55 43
27078 5087 19 56 43
27081 5088 19 57 43
27082 5089 19 58 43
27083 5090 19 59 43
27084 5091 19 60 43
27085 5092 19 61 43
27086 5093 19 62 43
27087 5094 19 63 43
27088 5095 19 64 43
27091 5096 19 65 43
27092 5097 19 66 43
27097 5098 19 67 43
27106 5099 19 68 43
27108 5100 19 69 43
27109 5101 19 70 43
27110 5102 19 71 43
27111 5103 19 72 43
27112 5104 19 73 43
27115 5105 19 74 43
27116 5106 19 75 43
27117 5107 19 76 43
27118 5108 19 77 43
27121 5109 19 78 43
27122 5110 19 79 43
27123 5111 19 80 43
27124 5112 19 81 43
27126 5113 19 82 43
27127 5114 19 83 43
27128 5115 19 84 43
27131 5116 19 85 43
27132 5117 19 86 43
27133 5118 19 87 43
27134 5119 19 88 43
27135 5120 19 89 43
27136 5121 19 90 43
27137 5122 19 91 43
27138 5123 19 92 43
27140 5124 19 93 43
27141 5125 19 94 43
27142 5126 19 95 43
27143 5127 19 96 43
27144 5128 19 97 43
27145 5129 19 98 43
27146 5130 19 99 43
27149 5131 19 100 43
27151 5132 19 101 43
27153 5133 19 102 43
27155 5134 19 103 43
27156 5135 19 104 43
27157 5136 19 105 43
27158 5137 19 106 43
27159 5138 19 107 43
27160 5139 19 108 43
27161 5140 19 109 43
27163 5141 19 110 43
27165 5142 19 111 43
27166 5143 19 112 43
27167 5144 19 113 43
27168 5145 19 114 43
27169 5146 19 115 43
27171 5147 19 116 43
27173 5148 19 0 44
27174 5149 19 1 44
27175 5150 19 2 44
27176 5151 19 3 44
27186 5152 19 4 44
27188 5153 19 5 44
27189 5154 19 6 44
27192 5155 19 7 44
27193 5156 19 8 44
27194 5157 19 9 44
27195 5158 19 10 44
27196 5159 19 11 44
27197 5160 19 12 44
27198 5161 19 13 44
27199 5162 19 14 44
27200 5163 19 15 44
27201 5164 19 16 44
27204 5165 19 17 44
27206 5166 19 18 44
27207 5167 19 19 44
27208 5168 19 20 44
27209 5169 19 21 44
27211 5170 19 22 44
27213 5171 19 23 44
27214 5172 19 24 44
27215 5173 19 25 44
27216 5174 19 26 44
27217 5175 19 27 44
27220 5176 19 28 44
27221 5177 19 29 44
27222 5178 19 30 44
27224 5179 19 31 44
27225 5180 19 32 44
27226 5181 19 33 44
27227 5182 19 34 44
27229 5183 19 35 44
27230 5184 19 36 44
27231 5185 19 37 44
27232 5186 19 38 44
27233 5187 19 39 44
27234 5188 19 40 44
27236 5189 19 41 44
27238 5190 19 42 44
27239 5191 19 43 44
27240 5192 19 44 44
27241 5193 19 45 44
27242 5194 19 46 44
27243 5195 19 47 44
27245 5196 19 48 44
27247 5197 19 49 44
27254 5198 19 50 44
27262 5199 19 51 44
27263 5200 19 52 44
27264 5201 19 53 44
27265 5202 19 54 44
27267 5203 19 55 44
27268 5204 19 56 44
27269 5205 19 57 44
27271 5206 19 58 44
27273 5207 19 59 44
27276 5208 19 60 44
27277 5209 19 61 44
27278 5210 19 62 44
27280 5211 19 63 44
27281 5212 19 64 44
27282 5213 19 65 44
27283 5214 19 66 44
27284 5215 19 67 44
27285 5216 19 68 44
27286 5217 19 69 44
27287 5218 19 70 44
27290 5219 19 71 44
27291 5220 19 72 44
27292 5221 19 73 44
27294 5222 19 74 44
27295 5223 19 75 44
27296 5224 19 76 44
27297 5225 19 77 44
27298 5226 19 78 44
27299 5227 19 79 44
27300 5228 19 80 44
27301 5229 19 81 44
27302 5230 19 82 44
27304 5231 19 83 44
27308 5232 19 84 44
27309 5233 19 85 44
27310 5234 19 86 44
27311 5235 19 87 44
27315 5236 19 88 44
27316 5237 19 89 44
27318 5238 19 90 44
27319 5239 19 91 44
27320 5240 19 92 44
27321 5241 19 93 44
27322 5242 19 94 44
27323 5243 19 95 44
27325 5244 19 96 44
27330 5245 19 97 44
27331 5246 19 98 44
27333 5247 19 99 44
27334 5248 19 100 44
27335 5249 19 101 44
27339 5250 19 102 44
27340 5251 19 103 44
27341 5252 19 104 44
27343 5253 19 105 44
27344 5254 19 106 44
27345 5255 19 107 44
27347 5256 19 108 44
27353 5257 19 109 44
27354 5258 19 110 44
27355 5259 19 111 44
27356 5260 19 112 44
27357 5261 19 113 44
27358 5262 19 114 44
27359 5263 19 115 44
27360 5264 19 116 44
27361 5265 19 0 45
27365 5266 19 1 45
27367 5267 19 2 45
27368 5268 19 3 45
27370 5269 19 4 45
27371 5270 19 5 45
27372 5271 19 6 45
27374 5272 19 7 45
27375 5273 19 8 45
27376 5274 19 9 45
27377 5275 19 10 45
27379 5276 19 11 45
27384 5277 19 12 45
27385 5278 19 13 45
27386 5279 19 14 45
27387 5280 19 15 45
27388 5281 19 16 45
27392 5282 19 17 45
27394 5283 19 18 45
27395 5284 19 19 45
27396 5285 19 20 45
27400 5286 19 21 45
27401 5287 19 22 45
27402 5288 19 23 45
27403 5289 19 24 45
27407 5290 19 25 45
27408 5291 19 26 45
27409 5292 19 27 45
27410 5293 19 28 45
27411 5294 19 29 45
27414 5295 19 30 45
27415 5296 19 31 45
27416 5297 19 32 45
27417 5298 19 33 45
27418 5299 19 34 45
27422 5300 19 35 45
27424 5301 19 36 45
27425 5302 19 37 45
27427 5303 19 38 45
27429 5304 19 39 45
27432 5305 19 40 45
27436 5306 19 41 45
27437 5307 19 42 45
27439 5308 19 43 45
27441 5309 19 44 45
27442 5310 19 45 45
27443 5311 19 46 45
27444 5312 19 47 45
27446 5313 19 48 45
27447 5314 19 49 45
27448 5315 19 50 45
27449 5316 19 51 45
27450 5317 19 52 45
27451 5318 19 53 45
27452 5319 19 54 45
27453 5320 19 55 45
27454 5321 19 56 45
27455 5322 19 57 45
27457 5323 19 58 45
27458 5324 19 59 45
27459 5325 19 60 45
27461 5326 19 61 45
27462 5327 19 62 45
27463 5328 19 63 45
27464 5329 19 64 45
27465 5330 19 65 45
27466 5331 19 66 45
27467 5332 19 67 45
27468 5333 19 68 45
27469 5334 19 69 45
27470 5335 19 70 45
27472 5336 19 71 45
27473 5337 19 72 45
27476 5338 19 73 45
27477 5339 19 74 45
27478 5340 19 75 45
27481 5341 19 76 45
27483 5342 19 77 45
27484 5343 19 78 45
27486 5344 19 79 45
27487 5345 19 80 45
27488 5346 19 81 45
27489 5347 19 82 45
27490 5348 19 83 45
27491 5349 19 84 45
27492 5350 19 85 45
27493 5351 19 86 45
27494 5352 19 87 45
27495 5353 19 88 45
27498 5354 19 89 45
27501 5355 19 90 45
27506 5356 19 91 45
27510 5357 19 92 45
27511 5358 19 93 45
27512 5359 19 94 45
27513 5360 19 95 45
27515 5361 19 96 45
27518 5362 19 97 45
27519 5363 19 98 45
27520 5364 19 99 45
27522 5365 19 100 45
27523 5366 19 101 45
27524 5367 19 102 45
27526 5368 19 103 45
27528 5369 19 104 45
27529 5370 19 105 45
27530 5371 19 106 45
27532 5372 19 107 45
27533 5373 19 108 45
27534 5374 19 109 45
27535 5375 19 110 45
27537 5376 19 111 45
27540 5377 19 112 45
27541 5378 19 113 45
27542 5379 19 114 45
27543 5380 19 115 45
27544 5381 19 116 45
27545 5382 19 0 46
27547 5383 19 1 46
27550 5384 19 2 46
27551 5385 19 3 46
27552 5386 19 4 46
27554 5387 19 5 46
27555 5388 19 6 46
27556 5389 19 7 46
27557 5390 19 8 46
27558 5391 19 9 46
27559 5392 19 10 46
27562 5393 19 11 46
27563 5394 19 12 46
27565 5395 19 13 46
27566 5396 19 14 46
27567 5397 19 15 46
27568 5398 19 16 46
27570 5399 19 17 46
27571 5400 19 18 46
27573 5401 19 19 46
27574 5402 19 20 46
27575 5403 19 21 46
27578 5404 19 22 46
27580 5405 19 23 46
27581 5406 19 24 46
27583 5407 19 25 46
27584 5408 19 26 46
27587 5409 19 27 46
27588 5410 19 28 46
27589 5411 19 29 46
27590 5412 19 30 46
27591 5413 19 31 46
27592 5414 19 32 46
27593 5415 19 33 46
27594 5416 19 34 46
27595 5417 19 35 46
27596 5418 19 36 46
27597 5419 19 37 46
27599 5420 19 38 46
27600 5421 19 39 46
27602 5422 19 40 46
27603 5423 19 41 46
27604 5424 19 42 46
27606 5425 19 43 46
27607 5426 19 44 46
27608 5427 19 45 46
27610 5428 19 46 46
27611 5429 19 47 46
27614 5430 19 48 46
27616 5431 19 49 46
27618 5432 19 50 46
27619 5433 19 51 46
27620 5434 19 52 46
27622 5435 19 53 46
27623 5436 19 54 46
27624 5437 19 55 46
27627 5438 19 56 46
27628 5439 19 57 46
27631 5440 19 58 46
27632 5441 19 59 46
27634 5442 19 60 46
27635 5443 19 61 46
27639 5444 19 62 46
27640 5445 19 63 46
27641 5446 19 64 46
27643 5447 19 65 46
27644 5448 19 66 46
27645 5449 19 67 46
27646 5450 19 68 46
27647 5451 19 69 46
27648 5452 19 70 46
27649 5453 19 71 46
27650 5454 19 72 46
27651 5455 19 73 46
27652 5456 19 74 46
27653 5457 19 75 46
27654 5458 19 76 46
27656 5459 19 77 46
27657 5460 19 78 46
27659 5461 19 79 46
27660 5462 19 80 46
27661 5463 19 81 46
27663 5464 19 82 46
27664 5465 19 83 46
27665 5466 19 84 46
27667 5467 19 85 46
27668 5468 19 86 46
27669 5469 19 87 46
27670 5470 19 88 46
27672 5471 19 89 46
27673 5472 19 90 46
27674 5473 19 91 46
27675 5474 19 92 46
27677 5475 19 93 46
27679 5476 19 94 46
27680 5477 19 95 46
27681 5478 19 96 46
27683 5479 19 97 46
27684 5480 19 98 46
27685 5481 19 99 46
27686 5482 19 100 46
27687 5483 19 101 46
27688 5484 19 102 46
27690 5485 19 103 46
27691 5486 19 104 46
27692 5487 19 105 46
27694 5488 19 106 46
27695 5489 19 107 46
27696 5490 19 108 46
27699 5491 19 109 46
27700 5492 19 110 46
27702 5493 19 111 46
27704 5494 19 112 46
27707 5495 19 113 46
27710 5496 19 114 46
27711 5497 19 115 46
27712 5498 19 116 46
27713 5499 19 0 47
27714 5500 19 1 47
27715 5501 19 2 47
27718 5502 19 3 47
27722 5503 19 4 47
27723 5504 19 5 47
27724 5505 19 6 47
27725 5506 19 7 47
27726 5507 19 8 47
27727 5508 19 9 47
27728 5509 19 10 47
27730 5510 19 11 47
27732 5511 19 12 47
27733 5512 19 13 47
27735 5513 19 14 47
27737 5514 19 15 47
27739 5515 19 16 47
27740 5516 19 17 47
27741 5517 19 18 47
27742 5518 19 19 47
27743 5519 19 20 47
27744 5520 19 21 47
27745 5521 19 22 47
27749 5522 19 23 47
27750 5523 19 24 47
27751 5524 19 25 47
27752 5525 19 26 47
27753 5526 19 27 47
27754 5527 19 28 47
27755 5528 19 29 47
27757 5529 19 30 47
27759 5530 19 31 47
27760 5531 19 32 47
27761 5532 19 33 47
27762 5533 19 34 47
27763 5534 19 35 47
27764 5535 19 36 47
27766 5536 19 37 47
27768 5537 19 38 47
27770 5538 19 39 47
27771 5539 19 40 47
27773 5540 19 41 47
27774 5541 19 42 47
27776 5542 19 43 47
27777 5543 19 44 47
27778 5544 19 45 47
27779 5545 19 46 47
27780 5546 19 47 47
27781 5547 19 48 47
27782 5548 19 49 47
27783 5549 19 50 47
27784 5550 19 51 47
27785 5551 19 52 47
27786 5552 19 53 47
27787 5553 19 54 47
27788 5554 19 55 47
27789 5555 19 56 47
27790 5556 19 57 47
27791 5557 19 58 47
27792 5558 19 59 47
27794 5559 19 60 47
27795 5560 19 61 47
27796 5561 19 62 47
27797 5562 19 63 47
27798 5563 19 64 47
27800 5564 19 65 47
27801 5565 19 66 47
27802 5566 19 67 47
27803 5567 19 68 47
27804 5568 19 69 47
27805 5569 19 70 47
27819 5570 19 71 47
27820 5571 19 72 47
27821 5572 19 73 47
27822 5573 19 74 47
27824 5574 19 75 47
27825 5575 19 76 47
27827 5576 19 77 47
27828 5577 19 78 47
27830 5578 19 79 47
27831 5579 19 80 47
27832 5580 19 81 47
27833 5581 19 82 47
27834 5582 19 83 47
27835 5583 19 84 47
27836 5584 19 85 47
27837 5585 19 86 47
27838 5586 19 87 47
27839 5587 19 88 47
27840 5588 19 89 47
27841 5589 19 90 47
27842 5590 19 91 47
27843 5591 19 92 47
27844 5592 19 93 47
27845 5593 19 94 47
27846 5594 19 95 47
27847 5595 19 96 47
27849 5596 19 97 47
27850 5597 19 98 47
27852 5598 19 99 47
27853 5599 19 100 47
27855 5600 19 101 47
27856 5601 19 102 47
27857 5602 19 103 47
27858 5603 19 104 47
27859 5604 19 105 47
27860 5605 19 106 47
27861 5606 19 107 47
27862 5607 19 108 47
27863 5608 19 109 47
27865 5609 19 110 47
27866 5610 19 111 47
27867 5611 19 112 47
27868 5612 19 113 47
27869 5613 19 114 47
27870 5614 19 115 47
27872 5615 19 116 47
27873 5616 19 0 48
27874 5617 19 1 48
27875 5618 19 2 48
27877 5619 19 3 48
27879 5620 19 4 48
27880 5621 19 5 48
27881 5622 19 6 48
27883 5623 19 7 48
27884 5624 19 8 48
27885 5625 19 9 48
27886 5626 19 10 48
27887 5627 19 11 48
27888 5628 19 12 48
27889 5629 19 13 48
27890 5630 19 14 48
27891 5631 19 15 48
27893 5632 19 16 48
27897 5633 19 17 48
27904 5634 19 18 48
27905 5635 19 19 48
27907 5636 19 20 48
27908 5637 19 21 48
27911 5638 19 22 48
27912 5639 19 23 48
27913 5640 19 24 48
27914 5641 19 25 48
27915 5642 19 26 48
27916 5643 19 27 48
27917 5644 19 28 48
27918 5645 19 29 48
27919 5646 19 30 48
27920 5647 19 31 48
27921 5648 19 32 48
27922 5649 19 33 48
27926 5650 19 34 48
27927 5651 19 35 48
27928 5652 19 36 48
27929 5653 19 37 48
27930 5654 19 38 48
27931 5655 19 39 48
27933 5656 19 40 48
27934 5657 19 41 48
27935 5658 19 42 48
27936 5659 19 43 48
27938 5660 19 44 48
27941 5661 19 45 48
27943 5662 19 46 48
27944 5663 19 47 48
27945 5664 19 48 48
27946 5665 19 49 48
27947 5666 19 50 48
27948 5667 19 51 48
27949 5668 19 52 48
27950 5669 19 53 48
27951 5670 19 54 48
27952 5671 19 55 48
27953 5672 19 56 48
27954 5673 19 57 48
27955 5674 19 58 48
27956 5675 19 59 48
27957 5676 19 60 48
27958 5677 19 61 48
27959 5678 19 62 48
27960 5679 19 63 48
27961 5680 19 64 48
27962 5681 19 65 48
27963 5682 19 66 48
27964 5683 19 67 48
27965 5684 19 68 48
27966 5685 19 69 48
27967 5686 19 70 48
27968 5687 19 71 48
27969 5688 19 72 48
27970 5689 19 73 48
27992 5690 19 74 48
27993 5691 19 75 48
27994 5692 19 76 48
27998 5693 19 77 48
27999 5694 19 78 48
28000 5695 19 79 48
28001 5696 19 80 48
28002 5697 19 81 48
28003 5698 19 82 48
28004 5699 19 83 48
28005 5700 19 84 48
28006 5701 19 85 48
28007 5702 19 86 48
28008 5703 19 87 48
28009 5704 19 88 48
28010 5705 19 89 48
28012 5706 19 90 48
28013 5707 19 91 48
28014 5708 19 92 48
28015 5709 19 93 48
28016 5710 19 94 48
28020 5711 19 95 48
28021 5712 19 96 48
28022 5713 19 97 48
28023 5714 19 98 48
28024 5715 19 99 48
28025 5716 19 100 48
28026 5717 19 101 48
28027 5718 19 102 48
28028 5719 19 103 48
28029 5720 19 104 48
28030 5721 19 105 48
28031 5722 19 106 48
28032 5723 19 107 48
28034 5724 19 108 48
28035 5725 19 109 48
28036 5726 19 110 48
28037 5727 19 111 48
28038 5728 19 112 48
28039 5729 19 113 48
28040 5730 19 114 48
28041 5731 19 115 48
28042 5732 19 116 48
28043 5733 19 0 49
28044 5734 19 1 49
28045 5735 19 2 49
28046 5736 19 3 49
28048 5737 19 4 49
28049 5738 19 5 49
28050 5739 19 6 49
28051 5740 19 7 49
28052 5741 19 8 49
28053 5742 19 9 49
28055 5743 19 10 49
28056 5744 19 11 49
28074 5745 19 12 49
28075 5746 19 13 49
28076 5747 19 14 49
28078 5748 19 15 49
28079 5749 19 16 49
28082 5750 19 17 49
28083 5751 19 18 49
28084 5752 19 19 49
28085 5753 19 20 49
28087 5754 19 21 49
28088 5755 19 22 49
28090 5756 19 23 49
28091 5757 19 24 49
28092 5758 19 25 49
28093 5759 19 26 49
28094 5760 19 27 49
28095 5761 19 28 49
28096 5762 19 29 49
28098 5763 19 30 49
28100 5764 19 31 49
28101 5765 19 32 49
28102 5766 19 33 49
28103 5767 19 34 49
28104 5768 19 35 49
28105 5769 19 36 49
28106 5770 19 37 49
28107 5771 19 38 49
28108 5772 19 39 49
28109 5773 19 40 49
28111 5774 19 41 49
28112 5775 19 42 49
28113 5776 19 43 49
28114 5777 19 44 49
28115 5778 19 45 49
28116 5779 19 46 49
28117 5780 19 47 49
28118 5781 19 48 49
28119 5782 19 49 49
28120 5783 19 50 49
28121 5784 19 51 49
28122 5785 19 52 49
28123 5786 19 53 49
28124 5787 19 54 49
28125 5788 19 55 49
28126 5789 19 56 49
28127 5790 19 57 49
28128 5791 19 58 49
28129 5792 19 59 49
28130 5793 19 60 49
28131 5794 19 61 49
28132 5795 19 62 49
28133 5796 19 63 49
28134 5797 19 64 49
28136 5798 19 65 49
28137 5799 19 66 49
28138 5800 19 67 49
28139 5801 19 68 49
28140 5802 19 69 49
28141 5803 19 70 49
28142 5804 19 71 49
28143 5805 19 72 49
28144 5806 19 73 49
28145 5807 19 74 49
28146 5808 19 75 49
28147 5809 19 76 49
28148 5810 19 77 49
28149 5811 19 78 49
28150 5812 19 79 49
28151 5813 19 80 49
28153 5814 19 81 49
28154 5815 19 82 49
28155 5816 19 83 49
28156 5817 19 84 49
28157 5818 19 85 49
28160 5819 19 86 49
28163 5820 19 87 49
28165 5821 19 88 49
28185 5822 19 89 49
28186 5823 19 90 49
28187 5824 19 91 49
28188 5825 19 92 49
28189 5826 19 93 49
28191 5827 19 94 49
28192 5828 19 95 49
28193 5829 19 96 49
28194 5830 19 97 49
28195 5831 19 98 49
28196 5832 19 99 49
28197 5833 19 100 49
28198 5834 19 101 49
28199 5835 19 102 49
28200 5836 19 103 49
28203 5837 19 104 49
28204 5838 19 105 49
28205 5839 19 106 49
28206 5840 19 107 49
28207 5841 19 108 49
28208 5842 19 109 49
28209 5843 19 110 49
28210 5844 19 111 49
28211 5845 19 112 49
28212 5846 19 113 49
28213 5847 19 114 49
28214 5848 19 115 49
28216 5849 19 116 49
28217 5850 19 0 50
28218 5851 19 1 50
28219 5852 19 2 50
28220 5853 19 3 50
28221 5854 19 4 50
28222 5855 19 5 50
28223 5856 19 6 50
28224 5857 19 7 50
28225 5858 19 8 50
28227 5859 19 9 50
28228 5860 19 10 50
28229 5861 19 11 50
28230 5862 19 12 50
28231 5863 19 13 50
28233 5864 19 14 50
28234 5865 19 15 50
28235 5866 19 16 50
28237 5867 19 17 50
28238 5868 19 18 50
28241 5869 19 19 50
28242 5870 19 20 50
28243 5871 19 21 50
28244 5872 19 22 50
28245 5873 19 23 50
28246 5874 19 24 50
28248 5875 19 25 50
28250 5876 19 26 50
28251 5877 19 27 50
28252 5878 19 28 50
28253 5879 19 29 50
28254 5880 19 30 50
28255 5881 19 31 50
28256 5882 19 32 50
28257 5883 19 33 50
28258 5884 19 34 50
28259 5885 19 35 50
28260 5886 19 36 50
28261 5887 19 37 50
28262 5888 19 38 50
28263 5889 19 39 50
28264 5890 19 40 50
28265 5891 19 41 50
28267 5892 19 42 50
28270 5893 19 43 50
28271 5894 19 44 50
28273 5895 19 45 50
28274 5896 19 46 50
28275 5897 19 47 50
28276 5898 19 48 50
28279 5899 19 49 50
28280 5900 19 50 50
28281 5901 19 51 50
28296 5902 19 52 50
28297 5903 19 53 50
28301 5904 19 54 50
28302 5905 19 55 50
28303 5906 19 56 50
28304 5907 19 57 50
28306 5908 19 58 50
28307 5909 19 59 50
28308 5910 19 60 50
28310 5911 19 61 50
28311 5912 19 62 50
28312 5913 19 63 50
28313 5914 19 64 50
28315 5915 19 65 50
28316 5916 19 66 50
28317 5917 19 67 50
28318 5918 19 68 50
28319 5919 19 69 50
28320 5920 19 70 50
28321 5921 19 71 50
28322 5922 19 72 50
28323 5923 19 73 50
28324 5924 19 74 50
28325 5925 19 75 50
28326 5926 19 76 50
28327 5927 19 77 50
28330 5928 19 78 50
28331 5929 19 79 50
28334 5930 19 80 50
28335 5931 19 81 50
28336 5932 19 82 50
28337 5933 19 83 50
28338 5934 19 84 50
28339 5935 19 85 50
28340 5936 19 86 50
28342 5937 19 87 50
28343 5938 19 88 50
28345 5939 19 89 50
28346 5940 19 90 50
28348 5941 19 91 50
28349 5942 19 92 50
28350 5943 19 93 50
28351 5944 19 94 50
28352 5945 19 95 50
28353 5946 19 96 50
28354 5947 19 97 50
28355 5948 19 98 50
28356 5949 19 99 50
28357 5950 19 100 50
28358 5951 19 101 50
28359 5952 19 102 50
28360 5953 19 103 50
28361 5954 19 104 50
28362 5955 19 105 50
28363 5956 19 106 50
28364 5957 19 107 50
28365 5958 19 108 50
28366 5959 19 109 50
28367 5960 19 110 50
28368 5961 19 111 50
28369 5962 19 112 50
28370 5963 19 113 50
28371 5964 19 114 50
28372 5965 19 115 50
28373 5966 19 116 50
28374 5967 19 0 51
28376 5968 19 1 51
28380 5969 19 2 51
28395 5970 19 3 51
28396 5971 19 4 51
28397 5972 19 5 51
28398 5973 19 6 51
28399 5974 19 7 51
28401 5975 19 8 51
28402 5976 19 9 51
28404 5977 19 10 51
28405 5978 19 11 51
28406 5979 19 12 51
28407 5980 19 13 51
28408 5981 19 14 51
28409 5982 19 15 51
28411 5983 19 16 51
28412 5984 19 17 51
28413 5985 19 18 51
28414 5986 19 19 51
28415 5987 19 20 51
28416 5988 19 21 51
28417 5989 19 22 51
28418 5990 19 23 51
28419 5991 19 24 51
28421 5992 19 25 51
28422 5993 19 26 51
28423 5994 19 27 51
28424 5995 19 28 51
28425 5996 19 29 51
28426 5997 19 30 51
28429 5998 19 31 51
28430 5999 19 32 51
28431 6000 19 33 51
28434 6001 19 34 51
28435 6002 19 35 51
28436 6003 19 36 51
28437 6004 19 37 51
28440 6005 19 38 51
28441 6006 19 39 51
28442 6007 19 40 51
28444 6008 19 41 51
28446 6009 19 42 51
28447 6010 19 43 51
28448 6011 19 44 51
28449 6012 19 45 51
28450 6013 19 46 51
28451 6014 19 47 51
28453 6015 19 48 51
28454 6016 19 49 51
28455 6017 19 50 51
28457 6018 19 51 51
28458 6019 19 52 51
28459 6020 19 53 51
28460 6021 19 54 51
28461 6022 19 55 51
28462 6023 19 56 51
28463 6024 19 57 51
28464 6025 19 58 51
28465 6026 19 59 51
28466 6027 19 60 51
28467 6028 19 61 51
28469 6029 19 62 51
28470 6030 19 63 51
28471 6031 19 64 51
28472 6032 19 65 51
28473 6033 19 66 51
28474 6034 19 67 51
28475 6035 19 68 51
28476 6036 19 69 51
28478 6037 19 70 51
28479 6038 19 71 51
28480 6039 19 72 51
28481 6040 19 73 51
28483 6041 19 74 51
28494 6042 19 75 51
28495 6043 19 76 51
28496 6044 19 77 51
28497 6045 19 78 51
28498 6046 19 79 51
28499 6047 19 80 51
28500 6048 19 81 51
28501 6049 19 82 51
28503 6050 19 83 51
28504 6051 19 84 51
28506 6052 19 85 51
28507 6053 19 86 51
28509 6054 19 87 51
28510 6055 19 88 51
28511 6056 19 89 51
28512 6057 19 90 51
28513 6058 19 91 51
28514 6059 19 92 51
28515 6060 19 93 51
28516 6061 19 94 51
28518 6062 19 95 51
28519 6063 19 96 51
28521 6064 19 97 51
28522 6065 19 98 51
28523 6066 19 99 51
28524 6067 19 100 51
28525 6068 19 101 51
28526 6069 19 102 51
28527 6070 19 103 51
28528 6071 19 104 51
28530 6072 19 105 51
28531 6073 19 106 51
28534 6074 19 107 51
28535 6075 19 108 51
28536 6076 19 109 51
28538 6077 19 110 51
28539 6078 19 111 51
28540 6079 19 112 51
28541 6080 19 113 51
28542 6081 19 114 51
28543 6082 19 115 51
28544 6083 19 116 51
28546 6084 19 0 52
28548 6085 19 1 52
28549 6086 19 2 52
28550 6087 19 3 52
28551 6088 19 4 52
28552 6089 19 5 52
28553 6090 19 6 52
28555 6091 19 7 52
28556 6092 19 8 52
28557 6093 19 9 52
28558 6094 19 10 52
28560 6095 19 11 52
28562 6096 19 12 52
28563 6097 19 13 52
28564 6098 19 14 52
28565 6099 19 15 52
28566 6100 19 16 52
28567 6101 19 17 52
28574 6102 19 18 52
28576 6103 19 19 52
28577 6104 19 20 52
28578 6105 19 21 52
28579 6106 19 22 52
28580 6107 19 23 52
28581 6108 19 24 52
28582 6109 19 25 52
28583 6110 19 26 52
28584 6111 19 27 52
28585 6112 19 28 52
28586 6113 19 29 52
28587 6114 19 30 52
28588 6115 19 31 52
28589 6116 19 32 52
28590 6117 19 33 52
28591 6118 19 34 52
28592 6119 19 35 52
28593 6120 19 36 52
28594 6121 19 37 52
28595 6122 19 38 52
28596 6123 19 39 52
28598 6124 19 40 52
28600 6125 19 41 52
28601 6126 19 42 52
28602 6127 19 43 52
28604 6128 19 44 52
28605 6129 19 45 52
28607 6130 19 46 52
28608 6131 19 47 52
28609 6132 19 48 52
28610 6133 19 49 52
28611 6134 19 50 52
28612 6135 19 51 52
28614 6136 19 52 52
28615 6137 19 53 52
28616 6138 19 54 52
28617 6139 19 55 52
28618 6140 19 56 52
28619 6141 19 57 52
28620 6142 19 58 52
28621 6143 19 59 52
28622 6144 19 60 52
28623 6145 19 61 52
28628 6146 19 62 52
28629 6147 19 63 52
28632 6148 19 64 52
28635 6149 19 65 52
28636 6150 19 66 52
28637 6151 19 67 52
28638 6152 19 68 52
28639 6153 19 69 52
28640 6154 19 70 52
28641 6155 19 71 52
28642 6156 19 72 52
28643 6157 19 73 52
28644 6158 19 74 52
28646 6159 19 75 52
28647 6160 19 76 52
28648 6161 19 77 52
28649 6162 19 78 52
28651 6163 19 79 52
28652 6164 19 80 52
28653 6165 19 81 52
28654 6166 19 82 52
28655 6167 19 83 52
28656 6168 19 84 52
28657 6169 19 85 52
28658 6170 19 86 52
28660 6171 19 87 52
28663 6172 19 88 52
28666 6173 19 89 52
28667 6174 19 90 52
28668 6175 19 91 52
28670 6176 19 92 52
28671 6177 19 93 52
28672 6178 19 94 52
28673 6179 19 95 52
28676 6180 19 96 52
28677 6181 19 97 52
28678 6182 19 98 52
28679 6183 19 99 52
28681 6184 19 100 52
28682 6185 19 101 52
28683 6186 19 102 52
28684 6187 19 103 52
28685 6188 19 104 52
28686 6189 19 105 52
28687 6190 19 106 52
28689 6191 19 107 52
28692 6192 19 108 52
28693 6193 19 109 52
28694 6194 19 110 52
28695 6195 19 111 52
28696 6196 19 112 52
28697 6197 19 113 52
28698 6198 19 114 52
28699 6199 19 115 52
28700 6200 19 116 52
28701 6201 19 0 53
28703 6202 19 1 53
28704 6203 19 2 53
28705 6204 19 3 53
28706 6205 19 4 53
28707 6206 19 5 53
28708 6207 19 6 53
28710 6208 19 7 53
28711 6209 19 8 53
28712 6210 19 9 53
28713 6211 19 10 53
28714 6212 19 11 53
28715 6213 19 12 53
28719 6214 19 13 53
28720 6215 19 14 53
28721 6216 19 15 53
28722 6217 19 16 53
28723 6218 19 17 53
28724 6219 19 18 53
28725 6220 19 19 53
28727 6221 19 20 53
28728 6222 19 21 53
28729 6223 19 22 53
28730 6224 19 23 53
28731 6225 19 24 53
28732 6226 19 25 53
28734 6227 19 26 53
28735 6228 19 27 53
28736 6229 19 28 53
28737 6230 19 29 53
28738 6231 19 30 53
28739 6232 19 31 53
28740 6233 19 32 53
28741 6234 19 33 53
28742 6235 19 34 53
28744 6236 19 35 53
28745 6237 19 36 53
28746 6238 19 37 53
28748 6239 19 38 53
28753 6240 19 39 53
28754 6241 19 40 53
28757 6242 19 41 53
28758 6243 19 42 53
28759 6244 19 43 53
28760 6245 19 44 53
28762 6246 19 45 53
28763 6247 19 46 53
28765 6248 19 47 53
28766 6249 19 48 53
28767 6250 19 49 53
28768 6251 19 50 53
28769 6252 19 51 53
28770 6253 19 52 53
28771 6254 19 53 53
28772 6255 19 54 53
28773 6256 19 55 53
28774 6257 19 56 53
28776 6258 19 57 53
28777 6259 19 58 53
28778 6260 19 59 53
28779 6261 19 60 53
28784 6262 19 61 53
28785 6263 19 62 53
28788 6264 19 63 53
28790 6265 19 64 53
28792 6266 19 65 53
28794 6267 19 66 53
28796 6268 19 67 53
28797 6269 19 68 53
28802 6270 19 69 53
28803 6271 19 70 53
28804 6272 19 71 53
28805 6273 19 72 53
28806 6274 19 73 53
28810 6275 19 74 53
28814 6276 19 75 53
28817 6277 19 76 53
28818 6278 19 77 53
28819 6279 19 78 53
28820 6280 19 79 53
28821 6281 19 80 53
28822 6282 19 81 53
28824 6283 19 82 53
28825 6284 19 83 53
28826 6285 19 84 53
28831 6286 19 85 53
28833 6287 19 86 53
28836 6288 19 87 53
28841 6289 19 88 53
28843 6290 19 89 53
28844 6291 19 90 53
28845 6292 19 91 53
28846 6293 19 92 53
28847 6294 19 93 53
28848 6295 19 94 53
28849 6296 19 95 53
28851 6297 19 96 53
28852 6298 19 97 53
28853 6299 19 98 53
28855 6300 19 99 53
28856 6301 19 100 53
28858 6302 19 101 53
28862 6303 19 102 53
28869 6304 19 103 53
28870 6305 19 104 53
28871 6306 19 105 53
28872 6307 19 106 53
28874 6308 19 107 53
28875 6309 19 108 53
28877 6310 19 109 53
28878 6311 19 110 53
28879 6312 19 111 53
28881 6313 19 112 53
28882 6314 19 113 53
28883 6315 19 114 53
28884 6316 19 115 53
28887 6317 19 116 53
28888 6318 19 0 54
28889 6319 19 1 54
28890 6320 19 2 54
28892 6321 19 3 54
28893 6322 19 4 54
28894 6323 19 5 54
28896 6324 19 6 54
28897 6325 19 7 54
28898 6326 19 8 54
28900 6327 19 9 54
28911 6328 19 10 54
28912 6329 19 11 54
28915 6330 19 12 54
28916 6331 19 13 54
28918 6332 19 14 54
28919 6333 19 15 54
28920 6334 19 16 54
28921 6335 19 17 54
28922 6336 19 18 54
28923 6337 19 19 54
28924 6338 19 20 54
28925 6339 19 21 54
28927 6340 19 22 54
28928 6341 19 23 54
28930 6342 19 24 54
28932 6343 19 25 54
28934 6344 19 26 54
28937 6345 19 27 54
28938 6346 19 28 54
28939 6347 19 29 54
28940 6348 19 30 54
28941 6349 19 31 54
28942 6350 19 32 54
28944 6351 19 33 54
28947 6352 19 34 54
28951 6353 19 35 54
28953 6354 19 36 54
28954 6355 19 37 54
28955 6356 19 38 54
28956 6357 19 39 54
28958 6358 19 40 54
28959 6359 19 41 54
28960 6360 19 42 54
28961 6361 19 43 54
28962 6362 19 44 54
28963 6363 19 45 54
28965 6364 19 46 54
28966 6365 19 47 54
28968 6366 19 48 54
28974 6367 19 49 54
28975 6368 19 50 54
28976 6369 19 51 54
28977 6370 19 52 54
28978 6371 19 53 54
28982 6372 19 54 54
28986 6373 19 55 54
28993 6374 19 56 54
28994 6375 19 57 54
28995 6376 19 58 54
28996 6377 19 59 54
28998 6378 19 60 54
28999 6379 19 61 54
29001 6380 19 62 54
29003 6381 19 63 54
29004 6382 19 64 54
29005 6383 19 65 54
29006 6384 19 66 54
29008 6385 19 67 54
29010 6386 19 68 54
29011 6387 19 69 54
29012 6388 19 70 54
29014 6389 19 71 54
29016 6390 19 72 54
29017 6391 19 73 54
29018 6392 19 74 54
29020 6393 19 75 54
29021 6394 19 76 54
29022 6395 19 77 54
29023 6396 19 78 54
29024 6397 19 79 54
29025 6398 19 80 54
29026 6399 19 81 54
29027 6400 19 82 54
29028 6401 19 83 54
29029 6402 19 84 54
29030 6403 19 85 54
29031 6404 19 86 54
29032 6405 19 87 54
29033 6406 19 88 54
29034 6407 19 89 54
29036 6408 19 90 54
29038 6409 19 91 54
29040 6410 19 92 54
29042 6411 19 93 54
29048 6412 19 94 54
29051 6413 19 95 54
29053 6414 19 96 54
29056 6415 19 97 54
29057 6416 19 98 54
29058 6417 19 99 54
29060 6418 19 100 54
29061 6419 19 101 54
29062 6420 19 102 54
29063 6421 19 103 54
29065 6422 19 104 54
29066 6423 19 105 54
29071 6424 19 106 54
29072 6425 19 107 54
29074 6426 19 108 54
29076 6427 19 109 54
29079 6428 19 110 54
29081 6429 19 111 54
29082 6430 19 112 54
29083 6431 19 113 54
29084 6432 19 114 54
29085 6433 19 115 54
29086 6434 19 116 54
29087 6435 19 0 55
29088 6436 19 1 55
29089 6437 19 2 55
29092 6438 19 3 55
29093 6439 19 4 55
29095 6440 19 5 55
29096 6441 19 6 55
29097 6442 19 7 55
29098 6443 19 8 55
29100 6444 19 9 55
29103 6445 19 10 55
29104 6446 19 11 55
29105 6447 19 12 55
29106 6448 19 13 55
29107 6449 19 14 55
29109 6450 19 15 55
29112 6451 19 16 55
29113 6452 19 17 55
29116 6453 19 18 55
29117 6454 19 19 55
29118 6455 19 20 55
29119 6456 19 21 55
29120 6457 19 22 55
29121 6458 19 23 55
29122 6459 19 24 55
29123 6460 19 25 55
29124 6461 19 26 55
29125 6462 19 27 55
29126 6463 19 28 55
29127 6464 19 29 55
29128 6465 19 30 55
29129 6466 19 31 55
29130 6467 19 32 55
29131 6468 19 33 55
29134 6469 19 34 55
29135 6470 19 35 55
29136 6471 19 36 55
29138 6472 19 37 55
29140 6473 19 38 55
29141 6474 19 39 55
29142 6475 19 40 55
29144 6476 19 41 55
29145 6477 19 42 55
29146 6478 19 43 55
29147 6479 19 44 55
29148 6480 19 45 55
29151 6481 19 46 55
29152 6482 19 47 55
29153 6483 19 48 55
29154 6484 19 49 55
29156 6485 19 50 55
29157 6486 19 51 55
29158 6487 19 52 55
29159 6488 19 53 55
29160 6489 19 54 55
29164 6490 19 55 55
29165 6491 19 56 55
29166 6492 19 57 55
29168 6493 19 58 55
29169 6494 19 59 55
29170 6495 19 60 55
29172 6496 19 61 55
29176 6497 19 62 55
29177 6498 19 63 55
29179 6499 19 64 55
29180 6500 19 65 55
29181 6501 19 66 55
29182 6502 19 67 55
29183 6503 19 68 55
29185 6504 19 69 55
29186 6505 19 70 55
29187 6506 19 71 55
29189 6507 19 72 55
29190 6508 19 73 55
29191 6509 19 74 55
29194 6510 19 75 55
29196 6511 19 76 55
29197 6512 19 77 55
29200 6513 19 78 55
29203 6514 19 79 55
29204 6515 19 80 55
29209 6516 19 81 55
29210 6517 19 82 55
29211 6518 19 83 55
29213 6519 19 84 55
29214 6520 19 85 55
29215 6521 19 86 55
29218 6522 19 87 55
29219 6523 19 88 55
29222 6524 19 89 55
29223 6525 19 90 55
29224 6526 19 91 55
29225 6527 19 92 55
29226 6528 19 93 55
29228 6529 19 94 55
29229 6530 19 95 55
29232 6531 19 96 55
29237 6532 19 97 55
29238 6533 19 98 55
29240 6534 19 99 55
29241 6535 19 100 55
29242 6536 19 101 55
29243 6537 19 102 55
29245 6538 19 103 55
29246 6539 19 104 55
29247 6540 19 105 55
29249 6541 19 106 55
29250 6542 19 107 55
29252 6543 19 108 55
29254 6544 19 109 55
29255 6545 19 110 55
29256 6546 19 111 55
29257 6547 19 112 55
29258 6548 19 113 55
29259 6549 19 114 55
29260 6550 19 115 55
29263 6551 19 116 55
29266 6552 19 0 56
29267 6553 19 1 56
29270 6554 19 2 56
29272 6555 19 3 56
29273 6556 19 4 56
29274 6557 19 5 56
29275 6558 19 6 56
29277 6559 19 7 56
29278 6560 19 8 56
29279 6561 19 9 56
29280 6562 19 10 56
29281 6563 19 11 56
29282 6564 19 12 56
29283 6565 19 13 56
29287 6566 19 14 56
29289 6567 19 15 56
29290 6568 19 16 56
29292 6569 19 17 56
29294 6570 19 18 56
29295 6571 19 19 56
29296 6572 19 20 56
29298 6573 19 21 56
29299 6574 19 22 56
29300 6575 19 23 56
29302 6576 19 24 56
29303 6577 19 25 56
29304 6578 19 26 56
29305 6579 19 27 56
29307 6580 19 28 56
29308 6581 19 29 56
29309 6582 19 30 56
29310 6583 19 31 56
29311 6584 19 32 56
29312 6585 19 33 56
29313 6586 19 34 56
29316 6587 19 35 56
29317 6588 19 36 56
29318 6589 19 37 56
29320 6590 19 38 56
29321 6591 19 39 56
29323 6592 19 40 56
29324 6593 19 41 56
29325 6594 19 42 56
29326 6595 19 43 56
29328 6596 19 44 56
29329 6597 19 45 56
29330 6598 19 46 56
29331 6599 19 47 56
29333 6600 19 48 56
29334 6601 19 49 56
29335 6602 19 50 56
29336 6603 19 51 56
29338 6604 19 52 56
29339 6605 19 53 56
29341 6606 19 54 56
29342 6607 19 55 56
29345 6608 19 56 56
29346 6609 19 57 56
29347 6610 19 58 56
29348 6611 19 59 56
29349 6612 19 60 56
29350 6613 19 61 56
29351 6614 19 62 56
29352 6615 19 63 56
29353 6616 19 64 56
29354 6617 19 65 56
29356 6618 19 66 56
29358 6619 19 67 56
29359 6620 19 68 56
29360 6621 19 69 56
29364 6622 19 70 56
29365 6623 19 71 56
29370 6624 19 72 56
29373 6625 19 73 56
29375 6626 19 74 56
29376 6627 19 75 56
29377 6628 19 76 56
29378 6629 19 77 56
29379 6630 19 78 56
29380 6631 19 79 56
29381 6632 19 80 56
29382 6633 19 81 56
29385 6634 19 82 56
29386 6635 19 83 56
29387 6636 19 84 56
29388 6637 19 85 56
29390 6638 19 86 56
29392 6639 19 87 56
29393 6640 19 88 56
29394 6641 19 89 56
29396 6642 19 90 56
29398 6643 19 91 56
29399 6644 19 92 56
29400 6645 19 93 56
29401 6646 19 94 56
29402 6647 19 95 56
29404 6648 19 96 56
29407 6649 19 97 56
29408 6650 19 98 56
29409 6651 19 99 56
29411 6652 19 100 56
29412 6653 19 101 56
29414 6654 19 102 56
29416 6655 19 103 56
29417 6656 19 104 56
29418 6657 19 105 56
29419 6658 19 106 56
29427 6659 19 107 56
29428 6660 19 108 56
29430 6661 19 109 56
29431 6662 19 110 56
29432 6663 19 111 56
29433 6664 19 112 56
29434 6665 19 113 56
29435 6666 19 114 56
29436 6667 19 115 56
29437 6668 19 116 56
29438 6669 19 0 57
29439 6670 19 1 57
29440 6671 19 2 57
29441 6672 19 3 57
29447 6673 19 4 57
29448 6674 19 5 57
29450 6675 19 6 57
29451 6676 19 7 57
29452 6677 19 8 57
29455 6678 19 9 57
29457 6679 19 10 57
29458 6680 19 11 57
29459 6681 19 12 57
29462 6682 19 13 57
29463 6683 19 14 57
29464 6684 19 15 57
29465 6685 19 16 57
29467 6686 19 17 57
29468 6687 19 18 57
29469 6688 19 19 57
29470 6689 19 20 57
29474 6690 19 21 57
29475 6691 19 22 57
29477 6692 19 23 57
29478 6693 19 24 57
29479 6694 19 25 57
29481 6695 19 26 57
29485 6696 19 27 57
29488 6697 19 28 57
29489 6698 19 29 57
29490 6699 19 30 57
29491 6700 19 31 57
29492 6701 19 32 57
29493 6702 19 33 57
29494 6703 19 34 57
29495 6704 19 35 57
29498 6705 19 36 57
29499 6706 19 37 57
29500 6707 19 38 57
29502 6708 19 39 57
29503 6709 19 40 57
29504 6710 19 41 57
29506 6711 19 42 57
29507 6712 19 43 57
29508 6713 19 44 57
29509 6714 19 45 57
29513 6715 19 46 57
29514 6716 19 47 57
29516 6717 19 48 57
29517 6718 19 49 57
29518 6719 19 50 57
29520 6720 19 51 57
29521 6721 19 52 57
29522 6722 19 53 57
29527 6723 19 54 57
29528 6724 19 55 57
29529 6725 19 56 57
29530 6726 19 57 57
29531 6727 19 58 57
29533 6728 19 59 57
29534 6729 19 60 57
29535 6730 19 61 57
29536 6731 19 62 57
29537 6732 19 63 57
29538 6733 19 64 57
29541 6734 19 65 57
29542 6735 19 66 57
29543 6736 19 67 57
29544 6737 19 68 57
29545 6738 19 69 57
29546 6739 19 70 57
29547 6740 19 71 57
29548 6741 19 72 57
29550 6742 19 73 57
29551 6743 19 74 57
29552 6744 19 75 57
29554 6745 19 76 57
29555 6746 19 77 57
29557 6747 19 78 57
29558 6748 19 79 57
29559 6749 19 80 57
29560 6750 19 81 57
29562 6751 19 82 57
29563 6752 19 83 57
29564 6753 19 84 57
29565 6754 19 85 57
29566 6755 19 86 57
29567 6756 19 87 57
29568 6757 19 88 57
29569 6758 19 89 57
29570 6759 19 90 57
29571 6760 19 91 57
29572 6761 19 92 57
29573 6762 19 93 57
29574 6763 19 94 57
29575 6764 19 95 57
29576 6765 19 96 57
29577 6766 19 97 57
29578 6767 19 98 57
29579 6768 19 99 57
29582 6769 19 100 57
29586 6770 19 101 57
29587 6771 19 102 57
29588 6772 19 103 57
29589 6773 19 104 57
29590 6774 19 105 57
29591 6775 19 106 57
29597 6776 19 107 57
29599 6777 19 108 57
29600 6778 19 109 57
29601 6779 19 110 57
29602 6780 19 111 57
29604 6781 19 112 57
29605 6782 19 113 57
29606 6783 19 114 57
29608 6784 19 115 57
29609 6785 19 116 57
29611 6786 19 0 58
29612 6787 19 1 58
29613 6788 19 2 58
29618 6789 19 3 58
29619 6790 19 4 58
29620 6791 19 5 58
29621 6792 19 6 58
29622 6793 19 7 58
29623 6794 19 8 58
29624 6795 19 9 58
29625 6796 19 10 58
29627 6797 19 11 58
29628 6798 19 12 58
29630 6799 19 13 58
29631 6800 19 14 58
29632 6801 19 15 58
29634 6802 19 16 58
29635 6803 19 17 58
29637 6804 19 18 58
29638 6805 19 19 58
29639 6806 19 20 58
29640 6807 19 21 58
29642 6808 19 22 58
29643 6809 19 23 58
29644 6810 19 24 58
29645 6811 19 25 58
29650 6812 19 26 58
29651 6813 19 27 58
29652 6814 19 28 58
29654 6815 19 29 58
29655 6816 19 30 58
29656 6817 19 31 58
29657 6818 19 32 58
29658 6819 19 33 58
29659 6820 19 34 58
29660 6821 19 35 58
29661 6822 19 36 58
29662 6823 19 37 58
29664 6824 19 38 58
29667 6825 19 39 58
29669 6826 19 40 58
29671 6827 19 41 58
29672 6828 19 42 58
29673 6829 19 43 58
29674 6830 19 44 58
29675 6831 19 45 58
29677 6832 19 46 58
29678 6833 19 47 58
29684 6834 19 48 58
29685 6835 19 49 58
29686 6836 19 50 58
29688 6837 19 51 58
29690 6838 19 52 58
29692 6839 19 53 58
29693 6840 19 54 58
29694 6841 19 55 58
29695 6842 19 56 58
29696 6843 19 57 58
29697 6844 19 58 58
29699 6845 19 59 58
29700 6846 19 60 58
29701 6847 19 61 58
29702 6848 19 62 58
29703 6849 19 63 58
29704 6850 19 64 58
29705 6851 19 65 58
29706 6852 19 66 58
29707 6853 19 67 58
29708 6854 19 68 58
29709 6855 19 69 58
29718 6856 19 70 58
29722 6857 19 71 58
29723 6858 19 72 58
29725 6859 19 73 58
29728 6860 19 74 58
29729 6861 19 75 58
29730 6862 19 76 58
29731 6863 19 77 58
29732 6864 19 78 58
29733 6865 19 79 58
29734 6866 19 80 58
29736 6867 19 81 58
29737 6868 19 82 58
29738 6869 19 83 58
29739 6870 19 84 58
29740 6871 19 85 58
29741 6872 19 86 58
29742 6873 19 87 58
29743 6874 19 88 58
29744 6875 19 89 58
29745 6876 19 90 58
29746 6877 19 91 58
29747 6878 19 92 58
29748 6879 19 93 58
29749 6880 19 94 58
29750 6881 19 95 58
29754 6882 19 96 58
29759 6883 19 97 58
29760 6884 19 98 58
29761 6885 19 99 58
29762 6886 19 100 58
29764 6887 19 101 58
29766 6888 19 102 58
29770 6889 19 103 58
29771 6890 19 104 58
29773 6891 19 105 58
29774 6892 19 106 58
29775 6893 19 107 58
29776 6894 19 108 58
29777 6895 19 109 58
29778 6896 19 110 58
29780 6897 19 111 58
29781 6898 19 112 58
29783 6899 19 113 58
29785 6900 19 114 58
29786 6901 19 115 58
29787 6902 19 116 58
29788 6903 19 0 59
29790 6904 19 1 59
29791 6905 19 2 59
29794 6906 19 3 59
29795 6907 19 4 59
29796 6908 19 5 59
29799 6909 19 6 59
29801 6910 19 7 59
29802 6911 19 8 59
29805 6912 19 9 59
29806 6913 19 10 59
29807 6914 19 11 59
29808 6915 19 12 59
29809 6916 19 13 59
29810 6917 19 14 59
29811 6918 19 15 59
29813 6919 19 16 59
29817 6920 19 17 59
29820 6921 19 18 59
29821 6922 19 19 59
29822 6923 19 20 59
29823 6924 19 21 59
29824 6925 19 22 59
29825 6926 19 23 59
29827 6927 19 24 59
29829 6928 19 25 59
29830 6929 19 26 59
29831 6930 19 27 59
29832 6931 19 28 59
29833 6932 19 29 59
29834 6933 19 30 59
29835 6934 19 31 59
29840 6935 19 32 59
29842 6936 19 33 59
29844 6937 19 34 59
29845 6938 19 35 59
29847 6939 19 36 59
29848 6940 19 37 59
29850 6941 19 38 59
29852 6942 19 39 59
29854 6943 19 40 59
29855 6944 19 41 59
29856 6945 19 42 59
29857 6946 19 43 59
29859 6947 19 44 59
29861 6948 19 45 59
29862 6949 19 46 59
29863 6950 19 47 59
29864 6951 19 48 59
29865 6952 19 49 59
29866 6953 19 50 59
29867 6954 19 51 59
29869 6955 19 52 59
29871 6956 19 53 59
29872 6957 19 54 59
29873 6958 19 55 59
29874 6959 19 56 59
29877 6960 19 57 59
29878 6961 19 58 59
29879 6962 19 59 59
29880 6963 19 60 59
29882 6964 19 61 59
29883 6965 19 62 59
29885 6966 19 63 59
29886 6967 19 64 59
29887 6968 19 65 59
29888 6969 19 66 59
29889 6970 19 67 59
29890 6971 19 68 59
29891 6972 19 69 59
29893 6973 19 70 59
29898 6974 19 71 59
29899 6975 19 72 59
29903 6976 19 73 59
29908 6977 19 74 59
29909 6978 19 75 59
29910 6979 19 76 59
29911 6980 19 77 59
29912 6981 19 78 59
29913 6982 19 79 59
29914 6983 19 80 59
29915 6984 19 81 59
29916 6985 19 82 59
29917 6986 19 83 59
29918 6987 19 84 59
29919 6988 19 85 59
29920 6989 19 86 59
29921 6990 19 87 59
29922 6991 19 88 59
29923 6992 19 89 59
29924 6993 19 90 59
29925 6994 19 91 59
29926 6995 19 92 59
29928 6996 19 93 59
29929 6997 19 94 59
29932 6998 19 95 59
29934 6999 19 96 59
29940 7000 19 97 59
29941 7001 19 98 59
29942 7002 19 99 59
29943 7003 19 100 59
29947 7004 19 101 59
29949 7005 19 102 59
29950 7006 19 103 59
29951 7007 19 104 59
29952 7008 19 105 59
29954 7009 19 106 59
29955 7010 19 107 59
29956 7011 19 108 59
29959 7012 19 109 59
29960 7013 19 110 59
29963 7014 19 111 59
29964 7015 19 112 59
29965 7016 19 113 59
29967 7017 19 114 59
29968 7018 19 115 59
29969 7019 19 116 59
29970 7020 19 0 60
29971 7021 19 1 60
29972 7022 19 2 60
29973 7023 19 3 60
29974 7024 19 4 60
29975 7025 19 5 60
29976 7026 19 6 60
29978 7027 19 7 60
29980 7028 19 8 60
29981 7029 19 9 60
29983 7030 19 10 60
29985 7031 19 11 60
29986 7032 19 12 60
29989 7033 19 13 60
29990 7034 19 14 60
29992 7035 19 15 60
29993 7036 19 16 60
29994 7037 19 17 60
29995 7038 19 18 60
29996 7039 19 19 60
29997 7040 19 20 60
29998 7041 19 21 60
29999 7042 19 22 60
30000 7043 19 23 60
30001 7044 19 24 60
30002 7045 19 25 60
30003 7046 19 26 60
30007 7047 19 27 60
30008 7048 19 28 60
30009 7049 19 29 60
30010 7050 19 30 60
30013 7051 19 31 60
30014 7052 19 32 60
30015 7053 19 33 60
30016 7054 19 34 60
30023 7055 19 35 60
30024 7056 19 36 60
30027 7057 19 37 60
30028 7058 19 38 60
30030 7059 19 39 60
30031 7060 19 40 60
30036 7061 19 41 60
30041 7062 19 42 60
30042 7063 19 43 60
30043 7064 19 44 60
30044 7065 19 45 60
30045 7066 19 46 60
30047 7067 19 47 60
30050 7068 19 48 60
30051 7069 19 49 60
30052 7070 19 50 60
30053 7071 19 51 60
30054 7072 19 52 60
30058 7073 19 53 60
30059 7074 19 54 60
30060 7075 19 55 60
30063 7076 19 56 60
30064 7077 19 57 60
30070 7078 19 58 60
30071 7079 19 59 60
30072 7080 19 60 60
30073 7081 19 61 60
30077 7082 19 62 60
30078 7083 19 63 60
30079 7084 19 64 60
30080 7085 19 65 60
30084 7086 19 66 60
30086 7087 19 67 60
30087 7088 19 68 60
30090 7089 19 69 60
30091 7090 19 70 60
30092 7091 19 71 60
30095 7092 19 72 60
30096 7093 19 73 60
30097 7094 19 74 60
30100 7095 19 75 60
30101 7096 19 76 60
30104 7097 19 77 60
30105 7098 19 78 60
30106 7099 19 79 60
30109 7100 19 80 60
30114 7101 19 81 60
30115 7102 19 82 60
30116 7103 19 83 60
30117 7104 19 84 60
30119 7105 19 85 60
30122 7106 19 86 60
30123 7107 19 87 60
30128 7108 19 88 60
30130 7109 19 89 60
30131 7110 19 90 60
30133 7111 19 91 60
30134 7112 19 92 60
30136 7113 19 93 60
30137 7114 19 94 60
30138 7115 19 95 60
30139 7116 19 96 60
30140 7117 19 97 60
30141 7118 19 98 60
30142 7119 19 99 60
30143 7120 19 100 60
30144 7121 19 101 60
30145 7122 19 102 60
30146 7123 19 103 60
30148 7124 19 104 60
30149 7125 19 105 60
30151 7126 19 106 60
30154 7127 19 107 60
30155 7128 19 108 60
30156 7129 19 109 60
30157 7130 19 110 60
30158 7131 19 111 60
30159 7132 19 112 60
30160 7133 19 113 60
30161 7134 19 114 60
30162 7135 19 115 60
30164 7136 19 116 60
30165 7137 19 0 61
30167 7138 19 1 61
30168 7139 19 2 61
30169 7140 19 3 61
30170 7141 19 4 61
30171 7142 19 5 61
30173 7143 19 6 61
30174 7144 19 7 61
30175 7145 19 8 61
30176 7146 19 9 61
30177 7147 19 10 61
30178 7148 19 11 61
30179 7149 19 12 61
30180 7150 19 13 61
30182 7151 19 14 61
30183 7152 19 15 61
30189 7153 19 16 61
30191 7154 19 17 61
30192 7155 19 18 61
30193 7156 19 19 61
30194 7157 19 20 61
30195 7158 19 21 61
30196 7159 19 22 61
30197 7160 19 23 61
30198 7161 19 24 61
30199 7162 19 25 61
30200 7163 19 26 61
30201 7164 19 27 61
30202 7165 19 28 61
30203 7166 19 29 61
30204 7167 19 30 61
30205 7168 19 31 61
30206 7169 19 32 61
30207 7170 19 33 61
30208 7171 19 34 61
30209 7172 19 35 61
30211 7173 19 36 61
30216 7174 19 37 61
30217 7175 19 38 61
30218 7176 19 39 61
30219 7177 19 40 61
30220 7178 19 41 61
30221 7179 19 42 61
30223 7180 19 43 61
30224 7181 19 44 61
30225 7182 19 45 61
30227 7183 19 46 61
30228 7184 19 47 61
30229 7185 19 48 61
30230 7186 19 49 61
30233 7187 19 50 61
30234 7188 19 51 61
30235 7189 19 52 61
30236 7190 19 53 61
30237 7191 19 54 61
30238 7192 19 55 61
30239 7193 19 56 61
30240 7194 19 57 61
30241 7195 19 58 61
30242 7196 19 59 61
30243 7197 19 60 61
30244 7198 19 61 61
30245 7199 19 62 61
30246 7200 19 63 61
30247 7201 19 64 61
30248 7202 19 65 61
30249 7203 19 66 61
30253 7204 19 67 61
30255 7205 19 68 61
30256 7206 19 69 61
30257 7207 19 70 61
30258 7208 19 71 61
30259 7209 19 72 61
30260 7210 19 73 61
30261 7211 19 74 61
30264 7212 19 75 61
30266 7213 19 76 61
30268 7214 19 77 61
30269 7215 19 78 61
30274 7216 19 79 61
30275 7217 19 80 61
30278 7218 19 81 61
30279 7219 19 82 61
30280 7220 19 83 61
30281 7221 19 84 61
30284 7222 19 85 61
30288 7223 19 86 61
30290 7224 19 87 61
30291 7225 19 88 61
30294 7226 19 89 61
30295 7227 19 90 61
30296 7228 19 91 61
30297 7229 19 92 61
30298 7230 19 93 61
30300 7231 19 94 61
30303 7232 19 95 61
30304 7233 19 96 61
30305 7234 19 97 61
30306 7235 19 98 61
30308 7236 19 99 61
30309 7237 19 100 61
30313 7238 19 101 61
30314 7239 19 102 61
30316 7240 19 103 61
30317 7241 19 104 61
30318 7242 19 105 61
30320 7243 19 106 61
30321 7244 19 107 61
30322 7245 19 108 61
30325 7246 19 109 61
30328 7247 19 110 61
30329 7248 19 111 61
30331 7249 19 112 61
30332 7250 19 113 61
30333 7251 19 114 61
30334 7252 19 115 61
30335 7253 19 116 61
30337 7254 19 0 62
30338 7255 19 1 62
30340 7256 19 2 62
30342 7257 19 3 62
30343 7258 19 4 62
30344 7259 19 5 62
30345 7260 19 6 62
30346 7261 19 7 62
30347 7262 19 8 62
30350 7263 19 9 62
30351 7264 19 10 62
30354 7265 19 11 62
30355 7266 19 12 62
30357 7267 19 13 62
30358 7268 19 14 62
30361 7269 19 15 62
30362 7270 19 16 62
30363 7271 19 17 62
30364 7272 19 18 62
30365 7273 19 19 62
30366 7274 19 20 62
30372 7275 19 21 62
30374 7276 19 22 62
30378 7277 19 23 62
30379 7278 19 24 62
30381 7279 19 25 62
30382 7280 19 26 62
30383 7281 19 27 62
30384 7282 19 28 62
30388 7283 19 29 62
30389 7284 19 30 62
30392 7285 19 31 62
30394 7286 19 32 62
30395 7287 19 33 62
30397 7288 19 34 62
30398 7289 19 35 62
30399 7290 19 36 62
30402 7291 19 37 62
30403 7292 19 38 62
30404 7293 19 39 62
30405 7294 19 40 62
30406 7295 19 41 62
30408 7296 19 42 62
30409 7297 19 43 62
30410 7298 19 44 62
30413 7299 19 45 62
30414 7300 19 46 62
30418 7301 19 47 62
30419 7302 19 48 62
30420 7303 19 49 62
30426 7304 19 50 62
30427 7305 19 51 62
30428 7306 19 52 62
30429 7307 19 53 62
30430 7308 19 54 62
30431 7309 19 55 62
30433 7310 19 56 62
30435 7311 19 57 62
30436 7312 19 58 62
30437 7313 19 59 62
30438 7314 19 60 62
30439 7315 19 61 62
30441 7316 19 62 62
30442 7317 19 63 62
30444 7318 19 64 62
30445 7319 19 65 62
30446 7320 19 66 62
30447 7321 19 67 62
30448 7322 19 68 62
30449 7323 19 69 62
30450 7324 19 70 62
30451 7325 19 71 62
30452 7326 19 72 62
30453 7327 19 73 62
30455 7328 19 74 62
30456 7329 19 75 62
30457 7330 19 76 62
30458 7331 19 77 62
30459 7332 19 78 62
30460 7333 19 79 62
30462 7334 19 80 62
30465 7335 19 81 62
30467 7336 19 82 62
30468 7337 19 83 62
30469 7338 19 84 62
30471 7339 19 85 62
30472 7340 19 86 62
30473 7341 19 87 62
30474 7342 19 88 62
30475 7343 19 89 62
30480 7344 19 90 62
30481 7345 19 91 62
30482 7346 19 92 62
30483 7347 19 93 62
30485 7348 19 94 62
30489 7349 19 95 62
30490 7350 19 96 62
30491 7351 19 97 62
30493 7352 19 98 62
30495 7353 19 99 62
30496 7354 19 100 62
30498 7355 19 101 62
30499 7356 19 102 62
30501 7357 19 103 62
30503 7358 19 104 62
30504 7359 19 105 62
30505 7360 19 106 62
30509 7361 19 107 62
30511 7362 19 108 62
30513 7363 19 109 62
30514 7364 19 110 62
30515 7365 19 111 62
30516 7366 19 112 62
30517 7367 19 113 62
30518 7368 19 114 62
30519 7369 19 115 62
30520 7370 19 116 62
30521 7371 19 0 63
30522 7372 19 1 63
30523 7373 19 2 63
30524 7374 19 3 63
30525 7375 19 4 63
30526 7376 19 5 63
30532 7377 19 6 63
30533 7378 19 7 63
30534 7379 19 8 63
30535 7380 19 9 63
30538 7381 19 10 63
30539 7382 19 11 63
30540 7383 19 12 63
30541 7384 19 13 63
30542 7385 19 14 63
30543 7386 19 15 63
30546 7387 19 16 63
30548 7388 19 17 63
30549 7389 19 18 63
30550 7390 19 19 63
30553 7391 19 20 63
30554 7392 19 21 63
30555 7393 19 22 63
30556 7394 19 23 63
30558 7395 19 24 63
30559 7396 19 25 63
30560 7397 19 26 63
30561 7398 19 27 63
30562 7399 19 28 63
30563 7400 19 29 63
30565 7401 19 30 63
30566 7402 19 31 63
30567 7403 19 32 63
30568 7404 19 33 63
30569 7405 19 34 63
30570 7406 19 35 63
30571 7407 19 36 63
30572 7408 19 37 63
30573 7409 19 38 63
30574 7410 19 39 63
30575 7411 19 40 63
30585 7412 19 41 63
30588 7413 19 42 63
30589 7414 19 43 63
30590 7415 19 44 63
30591 7416 19 45 63
30592 7417 19 46 63
30593 7418 19 47 63
30594 7419 19 48 63
30595 7420 19 49 63
30596 7421 19 50 63
30597 7422 19 51 63
30599 7423 19 52 63
30600 7424 19 53 63
30601 7425 19 54 63
30603 7426 19 55 63
30604 7427 19 56 63
30605 7428 19 57 63
30606 7429 19 58 63
30607 7430 19 59 63
30609 7431 19 60 63
30613 7432 19 61 63
30615 7433 19 62 63
30617 7434 19 63 63
30618 7435 19 64 63
30619 7436 19 65 63
30620 7437 19 66 63
30621 7438 19 67 63
30622 7439 19 68 63
30623 7440 19 69 63
30624 7441 19 70 63
30625 7442 19 71 63
30626 7443 19 72 63
30627 7444 19 73 63
30629 7445 19 74 63
30631 7446 19 75 63
30632 7447 19 76 63
30634 7448 19 77 63
30635 7449 19 78 63
30636 7450 19 79 63
30637 7451 19 80 63
30640 7452 19 81 63
30641 7453 19 82 63
30642 7454 19 83 63
30643 7455 19 84 63
30644 7456 19 85 63
30645 7457 19 86 63
30646 7458 19 87 63
30647 7459 19 88 63
30650 7460 19 89 63
30651 7461 19 90 63
30652 7462 19 91 63
30653 7463 19 92 63
30655 7464 19 93 63
30658 7465 19 94 63
30660 7466 19 95 63
30663 7467 19 96 63
30665 7468 19 97 63
30666 7469 19 98 63
30668 7470 19 99 63
30669 7471 19 100 63
30670 7472 19 101 63
30671 7473 19 102 63
30672 7474 19 103 63
30675 7475 19 104 63
30676 7476 19 105 63
30677 7477 19 106 63
30679 7478 19 107 63
30680 7479 19 108 63
30681 7480 19 109 63
30682 7481 19 110 63
30683 7482 19 111 63
30684 7483 19 112 63
30686 7484 19 113 63
30688 7485 19 114 63
30690 7486 19 115 63
30691 7487 19 116 63
30693 7488 19 0 64
30695 7489 19 1 64
30696 7490 19 2 64
30697 7491 19 3 64
30700 7492 19 4 64
30701 7493 19 5 64
30702 7494 19 6 64
30703 7495 19 7 64
30704 7496 19 8 64
30705 7497 19 9 64
30706 7498 19 10 64
30707 7499 19 11 64
30711 7500 19 12 64
30712 7501 19 13 64
30713 7502 19 14 64
30714 7503 19 15 64
30715 7504 19 16 64
30716 7505 19 17 64
30717 7506 19 18 64
30722 7507 19 19 64
30723 7508 19 20 64
30725 7509 19 21 64
30726 7510 19 22 64
30729 7511 19 23 64
30732 7512 19 24 64
30733 7513 19 25 64
30734 7514 19 26 64
30735 7515 19 27 64
30736 7516 19 28 64
30737 7517 19 29 64
30738 7518 19 30 64
30739 7519 19 31 64
30740 7520 19 32 64
30749 7521 19 33 64
30751 7522 19 34 64
30752 7523 19 35 64
30753 7524 19 36 64
30754 7525 19 37 64
30755 7526 19 38 64
30757 7527 19 39 64
30758 7528 19 40 64
30759 7529 19 41 64
30760 7530 19 42 64
30761 7531 19 43 64
30762 7532 19 44 64
30763 7533 19 45 64
30764 7534 19 46 64
30765 7535 19 47 64
30766 7536 19 48 64
30767 7537 19 49 64
30768 7538 19 50 64
30769 7539 19 51 64
30770 7540 19 52 64
30771 7541 19 53 64
30772 7542 19 54 64
30773 7543 19 55 64
30775 7544 19 56 64
30776 7545 19 57 64
30787 7546 19 58 64
30789 7547 19 59 64
30792 7548 19 60 64
30793 7549 19 61 64
30794 7550 19 62 64
30796 7551 19 63 64
30797 7552 19 64 64
30798 7553 19 65 64
30800 7554 19 66 64
30802 7555 19 67 64
30812 7556 19 68 64
30813 7557 19 69 64
30814 7558 19 70 64
30816 7559 19 71 64
30818 7560 19 72 64
30820 7561 19 73 64
30821 7562 19 74 64
30824 7563 19 75 64
30825 7564 19 76 64
30826 7565 19 77 64
30827 7566 19 78 64
30828 7567 19 79 64
30829 7568 19 80 64
30830 7569 19 81 64
30831 7570 19 82 64
30832 7571 19 83 64
30833 7572 19 84 64
30841 7573 19 85 64
30843 7574 19 86 64
30844 7575 19 87 64
30846 7576 19 88 64
30847 7577 19 89 64
30848 7578 19 90 64
30851 7579 19 91 64
30852 7580 19 92 64
30853 7581 19 93 64
30854 7582 19 94 64
30855 7583 19 95 64
30857 7584 19 96 64
30860 7585 19 97 64
30862 7586 19 98 64
30863 7587 19 99 64
30865 7588 19 100 64
30867 7589 19 101 64
30868 7590 19 102 64
30869 7591 19 103 64
30870 7592 19 104 64
30871 7593 19 105 64
30872 7594 19 106 64
30873 7595 19 107 64
30874 7596 19 108 64
30878 7597 19 109 64
30879 7598 19 110 64
30880 7599 19 111 64
30881 7600 19 112 64
30882 7601 19 113 64
30883 7602 19 114 64
30884 7603 19 115 64
30885 7604 19 116 64
30887 7605 19 0 65
30888 7606 19 1 65
30889 7607 19 2 65
30890 7608 19 3 65
30891 7609 19 4 65
30892 7610 19 5 65
30893 7611 19 6 65
30896 7612 19 7 65
30898 7613 19 8 65
30899 7614 19 9 65
30900 7615 19 10 65
30906 7616 19 11 65
30907 7617 19 12 65
30908 7618 19 13 65
30910 7619 19 14 65
30913 7620 19 15 65
30915 7621 19 16 65
30916 7622 19 17 65
30917 7623 19 18 65
30920 7624 19 19 65
30921 7625 19 20 65
30922 7626 19 21 65
30923 7627 19 22 65
30924 7628 19 23 65
30925 7629 19 24 65
30926 7630 19 25 65
30927 7631 19 26 65
30928 7632 19 27 65
30929 7633 19 28 65
30932 7634 19 29 65
30933 7635 19 30 65
30938 7636 19 31 65
30939 7637 19 32 65
30941 7638 19 33 65
30942 7639 19 34 65
30943 7640 19 35 65
30944 7641 19 36 65
30945 7642 19 37 65
30946 7643 19 38 65
30947 7644 19 39 65
30949 7645 19 40 65
30951 7646 19 41 65
30952 7647 19 42 65
30953 7648 19 43 65
30954 7649 19 44 65
30956 7650 19 45 65
30957 7651 19 46 65
30959 7652 19 47 65
30962 7653 19 48 65
30963 7654 19 49 65
30964 7655 19 50 65
30967 7656 19 51 65
30969 7657 19 52 65
30970 7658 19 53 65
30971 7659 19 54 65
30972 7660 19 55 65
30973 7661 19 56 65
30974 7662 19 57 65
30975 7663 19 58 65
30977 7664 19 59 65
30978 7665 19 60 65
30980 7666 19 61 65
30981 7667 19 62 65
30985 7668 19 63 65
30988 7669 19 64 65
30990 7670 19 65 65
30992 7671 19 66 65
30993 7672 19 67 65
30994 7673 19 68 65
30995 7674 19 69 65
30996 7675 19 70 65
30999 7676 19 71 65
31001 7677 19 72 65
31003 7678 19 73 65
31004 7679 19 74 65
31005 7680 19 75 65
31006 7681 19 76 65
31009 7682 19 77 65
31011 7683 19 78 65
31012 7684 19 79 65
31013 7685 19 80 65
31014 7686 19 81 65
31015 7687 19 82 65
31016 7688 19 83 65
31017 7689 19 84 65
31018 7690 19 85 65
31019 7691 19 86 65
31020 7692 19 87 65
31021 7693 19 88 65
31023 7694 19 89 65
31025 7695 19 90 65
31029 7696 19 91 65
31032 7697 19 92 65
31033 7698 19 93 65
31034 7699 19 94 65
31037 7700 19 95 65
31038 7701 19 96 65
31039 7702 19 97 65
31040 7703 19 98 65
31041 7704 19 99 65
31042 7705 19 100 65
31044 7706 19 101 65
31045 7707 19 102 65
31046 7708 19 103 65
31047 7709 19 104 65
31048 7710 19 105 65
31049 7711 19 106 65
31050 7712 19 107 65
31051 7713 19 108 65
31052 7714 19 109 65
31055 7715 19 110 65
31056 7716 19 111 65
31057 7717 19 112 65
31058 7718 19 113 65
31059 7719 19 114 65
31060 7720 19 115 65
31061 7721 19 116 65
31062 7722 19 0 66
31063 7723 19 1 66
31066 7724 19 2 66
31067 7725 19 3 66
31068 7726 19 4 66
31069 7727 19 5 66
31070 7728 19 6 66
31071 7729 19 7 66
31072 7730 19 8 66
31073 7731 19 9 66
31075 7732 19 10 66
31076 7733 19 11 66
31077 7734 19 12 66
31079 7735 19 13 66
31080 7736 19 14 66
31081 7737 19 15 66
31082 7738 19 16 66
31083 7739 19 17 66
31085 7740 19 18 66
31088 7741 19 19 66
31090 7742 19 20 66
31091 7743 19 21 66
31092 7744 19 22 66
31097 7745 19 23 66
31098 7746 19 24 66
31100 7747 19 25 66
31101 7748 19 26 66
31103 7749 19 27 66
31105 7750 19 28 66
31106 7751 19 29 66
31112 7752 19 30 66
31114 7753 19 31 66
31115 7754 19 32 66
31117 7755 19 33 66
31118 7756 19 34 66
31119 7757 19 35 66
31120 7758 19 36 66
31122 7759 19 37 66
31123 7760 19 38 66
31124 7761 19 39 66
31125 7762 19 40 66
31126 7763 19 41 66
31127 7764 19 42 66
31128 7765 19 43 66
31130 7766 19 44 66
31131 7767 19 45 66
31132 7768 19 46 66
31136 7769 19 47 66
31137 7770 19 48 66
31138 7771 19 49 66
31140 7772 19 50 66
31142 7773 19 51 66
31143 7774 19 52 66
31144 7775 19 53 66
31146 7776 19 54 66
31147 7777 19 55 66
31148 7778 19 56 66
31149 7779 19 57 66
31150 7780 19 58 66
31152 7781 19 59 66
31153 7782 19 60 66
31154 7783 19 61 66
31155 7784 19 62 66
31156 7785 19 63 66
31158 7786 19 64 66
31159 7787 19 65 66
31160 7788 19 66 66
31161 7789 19 67 66
31162 7790 19 68 66
31163 7791 19 69 66
31165 7792 19 70 66
31166 7793 19 71 66
31167 7794 19 72 66
31168 7795 19 73 66
31169 7796 19 74 66
31173 7797 19 75 66
31176 7798 19 76 66
31177 7799 19 77 66
31179 7800 19 78 66
31181 7801 19 79 66
31182 7802 19 80 66
31183 7803 19 81 66
31185 7804 19 82 66
31186 7805 19 83 66
31189 7806 19 84 66
31190 7807 19 85 66
31192 7808 19 86 66
31196 7809 19 87 66
31197 7810 19 88 66
31198 7811 19 89 66
31199 7812 19 90 66
31200 7813 19 91 66
31203 7814 19 92 66
31204 7815 19 93 66
31206 7816 19 94 66
31207 7817 19 95 66
31209 7818 19 96 66
31210 7819 19 97 66
31211 7820 19 98 66
31212 7821 19 99 66
31213 7822 19 100 66
31214 7823 19 101 66
31222 7824 19 102 66
31223 7825 19 103 66
31224 7826 19 104 66
31226 7827 19 105 66
31227 7828 19 106 66
31232 7829 19 107 66
31234 7830 19 108 66
31235 7831 19 109 66
31236 7832 19 110 66
31237 7833 19 111 66
31240 7834 19 112 66
31242 7835 19 113 66
31243 7836 19 114 66
31244 7837 19 115 66
31245 7838 19 116 66
31248 7839 19 0 67
31249 7840 19 1 67
31250 7841 19 2 67
31251 7842 19 3 67
31252 7843 19 4 67
31253 7844 19 5 67
31255 7845 19 6 67
31256 7846 19 7 67
31257 7847 19 8 67
31258 7848 19 9 67
31259 7849 19 10 67
31260 7850 19 11 67
31262 7851 19 12 67
31263 7852 19 13 67
31264 7853 19 14 67
31266 7854 19 15 67
31270 7855 19 16 67
31272 7856 19 17 67
31275 7857 19 18 67
31278 7858 19 19 67
31279 7859 19 20 67
31280 7860 19 21 67
31281 7861 19 22 67
31287 7862 19 23 67
31289 7863 19 24 67
31291 7864 19 25 67
31292 7865 19 26 67
31293 7866 19 27 67
31295 7867 19 28 67
31296 7868 19 29 67
31300 7869 19 30 67
31302 7870 19 31 67
31303 7871 19 32 67
31304 7872 19 33 67
31306 7873 19 34 67
31307 7874 19 35 67
31308 7875 19 36 67
31309 7876 19 37 67
31310 7877 19 38 67
31316 7878 19 39 67
31318 7879 19 40 67
31319 7880 19 41 67
31320 7881 19 42 67
31322 7882 19 43 67
31323 7883 19 44 67
31324 7884 19 45 67
31327 7885 19 46 67
31328 7886 19 47 67
31329 7887 19 48 67
31330 7888 19 49 67
31335 7889 19 50 67
31336 7890 19 51 67
31337 7891 19 52 67
31339 7892 19 53 67
31340 7893 19 54 67
31341 7894 19 55 67
31342 7895 19 56 67
31344 7896 19 57 67
31345 7897 19 58 67
31348 7898 19 59 67
31349 7899 19 60 67
31350 7900 19 61 67
31352 7901 19 62 67
31353 7902 19 63 67
31354 7903 19 64 67
31355 7904 19 65 67
31358 7905 19 66 67
31359 7906 19 67 67
31360 7907 19 68 67
31361 7908 19 69 67
31364 7909 19 70 67
31365 7910 19 71 67
31366 7911 19 72 67
31367 7912 19 73 67
31368 7913 19 74 67
31369 7914 19 75 67
31370 7915 19 76 67
31371 7916 19 77 67
31372 7917 19 78 67
31375 7918 19 79 67
31376 7919 19 80 67
31378 7920 19 81 67
31380 7921 19 82 67
31381 7922 19 83 67
31382 7923 19 84 67
31383 7924 19 85 67
31384 7925 19 86 67
31385 7926 19 87 67
31390 7927 19 88 67
31391 7928 19 89 67
31392 7929 19 90 67
31394 7930 19 91 67
31395 7931 19 92 67
31400 7932 19 93 67
31401 7933 19 94 67
31402 7934 19 95 67
31403 7935 19 96 67
31404 7936 19 97 67
31406 7937 19 98 67
31407 7938 19 99 67
31409 7939 19 100 67
31410 7940 19 101 67
31411 7941 19 102 67
31412 7942 19 103 67
31413 7943 19 104 67
31414 7944 19 105 67
31415 7945 19 106 67
31416 7946 19 107 67
31418 7947 19 108 67
31422 7948 19 109 67
31423 7949 19 110 67
31424 7950 19 111 67
31425 7951 19 112 67
31428 7952 19 113 67
31429 7953 19 114 67
31431 7954 19 115 67
31434 7955 19 116 67
31435 7956 19 0 68
31441 7957 19 1 68
31448 7958 19 2 68
31449 7959 19 3 68
31455 7960 19 4 68
31456 7961 19 5 68
31459 7962 19 6 68
31460 7963 19 7 68
31461 7964 19 8 68
31462 7965 19 9 68
31467 7966 19 10 68
31469 7967 19 11 68
31470 7968 19 12 68
31471 7969 19 13 68
31478 7970 19 14 68
31479 7971 19 15 68
31481 7972 19 16 68
31482 7973 19 17 68
31483 7974 19 18 68
31485 7975 19 19 68
31487 7976 19 20 68
31488 7977 19 21 68
31489 7978 19 22 68
31492 7979 19 23 68
31493 7980 19 24 68
31494 7981 19 25 68
31496 7982 19 26 68
31497 7983 19 27 68
31498 7984 19 28 68
31502 7985 19 29 68
31503 7986 19 30 68
31504 7987 19 31 68
31505 7988 19 32 68
31506 7989 19 33 68
31507 7990 19 34 68
31512 7991 19 35 68
31513 7992 19 36 68
31514 7993 19 37 68
31515 7994 19 38 68
31517 7995 19 39 68
31518 7996 19 40 68
31520 7997 19 41 68
31522 7998 19 42 68
31523 7999 19 43 68
31524 8000 19 44 68
31525 8001 19 45 68
31526 8002 19 46 68
31528 8003 19 47 68
31530 8004 19 48 68
31531 8005 19 49 68
31532 8006 19 50 68
31533 8007 19 51 68
31534 8008 19 52 68
31535 8009 19 53 68
31536 8010 19 54 68
31537 8011 19 55 68
31538 8012 19 56 68
31539 8013 19 57 68
31540 8014 19 58 68
31541 8015 19 59 68
31544 8016 19 60 68
31547 8017 19 61 68
31552 8018 19 62 68
31556 8019 19 63 68
31557 8020 19 64 68
31558 8021 19 65 68
31559 8022 19 66 68
31560 8023 19 67 68
31561 8024 19 68 68
31562 8025 19 69 68
31563 8026 19 70 68
31564 8027 19 71 68
31565 8028 19 72 68
31566 8029 19 73 68
31567 8030 19 74 68
31568 8031 19 75 68
31569 8032 19 76 68
31570 8033 19 77 68
31572 8034 19 78 68
31574 8035 19 79 68
31576 8036 19 80 68
31584 8037 19 81 68
31585 8038 19 82 68
31587 8039 19 83 68
31588 8040 19 84 68
31589 8041 19 85 68
31590 8042 19 86 68
31591 8043 19 87 68
31593 8044 19 88 68
31597 8045 19 89 68
31598 8046 19 90 68
31600 8047 19 91 68
31601 8048 19 92 68
31602 8049 19 93 68
31603 8050 19 94 68
31604 8051 19 95 68
31605 8052 19 96 68
31606 8053 19 97 68
31607 8054 19 98 68
31608 8055 19 99 68
31618 8056 19 100 68
31620 8057 19 101 68
31621 8058 19 102 68
31623 8059 19 103 68
31624 8060 19 104 68
31626 8061 19 105 68
31627 8062 19 106 68
31628 8063 19 107 68
31629 8064 19 108 68
31630 8065 19 109 68
31631 8066 19 110 68
31632 8067 19 111 68
31633 8068 19 112 68
31636 8069 19 113 68
31637 8070 19 114 68
31638 8071 19 115 68
31639 8072 19 116 68
31640 8073 19 0 69
31641 8074 19 1 69
31643 8075 19 2 69
31644 8076 19 3 69
31645 8077 19 4 69
31648 8078 19 5 69
31649 8079 19 6 69
31652 8080 19 7 69
31660 8081 19 8 69
31661 8082 19 9 69
31663 8083 19 10 69
31665 8084 19 11 69
31668 8085 19 12 69
31669 8086 19 13 69
31671 8087 19 14 69
31672 8088 19 15 69
31673 8089 19 16 69
31678 8090 19 17 69
31680 8091 19 18 69
31681 8092 19 19 69
31684 8093 19 20 69
31686 8094 19 21 69
31687 8095 19 22 69
31689 8096 19 23 69
31690 8097 19 24 69
31691 8098 19 25 69
31692 8099 19 26 69
31694 8100 19 27 69
31700 8101 19 28 69
31701 8102 19 29 69
31704 8103 19 30 69
31705 8104 19 31 69
31706 8105 19 32 69
31707 8106 19 33 69
31708 8107 19 34 69
31709 8108 19 35 69
31710 8109 19 36 69
31711 8110 19 37 69
31712 8111 19 38 69
31713 8112 19 39 69
31714 8113 19 40 69
31715 8114 19 41 69
31716 8115 19 42 69
31717 8116 19 43 69
31718 8117 19 44 69
31719 8118 19 45 69
31720 8119 19 46 69
31721 8120 19 47 69
31722 8121 19 48 69
31723 8122 19 49 69
31728 8123 19 50 69
31729 8124 19 51 69
31730 8125 19 52 69
31731 8126 19 53 69
31732 8127 19 54 69
31735 8128 19 55 69
31736 8129 19 56 69
31737 8130 19 57 69
31739 8131 19 58 69
31741 8132 19 59 69
31742 8133 19 60 69
31743 8134 19 61 69
31744 8135 19 62 69
31745 8136 19 63 69
31746 8137 19 64 69
31747 8138 19 65 69
31749 8139 19 66 69
31750 8140 19 67 69
31751 8141 19 68 69
31753 8142 19 69 69
31754 8143 19 70 69
31755 8144 19 71 69
31756 8145 19 72 69
31757 8146 19 73 69
31758 8147 19 74 69
31759 8148 19 75 69
31760 8149 19 76 69
31761 8150 19 77 69
31769 8151 19 78 69
31772 8152 19 79 69
31773 8153 19 80 69
31774 8154 19 81 69
31775 8155 19 82 69
31776 8156 19 83 69
31777 8157 19 84 69
31778 8158 19 85 69
31779 8159 19 86 69
31781 8160 19 87 69
31782 8161 19 88 69
31783 8162 19 89 69
31784 8163 19 90 69
31785 8164 19 91 69
31786 8165 19 92 69
31787 8166 19 93 69
31788 8167 19 94 69
31789 8168 19 95 69
31792 8169 19 96 69
31795 8170 19 97 69
31799 8171 19 98 69
31800 8172 19 99 69
31801 8173 19 100 69
31803 8174 19 101 69
31804 8175 19 102 69
31805 8176 19 103 69
31806 8177 19 104 69
31807 8178 19 105 69
31808 8179 19 106 69
31811 8180 19 107 69
31813 8181 19 108 69
31815 8182 19 109 69
31816 8183 19 110 69
31817 8184 19 111 69
31818 8185 19 112 69
31820 8186 19 113 69
31821 8187 19 114 69
31824 8188 19 115 69
31827 8189 19 116 69
31828 8190 19 0 70
31831 8191 19 1 70
31833 8192 19 2 70
31834 8193 19 3 70
31835 8194 19 4 70
31836 8195 19 5 70
31839 8196 19 6 70
31840 8197 19 7 70
31843 8198 19 8 70
31844 8199 19 9 70
31845 8200 19 10 70
31846 8201 19 11 70
31847 8202 19 12 70
31849 8203 19 13 70
31850 8204 19 14 70
31851 8205 19 15 70
31852 8206 19 16 70
31854 8207 19 17 70
31855 8208 19 18 70
31858 8209 19 19 70
31859 8210 19 20 70
31861 8211 19 21 70
31864 8212 19 22 70
31865 8213 19 23 70
31866 8214 19 24 70
31869 8215 19 25 70
31871 8216 19 26 70
31872 8217 19 27 70
31873 8218 19 28 70
31876 8219 19 29 70
31877 8220 19 30 70
31880 8221 19 31 70
31881 8222 19 32 70
31882 8223 19 33 70
31884 8224 19 34 70
31885 8225 19 35 70
31889 8226 19 36 70
31890 8227 19 37 70
31892 8228 19 38 70
31893 8229 19 39 70
31894 8230 19 40 70
31895 8231 19 41 70
31896 8232 19 42 70
31902 8233 19 43 70
31903 8234 19 44 70
31905 8235 19 45 70
31906 8236 19 46 70
31907 8237 19 47 70
31909 8238 19 48 70
31912 8239 19 49 70
31919 8240 19 50 70
31921 8241 19 51 70
31922 8242 19 52 70
31923 8243 19 53 70
31924 8244 19 54 70
31925 8245 19 55 70
31929 8246 19 56 70
31930 8247 19 57 70
31931 8248 19 58 70
31932 8249 19 59 70
31933 8250 19 60 70
31934 8251 19 61 70
31935 8252 19 62 70
31941 8253 19 63 70
31944 8254 19 64 70
31946 8255 19 65 70
31947 8256 19 66 70
31948 8257 19 67 70
31950 8258 19 68 70
31952 8259 19 69 70
31953 8260 19 70 70
31954 8261 19 71 70
31956 8262 19 72 70
31957 8263 19 73 70
31958 8264 19 74 70
31959 8265 19 75 70
31961 8266 19 76 70
31964 8267 19 77 70
31965 8268 19 78 70
31966 8269 19 79 70
31967 8270 19 80 70
31968 8271 19 81 70
31970 8272 19 82 70
31975 8273 19 83 70
31976 8274 19 84 70
31978 8275 19 85 70
31980 8276 19 86 70
31982 8277 19 87 70
31983 8278 19 88 70
31984 8279 19 89 70
31985 8280 19 90 70
31986 8281 19 91 70
31988 8282 19 92 70
31990 8283 19 93 70
31991 8284 19 94 70
31992 8285 19 95 70
31995 8286 19 96 70
31997 8287 19 97 70
31998 8288 19 98 70
32000 8289 19 99 70
32001 8290 19 100 70
32002 8291 19 101 70
32003 8292 19 102 70
32004 8293 19 103 70
32005 8294 19 104 70
32006 8295 19 105 70
32007 8296 19 106 70
32008 8297 19 107 70
32009 8298 19 108 70
32010 8299 19 109 70
32011 8300 19 110 70
32012 8301 19 111 70
32013 8302 19 112 70
32014 8303 19 113 70
32015 8304 19 114 70
32016 8305 19 115 70
32017 8306 19 116 70
32018 8307 19 0 71
32019 8308 19 1 71
32020 8309 19 2 71
32021 8310 19 3 71
32022 8311 19 4 71
32023 8312 19 5 71
32024 8313 19 6 71
32025 8314 19 7 71
32026 8315 19 8 71
32027 8316 19 9 71
32028 8317 19 10 71
32029 8318 19 11 71
32030 8319 19 12 71
32031 8320 19 13 71
32032 8321 19 14 71
32033 8322 19 15 71
32034 8323 19 16 71
32040 8324 19 17 71
32041 8325 19 18 71
32043 8326 19 19 71
32044 8327 19 20 71
32046 8328 19 21 71
32047 8329 19 22 71
32048 8330 19 23 71
32049 8331 19 24 71
32050 8332 19 25 71
32051 8333 19 26 71
32053 8334 19 27 71
32054 8335 19 28 71
32056 8336 19 29 71
32057 8337 19 30 71
32058 8338 19 31 71
32059 8339 19 32 71
32060 8340 19 33 71
32061 8341 19 34 71
32062 8342 19 35 71
32063 8343 19 36 71
32064 8344 19 37 71
32065 8345 19 38 71
32066 8346 19 39 71
32067 8347 19 40 71
32068 8348 19 41 71
32069 8349 19 42 71
32070 8350 19 43 71
32071 8351 19 44 71
32074 8352 19 45 71
32078 8353 19 46 71
32079 8354 19 47 71
32080 8355 19 48 71
32081 8356 19 49 71
32082 8357 19 50 71
32083 8358 19 51 71
32084 8359 19 52 71
32085 8360 19 53 71
32086 8361 19 54 71
32088 8362 19 55 71
32091 8363 19 56 71
32092 8364 19 57 71
32094 8365 19 58 71
32095 8366 19 59 71
32097 8367 19 60 71
32098 8368 19 61 71
32099 8369 19 62 71
32102 8370 19 63 71
32103 8371 19 64 71
32104 8372 19 65 71
32105 8373 19 66 71
32106 8374 19 67 71
32107 8375 19 68 71
32109 8376 19 69 71
32110 8377 19 70 71
32111 8378 19 71 71
32112 8379 19 72 71
32113 8380 19 73 71
32114 8381 19 74 71
32115 8382 19 75 71
32121 8383 19 76 71
32122 8384 19 77 71
32123 8385 19 78 71
32124 8386 19 79 71
32125 8387 19 80 71
32127 8388 19 81 71
32128 8389 19 82 71
32129 8390 19 83 71
32131 8391 19 84 71
32132 8392 19 85 71
32133 8393 19 86 71
32134 8394 19 87 71
32136 8395 19 88 71
32140 8396 19 89 71
32141 8397 19 90 71
32142 8398 19 91 71
32143 8399 19 92 71
32145 8400 19 93 71
32146 8401 19 94 71
32147 8402 19 95 71
32148 8403 19 96 71
32150 8404 19 97 71
32156 8405 19 98 71
32157 8406 19 99 71
32158 8407 19 100 71
32159 8408 19 101 71
32160 8409 19 102 71
32161 8410 19 103 71
32162 8411 19 104 71
32163 8412 19 105 71
32166 8413 19 106 71
32167 8414 19 107 71
32169 8415 19 108 71
32170 8416 19 109 71
32172 8417 19 110 71
32173 8418 19 111 71
32174 8419 19 112 71
32175 8420 19 113 71
32176 8421 19 114 71
32177 8422 19 115 71
32178 8423 19 116 71
32180 8424 19 0 72
32181 8425 19 1 72
32183 8426 19 2 72
32184 8427 19 3 72
32185 8428 19 4 72
32186 8429 19 5 72
32187 8430 19 6 72
32188 8431 19 7 72
32189 8432 19 8 72
32190 8433 19 9 72
32191 8434 19 10 72
32192 8435 19 11 72
32193 8436 19 12 72
32194 8437 19 13 72
32196 8438 19 14 72
32197 8439 19 15 72
32198 8440 19 16 72
32199 8441 19 17 72
32201 8442 19 18 72
32202 8443 19 19 72
32203 8444 19 20 72
32204 8445 19 21 72
32206 8446 19 22 72
32210 8447 19 23 72
32215 8448 19 24 72
32216 8449 19 25 72
32217 8450 19 26 72
32218 8451 19 27 72
32219 8452 19 28 72
32221 8453 19 29 72
32222 8454 19 30 72
32223 8455 19 31 72
32224 8456 19 32 72
32225 8457 19 33 72
32227 8458 19 34 72
32230 8459 19 35 72
32231 8460 19 36 72
32232 8461 19 37 72
32233 8462 19 38 72
32234 8463 19 39 72
32236 8464 19 40 72
32238 8465 19 41 72
32239 8466 19 42 72
32240 8467 19 43 72
32241 8468 19 44 72
32242 8469 19 45 72
32243 8470 19 46 72
32244 8471 19 47 72
32246 8472 19 48 72
32247 8473 19 49 72
32249 8474 19 50 72
32250 8475 19 51 72
32251 8476 19 52 72
32259 8477 19 53 72
32264 8478 19 54 72
32265 8479 19 55 72
32266 8480 19 56 72
32267 8481 19 57 72
32268 8482 19 58 72
32269 8483 19 59 72
32270 8484 19 60 72
32271 8485 19 61 72
32272 8486 19 62 72
32273 8487 19 63 72
32274 8488 19 64 72
32275 8489 19 65 72
32276 8490 19 66 72
32277 8491 19 67 72
32278 8492 19 68 72
32279 8493 19 69 72
32282 8494 19 70 72
32283 8495 19 71 72
32284 8496 19 72 72
32285 8497 19 73 72
32286 8498 19 74 72
32287 8499 19 75 72
32288 8500 19 76 72
32289 8501 19 77 72
32290 8502 19 78 72
32291 8503 19 79 72
32292 8504 19 80 72
32293 8505 19 81 72
32297 8506 19 82 72
32298 8507 19 83 72
32299 8508 19 84 72
32301 8509 19 85 72
32302 8510 19 86 72
32303 8511 19 87 72
32304 8512 19 88 72
32305 8513 19 89 72
32306 8514 19 90 72
32307 8515 19 91 72
32308 8516 19 92 72
32309 8517 19 93 72
32310 8518 19 94 72
32311 8519 19 95 72
32312 8520 19 96 72
32313 8521 19 97 72
32314 8522 19 98 72
32315 8523 19 99 72
32316 8524 19 100 72
32317 8525 19 101 72
32318 8526 19 102 72
32319 8527 19 103 72
32320 8528 19 104 72
32321 8529 19 105 72
32322 8530 19 106 72
32323 8531 19 107 72
32324 8532 19 108 72
32325 8533 19 109 72
32326 8534 19 110 72
32327 8535 19 111 72
32328 8536 19 112 72
32329 8537 19 113 72
32332 8538 19 114 72
32336 8539 19 115 72
32337 8540 19 116 72
32338 8541 19 0 73
32339 8542 19 1 73
32340 8543 19 2 73
32341 8544 19 3 73
32342 8545 19 4 73
32343 8546 19 5 73
32344 8547 19 6 73
32345 8548 19 7 73
32346 8549 19 8 73
32348 8550 19 9 73
32350 8551 19 10 73
32351 8552 19 11 73
32352 8553 19 12 73
32353 8554 19 13 73
32354 8555 19 14 73
32355 8556 19 15 73
32360 8557 19 16 73
32361 8558 19 17 73
32362 8559 19 18 73
32363 8560 19 19 73
32365 8561 19 20 73
32367 8562 19 21 73
32368 8563 19 22 73
32370 8564 19 23 73
32371 8565 19 24 73
32372 8566 19 25 73
32373 8567 19 26 73
32374 8568 19 27 73
32375 8569 19 28 73
32376 8570 19 29 73
32377 8571 19 30 73
32378 8572 19 31 73
32379 8573 19 32 73
32380 8574 19 33 73
32381 8575 19 34 73
32382 8576 19 35 73
32384 8577 19 36 73
32385 8578 19 37 73
32386 8579 19 38 73
32390 8580 19 39 73
32391 8581 19 40 73
32392 8582 19 41 73
32394 8583 19 42 73
32395 8584 19 43 73
32396 8585 19 44 73
32397 8586 19 45 73
32399 8587 19 46 73
32401 8588 19 47 73
32403 8589 19 48 73
32404 8590 19 49 73
32405 8591 19 50 73
32406 8592 19 51 73
32407 8593 19 52 73
32408 8594 19 53 73
32409 8595 19 54 73
32410 8596 19 55 73
32411 8597 19 56 73
32412 8598 19 57 73
32566 8599 19 58 73
32568 8600 19 59 73
32569 8601 19 60 73
32570 8602 19 61 73
32573 8603 19 62 73
32574 8604 19 63 73
32575 8605 19 64 73
32579 8606 19 65 73
32580 8607 19 66 73
32581 8608 19 67 73
32584 8609 19 68 73
32586 8610 19 69 73
32587 8611 19 70 73
32588 8612 19 71 73
32589 8613 19 72 73
32591 8614 19 73 73
32592 8615 19 74 73
32593 8616 19 75 73
32596 8617 19 76 73
32597 8618 19 77 73
32600 8619 19 78 73
32603 8620 19 79 73
32604 8621 19 80 73
32605 8622 19 81 73
32606 8623 19 82 73
32607 8624 19 83 73
32608 8625 19 84 73
32609 8626 19 85 73
32611 8627 19 86 73
32613 8628 19 87 73
32614 8629 19 88 73
32615 8630 19 89 73
32616 8631 19 90 73
32617 8632 19 91 73
32618 8633 19 92 73
32619 8634 19 93 73
32620 8635 19 94 73
32621 8636 19 95 73
32622 8637 19 96 73
32624 8638 19 97 73
32626 8639 19 98 73
32627 8640 19 99 73
32629 8641 19 100 73
32630 8642 19 101 73
32631 8643 19 102 73
32633 8644 19 103 73
32634 8645 19 104 73
32635 8646 19 105 73
32636 8647 19 106 73
32637 8648 19 107 73
32638 8649 19 108 73
32639 8650 19 109 73
32643 8651 19 110 73
32645 8652 19 111 73
32646 8653 19 112 73
32647 8654 19 113 73
32648 8655 19 114 73
32649 8656 19 115 73
32650 8657 19 116 73
32651 8658 19 0 74
32652 8659 19 1 74
32653 8660 19 2 74
32654 8661 19 3 74
32657 8662 19 4 74
32658 8663 19 5 74
32660 8664 19 6 74
32661 8665 19 7 74
32662 8666 19 8 74
32666 8667 19 9 74
32667 8668 19 10 74
32668 8669 19 11 74
32669 8670 19 12 74
32670 8671 19 13 74
32672 8672 19 14 74
32673 8673 19 15 74
32674 8674 19 16 74
32676 8675 19 17 74
32677 8676 19 18 74
32678 8677 19 19 74
32679 8678 19 20 74
32680 8679 19 21 74
32681 8680 19 22 74
32684 8681 19 23 74
32685 8682 19 24 74
32687 8683 19 25 74
32688 8684 19 26 74
32689 8685 19 27 74
32690 8686 19 28 74
32691 8687 19 29 74
32693 8688 19 30 74
32694 8689 19 31 74
32695 8690 19 32 74
32696 8691 19 33 74
32697 8692 19 34 74
32698 8693 19 35 74
32699 8694 19 36 74
32700 8695 19 37 74
32701 8696 19 38 74
32702 8697 19 39 74
32703 8698 19 40 74
32704 8699 19 41 74
32705 8700 19 42 74
32706 8701 19 43 74
32707 8702 19 44 74
32709 8703 19 45 74
32711 8704 19 46 74
32713 8705 19 47 74
32714 8706 19 48 74
32715 8707 19 49 74
32716 8708 19 50 74
32717 8709 19 51 74
32718 8710 19 52 74
32719 8711 19 53 74
32720 8712 19 54 74
32721 8713 19 55 74
32722 8714 19 56 74
32724 8715 19 57 74
32725 8716 19 58 74
32727 8717 19 59 74
32731 8718 19 60 74
32732 8719 19 61 74
32734 8720 19 62 74
32735 8721 19 63 74
32736 8722 19 64 74
32737 8723 19 65 74
32738 8724 19 66 74
32739 8725 19 67 74
32741 8726 19 68 74
32742 8727 19 69 74
32744 8728 19 70 74
32745 8729 19 71 74
32746 8730 19 72 74
32747 8731 19 73 74
32748 8732 19 74 74
32749 8733 19 75 74
32750 8734 19 76 74
32751 8735 19 77 74
32752 8736 19 78 74
32753 8737 19 79 74
32754 8738 19 80 74
32755 8739 19 81 74
32756 8740 19 82 74
32757 8741 19 83 74
32759 8742 19 84 74
32760 8743 19 85 74
32761 8744 19 86 74
32763 8745 19 87 74
32764 8746 19 88 74
32765 8747 19 89 74
32766 8748 19 90 74
32767 8749 19 91 74
32768 8750 19 92 74
32769 8751 19 93 74
32771 8752 19 94 74
32772 8753 19 95 74
32773 8754 19 96 74
32774 8755 19 97 74
32775 8756 19 98 74
32779 8757 19 99 74
32780 8758 19 100 74
32781 8759 19 101 74
32782 8760 19 102 74
32783 8761 19 103 74
32784 8762 19 104 74
32785 8763 19 105 74
32786 8764 19 106 74
32788 8765 19 107 74
32789 8766 19 108 74
32790 8767 19 109 74
32791 8768 19 110 74
32792 8769 19 111 74
32793 8770 19 112 74
32795 8771 19 113 74
32796 8772 19 114 74
32798 8773 19 115 74
32799 8774 19 116 74
32801 8775 19 0 75
32804 8776 19 1 75
32806 8777 19 2 75
32808 8778 19 3 75
32809 8779 19 4 75
32810 8780 19 5 75
32812 8781 19 6 75
32816 8782 19 7 75
32819 8783 19 8 75
32820 8784 19 9 75
32821 8785 19 10 75
32822 8786 19 11 75
32823 8787 19 12 75
32825 8788 19 13 75
32829 8789 19 14 75
32830 8790 19 15 75
32831 8791 19 16 75
32835 8792 19 17 75
32838 8793 19 18 75
32839 8794 19 19 75
32840 8795 19 20 75
32842 8796 19 21 75
32847 8797 19 22 75
32848 8798 19 23 75
32849 8799 19 24 75
32850 8800 19 25 75
32854 8801 19 26 75
32856 8802 19 27 75
32858 8803 19 28 75
32860 8804 19 29 75
32861 8805 19 30 75
32862 8806 19 31 75
32868 8807 19 32 75
32871 8808 19 33 75
32876 8809 19 34 75
32879 8810 19 35 75
32880 8811 19 36 75
32881 8812 19 37 75
32882 8813 19 38 75
32883 8814 19 39 75
32885 8815 19 40 75
32886 8816 19 41 75
32887 8817 19 42 75
32888 8818 19 43 75
32889 8819 19 44 75
32893 8820 19 45 75
32894 8821 19 46 75
32895 8822 19 47 75
32898 8823 19 48 75
32900 8824 19 49 75
32901 8825 19 50 75
32902 8826 19 51 75
32903 8827 19 52 75
32905 8828 19 53 75
32906 8829 19 54 75
32907 8830 19 55 75
32908 8831 19 56 75
32911 8832 19 57 75
32912 8833 19 58 75
32914 8834 19 59 75
32915 8835 19 60 75
32917 8836 19 61 75
32918 8837 19 62 75
32920 8838 19 63 75
32921 8839 19 64 75
32922 8840 19 65 75
32923 8841 19 66 75
32924 8842 19 67 75
32925 8843 19 68 75
32929 8844 19 69 75
32930 8845 19 70 75
32931 8846 19 71 75
32933 8847 19 72 75
32937 8848 19 73 75
32938 8849 19 74 75
32939 8850 19 75 75
32941 8851 19 76 75
32942 8852 19 77 75
32943 8853 19 78 75
32945 8854 19 79 75
32946 8855 19 80 75
32948 8856 19 81 75
32949 8857 19 82 75
32952 8858 19 83 75
32954 8859 19 84 75
32962 8860 19 85 75
32963 8861 19 86 75
32964 8862 19 87 75
32965 8863 19 88 75
32967 8864 19 89 75
32968 8865 19 90 75
32969 8866 19 91 75
32970 8867 19 92 75
32972 8868 19 93 75
32973 8869 19 94 75
32974 8870 19 95 75
32975 8871 19 96 75
32976 8872 19 97 75
32977 8873 19 98 75
32980 8874 19 99 75
32981 8875 19 100 75
32982 8876 19 101 75
32983 8877 19 102 75
32984 8878 19 103 75
32985 8879 19 104 75
32986 8880 19 105 75
32987 8881 19 106 75
32988 8882 19 107 75
32989 8883 19 108 75
32990 8884 19 109 75
32992 8885 19 110 75
32993 8886 19 111 75
32995 8887 19 112 75
32996 8888 19 113 75
32997 8889 19 114 75
32998 8890 19 115 75
33005 8891 19 116 75
33007 8892 19 0 76
33008 8893 19 1 76
33009 8894 19 2 76
33010 8895 19 3 76
33011 8896 19 4 76
33012 8897 19 5 76
33013 8898 19 6 76
33016 8899 19 7 76
33017 8900 19 8 76
33018 8901 19 9 76
33019 8902 19 10 76
33020 8903 19 11 76
33021 8904 19 12 76
33022 8905 19 13 76
33024 8906 19 14 76
33025 8907 19 15 76
33026 8908 19 16 76
33029 8909 19 17 76
33030 8910 19 18 76
33032 8911 19 19 76
33034 8912 19 20 76
33045 8913 19 21 76
33046 8914 19 22 76
33048 8915 19 23 76
33049 8916 19 24 76
33051 8917 19 25 76
33053 8918 19 26 76
33054 8919 19 27 76
33055 8920 19 28 76
33057 8921 19 29 76
33058 8922 19 30 76
33059 8923 19 31 76
33060 8924 19 32 76
33061 8925 19 33 76
33063 8926 19 34 76
33065 8927 19 35 76
33067 8928 19 36 76
33068 8929 19 37 76
33069 8930 19 38 76
33071 8931 19 39 76
33072 8932 19 40 76
33081 8933 19 41 76
33082 8934 19 42 76
33085 8935 19 43 76
33086 8936 19 44 76
33091 8937 19 45 76
33092 8938 19 46 76
33094 8939 19 47 76
33095 8940 19 48 76
33098 8941 19 49 76
33099 8942 19 50 76
33100 8943 19 51 76
33101 8944 19 52 76
33102 8945 19 53 76
33103 8946 19 54 76
33104 8947 19 55 76
33105 8948 19 56 76
33106 8949 19 57 76
33107 8950 19 58 76
33108 8951 19 59 76
33109 8952 19 60 76
33115 8953 19 61 76
33116 8954 19 62 76
33118 8955 19 63 76
33120 8956 19 64 76
33121 8957 19 65 76
33122 8958 19 66 76
33124 8959 19 67 76
33125 8960 19 68 76
33126 8961 19 69 76
33127 8962 19 70 76
33129 8963 19 71 76
33131 8964 19 72 76
33134 8965 19 73 76
33135 8966 19 74 76
33136 8967 19 75 76
33137 8968 19 76 76
33138 8969 19 77 76
33139 8970 19 78 76
33140 8971 19 79 76
33142 8972 19 80 76
33143 8973 19 81 76
33144 8974 19 82 76
33145 8975 19 83 76
33146 8976 19 84 76
33151 8977 19 85 76
33152 8978 19 86 76
33154 8979 19 87 76
33155 8980 19 88 76
33158 8981 19 89 76
33159 8982 19 90 76
33160 8983 19 91 76
33161 8984 19 92 76
33162 8985 19 93 76
33163 8986 19 94 76
33164 8987 19 95 76
33165 8988 19 96 76
33167 8989 19 97 76
33173 8990 19 98 76
33175 8991 19 99 76
33176 8992 19 100 76
33177 8993 19 101 76
33178 8994 19 102 76
33179 8995 19 103 76
33180 8996 19 104 76
33181 8997 19 105 76
33182 8998 19 106 76
33183 8999 19 107 76
33184 9000 19 108 76
33186 9001 19 109 76
33187 9002 19 110 76
33190 9003 19 111 76
33191 9004 19 112 76
33192 9005 19 113 76
33193 9006 19 114 76
33195 9007 19 115 76
33196 9008 19 116 76
33198 9009 19 0 77
33200 9010 19 1 77
33201 9011 19 2 77
33202 9012 19 3 77
33203 9013 19 4 77
33204 9014 19 5 77
33205 9015 19 6 77
33207 9016 19 7 77
33209 9017 19 8 77
33210 9018 19 9 77
33211 9019 19 10 77
33212 9020 19 11 77
33213 9021 19 12 77
33214 9022 19 13 77
33215 9023 19 14 77
33216 9024 19 15 77
33218 9025 19 16 77
33219 9026 19 17 77
33220 9027 19 18 77
33221 9028 19 19 77
33222 9029 19 20 77
33223 9030 19 21 77
33225 9031 19 22 77
33226 9032 19 23 77
33228 9033 19 24 77
33229 9034 19 25 77
33231 9035 19 26 77
33232 9036 19 27 77
33233 9037 19 28 77
33234 9038 19 29 77
33237 9039 19 30 77
33239 9040 19 31 77
33240 9041 19 32 77
33241 9042 19 33 77
33242 9043 19 34 77
33243 9044 19 35 77
33245 9045 19 36 77
33246 9046 19 37 77
33247 9047 19 38 77
33248 9048 19 39 77
33249 9049 19 40 77
33250 9050 19 41 77
33251 9051 19 42 77
33253 9052 19 43 77
33254 9053 19 44 77
33255 9054 19 45 77
33256 9055 19 46 77
33257 9056 19 47 77
33258 9057 19 48 77
33260 9058 19 49 77
33261 9059 19 50 77
33262 9060 19 51 77
33266 9061 19 52 77
33267 9062 19 53 77
33268 9063 19 54 77
33271 9064 19 55 77
33272 9065 19 56 77
33273 9066 19 57 77
33274 9067 19 58 77
33275 9068 19 59 77
33276 9069 19 60 77
33278 9070 19 61 77
33279 9071 19 62 77
33280 9072 19 63 77
33281 9073 19 64 77
33282 9074 19 65 77
33284 9075 19 66 77
33285 9076 19 67 77
33287 9077 19 68 77
33288 9078 19 69 77
33289 9079 19 70 77
33290 9080 19 71 77
33291 9081 19 72 77
33292 9082 19 73 77
33293 9083 19 74 77
33296 9084 19 75 77
33297 9085 19 76 77
33298 9086 19 77 77
33300 9087 19 78 77
33301 9088 19 79 77
33302 9089 19 80 77
33307 9090 19 81 77
33308 9091 19 82 77
33309 9092 19 83 77
33310 9093 19 84 77
33311 9094 19 85 77
33312 9095 19 86 77
33313 9096 19 87 77
33314 9097 19 88 77
33317 9098 19 89 77
33320 9099 19 90 77
33322 9100 19 91 77
33323 9101 19 92 77
33324 9102 19 93 77
33327 9103 19 94 77
33330 9104 19 95 77
33331 9105 19 96 77
33332 9106 19 97 77
33333 9107 19 98 77
33334 9108 19 99 77
33335 9109 19 100 77
33336 9110 19 101 77
33337 9111 19 102 77
33338 9112 19 103 77
33340 9113 19 104 77
33341 9114 19 105 77
33343 9115 19 106 77
33344 9116 19 107 77
33346 9117 19 108 77
33348 9118 19 109 77
33349 9119 19 110 77
33351 9120 19 111 77
33353 9121 19 112 77
33355 9122 19 113 77
33358 9123 19 114 77
33359 9124 19 115 77
33360 9125 19 116 77
33361 9126 19 0 78
33362 9127 19 1 78
33363 9128 19 2 78
33365 9129 19 3 78
33366 9130 19 4 78
33367 9131 19 5 78
33368 9132 19 6 78
33369 9133 19 7 78
33370 9134 19 8 78
33371 9135 19 9 78
33372 9136 19 10 78
33374 9137 19 11 78
33375 9138 19 12 78
33377 9139 19 13 78
33379 9140 19 14 78
33380 9141 19 15 78
33382 9142 19 16 78
33384 9143 19 17 78
33385 9144 19 18 78
33387 9145 19 19 78
33388 9146 19 20 78
33389 9147 19 21 78
33390 9148 19 22 78
33391 9149 19 23 78
33393 9150 19 24 78
33394 9151 19 25 78
33396 9152 19 26 78
33397 9153 19 27 78
33399 9154 19 28 78
33400 9155 19 29 78
33404 9156 19 30 78
33405 9157 19 31 78
33406 9158 19 32 78
33407 9159 19 33 78
33408 9160 19 34 78
33411 9161 19 35 78
33412 9162 19 36 78
33413 9163 19 37 78
33418 9164 19 38 78
33419 9165 19 39 78
33421 9166 19 40 78
33422 9167 19 41 78
33423 9168 19 42 78
33424 9169 19 43 78
33425 9170 19 44 78
33426 9171 19 45 78
33427 9172 19 46 78
33428 9173 19 47 78
33432 9174 19 48 78
33433 9175 19 49 78
33434 9176 19 50 78
33435 9177 19 51 78
33437 9178 19 52 78
33438 9179 19 53 78
33439 9180 19 54 78
33440 9181 19 55 78
33441 9182 19 56 78
33442 9183 19 57 78
33443 9184 19 58 78
33444 9185 19 59 78
33445 9186 19 60 78
33447 9187 19 61 78
33448 9188 19 62 78
33449 9189 19 63 78
33451 9190 19 64 78
33452 9191 19 65 78
33453 9192 19 66 78
33454 9193 19 67 78
33455 9194 19 68 78
33456 9195 19 69 78
33457 9196 19 70 78
33459 9197 19 71 78
33460 9198 19 72 78
33461 9199 19 73 78
33462 9200 19 74 78
33463 9201 19 75 78
33464 9202 19 76 78
33465 9203 19 77 78
33466 9204 19 78 78
33467 9205 19 79 78
33468 9206 19 80 78
33469 9207 19 81 78
33470 9208 19 82 78
33472 9209 19 83 78
33474 9210 19 84 78
33475 9211 19 85 78
33489 9212 19 86 78
33490 9213 19 87 78
33491 9214 19 88 78
33492 9215 19 89 78
33493 9216 19 90 78
33494 9217 19 91 78
33495 9218 19 92 78
33497 9219 19 93 78
33499 9220 19 94 78
33500 9221 19 95 78
33502 9222 19 96 78
33503 9223 19 97 78
33504 9224 19 98 78
33505 9225 19 99 78
33507 9226 19 100 78
33508 9227 19 101 78
33509 9228 19 102 78
33510 9229 19 103 78
33511 9230 19 104 78
33512 9231 19 105 78
33514 9232 19 106 78
33515 9233 19 107 78
33516 9234 19 108 78
33517 9235 19 109 78
33519 9236 19 110 78
33520 9237 19 111 78
33521 9238 19 112 78
33522 9239 19 113 78
33523 9240 19 114 78
33524 9241 19 115 78
33525 9242 19 116 78
33526 9243 19 0 79
33529 9244 19 1 79
33530 9245 19 2 79
33531 9246 19 3 79
33534 9247 19 4 79
33536 9248 19 5 79
33537 9249 19 6 79
33538 9250 19 7 79
33539 9251 19 8 79
33540 9252 19 9 79
33541 9253 19 10 79
33542 9254 19 11 79
33543 9255 19 12 79
33544 9256 19 13 79
33545 9257 19 14 79
33548 9258 19 15 79
33549 9259 19 16 79
33558 9260 19 17 79
33559 9261 19 18 79
33561 9262 19 19 79
33563 9263 19 20 79
33564 9264 19 21 79
33566 9265 19 22 79
33568 9266 19 23 79
33570 9267 19 24 79
33572 9268 19 25 79
33573 9269 19 26 79
33574 9270 19 27 79
33575 9271 19 28 79
33576 9272 19 29 79
33577 9273 19 30 79
33578 9274 19 31 79
33579 9275 19 32 79
33580 9276 19 33 79
33581 9277 19 34 79
33583 9278 19 35 79
33585 9279 19 36 79
33586 9280 19 37 79
33587 9281 19 38 79
33588 9282 19 39 79
33589 9283 19 40 79
33590 9284 19 41 79
33591 9285 19 42 79
33592 9286 19 43 79
33593 9287 19 44 79
33594 9288 19 45 79
33595 9289 19 46 79
33596 9290 19 47 79
33599 9291 19 48 79
33600 9292 19 49 79
33601 9293 19 50 79
33602 9294 19 51 79
33603 9295 19 52 79
33604 9296 19 53 79
33605 9297 19 54 79
33607 9298 19 55 79
33608 9299 19 56 79
33609 9300 19 57 79
33610 9301 19 58 79
33611 9302 19 59 79
33612 9303 19 60 79
33613 9304 19 61 79
33614 9305 19 62 79
33615 9306 19 63 79
33616 9307 19 64 79
33617 9308 19 65 79
33618 9309 19 66 79
33619 9310 19 67 79
33620 9311 19 68 79
33622 9312 19 69 79
33651 9313 19 70 79
33652 9314 19 71 79
33653 9315 19 72 79
33654 9316 19 73 79
33655 9317 19 74 79
33656 9318 19 75 79
33658 9319 19 76 79
33659 9320 19 77 79
33660 9321 19 78 79
33661 9322 19 79 79
33662 9323 19 80 79
33663 9324 19 81 79
33665 9325 19 82 79
33667 9326 19 83 79
33670 9327 19 84 79
33671 9328 19 85 79
33672 9329 19 86 79
33673 9330 19 87 79
33674 9331 19 88 79
33675 9332 19 89 79
33676 9333 19 90 79
33677 9334 19 91 79
33678 9335 19 92 79
33679 9336 19 93 79
33680 9337 19 94 79
33682 9338 19 95 79
33683 9339 19 96 79
33684 9340 19 97 79
33685 9341 19 98 79
33686 9342 19 99 79
33687 9343 19 100 79
33688 9344 19 101 79
33689 9345 19 102 79
33690 9346 19 103 79
33691 9347 19 104 79
33693 9348 19 105 79
33694 9349 19 106 79
33696 9350 19 107 79
33698 9351 19 108 79
33699 9352 19 109 79
33700 9353 19 110 79
33701 9354 19 111 79
33702 9355 19 112 79
33703 9356 19 113 79
33704 9357 19 114 79
33705 9358 19 115 79
33706 9359 19 116 79
33707 9360 19 0 80
33710 9361 19 1 80
33711 9362 19 2 80
33712 9363 19 3 80
33725 9364 19 4 80
33727 9365 19 5 80
33728 9366 19 6 80
33729 9367 19 7 80
33730 9368 19 8 80
33731 9369 19 9 80
33732 9370 19 10 80
33733 9371 19 11 80
33734 9372 19 12 80
33735 9373 19 13 80
33736 9374 19 14 80
33737 9375 19 15 80
33738 9376 19 16 80
33739 9377 19 17 80
33740 9378 19 18 80
33742 9379 19 19 80
33743 9380 19 20 80
33745 9381 19 21 80
33748 9382 19 22 80
33749 9383 19 23 80
33750 9384 19 24 80
33751 9385 19 25 80
33752 9386 19 26 80
33753 9387 19 27 80
33755 9388 19 28 80
33756 9389 19 29 80
33757 9390 19 30 80
33758 9391 19 31 80
33759 9392 19 32 80
33760 9393 19 33 80
33761 9394 19 34 80
33762 9395 19 35 80
33763 9396 19 36 80
33764 9397 19 37 80
33765 9398 19 38 80
33767 9399 19 39 80
33768 9400 19 40 80
33769 9401 19 41 80
33770 9402 19 42 80
33771 9403 19 43 80
33772 9404 19 44 80
33774 9405 19 45 80
33775 9406 19 46 80
33776 9407 19 47 80
33777 9408 19 48 80
33778 9409 19 49 80
33779 9410 19 50 80
33780 9411 19 51 80
33781 9412 19 52 80
33782 9413 19 53 80
33784 9414 19 54 80
33785 9415 19 55 80
33786 9416 19 56 80
33787 9417 19 57 80
33788 9418 19 58 80
33789 9419 19 59 80
33790 9420 19 60 80
33791 9421 19 61 80
33793 9422 19 62 80
33795 9423 19 63 80
33796 9424 19 64 80
33798 9425 19 65 80
33799 9426 19 66 80
33801 9427 19 67 80
33802 9428 19 68 80
33803 9429 19 69 80
33804 9430 19 70 80
33805 9431 19 71 80
33806 9432 19 72 80
33807 9433 19 73 80
33808 9434 19 74 80
33809 9435 19 75 80
33810 9436 19 76 80
33811 9437 19 77 80
33819 9438 19 78 80
33827 9439 19 79 80
33833 9440 19 80 80
33835 9441 19 81 80
33836 9442 19 82 80
33837 9443 19 83 80
33839 9444 19 84 80
33840 9445 19 85 80
33841 9446 19 86 80
33842 9447 19 87 80
33843 9448 19 88 80
33844 9449 19 89 80
33845 9450 19 90 80
33846 9451 19 91 80
33847 9452 19 92 80
33848 9453 19 93 80
33849 9454 19 94 80
33850 9455 19 95 80
33851 9456 19 96 80
33852 9457 19 97 80
33853 9458 19 98 80
33855 9459 19 99 80
33856 9460 19 100 80
33858 9461 19 101 80
33859 9462 19 102 80
33860 9463 19 103 80
33861 9464 19 104 80
33862 9465 19 105 80
33863 9466 19 106 80
33865 9467 19 107 80
33867 9468 19 108 80
33868 9469 19 109 80
33869 9470 19 110 80
33870 9471 19 111 80
33872 9472 19 112 80
33873 9473 19 113 80
33874 9474 19 114 80
33876 9475 19 115 80
33878 9476 19 116 80
33879 9477 19 0 81
33881 9478 19 1 81
33882 9479 19 2 81
33883 9480 19 3 81
33885 9481 19 4 81
33886 9482 19 5 81
33887 9483 19 6 81
33888 9484 19 7 81
33889 9485 19 8 81
33891 9486 19 9 81
33893 9487 19 10 81
33894 9488 19 11 81
33895 9489 19 12 81
33896 9490 19 13 81
33897 9491 19 14 81
33899 9492 19 15 81
33900 9493 19 16 81
33901 9494 19 17 81
33902 9495 19 18 81
33903 9496 19 19 81
33904 9497 19 20 81
33907 9498 19 21 81
33908 9499 19 22 81
33909 9500 19 23 81
33910 9501 19 24 81
33911 9502 19 25 81
33912 9503 19 26 81
33913 9504 19 27 81
33914 9505 19 28 81
33917 9506 19 29 81
33918 9507 19 30 81
33922 9508 19 31 81
33926 9509 19 32 81
33933 9510 19 33 81
33934 9511 19 34 81
33935 9512 19 35 81
33936 9513 19 36 81
33937 9514 19 37 81
33940 9515 19 38 81
33943 9516 19 39 81
33944 9517 19 40 81
33945 9518 19 41 81
33946 9519 19 42 81
33947 9520 19 43 81
33948 9521 19 44 81
33949 9522 19 45 81
33950 9523 19 46 81
33951 9524 19 47 81
33952 9525 19 48 81
33953 9526 19 49 81
33954 9527 19 50 81
33956 9528 19 51 81
33959 9529 19 52 81
33960 9530 19 53 81
33961 9531 19 54 81
33962 9532 19 55 81
33963 9533 19 56 81
33964 9534 19 57 81
33966 9535 19 58 81
33967 9536 19 59 81
33968 9537 19 60 81
33969 9538 19 61 81
33970 9539 19 62 81
33972 9540 19 63 81
33974 9541 19 64 81
33976 9542 19 65 81
33977 9543 19 66 81
33978 9544 19 67 81
33979 9545 19 68 81
33980 9546 19 69 81
33983 9547 19 70 81
33984 9548 19 71 81
33985 9549 19 72 81
33986 9550 19 73 81
33988 9551 19 74 81
33989 9552 19 75 81
33990 9553 19 76 81
33991 9554 19 77 81
33993 9555 19 78 81
33994 9556 19 79 81
33995 9557 19 80 81
33996 9558 19 81 81
33997 9559 19 82 81
33998 9560 19 83 81
33999 9561 19 84 81
34000 9562 19 85 81
34001 9563 19 86 81
34002 9564 19 87 81
34003 9565 19 88 81
34004 9566 19 89 81
34006 9567 19 90 81
34007 9568 19 91 81
34011 9569 19 92 81
34023 9570 19 93 81
34024 9571 19 94 81
34025 9572 19 95 81
34026 9573 19 96 81
34027 9574 19 97 81
34028 9575 19 98 81
34030 9576 19 99 81
34031 9577 19 100 81
34032 9578 19 101 81
34033 9579 19 102 81
34034 9580 19 103 81
34035 9581 19 104 81
34036 9582 19 105 81
34038 9583 19 106 81
34039 9584 19 107 81
34041 9585 19 108 81
34042 9586 19 109 81
34043 9587 19 110 81
34044 9588 19 111 81
34045 9589 19 112 81
34046 9590 19 113 81
34047 9591 19 114 81
34048 9592 19 115 81
34050 9593 19 116 81
34054 9594 19 0 82
34055 9595 19 1 82
34056 9596 19 2 82
34057 9597 19 3 82
34058 9598 19 4 82
34059 9599 19 5 82
34060 9600 19 6 82
34061 9601 19 7 82
34062 9602 19 8 82
34063 9603 19 9 82
34065 9604 19 10 82
34066 9605 19 11 82
34067 9606 19 12 82
34068 9607 19 13 82
34069 9608 19 14 82
34070 9609 19 15 82
34071 9610 19 16 82
34072 9611 19 17 82
34073 9612 19 18 82
34074 9613 19 19 82
34076 9614 19 20 82
34077 9615 19 21 82
34078 9616 19 22 82
34079 9617 19 23 82
34080 9618 19 24 82
34081 9619 19 25 82
34083 9620 19 26 82
34084 9621 19 27 82
34085 9622 19 28 82
34086 9623 19 29 82
34087 9624 19 30 82
34088 9625 19 31 82
34089 9626 19 32 82
34090 9627 19 33 82
34091 9628 19 34 82
34092 9629 19 35 82
34093 9630 19 36 82
34094 9631 19 37 82
34095 9632 19 38 82
34096 9633 19 39 82
34097 9634 19 40 82
34107 9635 19 41 82
34109 9636 19 42 82
34110 9637 19 43 82
34112 9638 19 44 82
34113 9639 19 45 82
34115 9640 19 46 82
34116 9641 19 47 82
34117 9642 19 48 82
34118 9643 19 49 82
34119 9644 19 50 82
34120 9645 19 51 82
34121 9646 19 52 82
34122 9647 19 53 82
34125 9648 19 54 82
34126 9649 19 55 82
34129 9650 19 56 82
34131 9651 19 57 82
34132 9652 19 58 82
34133 9653 19 59 82
34134 9654 19 60 82
34135 9655 19 61 82
34136 9656 19 62 82
34137 9657 19 63 82
34139 9658 19 64 82
34141 9659 19 65 82
34142 9660 19 66 82
34144 9661 19 67 82
34145 9662 19 68 82
34146 9663 19 69 82
34147 9664 19 70 82
34148 9665 19 71 82
34149 9666 19 72 82
34150 9667 19 73 82
34151 9668 19 74 82
34152 9669 19 75 82
34153 9670 19 76 82
34154 9671 19 77 82
34155 9672 19 78 82
34156 9673 19 79 82
34157 9674 19 80 82
34158 9675 19 81 82
34161 9676 19 82 82
34165 9677 19 83 82
34166 9678 19 84 82
34167 9679 19 85 82
34168 9680 19 86 82
34169 9681 19 87 82
34170 9682 19 88 82
34171 9683 19 89 82
34172 9684 19 90 82
34174 9685 19 91 82
34176 9686 19 92 82
34177 9687 19 93 82
34178 9688 19 94 82
34179 9689 19 95 82
34180 9690 19 96 82
34181 9691 19 97 82
34182 9692 19 98 82
34183 9693 19 99 82
34184 9694 19 100 82
34185 9695 19 101 82
34186 9696 19 102 82
34187 9697 19 103 82
34188 9698 19 104 82
34189 9699 19 105 82
34190 9700 19 106 82
34191 9701 19 107 82
34192 9702 19 108 82
34193 9703 19 109 82
34196 9704 19 110 82
34197 9705 19 111 82
34198 9706 19 112 82
34200 9707 19 113 82
34201 9708 19 114 82
34202 9709 19 115 82
34203 9710 19 116 82
34204 9711 19 0 83
34205 9712 19 1 83
34206 9713 19 2 83
34207 9714 19 3 83
34208 9715 19 4 83
34209 9716 19 5 83
34210 9717 19 6 83
34211 9718 19 7 83
34212 9719 19 8 83
34214 9720 19 9 83
34215 9721 19 10 83
34216 9722 19 11 83
34217 9723 19 12 83
34218 9724 19 13 83
34223 9725 19 14 83
34224 9726 19 15 83
34225 9727 19 16 83
34227 9728 19 17 83
34228 9729 19 18 83
34229 9730 19 19 83
34230 9731 19 20 83
34231 9732 19 21 83
34232 9733 19 22 83
34233 9734 19 23 83
34234 9735 19 24 83
34237 9736 19 25 83
34238 9737 19 26 83
34239 9738 19 27 83
34240 9739 19 28 83
34242 9740 19 29 83
34243 9741 19 30 83
34244 9742 19 31 83
34245 9743 19 32 83
34246 9744 19 33 83
34247 9745 19 34 83
34248 9746 19 35 83
34249 9747 19 36 83
34251 9748 19 37 83
34253 9749 19 38 83
34254 9750 19 39 83
34255 9751 19 40 83
34256 9752 19 41 83
34257 9753 19 42 83
34258 9754 19 43 83
34261 9755 19 44 83
34263 9756 19 45 83
34264 9757 19 46 83
34265 9758 19 47 83
34266 9759 19 48 83
34268 9760 19 49 83
34269 9761 19 50 83
34270 9762 19 51 83
34271 9763 19 52 83
34273 9764 19 53 83
34274 9765 19 54 83
34275 9766 19 55 83
34276 9767 19 56 83
34277 9768 19 57 83
34278 9769 19 58 83
34280 9770 19 59 83
34281 9771 19 60 83
34282 9772 19 61 83
34283 9773 19 62 83
34284 9774 19 63 83
34285 9775 19 64 83
34287 9776 19 65 83
34288 9777 19 66 83
34289 9778 19 67 83
34290 9779 19 68 83
34294 9780 19 69 83
34295 9781 19 70 83
34296 9782 19 71 83
34297 9783 19 72 83
34298 9784 19 73 83
34299 9785 19 74 83
34301 9786 19 75 83
34302 9787 19 76 83
34303 9788 19 77 83
34304 9789 19 78 83
34305 9790 19 79 83
34308 9791 19 80 83
34309 9792 19 81 83
34310 9793 19 82 83
34311 9794 19 83 83
34313 9795 19 84 83
34314 9796 19 85 83
34315 9797 19 86 83
34316 9798 19 87 83
34321 9799 19 88 83
34327 9800 19 89 83
34328 9801 19 90 83
34329 9802 19 91 83
34330 9803 19 92 83
34331 9804 19 93 83
34332 9805 19 94 83
34334 9806 19 95 83
34335 9807 19 96 83
34336 9808 19 97 83
34337 9809 19 98 83
34338 9810 19 99 83
34339 9811 19 100 83
34340 9812 19 101 83
34341 9813 19 102 83
34342 9814 19 103 83
34343 9815 19 104 83
34345 9816 19 105 83
34346 9817 19 106 83
34348 9818 19 107 83
34349 9819 19 108 83
34350 9820 19 109 83
34353 9821 19 110 83
34354 9822 19 111 83
34355 9823 19 112 83
34356 9824 19 113 83
34357 9825 19 114 83
34358 9826 19 115 83
34360 9827 19 116 83
34361 9828 19 0 84
34362 9829 19 1 84
34363 9830 19 2 84
34364 9831 19 3 84
34366 9832 19 4 84
34367 9833 19 5 84
34368 9834 19 6 84
34371 9835 19 7 84
34374 9836 19 8 84
34375 9837 19 9 84
34376 9838 19 10 84
34379 9839 19 11 84
34380 9840 19 12 84
34381 9841 19 13 84
34382 9842 19 14 84
34384 9843 19 15 84
34386 9844 19 16 84
34387 9845 19 17 84
34388 9846 19 18 84
34389 9847 19 19 84
34390 9848 19 20 84
34393 9849 19 21 84
34395 9850 19 22 84
34396 9851 19 23 84
34398 9852 19 24 84
34399 9853 19 25 84
34401 9854 19 26 84
34402 9855 19 27 84
34403 9856 19 28 84
34404 9857 19 29 84
34405 9858 19 30 84
34407 9859 19 31 84
34408 9860 19 32 84
34409 9861 19 33 84
34410 9862 19 34 84
34411 9863 19 35 84
34413 9864 19 36 84
34414 9865 19 37 84
34415 9866 19 38 84
34416 9867 19 39 84
34417 9868 19 40 84
34419 9869 19 41 84
34420 9870 19 42 84
34423 9871 19 43 84
34425 9872 19 44 84
34426 9873 19 45 84
34427 9874 19 46 84
34428 9875 19 47 84
34437 9876 19 48 84
34438 9877 19 49 84
34439 9878 19 50 84
34442 9879 19 51 84
34443 9880 19 52 84
34444 9881 19 53 84
34445 9882 19 54 84
34446 9883 19 55 84
34448 9884 19 56 84
34449 9885 19 57 84
34451 9886 19 58 84
34452 9887 19 59 84
34453 9888 19 60 84
34454 9889 19 61 84
34455 9890 19 62 84
34456 9891 19 63 84
34457 9892 19 64 84
34458 9893 19 65 84
34460 9894 19 66 84
34461 9895 19 67 84
34462 9896 19 68 84
34465 9897 19 69 84
34466 9898 19 70 84
34467 9899 19 71 84
34468 9900 19 72 84
34469 9901 19 73 84
34471 9902 19 74 84
34472 9903 19 75 84
34473 9904 19 76 84
34474 9905 19 77 84
34479 9906 19 78 84
34480 9907 19 79 84
34481 9908 19 80 84
34483 9909 19 81 84
34484 9910 19 82 84
34485 9911 19 83 84
34486 9912 19 84 84
34487 9913 19 85 84
34488 9914 19 86 84
34489 9915 19 87 84
34490 9916 19 88 84
34491 9917 19 89 84
34492 9918 19 90 84
34493 9919 19 91 84
34494 9920 19 92 84
34495 9921 19 93 84
34496 9922 19 94 84
34497 9923 19 95 84
34498 9924 19 96 84
34499 9925 19 97 84
34500 9926 19 98 84
34501 9927 19 99 84
34502 9928 19 100 84
34503 9929 19 101 84
34504 9930 19 102 84
34505 9931 19 103 84
34507 9932 19 104 84
34508 9933 19 105 84
34512 9934 19 106 84
34513 9935 19 107 84
34515 9936 19 108 84
34516 9937 19 109 84
34518 9938 19 110 84
34519 9939 19 111 84
34520 9940 19 112 84
34521 9941 19 113 84
34522 9942 19 114 84
34523 9943 19 115 84
34524 9944 19 116 84
34525 9945 19 0 85
34526 9946 19 1 85
34527 9947 19 2 85
34530 9948 19 3 85
34531 9949 19 4 85
34532 9950 19 5 85
34534 9951 19 6 85
34536 9952 19 7 85
34537 9953 19 8 85
34538 9954 19 9 85
34539 9955 19 10 85
34540 9956 19 11 85
34541 9957 19 12 85
34549 9958 19 13 85
34550 9959 19 14 85
34551 9960 19 15 85
34552 9961 19 16 85
34553 9962 19 17 85
34554 9963 19 18 85
34555 9964 19 19 85
34558 9965 19 20 85
34560 9966 19 21 85
34561 9967 19 22 85
34562 9968 19 23 85
34563 9969 19 24 85
34564 9970 19 25 85
34565 9971 19 26 85
34566 9972 19 27 85
34567 9973 19 28 85
34568 9974 19 29 85
34569 9975 19 30 85
34570 9976 19 31 85
34571 9977 19 32 85
34572 9978 19 33 85
34573 9979 19 34 85
34574 9980 19 35 85
34577 9981 19 36 85
34578 9982 19 37 85
34579 9983 19 38 85
34584 9984 19 39 85
34585 9985 19 40 85
34586 9986 19 41 85
34587 9987 19 42 85
34588 9988 19 43 85
34590 9989 19 44 85
34592 9990 19 45 85
34593 9991 19 46 85
34594 9992 19 47 85
34595 9993 19 48 85
34596 9994 19 49 85
34597 9995 19 50 85
34598 9996 19 51 85
34599 9997 19 52 85
34600 9998 19 53 85
34601 9999 19 54 85
34602 10000 19 55 85
34604 10001 19 56 85
34605 10002 19 57 85
34606 10003 19 58 85
34608 10004 19 59 85
34609 10005 19 60 85
34610 10006 19 61 85
34611 10007 19 62 85
34612 10008 19 63 85
34613 10009 19 64 85
34615 10010 19 65 85
34616 10011 19 66 85
34618 10012 19 67 85
34619 10013 19 68 85
34620 10014 19 69 85
34622 10015 19 70 85
34623 10016 19 71 85
34624 10017 19 72 85
34625 10018 19 73 85
34626 10019 19 74 85
34627 10020 19 75 85
34630 10021 19 76 85
34636 10022 19 77 85
34637 10023 19 78 85
34638 10024 19 79 85
34639 10025 19 80 85
34640 10026 19 81 85
34641 10027 19 82 85
34642 10028 19 83 85
34643 10029 19 84 85
34644 10030 19 85 85
34645 10031 19 86 85
34646 10032 19 87 85
34647 10033 19 88 85
34648 10034 19 89 85
34649 10035 19 90 85
34650 10036 19 91 85
34651 10037 19 92 85
34652 10038 19 93 85
34653 10039 19 94 85
34654 10040 19 95 85
34655 10041 19 96 85
34656 10042 19 97 85
34657 10043 19 98 85
34658 10044 19 99 85
34659 10045 19 100 85
34660 10046 19 101 85
34661 10047 19 102 85
34662 10048 19 103 85
34663 10049 19 104 85
34664 10050 19 105 85
34665 10051 19 106 85
34666 10052 19 107 85
34667 10053 19 108 85
34668 10054 19 109 85
34669 10055 19 110 85
34670 10056 19 111 85
34671 10057 19 112 85
34675 10058 19 113 85
34676 10059 19 114 85
34677 10060 19 115 85
34678 10061 19 116 85
34679 10062 19 0 86
34680 10063 19 1 86
34681 10064 19 2 86
34682 10065 19 3 86
34683 10066 19 4 86
34689 10067 19 5 86
34690 10068 19 6 86
34691 10069 19 7 86
34692 10070 19 8 86
34693 10071 19 9 86
34695 10072 19 10 86
34696 10073 19 11 86
34697 10074 19 12 86
34701 10075 19 13 86
34703 10076 19 14 86
34704 10077 19 15 86
34705 10078 19 16 86
34706 10079 19 17 86
34707 10080 19 18 86
34708 10081 19 19 86
34710 10082 19 20 86
34711 10083 19 21 86
34712 10084 19 22 86
34714 10085 19 23 86
34715 10086 19 24 86
34716 10087 19 25 86
34717 10088 19 26 86
34718 10089 19 27 86
34719 10090 19 28 86
34722 10091 19 29 86
34723 10092 19 30 86
34724 10093 19 31 86
34730 10094 19 32 86
34731 10095 19 33 86
34732 10096 19 34 86
34733 10097 19 35 86
34734 10098 19 36 86
34735 10099 19 37 86
34736 10100 19 38 86
34738 10101 19 39 86
34739 10102 19 40 86
34740 10103 19 41 86
34741 10104 19 42 86
34742 10105 19 43 86
34743 10106 19 44 86
34744 10107 19 45 86
34745 10108 19 46 86
34746 10109 19 47 86
34747 10110 19 48 86
34748 10111 19 49 86
34749 10112 19 50 86
34750 10113 19 51 86
34751 10114 19 52 86
34752 10115 19 53 86
34754 10116 19 54 86
34755 10117 19 55 86
34756 10118 19 56 86
34757 10119 19 57 86
34758 10120 19 58 86
34760 10121 19 59 86
34761 10122 19 60 86
34762 10123 19 61 86
34763 10124 19 62 86
34764 10125 19 63 86
34769 10126 19 64 86
34770 10127 19 65 86
34771 10128 19 66 86
34772 10129 19 67 86
34775 10130 19 68 86
34776 10131 19 69 86
34777 10132 19 70 86
34779 10133 19 71 86
34780 10134 19 72 86
34781 10135 19 73 86
34782 10136 19 74 86
34783 10137 19 75 86
34784 10138 19 76 86
34785 10139 19 77 86
34786 10140 19 78 86
34787 10141 19 79 86
34788 10142 19 80 86
34789 10143 19 81 86
34790 10144 19 82 86
34791 10145 19 83 86
34792 10146 19 84 86
34794 10147 19 85 86
34795 10148 19 86 86
34796 10149 19 87 86
34797 10150 19 88 86
34799 10151 19 89 86
34802 10152 19 90 86
34803 10153 19 91 86
34804 10154 19 92 86
34806 10155 19 93 86
34807 10156 19 94 86
34809 10157 19 95 86
34810 10158 19 96 86
34811 10159 19 97 86
34812 10160 19 98 86
34814 10161 19 99 86
34815 10162 19 100 86
34816 10163 19 101 86
34817 10164 19 102 86
34818 10165 19 103 86
34819 10166 19 104 86
34821 10167 19 105 86
34822 10168 19 106 86
34824 10169 19 107 86
34825 10170 19 108 86
34826 10171 19 109 86
34827 10172 19 110 86
34828 10173 19 111 86
34829 10174 19 112 86
34832 10175 19 113 86
34833 10176 19 114 86
34835 10177 19 115 86
34836 10178 19 116 86
34837 10179 19 0 87
34838 10180 19 1 87
34839 10181 19 2 87
34841 10182 19 3 87
34843 10183 19 4 87
34844 10184 19 5 87
34845 10185 19 6 87
34847 10186 19 7 87
34848 10187 19 8 87
34849 10188 19 9 87
34850 10189 19 10 87
34851 10190 19 11 87
34852 10191 19 12 87
34853 10192 19 13 87
34854 10193 19 14 87
34856 10194 19 15 87
34857 10195 19 16 87
34858 10196 19 17 87
34859 10197 19 18 87
34860 10198 19 19 87
34862 10199 19 20 87
34863 10200 19 21 87
34864 10201 19 22 87
34865 10202 19 23 87
34866 10203 19 24 87
34867 10204 19 25 87
34869 10205 19 26 87
34870 10206 19 27 87
34871 10207 19 28 87
34872 10208 19 29 87
34873 10209 19 30 87
34875 10210 19 31 87
34876 10211 19 32 87
34877 10212 19 33 87
34878 10213 19 34 87
34879 10214 19 35 87
34880 10215 19 36 87
34881 10216 19 37 87
34883 10217 19 38 87
34884 10218 19 39 87
34888 10219 19 40 87
34890 10220 19 41 87
34891 10221 19 42 87
34892 10222 19 43 87
34893 10223 19 44 87
34894 10224 19 45 87
34898 10225 19 46 87
34899 10226 19 47 87
34901 10227 19 48 87
34902 10228 19 49 87
34903 10229 19 50 87
34905 10230 19 51 87
34906 10231 19 52 87
34907 10232 19 53 87
34909 10233 19 54 87
34913 10234 19 55 87
34914 10235 19 56 87
34915 10236 19 57 87
34919 10237 19 58 87
34920 10238 19 59 87
34921 10239 19 60 87
34922 10240 19 61 87
34923 10241 19 62 87
34925 10242 19 63 87
34927 10243 19 64 87
34928 10244 19 65 87
34929 10245 19 66 87
34930 10246 19 67 87
34932 10247 19 68 87
34933 10248 19 69 87
34934 10249 19 70 87
34935 10250 19 71 87
34937 10251 19 72 87
34940 10252 19 73 87
34941 10253 19 74 87
34942 10254 19 75 87
34943 10255 19 76 87
34944 10256 19 77 87
34945 10257 19 78 87
34946 10258 19 79 87
34947 10259 19 80 87
34952 10260 19 81 87
34953 10261 19 82 87
34955 10262 19 83 87
34956 10263 19 84 87
34957 10264 19 85 87
34958 10265 19 86 87
34961 10266 19 87 87
34962 10267 19 88 87
34963 10268 19 89 87
34965 10269 19 90 87
34966 10270 19 91 87
34967 10271 19 92 87
34968 10272 19 93 87
34969 10273 19 94 87
34970 10274 19 95 87
34971 10275 19 96 87
34974 10276 19 97 87
34975 10277 19 98 87
34977 10278 19 99 87
34978 10279 19 100 87
34980 10280 19 101 87
34983 10281 19 102 87
34984 10282 19 103 87
34986 10283 19 104 87
34987 10284 19 105 87
34988 10285 19 106 87
34993 10286 19 107 87
34994 10287 19 108 87
34998 10288 19 109 87
34999 10289 19 110 87
35000 10290 19 111 87
35001 10291 19 112 87
35002 10292 19 113 87
35004 10293 19 114 87
35005 10294 19 115 87
35006 10295 19 116 87
35008 10296 19 0 88
35009 10297 19 1 88
35010 10298 19 2 88
35017 10299 19 3 88
35018 10300 19 4 88
35019 10301 19 5 88
35020 10302 19 6 88
35021 10303 19 7 88
35022 10304 19 8 88
35024 10305 19 9 88
35026 10306 19 10 88
35028 10307 19 11 88
35029 10308 19 12 88
35030 10309 19 13 88
35031 10310 19 14 88
35032 10311 19 15 88
35033 10312 19 16 88
35034 10313 19 17 88
35035 10314 19 18 88
35036 10315 19 19 88
35037 10316 19 20 88
35038 10317 19 21 88
35039 10318 19 22 88
35041 10319 19 23 88
35047 10320 19 24 88
35048 10321 19 25 88
35051 10322 19 26 88
35052 10323 19 27 88
35054 10324 19 28 88
35055 10325 19 29 88
35056 10326 19 30 88
35057 10327 19 31 88
35058 10328 19 32 88
35059 10329 19 33 88
35060 10330 19 34 88
35062 10331 19 35 88
35063 10332 19 36 88
35064 10333 19 37 88
35065 10334 19 38 88
35066 10335 19 39 88
35067 10336 19 40 88
35068 10337 19 41 88
35069 10338 19 42 88
35070 10339 19 43 88
35073 10340 19 44 88
35074 10341 19 45 88
35077 10342 19 46 88
35078 10343 19 47 88
35079 10344 19 48 88
35081 10345 19 49 88
35082 10346 19 50 88
35083 10347 19 51 88
35084 10348 19 52 88
35086 10349 19 53 88
35088 10350 19 54 88
35089 10351 19 55 88
35090 10352 19 56 88
35091 10353 19 57 88
35092 10354 19 58 88
35093 10355 19 59 88
35094 10356 19 60 88
35095 10357 19 61 88
35096 10358 19 62 88
35097 10359 19 63 88
35098 10360 19 64 88
35102 10361 19 65 88
35103 10362 19 66 88
35105 10363 19 67 88
35106 10364 19 68 88
35107 10365 19 69 88
35109 10366 19 70 88
35110 10367 19 71 88
35111 10368 19 72 88
35113 10369 19 73 88
35114 10370 19 74 88
35115 10371 19 75 88
35116 10372 19 76 88
35117 10373 19 77 88
35118 10374 19 78 88
35119 10375 19 79 88
35120 10376 19 80 88
35121 10377 19 81 88
35122 10378 19 82 88
35123 10379 19 83 88
35125 10380 19 84 88
35126 10381 19 85 88
35127 10382 19 86 88
35128 10383 19 87 88
35131 10384 19 88 88
35132 10385 19 89 88
35133 10386 19 90 88
35134 10387 19 91 88
35137 10388 19 92 88
35138 10389 19 93 88
35140 10390 19 94 88
35142 10391 19 95 88
35145 10392 19 96 88
35147 10393 19 97 88
35148 10394 19 98 88
35151 10395 19 99 88
35152 10396 19 100 88
35153 10397 19 101 88
35154 10398 19 102 88
35155 10399 19 103 88
35158 10400 19 104 88
35159 10401 19 105 88
35160 10402 19 106 88
35161 10403 19 107 88
35162 10404 19 108 88
35163 10405 19 109 88
35164 10406 19 110 88
35165 10407 19 111 88
35166 10408 19 112 88
35167 10409 19 113 88
35168 10410 19 114 88
35169 10411 19 115 88
35170 10412 19 116 88
35171 10413 19 0 89
35172 10414 19 1 89
35174 10415 19 2 89
35177 10416 19 3 89
35178 10417 19 4 89
35179 10418 19 5 89
35180 10419 19 6 89
35181 10420 19 7 89
35182 10421 19 8 89
35183 10422 19 9 89
35185 10423 19 10 89
35186 10424 19 11 89
35187 10425 19 12 89
35188 10426 19 13 89
35190 10427 19 14 89
35193 10428 19 15 89
35194 10429 19 16 89
35195 10430 19 17 89
35196 10431 19 18 89
35198 10432 19 19 89
35199 10433 19 20 89
35201 10434 19 21 89
35202 10435 19 22 89
35203 10436 19 23 89
35205 10437 19 24 89
35206 10438 19 25 89
35208 10439 19 26 89
35211 10440 19 27 89
35215 10441 19 28 89
35219 10442 19 29 89
35221 10443 19 30 89
35222 10444 19 31 89
35223 10445 19 32 89
35224 10446 19 33 89
35227 10447 19 34 89
35228 10448 19 35 89
35229 10449 19 36 89
35230 10450 19 37 89
35231 10451 19 38 89
35233 10452 19 39 89
35234 10453 19 40 89
35235 10454 19 41 89
35236 10455 19 42 89
35238 10456 19 43 89
35242 10457 19 44 89
35244 10458 19 45 89
35245 10459 19 46 89
35246 10460 19 47 89
35247 10461 19 48 89
35250 10462 19 49 89
35254 10463 19 50 89
35255 10464 19 51 89
35257 10465 19 52 89
35258 10466 19 53 89
35261 10467 19 54 89
35262 10468 19 55 89
35263 10469 19 56 89
35264 10470 19 57 89
35282 10471 19 58 89
35283 10472 19 59 89
35284 10473 19 60 89
35285 10474 19 61 89
35286 10475 19 62 89
35289 10476 19 63 89
35290 10477 19 64 89
35291 10478 19 65 89
35292 10479 19 66 89
35293 10480 19 67 89
35295 10481 19 68 89
35296 10482 19 69 89
35297 10483 19 70 89
35298 10484 19 71 89
35299 10485 19 72 89
35300 10486 19 73 89
35301 10487 19 74 89
35302 10488 19 75 89
35304 10489 19 76 89
35305 10490 19 77 89
35307 10491 19 78 89
35308 10492 19 79 89
35309 10493 19 80 89
35312 10494 19 81 89
35313 10495 19 82 89
35314 10496 19 83 89
35315 10497 19 84 89
35316 10498 19 85 89
35318 10499 19 86 89
35319 10500 19 87 89
35320 10501 19 88 89
35322 10502 19 89 89
35323 10503 19 90 89
35324 10504 19 91 89
35326 10505 19 92 89
35327 10506 19 93 89
35328 10507 19 94 89
35330 10508 19 95 89
35331 10509 19 96 89
35332 10510 19 97 89
35335 10511 19 98 89
35336 10512 19 99 89
35338 10513 19 100 89
35340 10514 19 101 89
35342 10515 19 102 89
35343 10516 19 103 89
35344 10517 19 104 89
35345 10518 19 105 89
35346 10519 19 106 89
35347 10520 19 107 89
35349 10521 19 108 89
35350 10522 19 109 89
35351 10523 19 110 89
35352 10524 19 111 89
35355 10525 19 112 89
35357 10526 19 113 89
35358 10527 19 114 89
35359 10528 19 115 89
35362 10529 19 116 89
35363 10530 19 0 90
35365 10531 19 1 90
35367 10532 19 2 90
35370 10533 19 3 90
35372 10534 19 4 90
35373 10535 19 5 90
35376 10536 19 6 90
35377 10537 19 7 90
35380 10538 19 8 90
35382 10539 19 9 90
35385 10540 19 10 90
35386 10541 19 11 90
35387 10542 19 12 90
35388 10543 19 13 90
35390 10544 19 14 90
35391 10545 19 15 90
35392 10546 19 16 90
35393 10547 19 17 90
35396 10548 19 18 90
35397 10549 19 19 90
35398 10550 19 20 90
35400 10551 19 21 90
35402 10552 19 22 90
35404 10553 19 23 90
35405 10554 19 24 90
35406 10555 19 25 90
35407 10556 19 26 90
35408 10557 19 27 90
35409 10558 19 28 90
35410 10559 19 29 90
35412 10560 19 30 90
35413 10561 19 31 90
35414 10562 19 32 90
35415 10563 19 33 90
35416 10564 19 34 90
35417 10565 19 35 90
35419 10566 19 36 90
35422 10567 19 37 90
35424 10568 19 38 90
35425 10569 19 39 90
35426 10570 19 40 90
35427 10571 19 41 90
35430 10572 19 42 90
35432 10573 19 43 90
35433 10574 19 44 90
35435 10575 19 45 90
35436 10576 19 46 90
35437 10577 19 47 90
35438 10578 19 48 90
35440 10579 19 49 90
35441 10580 19 50 90
35442 10581 19 51 90
35443 10582 19 52 90
35444 10583 19 53 90
35445 10584 19 54 90
35446 10585 19 55 90
35447 10586 19 56 90
35449 10587 19 57 90
35450 10588 19 58 90
35451 10589 19 59 90
35452 10590 19 60 90
35455 10591 19 61 90
35457 10592 19 62 90
35458 10593 19 63 90
35459 10594 19 64 90
35460 10595 19 65 90
35461 10596 19 66 90
35462 10597 19 67 90
35463 10598 19 68 90
35467 10599 19 69 90
35468 10600 19 70 90
35469 10601 19 71 90
35471 10602 19 72 90
35473 10603 19 73 90
35474 10604 19 74 90
35475 10605 19 75 90
35477 10606 19 76 90
35478 10607 19 77 90
35480 10608 19 78 90
35481 10609 19 79 90
35482 10610 19 80 90
35486 10611 19 81 90
35488 10612 19 82 90
35489 10613 19 83 90
35491 10614 19 84 90
35492 10615 19 85 90
35493 10616 19 86 90
35494 10617 19 87 90
35495 10618 19 88 90
35496 10619 19 89 90
35498 10620 19 90 90
35499 10621 19 91 90
35504 10622 19 92 90
35506 10623 19 93 90
35510 10624 19 94 90
35512 10625 19 95 90
35513 10626 19 96 90
35514 10627 19 97 90
35515 10628 19 98 90
35516 10629 19 99 90
35517 10630 19 100 90
35518 10631 19 101 90
35519 10632 19 102 90
35520 10633 19 103 90
35522 10634 19 104 90
35523 10635 19 105 90
35524 10636 19 106 90
35525 10637 19 107 90
35526 10638 19 108 90
35527 10639 19 109 90
35528 10640 19 110 90
35529 10641 19 111 90
35531 10642 19 112 90
35533 10643 19 113 90
35535 10644 19 114 90
35537 10645 19 115 90
35538 10646 19 116 90
35539 10647 19 0 91
35540 10648 19 1 91
35541 10649 19 2 91
35542 10650 19 3 91
35543 10651 19 4 91
35544 10652 19 5 91
35545 10653 19 6 91
35547 10654 19 7 91
35548 10655 19 8 91
35549 10656 19 9 91
35550 10657 19 10 91
35551 10658 19 11 91
35552 10659 19 12 91
35553 10660 19 13 91
35554 10661 19 14 91
35556 10662 19 15 91
35558 10663 19 16 91
35559 10664 19 17 91
35560 10665 19 18 91
35563 10666 19 19 91
35565 10667 19 20 91
35566 10668 19 21 91
35567 10669 19 22 91
35568 10670 19 23 91
35569 10671 19 24 91
35570 10672 19 25 91
35571 10673 19 26 91
35572 10674 19 27 91
35573 10675 19 28 91
35574 10676 19 29 91
35575 10677 19 30 91
35576 10678 19 31 91
35578 10679 19 32 91
35579 10680 19 33 91
35580 10681 19 34 91
35582 10682 19 35 91
35583 10683 19 36 91
35584 10684 19 37 91
35585 10685 19 38 91
35586 10686 19 39 91
35588 10687 19 40 91
35589 10688 19 41 91
35590 10689 19 42 91
35591 10690 19 43 91
35592 10691 19 44 91
35594 10692 19 45 91
35595 10693 19 46 91
35597 10694 19 47 91
35598 10695 19 48 91
35599 10696 19 49 91
35600 10697 19 50 91
35601 10698 19 51 91
35602 10699 19 52 91
35603 10700 19 53 91
35604 10701 19 54 91
35605 10702 19 55 91
35606 10703 19 56 91
35607 10704 19 57 91
35608 10705 19 58 91
35609 10706 19 59 91
35610 10707 19 60 91
35611 10708 19 61 91
35612 10709 19 62 91
35613 10710 19 63 91
35614 10711 19 64 91
35616 10712 19 65 91
35618 10713 19 66 91
35619 10714 19 67 91
35620 10715 19 68 91
35621 10716 19 69 91
35622 10717 19 70 91
35623 10718 19 71 91
35624 10719 19 72 91
35626 10720 19 73 91
35627 10721 19 74 91
35628 10722 19 75 91
35630 10723 19 76 91
35631 10724 19 77 91
35632 10725 19 78 91
35633 10726 19 79 91
35635 10727 19 80 91
35637 10728 19 81 91
35638 10729 19 82 91
35639 10730 19 83 91
35641 10731 19 84 91
35642 10732 19 85 91
35643 10733 19 86 91
35644 10734 19 87 91
35645 10735 19 88 91
35646 10736 19 89 91
35648 10737 19 90 91
35649 10738 19 91 91
35650 10739 19 92 91
35653 10740 19 93 91
35654 10741 19 94 91
35655 10742 19 95 91
35656 10743 19 96 91
35657 10744 19 97 91
35658 10745 19 98 91
35659 10746 19 99 91
35662 10747 19 100 91
35663 10748 19 101 91
35664 10749 19 102 91
35665 10750 19 103 91
35666 10751 19 104 91
35667 10752 19 105 91
35668 10753 19 106 91
35669 10754 19 107 91
35670 10755 19 108 91
35671 10756 19 109 91
35672 10757 19 110 91
35673 10758 19 111 91
35674 10759 19 112 91
35676 10760 19 113 91
35677 10761 19 114 91
35679 10762 19 115 91
35680 10763 19 116 91
35683 10764 19 0 92
35685 10765 19 1 92
35686 10766 19 2 92
35687 10767 19 3 92
35688 10768 19 4 92
35690 10769 19 5 92
35691 10770 19 6 92
35692 10771 19 7 92
35693 10772 19 8 92
35695 10773 19 9 92
35696 10774 19 10 92
35700 10775 19 11 92
35703 10776 19 12 92
35704 10777 19 13 92
35705 10778 19 14 92
35706 10779 19 15 92
35707 10780 19 16 92
35709 10781 19 17 92
35710 10782 19 18 92
35711 10783 19 19 92
35712 10784 19 20 92
35714 10785 19 21 92
35716 10786 19 22 92
35717 10787 19 23 92
35718 10788 19 24 92
35720 10789 19 25 92
35722 10790 19 26 92
35723 10791 19 27 92
35724 10792 19 28 92
35726 10793 19 29 92
35730 10794 19 30 92
35731 10795 19 31 92
35732 10796 19 32 92
35733 10797 19 33 92
35734 10798 19 34 92
35736 10799 19 35 92
35737 10800 19 36 92
35738 10801 19 37 92
35740 10802 19 38 92
35742 10803 19 39 92
35743 10804 19 40 92
35895 10805 19 41 92
35897 10806 19 42 92
35899 10807 19 43 92
35900 10808 19 44 92
35901 10809 19 45 92
35902 10810 19 46 92
35903 10811 19 47 92
35905 10812 19 48 92
35906 10813 19 49 92
35907 10814 19 50 92
35909 10815 19 51 92
35910 10816 19 52 92
35911 10817 19 53 92
35912 10818 19 54 92
35913 10819 19 55 92
35914 10820 19 56 92
35915 10821 19 57 92
35916 10822 19 58 92
35917 10823 19 59 92
35918 10824 19 60 92
35919 10825 19 61 92
35920 10826 19 62 92
35924 10827 19 63 92
35925 10828 19 64 92
35926 10829 19 65 92
35927 10830 19 66 92
35930 10831 19 67 92
35932 10832 19 68 92
35933 10833 19 69 92
35935 10834 19 70 92
35937 10835 19 71 92
35938 10836 19 72 92
35940 10837 19 73 92
35941 10838 19 74 92
35942 10839 19 75 92
35944 10840 19 76 92
35945 10841 19 77 92
35946 10842 19 78 92
35947 10843 19 79 92
35948 10844 19 80 92
35949 10845 19 81 92
35951 10846 19 82 92
35952 10847 19 83 92
35953 10848 19 84 92
35954 10849 19 85 92
35955 10850 19 86 92
35957 10851 19 87 92
35958 10852 19 88 92
35959 10853 19 89 92
35960 10854 19 90 92
35961 10855 19 91 92
35962 10856 19 92 92
35963 10857 19 93 92
35965 10858 19 94 92
35968 10859 19 95 92
35969 10860 19 96 92
35970 10861 19 97 92
35972 10862 19 98 92
35973 10863 19 99 92
35974 10864 19 100 92
35977 10865 19 101 92
35978 10866 19 102 92
35980 10867 19 103 92
35981 10868 19 104 92
35983 10869 19 105 92
35984 10870 19 106 92
35985 10871 19 107 92
35986 10872 19 108 92
35987 10873 19 109 92
35988 10874 19 110 92
35989 10875 19 111 92
35991 10876 19 112 92
35992 10877 19 113 92
35993 10878 19 114 92
35994 10879 19 115 92
35996 10880 19 116 92
35997 10881 19 0 93
35998 10882 19 1 93
36000 10883 19 2 93
36001 10884 19 3 93
36002 10885 19 4 93
36003 10886 19 5 93
36004 10887 19 6 93
36005 10888 19 7 93
36007 10889 19 8 93
36008 10890 19 9 93
36009 10891 19 10 93
36010 10892 19 11 93
36011 10893 19 12 93
36012 10894 19 13 93
36015 10895 19 14 93
36016 10896 19 15 93
36018 10897 19 16 93
36019 10898 19 17 93
36020 10899 19 18 93
36021 10900 19 19 93
36022 10901 19 20 93
36023 10902 19 21 93
36024 10903 19 22 93
36025 10904 19 23 93
36026 10905 19 24 93
36027 10906 19 25 93
36028 10907 19 26 93
36029 10908 19 27 93
36030 10909 19 28 93
36031 10910 19 29 93
36032 10911 19 30 93
36033 10912 19 31 93
36034 10913 19 32 93
36035 10914 19 33 93
36036 10915 19 34 93
36037 10916 19 35 93
36039 10917 19 36 93
36040 10918 19 37 93
36042 10919 19 38 93
36044 10920 19 39 93
36047 10921 19 40 93
36049 10922 19 41 93
36050 10923 19 42 93
36051 10924 19 43 93
36053 10925 19 44 93
36055 10926 19 45 93
36057 10927 19 46 93
36058 10928 19 47 93
36060 10929 19 48 93
36061 10930 19 49 93
36062 10931 19 50 93
36063 10932 19 51 93
36064 10933 19 52 93
36065 10934 19 53 93
36066 10935 19 54 93
36067 10936 19 55 93
36068 10937 19 56 93
36069 10938 19 57 93
36070 10939 19 58 93
36071 10940 19 59 93
36072 10941 19 60 93
36074 10942 19 61 93
36076 10943 19 62 93
36077 10944 19 63 93
36078 10945 19 64 93
36080 10946 19 65 93
36081 10947 19 66 93
36083 10948 19 67 93
36084 10949 19 68 93
36085 10950 19 69 93
36088 10951 19 70 93
36089 10952 19 71 93
36090 10953 19 72 93
36091 10954 19 73 93
36092 10955 19 74 93
36093 10956 19 75 93
36094 10957 19 76 93
36096 10958 19 77 93
36098 10959 19 78 93
36100 10960 19 79 93
36101 10961 19 80 93
36102 10962 19 81 93
36103 10963 19 82 93
36104 10964 19 83 93
36105 10965 19 84 93
36106 10966 19 85 93
36109 10967 19 86 93
36111 10968 19 87 93
36112 10969 19 88 93
36115 10970 19 89 93
36116 10971 19 90 93
36117 10972 19 91 93
36118 10973 19 92 93
36119 10974 19 93 93
36121 10975 19 94 93
36123 10976 19 95 93
36196 10977 19 96 93
36198 10978 19 97 93
36199 10979 19 98 93
36200 10980 19 99 93
36201 10981 19 100 93
36203 10982 19 101 93
36204 10983 19 102 93
36205 10984 19 103 93
36206 10985 19 104 93
36207 10986 19 105 93
36208 10987 19 106 93
36210 10988 19 107 93
36211 10989 19 108 93
36212 10990 19 109 93
36214 10991 19 110 93
36215 10992 19 111 93
36216 10993 19 112 93
36217 10994 19 113 93
36219 10995 19 114 93
36221 10996 19 115 93
36224 10997 19 116 93
36225 10998 19 0 94
36228 10999 19 1 94
36229 11000 19 2 94
36233 11001 19 3 94
36234 11002 19 4 94
36236 11003 19 5 94
36237 11004 19 6 94
36238 11005 19 7 94
36239 11006 19 8 94
36240 11007 19 9 94
36241 11008 19 10 94
36242 11009 19 11 94
36243 11010 19 12 94
36244 11011 19 13 94
36245 11012 19 14 94
36246 11013 19 15 94
36249 11014 19 16 94
36251 11015 19 17 94
36252 11016 19 18 94
36255 11017 19 19 94
36256 11018 19 20 94
36257 11019 19 21 94
36259 11020 19 22 94
36261 11021 19 23 94
36263 11022 19 24 94
36264 11023 19 25 94
36266 11024 19 26 94
36267 11025 19 27 94
36268 11026 19 28 94
36269 11027 19 29 94
36270 11028 19 30 94
36271 11029 19 31 94
36274 11030 19 32 94
36275 11031 19 33 94
36276 11032 19 34 94
36277 11033 19 35 94
36278 11034 19 36 94
36279 11035 19 37 94
36281 11036 19 38 94
36282 11037 19 39 94
36284 11038 19 40 94
36286 11039 19 41 94
36287 11040 19 42 94
36289 11041 19 43 94
36290 11042 19 44 94
36293 11043 19 45 94
36294 11044 19 46 94
36295 11045 19 47 94
36296 11046 19 48 94
36299 11047 19 49 94
36300 11048 19 50 94
36301 11049 19 51 94
36302 11050 19 52 94
36303 11051 19 53 94
36304 11052 19 54 94
36305 11053 19 55 94
36307 11054 19 56 94
36309 11055 19 57 94
36310 11056 19 58 94
36311 11057 19 59 94
36312 11058 19 60 94
36313 11059 19 61 94
36314 11060 19 62 94
36315 11061 19 63 94
36316 11062 19 64 94
36317 11063 19 65 94
36319 11064 19 66 94
36320 11065 19 67 94
36321 11066 19 68 94
36322 11067 19 69 94
36323 11068 19 70 94
36324 11069 19 71 94
36326 11070 19 72 94
36327 11071 19 73 94
36328 11072 19 74 94
36329 11073 19 75 94
36330 11074 19 76 94
36331 11075 19 77 94
36332 11076 19 78 94
36334 11077 19 79 94
36335 11078 19 80 94
36336 11079 19 81 94
36337 11080 19 82 94
36338 11081 19 83 94
36339 11082 19 84 94
36340 11083 19 85 94
36346 11084 19 86 94
36348 11085 19 87 94
36349 11086 19 88 94
36350 11087 19 89 94
36351 11088 19 90 94
36352 11089 19 91 94
36354 11090 19 92 94
36355 11091 19 93 94
36356 11092 19 94 94
36357 11093 19 95 94
36358 11094 19 96 94
36359 11095 19 97 94
36361 11096 19 98 94
36362 11097 19 99 94
36365 11098 19 100 94
36367 11099 19 101 94
36368 11100 19 102 94
36369 11101 19 103 94
36370 11102 19 104 94
36371 11103 19 105 94
36372 11104 19 106 94
36373 11105 19 107 94
36374 11106 19 108 94
36375 11107 19 109 94
36376 11108 19 110 94
36377 11109 19 111 94
36378 11110 19 112 94
36379 11111 19 113 94
36380 11112 19 114 94
36381 11113 19 115 94
36382 11114 19 116 94
36383 11115 19 0 95
36384 11116 19 1 95
36385 11117 19 2 95
36386 11118 19 3 95
36387 11119 19 4 95
36388 11120 19 5 95
36389 11121 19 6 95
36390 11122 19 7 95
36391 11123 19 8 95
36393 11124 19 9 95
36395 11125 19 10 95
36398 11126 19 11 95
36400 11127 19 12 95
36401 11128 19 13 95
36403 11129 19 14 95
36404 11130 19 15 95
36405 11131 19 16 95
36406 11132 19 17 95
36408 11133 19 18 95
36409 11134 19 19 95
36412 11135 19 20 95
36413 11136 19 21 95
36414 11137 19 22 95
36415 11138 19 23 95
36416 11139 19 24 95
36417 11140 19 25 95
36418 11141 19 26 95
36420 11142 19 27 95
36421 11143 19 28 95
36423 11144 19 29 95
36424 11145 19 30 95
36425 11146 19 31 95
36426 11147 19 32 95
36427 11148 19 33 95
36428 11149 19 34 95
36429 11150 19 35 95
36430 11151 19 36 95
36432 11152 19 37 95
36435 11153 19 38 95
36436 11154 19 39 95
36437 11155 19 40 95
36438 11156 19 41 95
36439 11157 19 42 95
36441 11158 19 43 95
36442 11159 19 44 95
36443 11160 19 45 95
36444 11161 19 46 95
36445 11162 19 47 95
36446 11163 19 48 95
36447 11164 19 49 95
36448 11165 19 50 95
36449 11166 19 51 95
36450 11167 19 52 95
36451 11168 19 53 95
36452 11169 19 54 95
36453 11170 19 55 95
36454 11171 19 56 95
36455 11172 19 57 95
36457 11173 19 58 95
36458 11174 19 59 95
36460 11175 19 60 95
36461 11176 19 61 95
36463 11177 19 62 95
36466 11178 19 63 95
36467 11179 19 64 95
36468 11180 19 65 95
36470 11181 19 66 95
36472 11182 19 67 95
36474 11183 19 68 95
36475 11184 19 69 95
36476 11185 19 70 95
36481 11186 19 71 95
36482 11187 19 72 95
36484 11188 19 73 95
36485 11189 19 74 95
36486 11190 19 75 95
36487 11191 19 76 95
36488 11192 19 77 95
36489 11193 19 78 95
36490 11194 19 79 95
36491 11195 19 80 95
36492 11196 19 81 95
36493 11197 19 82 95
36494 11198 19 83 95
36496 11199 19 84 95
36497 11200 19 85 95
36498 11201 19 86 95
36499 11202 19 87 95
36500 11203 19 88 95
36501 11204 19 89 95
36502 11205 19 90 95
36503 11206 19 91 95
36504 11207 19 92 95
36506 11208 19 93 95
36509 11209 19 94 95
36510 11210 19 95 95
36511 11211 19 96 95
36512 11212 19 97 95
36513 11213 19 98 95
36515 11214 19 99 95
36516 11215 19 100 95
36517 11216 19 101 95
36518 11217 19 102 95
36520 11218 19 103 95
36521 11219 19 104 95
36522 11220 19 105 95
36523 11221 19 106 95
36524 11222 19 107 95
36530 11223 19 108 95
36538 11224 19 109 95
36541 11225 19 110 95
36544 11226 19 111 95
36546 11227 19 112 95
36553 11228 19 113 95
36554 11229 19 114 95
36555 11230 19 115 95
36556 11231 19 116 95
36557 11232 19 0 96
36559 11233 19 1 96
36561 11234 19 2 96
36562 11235 19 3 96
36563 11236 19 4 96
36564 11237 19 5 96
36567 11238 19 6 96
36568 11239 19 7 96
36571 11240 19 8 96
36572 11241 19 9 96
36573 11242 19 10 96
36574 11243 19 11 96
36575 11244 19 12 96
36576 11245 19 13 96
36577 11246 19 14 96
36581 11247 19 15 96
36582 11248 19 16 96
36583 11249 19 17 96
36584 11250 19 18 96
36585 11251 19 19 96
36587 11252 19 20 96
36588 11253 19 21 96
36590 11254 19 22 96
36591 11255 19 23 96
36593 11256 19 24 96
36596 11257 19 25 96
36597 11258 19 26 96
36598 11259 19 27 96
36599 11260 19 28 96
36600 11261 19 29 96
36601 11262 19 30 96
36602 11263 19 31 96
36603 11264 19 32 96
36604 11265 19 33 96
36606 11266 19 34 96
36607 11267 19 35 96
36608 11268 19 36 96
36609 11269 19 37 96
36610 11270 19 38 96
36611 11271 19 39 96
36613 11272 19 40 96
36614 11273 19 41 96
36615 11274 19 42 96
36616 11275 19 43 96
36617 11276 19 44 96
36618 11277 19 45 96
36619 11278 19 46 96
36621 11279 19 47 96
36622 11280 19 48 96
36624 11281 19 49 96
36625 11282 19 50 96
36626 11283 19 51 96
36627 11284 19 52 96
36628 11285 19 53 96
36629 11286 19 54 96
36630 11287 19 55 96
36631 11288 19 56 96
36632 11289 19 57 96
36634 11290 19 58 96
36635 11291 19 59 96
36636 11292 19 60 96
36637 11293 19 61 96
36638 11294 19 62 96
36639 11295 19 63 96
36640 11296 19 64 96
36643 11297 19 65 96
36644 11298 19 66 96
36645 11299 19 67 96
36646 11300 19 68 96
36649 11301 19 69 96
36650 11302 19 70 96
36652 11303 19 71 96
36654 11304 19 72 96
36655 11305 19 73 96
36658 11306 19 74 96
36659 11307 19 75 96
36660 11308 19 76 96
36661 11309 19 77 96
36662 11310 19 78 96
36663 11311 19 79 96
36664 11312 19 80 96
36665 11313 19 81 96
36667 11314 19 82 96
36670 11315 19 83 96
36671 11316 19 84 96
36672 11317 19 85 96
36674 11318 19 86 96
36675 11319 19 87 96
36676 11320 19 88 96
36677 11321 19 89 96
36678 11322 19 90 96
36679 11323 19 91 96
36680 11324 19 92 96
36681 11325 19 93 96
36683 11326 19 94 96
36685 11327 19 95 96
36686 11328 19 96 96
36687 11329 19 97 96
36688 11330 19 98 96
36689 11331 19 99 96
36690 11332 19 100 96
36691 11333 19 101 96
36692 11334 19 102 96
36693 11335 19 103 96
36694 11336 19 104 96
36695 11337 19 105 96
36696 11338 19 106 96
36697 11339 19 107 96
36698 11340 19 108 96
36699 11341 19 109 96
36701 11342 19 110 96
36702 11343 19 111 96
36703 11344 19 112 96
36704 11345 19 113 96
36705 11346 19 114 96
36706 11347 19 115 96
36707 11348 19 116 96
36708 11349 19 0 97
36763 11350 19 1 97
36764 11351 19 2 97
36767 11352 19 3 97
36771 11353 19 4 97
36774 11354 19 5 97
36776 11355 19 6 97
36781 11356 19 7 97
36782 11357 19 8 97
36783 11358 19 9 97
36784 11359 19 10 97
36785 11360 19 11 97
36786 11361 19 12 97
36788 11362 19 13 97
36799 11363 19 14 97
36802 11364 19 15 97
36804 11365 19 16 97
36805 11366 19 17 97
36806 11367 19 18 97
36809 11368 19 19 97
36811 11369 19 20 97
36813 11370 19 21 97
36814 11371 19 22 97
36817 11372 19 23 97
36818 11373 19 24 97
36819 11374 19 25 97
36820 11375 19 26 97
36821 11376 19 27 97
36822 11377 19 28 97
36823 11378 19 29 97
36832 11379 19 30 97
36833 11380 19 31 97
36834 11381 19 32 97
36835 11382 19 33 97
36836 11383 19 34 97
36837 11384 19 35 97
36838 11385 19 36 97
36840 11386 19 37 97
36842 11387 19 38 97
36843 11388 19 39 97
36845 11389 19 40 97
36846 11390 19 41 97
36848 11391 19 42 97
36852 11392 19 43 97
36853 11393 19 44 97
36854 11394 19 45 97
36855 11395 19 46 97
36856 11396 19 47 97
36858 11397 19 48 97
36859 11398 19 49 97
36860 11399 19 50 97
36861 11400 19 51 97
36862 11401 19 52 97
36863 11402 19 53 97
36864 11403 19 54 97
36865 11404 19 55 97
36866 11405 19 56 97
36867 11406 19 57 97
36868 11407 19 58 97
36869 11408 19 59 97
36870 11409 19 60 97
36875 11410 19 61 97
36876 11411 19 62 97
36877 11412 19 63 97
36879 11413 19 64 97
36880 11414 19 65 97
36881 11415 19 66 97
36884 11416 19 67 97
36885 11417 19 68 97
36886 11418 19 69 97
36887 11419 19 70 97
36889 11420 19 71 97
36890 11421 19 72 97
36891 11422 19 73 97
36892 11423 19 74 97
36893 11424 19 75 97
36894 11425 19 76 97
36895 11426 19 77 97
36896 11427 19 78 97
36897 11428 19 79 97
36898 11429 19 80 97
36899 11430 19 81 97
36900 11431 19 82 97
36909 11432 19 83 97
36910 11433 19 84 97
36911 11434 19 85 97
36913 11435 19 86 97
36914 11436 19 87 97
36916 11437 19 88 97
36917 11438 19 89 97
36918 11439 19 90 97
36920 11440 19 91 97
36924 11441 19 92 97
36925 11442 19 93 97
36926 11443 19 94 97
36927 11444 19 95 97
36929 11445 19 96 97
36930 11446 19 97 97
36932 11447 19 98 97
36935 11448 19 99 97
36937 11449 19 100 97
36938 11450 19 101 97
36939 11451 19 102 97
36941 11452 19 103 97
36942 11453 19 104 97
36943 11454 19 105 97
36944 11455 19 106 97
36945 11456 19 107 97
36946 11457 19 108 97
36947 11458 19 109 97
36948 11459 19 110 97
36949 11460 19 111 97
36952 11461 19 112 97
36953 11462 19 113 97
36955 11463 19 114 97
36956 11464 19 115 97
36957 11465 19 116 97
36958 11466 19 0 98
36960 11467 19 1 98
36962 11468 19 2 98
36963 11469 19 3 98
36967 11470 19 4 98
36968 11471 19 5 98
36969 11472 19 6 98
36971 11473 19 7 98
36973 11474 19 8 98
36974 11475 19 9 98
36975 11476 19 10 98
36976 11477 19 11 98
36978 11478 19 12 98
36979 11479 19 13 98
36980 11480 19 14 98
36981 11481 19 15 98
36982 11482 19 16 98
36983 11483 19 17 98
36984 11484 19 18 98
36985 11485 19 19 98
36986 11486 19 20 98
36987 11487 19 21 98
36988 11488 19 22 98
36989 11489 19 23 98
36990 11490 19 24 98
36991 11491 19 25 98
36992 11492 19 26 98
36993 11493 19 27 98
36994 11494 19 28 98
36995 11495 19 29 98
36996 11496 19 30 98
36997 11497 19 31 98
36998 11498 19 32 98
36999 11499 19 33 98
37000 11500 19 34 98
37002 11501 19 35 98
37003 11502 19 36 98
37005 11503 19 37 98
37007 11504 19 38 98
37008 11505 19 39 98
37009 11506 19 40 98
37012 11507 19 41 98
37013 11508 19 42 98
37015 11509 19 43 98
37016 11510 19 44 98
37017 11511 19 45 98
37019 11512 19 46 98
37022 11513 19 47 98
37023 11514 19 48 98
37024 11515 19 49 98
37025 11516 19 50 98
37026 11517 19 51 98
37027 11518 19 52 98
37029 11519 19 53 98
37030 11520 19 54 98
37031 11521 19 55 98
37034 11522 19 56 98
37039 11523 19 57 98
37040 11524 19 58 98
37041 11525 19 59 98
37042 11526 19 60 98
37043 11527 19 61 98
37044 11528 19 62 98
37045 11529 19 63 98
37046 11530 19 64 98
37048 11531 19 65 98
37053 11532 19 66 98
37054 11533 19 67 98
37055 11534 19 68 98
37057 11535 19 69 98
37059 11536 19 70 98
37061 11537 19 71 98
37063 11538 19 72 98
37064 11539 19 73 98
37066 11540 19 74 98
37067 11541 19 75 98
37070 11542 19 76 98
37076 11543 19 77 98
37077 11544 19 78 98
37078 11545 19 79 98
37079 11546 19 80 98
37080 11547 19 81 98
37081 11548 19 82 98
37082 11549 19 83 98
37083 11550 19 84 98
37084 11551 19 85 98
37085 11552 19 86 98
37087 11553 19 87 98
37088 11554 19 88 98
37089 11555 19 89 98
37090 11556 19 90 98
37091 11557 19 91 98
37092 11558 19 92 98
37093 11559 19 93 98
37096 11560 19 94 98
37097 11561 19 95 98
37098 11562 19 96 98
37099 11563 19 97 98
37100 11564 19 98 98
37101 11565 19 99 98
37103 11566 19 100 98
37104 11567 19 101 98
37105 11568 19 102 98
37106 11569 19 103 98
37107 11570 19 104 98
37108 11571 19 105 98
37109 11572 19 106 98
37113 11573 19 107 98
37114 11574 19 108 98
37115 11575 19 109 98
37116 11576 19 110 98
37117 11577 19 111 98
37118 11578 19 112 98
37119 11579 19 113 98
37120 11580 19 114 98
37121 11581 19 115 98
37122 11582 19 116 98
37123 11583 19 0 99
37124 11584 19 1 99
37125 11585 19 2 99
37126 11586 19 3 99
37127 11587 19 4 99
37128 11588 19 5 99
37129 11589 19 6 99
37131 11590 19 7 99
37133 11591 19 8 99
37134 11592 19 9 99
37135 11593 19 10 99
37136 11594 19 11 99
37137 11595 19 12 99
37138 11596 19 13 99
37140 11597 19 14 99
37142 11598 19 15 99
37143 11599 19 16 99
37144 11600 19 17 99
37145 11601 19 18 99
37146 11602 19 19 99
37147 11603 19 20 99
37148 11604 19 21 99
37149 11605 19 22 99
37150 11606 19 23 99
37151 11607 19 24 99
37152 11608 19 25 99
37153 11609 19 26 99
37154 11610 19 27 99
37155 11611 19 28 99
37156 11612 19 29 99
37158 11613 19 30 99
37159 11614 19 31 99
37160 11615 19 32 99
37161 11616 19 33 99
37162 11617 19 34 99
37163 11618 19 35 99
37164 11619 19 36 99
37165 11620 19 37 99
37166 11621 19 38 99
37167 11622 19 39 99
37168 11623 19 40 99
37169 11624 19 41 99
37170 11625 19 42 99
37171 11626 19 43 99
37172 11627 19 44 99
37173 11628 19 45 99
37174 11629 19 46 99
37176 11630 19 47 99
37177 11631 19 48 99
37178 11632 19 49 99
37179 11633 19 50 99
37182 11634 19 51 99
37183 11635 19 52 99
37184 11636 19 53 99
37185 11637 19 54 99
37187 11638 19 55 99
37188 11639 19 56 99
37189 11640 19 57 99
37190 11641 19 58 99
37191 11642 19 59 99
37192 11643 19 60 99
37193 11644 19 61 99
37194 11645 19 62 99
37195 11646 19 63 99
37196 11647 19 64 99
37197 11648 19 65 99
37198 11649 19 66 99
37199 11650 19 67 99
37200 11651 19 68 99
37202 11652 19 69 99
37203 11653 19 70 99
37205 11654 19 71 99
37206 11655 19 72 99
37207 11656 19 73 99
37208 11657 19 74 99
37210 11658 19 75 99
37215 11659 19 76 99
37216 11660 19 77 99
37217 11661 19 78 99
37218 11662 19 79 99
37219 11663 19 80 99
37220 11664 19 81 99
37221 11665 19 82 99
37224 11666 19 83 99
37225 11667 19 84 99
37226 11668 19 85 99
37228 11669 19 86 99
37230 11670 19 87 99
37231 11671 19 88 99
37234 11672 19 89 99
37235 11673 19 90 99
37236 11674 19 91 99
37237 11675 19 92 99
37239 11676 19 93 99
37240 11677 19 94 99
37241 11678 19 95 99
37242 11679 19 96 99
37248 11680 19 97 99
37249 11681 19 98 99
37250 11682 19 99 99
37251 11683 19 100 99
37252 11684 19 101 99
37253 11685 19 102 99
37254 11686 19 103 99
37255 11687 19 104 99
37257 11688 19 105 99
37258 11689 19 106 99
37259 11690 19 107 99
37261 11691 19 108 99
37263 11692 19 109 99
37264 11693 19 110 99
37265 11694 19 111 99
37266 11695 19 112 99
37267 11696 19 113 99
37273 11697 19 114 99
37274 11698 19 115 99
37275 11699 19 116 99
37276 11700 19 0 100
37277 11701 19 1 100
37278 11702 19 2 100
37279 11703 19 3 100
37280 11704 19 4 100
37281 11705 19 5 100
37282 11706 19 6 100
37283 11707 19 7 100
37285 11708 19 8 100
37287 11709 19 9 100
37288 11710 19 10 100
37290 11711 19 11 100
37291 11712 19 12 100
37292 11713 19 13 100
37293 11714 19 14 100
37294 11715 19 15 100
37295 11716 19 16 100
37296 11717 19 17 100
37297 11718 19 18 100
37298 11719 19 19 100
37299 11720 19 20 100
37300 11721 19 21 100
37301 11722 19 22 100
37303 11723 19 23 100
37305 11724 19 24 100
37306 11725 19 25 100
37308 11726 19 26 100
37309 11727 19 27 100
37310 11728 19 28 100
37312 11729 19 29 100
37313 11730 19 30 100
37314 11731 19 31 100
37315 11732 19 32 100
37317 11733 19 33 100
37318 11734 19 34 100
37319 11735 19 35 100
37321 11736 19 36 100
37323 11737 19 37 100
37324 11738 19 38 100
37325 11739 19 39 100
37326 11740 19 40 100
37327 11741 19 41 100
37328 11742 19 42 100
37329 11743 19 43 100
37331 11744 19 44 100
37332 11745 19 45 100
37333 11746 19 46 100
37335 11747 19 47 100
37336 11748 19 48 100
37337 11749 19 49 100
37338 11750 19 50 100
37340 11751 19 51 100
37341 11752 19 52 100
37346 11753 19 53 100
37347 11754 19 54 100
37348 11755 19 55 100
37350 11756 19 56 100
37351 11757 19 57 100
37352 11758 19 58 100
37353 11759 19 59 100
37354 11760 19 60 100
37355 11761 19 61 100
37356 11762 19 62 100
37357 11763 19 63 100
37358 11764 19 64 100
37361 11765 19 65 100
37363 11766 19 66 100
37364 11767 19 67 100
37365 11768 19 68 100
37367 11769 19 69 100
37368 11770 19 70 100
37369 11771 19 71 100
37373 11772 19 72 100
37375 11773 19 73 100
37376 11774 19 74 100
37377 11775 19 75 100
37378 11776 19 76 100
37379 11777 19 77 100
37380 11778 19 78 100
37381 11779 19 79 100
37382 11780 19 80 100
37383 11781 19 81 100
37385 11782 19 82 100
37386 11783 19 83 100
37388 11784 19 84 100
37389 11785 19 85 100
37391 11786 19 86 100
37392 11787 19 87 100
37393 11788 19 88 100
37394 11789 19 89 100
37396 11790 19 90 100
37397 11791 19 91 100
37398 11792 19 92 100
37399 11793 19 93 100
37401 11794 19 94 100
37402 11795 19 95 100
37404 11796 19 96 100
37406 11797 19 97 100
37411 11798 19 98 100
37412 11799 19 99 100
37413 11800 19 100 100
37414 11801 19 101 100
37415 11802 19 102 100
37421 11803 19 103 100
37422 11804 19 104 100
37424 11805 19 105 100
37425 11806 19 106 100
37426 11807 19 107 100
37427 11808 19 108 100
37428 11809 19 109 100
37430 11810 19 110 100
37431 11811 19 111 100
37432 11812 19 112 100
37433 11813 19 113 100
37434 11814 19 114 100
37437 11815 19 115 100
37438 11816 19 116 100
37439 11817 19 0 101
37440 11818 19 1 101
37445 11819 19 2 101
37446 11820 19 3 101
37448 11821 19 4 101
37449 11822 19 5 101
37450 11823 19 6 101
37451 11824 19 7 101
37452 11825 19 8 101
37453 11826 19 9 101
37454 11827 19 10 101
37455 11828 19 11 101
37456 11829 19 12 101
37457 11830 19 13 101
37458 11831 19 14 101
37459 11832 19 15 101
37460 11833 19 16 101
37462 11834 19 17 101
37463 11835 19 18 101
37466 11836 19 19 101
37467 11837 19 20 101
37470 11838 19 21 101
37472 11839 19 22 101
37473 11840 19 23 101
37475 11841 19 24 101
37476 11842 19 25 101
37477 11843 19 26 101
37478 11844 19 27 101
37479 11845 19 28 101
37484 11846 19 29 101
37485 11847 19 30 101
37487 11848 19 31 101
37488 11849 19 32 101
37490 11850 19 33 101
37494 11851 19 34 101
37496 11852 19 35 101
37497 11853 19 36 101
37498 11854 19 37 101
37499 11855 19 38 101
37500 11856 19 39 101
37501 11857 19 40 101
37502 11858 19 41 101
37503 11859 19 42 101
37504 11860 19 43 101
37506 11861 19 44 101
37507 11862 19 45 101
37509 11863 19 46 101
37510 11864 19 47 101
37511 11865 19 48 101
37512 11866 19 49 101
37514 11867 19 50 101
37515 11868 19 51 101
37516 11869 19 52 101
37517 11870 19 53 101
37518 11871 19 54 101
37521 11872 19 55 101
37523 11873 19 56 101
37524 11874 19 57 101
37525 11875 19 58 101
37526 11876 19 59 101
37527 11877 19 60 101
37528 11878 19 61 101
37529 11879 19 62 101
37530 11880 19 63 101
37531 11881 19 64 101
37532 11882 19 65 101
37533 11883 19 66 101
37536 11884 19 67 101
37537 11885 19 68 101
37538 11886 19 69 101
37539 11887 19 70 101
37540 11888 19 71 101
37541 11889 19 72 101
37542 11890 19 73 101
37543 11891 19 74 101
37544 11892 19 75 101
37545 11893 19 76 101
37546 11894 19 77 101
37547 11895 19 78 101
37548 11896 19 79 101
37554 11897 19 80 101
37555 11898 19 81 101
37556 11899 19 82 101
37557 11900 19 83 101
37558 11901 19 84 101
37559 11902 19 85 101
37563 11903 19 86 101
37564 11904 19 87 101
37568 11905 19 88 101
37569 11906 19 89 101
37570 11907 19 90 101
37571 11908 19 91 101
37572 11909 19 92 101
37573 11910 19 93 101
37574 11911 19 94 101
37575 11912 19 95 101
37576 11913 19 96 101
37577 11914 19 97 101
37578 11915 19 98 101
37579 11916 19 99 101
37580 11917 19 100 101
37581 11918 19 101 101
37582 11919 19 102 101
37583 11920 19 103 101
37584 11921 19 104 101
37585 11922 19 105 101
37586 11923 19 106 101
37587 11924 19 107 101
37589 11925 19 108 101
37591 11926 19 109 101
37592 11927 19 110 101
37593 11928 19 111 101
37597 11929 19 112 101
37598 11930 19 113 101
37599 11931 19 114 101
37600 11932 19 115 101
37601 11933 19 116 101
37604 11934 19 0 102
37606 11935 19 1 102
37607 11936 19 2 102
37608 11937 19 3 102
37609 11938 19 4 102
37610 11939 19 5 102
37614 11940 19 6 102
37615 11941 19 7 102
37616 11942 19 8 102
37617 11943 19 9 102
37623 11944 19 10 102
37624 11945 19 11 102
37625 11946 19 12 102
37626 11947 19 13 102
37627 11948 19 14 102
37628 11949 19 15 102
37630 11950 19 16 102
37631 11951 19 17 102
37632 11952 19 18 102
37633 11953 19 19 102
37634 11954 19 20 102
37636 11955 19 21 102
37638 11956 19 22 102
37640 11957 19 23 102
37641 11958 19 24 102
37643 11959 19 25 102
37644 11960 19 26 102
37645 11961 19 27 102
37646 11962 19 28 102
37647 11963 19 29 102
37648 11964 19 30 102
37650 11965 19 31 102
37651 11966 19 32 102
37652 11967 19 33 102
37653 11968 19 34 102
37654 11969 19 35 102
37656 11970 19 36 102
37657 11971 19 37 102
37658 11972 19 38 102
37659 11973 19 39 102
37661 11974 19 40 102
37662 11975 19 41 102
37663 11976 19 42 102
37664 11977 19 43 102
37665 11978 19 44 102
37666 11979 19 45 102
37667 11980 19 46 102
37668 11981 19 47 102
37669 11982 19 48 102
37670 11983 19 49 102
37671 11984 19 50 102
37672 11985 19 51 102
37673 11986 19 52 102
37674 11987 19 53 102
37675 11988 19 54 102
37677 11989 19 55 102
37678 11990 19 56 102
37679 11991 19 57 102
37683 11992 19 58 102
37684 11993 19 59 102
37685 11994 19 60 102
37686 11995 19 61 102
37688 11996 19 62 102
37689 11997 19 63 102
37692 11998 19 64 102
37702 11999 19 65 102
37703 12000 19 66 102
37705 12001 19 67 102
37706 12002 19 68 102
37707 12003 19 69 102
37708 12004 19 70 102
37709 12005 19 71 102
37710 12006 19 72 102
37711 12007 19 73 102
37712 12008 19 74 102
37713 12009 19 75 102
37714 12010 19 76 102
37716 12011 19 77 102
37717 12012 19 78 102
37718 12013 19 79 102
37719 12014 19 80 102
37720 12015 19 81 102
37721 12016 19 82 102
37722 12017 19 83 102
37723 12018 19 84 102
37724 12019 19 85 102
37726 12020 19 86 102
37728 12021 19 87 102
37729 12022 19 88 102
37731 12023 19 89 102
37732 12024 19 90 102
37733 12025 19 91 102
37735 12026 19 92 102
37738 12027 19 93 102
37740 12028 19 94 102
37741 12029 19 95 102
37744 12030 19 96 102
37745 12031 19 97 102
37749 12032 19 98 102
37750 12033 19 99 102
37751 12034 19 100 102
37753 12035 19 101 102
37754 12036 19 102 102
37755 12037 19 103 102
37756 12038 19 104 102
37758 12039 19 105 102
37760 12040 19 106 102
37762 12041 19 107 102
37763 12042 19 108 102
37768 12043 19 109 102
37769 12044 19 110 102
37770 12045 19 111 102
37772 12046 19 112 102
37773 12047 19 113 102
37774 12048 19 114 102
37775 12049 19 115 102
37777 12050 19 116 102
37778 12051 19 0 103
37780 12052 19 1 103
37781 12053 19 2 103
37782 12054 19 3 103
37783 12055 19 4 103
37784 12056 19 5 103
37785 12057 19 6 103
37786 12058 19 7 103
37787 12059 19 8 103
37789 12060 19 9 103
37790 12061 19 10 103
37791 12062 19 11 103
37793 12063 19 12 103
37794 12064 19 13 103
37795 12065 19 14 103
37796 12066 19 15 103
37797 12067 19 16 103
37798 12068 19 17 103
37799 12069 19 18 103
37800 12070 19 19 103
37801 12071 19 20 103
37802 12072 19 21 103
37804 12073 19 22 103
37806 12074 19 23 103
37807 12075 19 24 103
37808 12076 19 25 103
37809 12077 19 26 103
37810 12078 19 27 103
37811 12079 19 28 103
37812 12080 19 29 103
37813 12081 19 30 103
37815 12082 19 31 103
37824 12083 19 32 103
37826 12084 19 33 103
37827 12085 19 34 103
37828 12086 19 35 103
37831 12087 19 36 103
37832 12088 19 37 103
37834 12089 19 38 103
37836 12090 19 39 103
37837 12091 19 40 103
37838 12092 19 41 103
37839 12093 19 42 103
37840 12094 19 43 103
37841 12095 19 44 103
37842 12096 19 45 103
37844 12097 19 46 103
37845 12098 19 47 103
37846 12099 19 48 103
37847 12100 19 49 103
37848 12101 19 50 103
37849 12102 19 51 103
37850 12103 19 52 103
37852 12104 19 53 103
37853 12105 19 54 103
37854 12106 19 55 103
37855 12107 19 56 103
37857 12108 19 57 103
37858 12109 19 58 103
37859 12110 19 59 103
37860 12111 19 60 103
37862 12112 19 61 103
37863 12113 19 62 103
37864 12114 19 63 103
37868 12115 19 64 103
37870 12116 19 65 103
37877 12117 19 66 103
37878 12118 19 67 103
37879 12119 19 68 103
37880 12120 19 69 103
37881 12121 19 70 103
37882 12122 19 71 103
37883 12123 19 72 103
37884 12124 19 73 103
37885 12125 19 74 103
37886 12126 19 75 103
37887 12127 19 76 103
37888 12128 19 77 103
37891 12129 19 78 103
37894 12130 19 79 103
37895 12131 19 80 103
37897 12132 19 81 103
37898 12133 19 82 103
37899 12134 19 83 103
37900 12135 19 84 103
37901 12136 19 85 103
37902 12137 19 86 103
37903 12138 19 87 103
37904 12139 19 88 103
37905 12140 19 89 103
37906 12141 19 90 103
37907 12142 19 91 103
37908 12143 19 92 103
37909 12144 19 93 103
37910 12145 19 94 103
37912 12146 19 95 103
37913 12147 19 96 103
37920 12148 19 97 103
37928 12149 19 98 103
37929 12150 19 99 103
37930 12151 19 100 103
37931 12152 19 101 103
37932 12153 19 102 103
37934 12154 19 103 103
37936 12155 19 104 103
37937 12156 19 105 103
37938 12157 19 106 103
37939 12158 19 107 103
37941 12159 19 108 103
37942 12160 19 109 103
37943 12161 19 110 103
37944 12162 19 111 103
37945 12163 19 112 103
37946 12164 19 113 103
37947 12165 19 114 103
37948 12166 19 115 103
37949 12167 19 116 103
37951 12168 19 0 104
37952 12169 19 1 104
37956 12170 19 2 104
37957 12171 19 3 104
37958 12172 19 4 104
37959 12173 19 5 104
37960 12174 19 6 104
37961 12175 19 7 104
37962 12176 19 8 104
37963 12177 19 9 104
37964 12178 19 10 104
37967 12179 19 11 104
37968 12180 19 12 104
37969 12181 19 13 104
37970 12182 19 14 104
37973 12183 19 15 104
37975 12184 19 16 104
37981 12185 19 17 104
37982 12186 19 18 104
37984 12187 19 19 104
37986 12188 19 20 104
37987 12189 19 21 104
37988 12190 19 22 104
37992 12191 19 23 104
37993 12192 19 24 104
37994 12193 19 25 104
37995 12194 19 26 104
37997 12195 19 27 104
37998 12196 19 28 104
37999 12197 19 29 104
38000 12198 19 30 104
38001 12199 19 31 104
38002 12200 19 32 104
38003 12201 19 33 104
38004 12202 19 34 104
38005 12203 19 35 104
38006 12204 19 36 104
38007 12205 19 37 104
38008 12206 19 38 104
38012 12207 19 39 104
38013 12208 19 40 104
38014 12209 19 41 104
38015 12210 19 42 104
38016 12211 19 43 104
38017 12212 19 44 104
38018 12213 19 45 104
38019 12214 19 46 104
38263 12215 19 47 104
38266 12216 19 48 104
38267 12217 19 49 104
38268 12218 19 50 104
38269 12219 19 51 104
38272 12220 19 52 104
38274 12221 19 53 104
38275 12222 19 54 104
38278 12223 19 55 104
38280 12224 19 56 104
38281 12225 19 57 104
38283 12226 19 58 104
38284 12227 19 59 104
38285 12228 19 60 104
38286 12229 19 61 104
38287 12230 19 62 104
38288 12231 19 63 104
38289 12232 19 64 104
38290 12233 19 65 104
38291 12234 19 66 104
38292 12235 19 67 104
38296 12236 19 68 104
38299 12237 19 69 104
38300 12238 19 70 104
38302 12239 19 71 104
38303 12240 19 72 104
38305 12241 19 73 104
38307 12242 19 74 104
38308 12243 19 75 104
38309 12244 19 76 104
38312 12245 19 77 104
38313 12246 19 78 104
38315 12247 19 79 104
38316 12248 19 80 104
38317 12249 19 81 104
38318 12250 19 82 104
38320 12251 19 83 104
38321 12252 19 84 104
38325 12253 19 85 104
38326 12254 19 86 104
38327 12255 19 87 104
38329 12256 19 88 104
38330 12257 19 89 104
38331 12258 19 90 104
38332 12259 19 91 104
38333 12260 19 92 104
38334 12261 19 93 104
38335 12262 19 94 104
38336 12263 19 95 104
38339 12264 19 96 104
38341 12265 19 97 104
38342 12266 19 98 104
38343 12267 19 99 104
38344 12268 19 100 104
38345 12269 19 101 104
38346 12270 19 102 104
38347 12271 19 103 104
38348 12272 19 104 104
38349 12273 19 105 104
38352 12274 19 106 104
38353 12275 19 107 104
38354 12276 19 108 104
38355 12277 19 109 104
38356 12278 19 110 104
38357 12279 19 111 104
38358 12280 19 112 104
38362 12281 19 113 104
38363 12282 19 114 104
38364 12283 19 115 104
38366 12284 19 116 104
38367 12285 19 0 105
38368 12286 19 1 105
38369 12287 19 2 105
38370 12288 19 3 105
38371 12289 19 4 105
38372 12290 19 5 105
38373 12291 19 6 105
38428 12292 19 7 105
38430 12293 19 8 105
38432 12294 19 9 105
38433 12295 19 10 105
38434 12296 19 11 105
38435 12297 19 12 105
38436 12298 19 13 105
38440 12299 19 14 105
38442 12300 19 15 105
38444 12301 19 16 105
38445 12302 19 17 105
38446 12303 19 18 105
38447 12304 19 19 105
38448 12305 19 20 105
38449 12306 19 21 105
38450 12307 19 22 105
38457 12308 19 23 105
38458 12309 19 24 105
38459 12310 19 25 105
38460 12311 19 26 105
38461 12312 19 27 105
38463 12313 19 28 105
38464 12314 19 29 105
38466 12315 19 30 105
38467 12316 19 31 105
38468 12317 19 32 105
38474 12318 19 33 105
38475 12319 19 34 105
38476 12320 19 35 105
38477 12321 19 36 105
38478 12322 19 37 105
38479 12323 19 38 105
38480 12324 19 39 105
38481 12325 19 40 105
38483 12326 19 41 105
38484 12327 19 42 105
38488 12328 19 43 105
38491 12329 19 44 105
38492 12330 19 45 105
38493 12331 19 46 105
38494 12332 19 47 105
38495 12333 19 48 105
38497 12334 19 49 105
38498 12335 19 50 105
38499 12336 19 51 105
38500 12337 19 52 105
38506 12338 19 53 105
38507 12339 19 54 105
38508 12340 19 55 105
38509 12341 19 56 105
38511 12342 19 57 105
38512 12343 19 58 105
38513 12344 19 59 105
38514 12345 19 60 105
38515 12346 19 61 105
38516 12347 19 62 105
38517 12348 19 63 105
38518 12349 19 64 105
38519 12350 19 65 105
38520 12351 19 66 105
38524 12352 19 67 105
38525 12353 19 68 105
38526 12354 19 69 105
38528 12355 19 70 105
38531 12356 19 71 105
38532 12357 19 72 105
38533 12358 19 73 105
38534 12359 19 74 105
38535 12360 19 75 105
38536 12361 19 76 105
38537 12362 19 77 105
38538 12363 19 78 105
38539 12364 19 79 105
38541 12365 19 80 105
38542 12366 19 81 105
38545 12367 19 82 105
38546 12368 19 83 105
38547 12369 19 84 105
38548 12370 19 85 105
38549 12371 19 86 105
38551 12372 19 87 105
38552 12373 19 88 105
38553 12374 19 89 105
38555 12375 19 90 105
38556 12376 19 91 105
38558 12377 19 92 105
38561 12378 19 93 105
38562 12379 19 94 105
38564 12380 19 95 105
38567 12381 19 96 105
38568 12382 19 97 105
38569 12383 19 98 105
38570 12384 19 99 105
38572 12385 19 100 105
38574 12386 19 101 105
38576 12387 19 102 105
38577 12388 19 103 105
38579 12389 19 104 105
38580 12390 19 105 105
38584 12391 19 106 105
38585 12392 19 107 105
38587 12393 19 108 105
38588 12394 19 109 105
38591 12395 19 110 105
38592 12396 19 111 105
38593 12397 19 112 105
38594 12398 19 113 105
38595 12399 19 114 105
38596 12400 19 115 105
38597 12401 19 116 105
38598 12402 19 0 106
38599 12403 19 1 106
38600 12404 19 2 106
38601 12405 19 3 106
38602 12406 19 4 106
38603 12407 19 5 106
38604 12408 19 6 106
38605 12409 19 7 106
38606 12410 19 8 106
38610 12411 19 9 106
38611 12412 19 10 106
38612 12413 19 11 106
38613 12414 19 12 106
38614 12415 19 13 106
38615 12416 19 14 106
38616 12417 19 15 106
38617 12418 19 16 106
38618 12419 19 17 106
38619 12420 19 18 106
38620 12421 19 19 106
38621 12422 19 20 106
38622 12423 19 21 106
38623 12424 19 22 106
38625 12425 19 23 106
38626 12426 19 24 106
38627 12427 19 25 106
38629 12428 19 26 106
38632 12429 19 27 106
38633 12430 19 28 106
38634 12431 19 29 106
38639 12432 19 30 106
38640 12433 19 31 106
38641 12434 19 32 106
38642 12435 19 33 106
38645 12436 19 34 106
38646 12437 19 35 106
38647 12438 19 36 106
38648 12439 19 37 106
38649 12440 19 38 106
38650 12441 19 39 106
38651 12442 19 40 106
38653 12443 19 41 106
38655 12444 19 42 106
38656 12445 19 43 106
38658 12446 19 44 106
38660 12447 19 45 106
38661 12448 19 46 106
38662 12449 19 47 106
38663 12450 19 48 106
38664 12451 19 49 106
38665 12452 19 50 106
38667 12453 19 51 106
38669 12454 19 52 106
38670 12455 19 53 106
38671 12456 19 54 106
38672 12457 19 55 106
38673 12458 19 56 106
38674 12459 19 57 106
38675 12460 19 58 106
38678 12461 19 59 106
38680 12462 19 60 106
38681 12463 19 61 106
38684 12464 19 62 106
38685 12465 19 63 106
38686 12466 19 64 106
38687 12467 19 65 106
38688 12468 19 66 106
38690 12469 19 67 106
38691 12470 19 68 106
38692 12471 19 69 106
38693 12472 19 70 106
38694 12473 19 71 106
38695 12474 19 72 106
38696 12475 19 73 106
38697 12476 19 74 106
38698 12477 19 75 106
38699 12478 19 76 106
38700 12479 19 77 106
38702 12480 19 78 106
38703 12481 19 79 106
38704 12482 19 80 106
38706 12483 19 81 106
38709 12484 19 82 106
38712 12485 19 83 106
38713 12486 19 84 106
38714 12487 19 85 106
38717 12488 19 86 106
38718 12489 19 87 106
38719 12490 19 88 106
38722 12491 19 89 106
38723 12492 19 90 106
38724 12493 19 91 106
38726 12494 19 92 106
38727 12495 19 93 106
38728 12496 19 94 106
38729 12497 19 95 106
38731 12498 19 96 106
38738 12499 19 97 106
38742 12500 19 98 106
38744 12501 19 99 106
38746 12502 19 100 106
38747 12503 19 101 106
38748 12504 19 102 106
38750 12505 19 103 106
38752 12506 19 104 106
38753 12507 19 105 106
38754 12508 19 106 106
38758 12509 19 107 106
38760 12510 19 108 106
38761 12511 19 109 106
38762 12512 19 110 106
38764 12513 19 111 106
38766 12514 19 112 106
38768 12515 19 113 106
38770 12516 19 114 106
38771 12517 19 115 106
38772 12518 19 116 106
38774 12519 19 0 107
38775 12520 19 1 107
38776 12521 19 2 107
38778 12522 19 3 107
38779 12523 19 4 107
38780 12524 19 5 107
38781 12525 19 6 107
38782 12526 19 7 107
38783 12527 19 8 107
38784 12528 19 9 107
38785 12529 19 10 107
38786 12530 19 11 107
38787 12531 19 12 107
38788 12532 19 13 107
38789 12533 19 14 107
38792 12534 19 15 107
38794 12535 19 16 107
38795 12536 19 17 107
38797 12537 19 18 107
38798 12538 19 19 107
38799 12539 19 20 107
38804 12540 19 21 107
38807 12541 19 22 107
38808 12542 19 23 107
38809 12543 19 24 107
38810 12544 19 25 107
38812 12545 19 26 107
38813 12546 19 27 107
38814 12547 19 28 107
38816 12548 19 29 107
38817 12549 19 30 107
38818 12550 19 31 107
38819 12551 19 32 107
38820 12552 19 33 107
38821 12553 19 34 107
38822 12554 19 35 107
38824 12555 19 36 107
38826 12556 19 37 107
38827 12557 19 38 107
38828 12558 19 39 107
38829 12559 19 40 107
38830 12560 19 41 107
38835 12561 19 42 107
38838 12562 19 43 107
38839 12563 19 44 107
38841 12564 19 45 107
38843 12565 19 46 107
38847 12566 19 47 107
38849 12567 19 48 107
38851 12568 19 49 107
38852 12569 19 50 107
38853 12570 19 51 107
38854 12571 19 52 107
38855 12572 19 53 107
38857 12573 19 54 107
38859 12574 19 55 107
38860 12575 19 56 107
38861 12576 19 57 107
38862 12577 19 58 107
38863 12578 19 59 107
38864 12579 19 60 107
38867 12580 19 61 107
38868 12581 19 62 107
38869 12582 19 63 107
38870 12583 19 64 107
38871 12584 19 65 107
38872 12585 19 66 107
38873 12586 19 67 107
38876 12587 19 68 107
38877 12588 19 69 107
38878 12589 19 70 107
38879 12590 19 71 107
38881 12591 19 72 107
38883 12592 19 73 107
38885 12593 19 74 107
38893 12594 19 75 107
38896 12595 19 76 107
38897 12596 19 77 107
38899 12597 19 78 107
38902 12598 19 79 107
38904 12599 19 80 107
38905 12600 19 81 107
38906 12601 19 82 107
38907 12602 19 83 107
38909 12603 19 84 107
38910 12604 19 85 107
38911 12605 19 86 107
38912 12606 19 87 107
38913 12607 19 88 107
38914 12608 19 89 107
38915 12609 19 90 107
38916 12610 19 91 107
38917 12611 19 92 107
38918 12612 19 93 107
38919 12613 19 94 107
38920 12614 19 95 107
38922 12615 19 96 107
38924 12616 19 97 107
38925 12617 19 98 107
38926 12618 19 99 107
38927 12619 19 100 107
38928 12620 19 101 107
38929 12621 19 102 107
38930 12622 19 103 107
38931 12623 19 104 107
38934 12624 19 105 107
38935 12625 19 106 107
38936 12626 19 107 107
38939 12627 19 108 107
38940 12628 19 109 107
38941 12629 19 110 107
38942 12630 19 111 107
38944 12631 19 112 107
38945 12632 19 113 107
38948 12633 19 114 107
38950 12634 19 115 107
38951 12635 19 116 107
38952 12636 19 0 108
38953 12637 19 1 108
38955 12638 19 2 108
38957 12639 19 3 108
38959 12640 19 4 108
38960 12641 19 5 108
38962 12642 19 6 108
38965 12643 19 7 108
38967 12644 19 8 108
38968 12645 19 9 108
38969 12646 19 10 108
38971 12647 19 11 108
38977 12648 19 12 108
38979 12649 19 13 108
38980 12650 19 14 108
38981 12651 19 15 108
38982 12652 19 16 108
38984 12653 19 17 108
38985 12654 19 18 108
38986 12655 19 19 108
38988 12656 19 20 108
38989 12657 19 21 108
38990 12658 19 22 108
38991 12659 19 23 108
38992 12660 19 24 108
38993 12661 19 25 108
38994 12662 19 26 108
38995 12663 19 27 108
38999 12664 19 28 108
39000 12665 19 29 108
39001 12666 19 30 108
39003 12667 19 31 108
39004 12668 19 32 108
39005 12669 19 33 108
39006 12670 19 34 108
39007 12671 19 35 108
39008 12672 19 36 108
39010 12673 19 37 108
39011 12674 19 38 108
39012 12675 19 39 108
39013 12676 19 40 108
39015 12677 19 41 108
39017 12678 19 42 108
39018 12679 19 43 108
39019 12680 19 44 108
39023 12681 19 45 108
39024 12682 19 46 108
39025 12683 19 47 108
39026 12684 19 48 108
39027 12685 19 49 108
39028 12686 19 50 108
39080 12687 19 51 108
39081 12688 19 52 108
39084 12689 19 53 108
39085 12690 19 54 108
39086 12691 19 55 108
39087 12692 19 56 108
39089 12693 19 57 108
39090 12694 19 58 108
39091 12695 19 59 108
39094 12696 19 60 108
39096 12697 19 61 108
39098 12698 19 62 108
39099 12699 19 63 108
39100 12700 19 64 108
39101 12701 19 65 108
39102 12702 19 66 108
39103 12703 19 67 108
39104 12704 19 68 108
39105 12705 19 69 108
39106 12706 19 70 108
39108 12707 19 71 108
39110 12708 19 72 108
39113 12709 19 73 108
39115 12710 19 74 108
39116 12711 19 75 108
39131 12712 19 76 108
39135 12713 19 77 108
39138 12714 19 78 108
39139 12715 19 79 108
39141 12716 19 80 108
39143 12717 19 81 108
39145 12718 19 82 108
39146 12719 19 83 108
39147 12720 19 84 108
39149 12721 19 85 108
39151 12722 19 86 108
39154 12723 19 87 108
39156 12724 19 88 108
39158 12725 19 89 108
39161 12726 19 90 108
39162 12727 19 91 108
39164 12728 19 92 108
39165 12729 19 93 108
39166 12730 19 94 108
39168 12731 19 95 108
39170 12732 19 96 108
39171 12733 19 97 108
39173 12734 19 98 108
39175 12735 19 99 108
39176 12736 19 100 108
39177 12737 19 101 108
39178 12738 19 102 108
39180 12739 19 103 108
39184 12740 19 104 108
39185 12741 19 105 108
39186 12742 19 106 108
39187 12743 19 107 108
39188 12744 19 108 108
39189 12745 19 109 108
39190 12746 19 110 108
39191 12747 19 111 108
39192 12748 19 112 108
39194 12749 19 113 108
39195 12750 19 114 108
39198 12751 19 115 108
39199 12752 19 116 108
39201 12753 19 0 109
39204 12754 19 1 109
39205 12755 19 2 109
39207 12756 19 3 109
39208 12757 19 4 109
39209 12758 19 5 109
39210 12759 19 6 109
39211 12760 19 7 109
39212 12761 19 8 109
39213 12762 19 9 109
39214 12763 19 10 109
39215 12764 19 11 109
39216 12765 19 12 109
39217 12766 19 13 109
39218 12767 19 14 109
39219 12768 19 15 109
39221 12769 19 16 109
39226 12770 19 17 109
39228 12771 19 18 109
39229 12772 19 19 109
39230 12773 19 20 109
39231 12774 19 21 109
39233 12775 19 22 109
39235 12776 19 23 109
39237 12777 19 24 109
39239 12778 19 25 109
39240 12779 19 26 109
39241 12780 19 27 109
39243 12781 19 28 109
39244 12782 19 29 109
39246 12783 19 30 109
39248 12784 19 31 109
39249 12785 19 32 109
39250 12786 19 33 109
39251 12787 19 34 109
39252 12788 19 35 109
39253 12789 19 36 109
39254 12790 19 37 109
39255 12791 19 38 109
39256 12792 19 39 109
39257 12793 19 40 109
39259 12794 19 41 109
39260 12795 19 42 109
39262 12796 19 43 109
39263 12797 19 44 109
39265 12798 19 45 109
39318 12799 19 46 109
39319 12800 19 47 109
39320 12801 19 48 109
39321 12802 19 49 109
39324 12803 19 50 109
39325 12804 19 51 109
39326 12805 19 52 109
39329 12806 19 53 109
39331 12807 19 54 109
39333 12808 19 55 109
39334 12809 19 56 109
39335 12810 19 57 109
39336 12811 19 58 109
39339 12812 19 59 109
39340 12813 19 60 109
39341 12814 19 61 109
39342 12815 19 62 109
39343 12816 19 63 109
39344 12817 19 64 109
39345 12818 19 65 109
39346 12819 19 66 109
39347 12820 19 67 109
39348 12821 19 68 109
39349 12822 19 69 109
39353 12823 19 70 109
39354 12824 19 71 109
39355 12825 19 72 109
39357 12826 19 73 109
39361 12827 19 74 109
39362 12828 19 75 109
39363 12829 19 76 109
39367 12830 19 77 109
39369 12831 19 78 109
39371 12832 19 79 109
39372 12833 19 80 109
39373 12834 19 81 109
39374 12835 19 82 109
39375 12836 19 83 109
39376 12837 19 84 109
39377 12838 19 85 109
39378 12839 19 86 109
39379 12840 19 87 109
39380 12841 19 88 109
39381 12842 19 89 109
39382 12843 19 90 109
39383 12844 19 91 109
39384 12845 19 92 109
39385 12846 19 93 109
39387 12847 19 94 109
39388 12848 19 95 109
39389 12849 19 96 109
39391 12850 19 97 109
39394 12851 19 98 109
39395 12852 19 99 109
39396 12853 19 100 109
39397 12854 19 101 109
39399 12855 19 102 109
39401 12856 19 103 109
39402 12857 19 104 109
39404 12858 19 105 109
39405 12859 19 106 109
39406 12860 19 107 109
39408 12861 19 108 109
39409 12862 19 109 109
39412 12863 19 110 109
39414 12864 19 111 109
39415 12865 19 112 109
39416 12866 19 113 109
39417 12867 19 114 109
39418 12868 19 115 109
39419 12869 19 116 109
39420 12870 19 0 110
39421 12871 19 1 110
39422 12872 19 2 110
39423 12873 19 3 110
39425 12874 19 4 110
39426 12875 19 5 110
39427 12876 19 6 110
39428 12877 19 7 110
39429 12878 19 8 110
39430 12879 19 9 110
39431 12880 19 10 110
39433 12881 19 11 110
39434 12882 19 12 110
39435 12883 19 13 110
39437 12884 19 14 110
39438 12885 19 15 110
39439 12886 19 16 110
39441 12887 19 17 110
39444 12888 19 18 110
39445 12889 19 19 110
39446 12890 19 20 110
39449 12891 19 21 110
39450 12892 19 22 110
39451 12893 19 23 110
39452 12894 19 24 110
39453 12895 19 25 110
39454 12896 19 26 110
39456 12897 19 27 110
39458 12898 19 28 110
39459 12899 19 29 110
39460 12900 19 30 110
39461 12901 19 31 110
39463 12902 19 32 110
39465 12903 19 33 110
39466 12904 19 34 110
39467 12905 19 35 110
39468 12906 19 36 110
39469 12907 19 37 110
39470 12908 19 38 110
39472 12909 19 39 110
39473 12910 19 40 110
39474 12911 19 41 110
39476 12912 19 42 110
39477 12913 19 43 110
39478 12914 19 44 110
39479 12915 19 45 110
39480 12916 19 46 110
39481 12917 19 47 110
39482 12918 19 48 110
39485 12919 19 49 110
39486 12920 19 50 110
39487 12921 19 51 110
39488 12922 19 52 110
39489 12923 19 53 110
39490 12924 19 54 110
39491 12925 19 55 110
39492 12926 19 56 110
39493 12927 19 57 110
39494 12928 19 58 110
39496 12929 19 59 110
39497 12930 19 60 110
39498 12931 19 61 110
39500 12932 19 62 110
39501 12933 19 63 110
39502 12934 19 64 110
39503 12935 19 65 110
39504 12936 19 66 110
39506 12937 19 67 110
39507 12938 19 68 110
39508 12939 19 69 110
39509 12940 19 70 110
39510 12941 19 71 110
39511 12942 19 72 110
39513 12943 19 73 110
39514 12944 19 74 110
39515 12945 19 75 110
39518 12946 19 76 110
39519 12947 19 77 110
39520 12948 19 78 110
39522 12949 19 79 110
39524 12950 19 80 110
39525 12951 19 81 110
39526 12952 19 82 110
39527 12953 19 83 110
39528 12954 19 84 110
39529 12955 19 85 110
39530 12956 19 86 110
39531 12957 19 87 110
39592 12958 19 88 110
39595 12959 19 89 110
39597 12960 19 90 110
39599 12961 19 91 110
39600 12962 19 92 110
39601 12963 19 93 110
39603 12964 19 94 110
39604 12965 19 95 110
39607 12966 19 96 110
39608 12967 19 97 110
39609 12968 19 98 110
39611 12969 19 99 110
39612 12970 19 100 110
39614 12971 19 101 110
39615 12972 19 102 110
39616 12973 19 103 110
39617 12974 19 104 110
39618 12975 19 105 110
39622 12976 19 106 110
39623 12977 19 107 110
39626 12978 19 108 110
39629 12979 19 109 110
39631 12980 19 110 110
39632 12981 19 111 110
39633 12982 19 112 110
39634 12983 19 113 110
39635 12984 19 114 110
39636 12985 19 115 110
39637 12986 19 116 110
39638 12987 19 0 111
39640 12988 19 1 111
39644 12989 19 2 111
39647 12990 19 3 111
39649 12991 19 4 111
39651 12992 19 5 111
39654 12993 19 6 111
39655 12994 19 7 111
39659 12995 19 8 111
39660 12996 19 9 111
39661 12997 19 10 111
39662 12998 19 11 111
39663 12999 19 12 111
39665 13000 19 13 111
39666 13001 19 14 111
39667 13002 19 15 111
39670 13003 19 16 111
39671 13004 19 17 111
39673 13005 19 18 111
39674 13006 19 19 111
39675 13007 19 20 111
39676 13008 19 21 111
39677 13009 19 22 111
39678 13010 19 23 111
39681 13011 19 24 111
39683 13012 19 25 111
39684 13013 19 26 111
39685 13014 19 27 111
39686 13015 19 28 111
39688 13016 19 29 111
39690 13017 19 30 111
39691 13018 19 31 111
39692 13019 19 32 111
39693 13020 19 33 111
39694 13021 19 34 111
39696 13022 19 35 111
39697 13023 19 36 111
39698 13024 19 37 111
39701 13025 19 38 111
39702 13026 19 39 111
39703 13027 19 40 111
39704 13028 19 41 111
39705 13029 19 42 111
39706 13030 19 43 111
39710 13031 19 44 111
39711 13032 19 45 111
39712 13033 19 46 111
39714 13034 19 47 111
39715 13035 19 48 111
39716 13036 19 49 111
39717 13037 19 50 111
39719 13038 19 51 111
39720 13039 19 52 111
39721 13040 19 53 111
39723 13041 19 54 111
39726 13042 19 55 111
39727 13043 19 56 111
39729 13044 19 57 111
39730 13045 19 58 111
39731 13046 19 59 111
39733 13047 19 60 111
39735 13048 19 61 111
39738 13049 19 62 111
39739 13050 19 63 111
39740 13051 19 64 111
39742 13052 19 65 111
39743 13053 19 66 111
39745 13054 19 67 111
39746 13055 19 68 111
39747 13056 19 69 111
39748 13057 19 70 111
39749 13058 19 71 111
39750 13059 19 72 111
39752 13060 19 73 111
39754 13061 19 74 111
39755 13062 19 75 111
39756 13063 19 76 111
39757 13064 19 77 111
39758 13065 19 78 111
39759 13066 19 79 111
39761 13067 19 80 111
39762 13068 19 81 111
39764 13069 19 82 111
39765 13070 19 83 111
39766 13071 19 84 111
39768 13072 19 85 111
39769 13073 19 86 111
39770 13074 19 87 111
39771 13075 19 88 111
39775 13076 19 89 111
39776 13077 19 90 111
39777 13078 19 91 111
39780 13079 19 92 111
39782 13080 19 93 111
39783 13081 19 94 111
39784 13082 19 95 111
39788 13083 19 96 111
39791 13084 19 97 111
39792 13085 19 98 111
39793 13086 19 99 111
39796 13087 19 100 111
39797 13088 19 101 111
39798 13089 19 102 111
39799 13090 19 103 111
39802 13091 19 104 111
39803 13092 19 105 111
39804 13093 19 106 111
39805 13094 19 107 111
39806 13095 19 108 111
39808 13096 19 109 111
39810 13097 19 110 111
39813 13098 19 111 111
39814 13099 19 112 111
39815 13100 19 113 111
39816 13101 19 114 111
39824 13102 19 115 111
39825 13103 19 116 111
39826 13104 19 0 112
39827 13105 19 1 112
39829 13106 19 2 112
39834 13107 19 3 112
39835 13108 19 4 112
39838 13109 19 5 112
39840 13110 19 6 112
39841 13111 19 7 112
39842 13112 19 8 112
39844 13113 19 9 112
39845 13114 19 10 112
39846 13115 19 11 112
39848 13116 19 12 112
39850 13117 19 13 112
39851 13118 19 14 112
39853 13119 19 15 112
39854 13120 19 16 112
39855 13121 19 17 112
39861 13122 19 18 112
39862 13123 19 19 112
39864 13124 19 20 112
39865 13125 19 21 112
39869 13126 19 22 112
39871 13127 19 23 112
39872 13128 19 24 112
39873 13129 19 25 112
39875 13130 19 26 112
39876 13131 19 27 112
39878 13132 19 28 112
39879 13133 19 29 112
39880 13134 19 30 112
39881 13135 19 31 112
39882 13136 19 32 112
39891 13137 19 33 112
39892 13138 19 34 112
39893 13139 19 35 112
39894 13140 19 36 112
39895 13141 19 37 112
39897 13142 19 38 112
39898 13143 19 39 112
39899 13144 19 40 112
39900 13145 19 41 112
39902 13146 19 42 112
39904 13147 19 43 112
39905 13148 19 44 112
39906 13149 19 45 112
39908 13150 19 46 112
39909 13151 19 47 112
39910 13152 19 48 112
39911 13153 19 49 112
39912 13154 19 50 112
39914 13155 19 51 112
39915 13156 19 52 112
39916 13157 19 53 112
39920 13158 19 54 112
39927 13159 19 55 112
39928 13160 19 56 112
39933 13161 19 57 112
39941 13162 19 58 112
39942 13163 19 59 112
39943 13164 19 60 112
39944 13165 19 61 112
39945 13166 19 62 112
39947 13167 19 63 112
39949 13168 19 64 112
39950 13169 19 65 112
39954 13170 19 66 112
39955 13171 19 67 112
39956 13172 19 68 112
39959 13173 19 69 112
39964 13174 19 70 112
39965 13175 19 71 112
39969 13176 19 72 112
39971 13177 19 73 112
39972 13178 19 74 112
39973 13179 19 75 112
39976 13180 19 76 112
39977 13181 19 77 112
39979 13182 19 78 112
39980 13183 19 79 112
39981 13184 19 80 112
39985 13185 19 81 112
39986 13186 19 82 112
39987 13187 19 83 112
39988 13188 19 84 112
39990 13189 19 85 112
39991 13190 19 86 112
39993 13191 19 87 112
39995 13192 19 88 112
39996 13193 19 89 112
39997 13194 19 90 112
39998 13195 19 91 112
39999 13196 19 92 112
40000 13197 19 93 112
40001 13198 19 94 112
40004 13199 19 95 112
40006 13200 19 96 112
40008 13201 19 97 112
40009 13202 19 98 112
40010 13203 19 99 112
40011 13204 19 100 112
40012 13205 19 101 112
40013 13206 19 102 112
40014 13207 19 103 112
40016 13208 19 104 112
40018 13209 19 105 112
40020 13210 19 106 112
40021 13211 19 107 112
40022 13212 19 108 112
40023 13213 19 109 112
40024 13214 19 110 112
40025 13215 19 111 112
40030 13216 19 112 112
40031 13217 19 113 112
40032 13218 19 114 112
40034 13219 19 115 112
40035 13220 19 116 112
40038 13221 19 0 113
40039 13222 19 1 113
40040 13223 19 2 113
40045 13224 19 3 113
40046 13225 19 4 113
40049 13226 19 5 113
40051 13227 19 6 113
40052 13228 19 7 113
40053 13229 19 8 113
40055 13230 19 9 113
40056 13231 19 10 113
40057 13232 19 11 113
40058 13233 19 12 113
40165 13234 19 13 113
40166 13235 19 14 113
40167 13236 19 15 113
40169 13237 19 16 113
40170 13238 19 17 113
40173 13239 19 18 113
40177 13240 19 19 113
40178 13241 19 20 113
40179 13242 19 21 113
40180 13243 19 22 113
40181 13244 19 23 113
40182 13245 19 24 113
40183 13246 19 25 113
40185 13247 19 26 113
40186 13248 19 27 113
40187 13249 19 28 113
40188 13250 19 29 113
40189 13251 19 30 113
40191 13252 19 31 113
40192 13253 19 32 113
40195 13254 19 33 113
40196 13255 19 34 113
40197 13256 19 35 113
40198 13257 19 36 113
40199 13258 19 37 113
40200 13259 19 38 113
40201 13260 19 39 113
40208 13261 19 40 113
40210 13262 19 41 113
40212 13263 19 42 113
40213 13264 19 43 113
40215 13265 19 44 113
40216 13266 19 45 113
40217 13267 19 46 113
40219 13268 19 47 113
40221 13269 19 48 113
40222 13270 19 49 113
40223 13271 19 50 113
40224 13272 19 51 113
40226 13273 19 52 113
40227 13274 19 53 113
40229 13275 19 54 113
40230 13276 19 55 113
40232 13277 19 56 113
40233 13278 19 57 113
40237 13279 19 58 113
40238 13280 19 59 113
40239 13281 19 60 113
40240 13282 19 61 113
40241 13283 19 62 113
40243 13284 19 63 113
40246 13285 19 64 113
40247 13286 19 65 113
40248 13287 19 66 113
40251 13288 19 67 113
40253 13289 19 68 113
40254 13290 19 69 113
40255 13291 19 70 113
40256 13292 19 71 113
40257 13293 19 72 113
40258 13294 19 73 113
40259 13295 19 74 113
40261 13296 19 75 113
40266 13297 19 76 113
40267 13298 19 77 113
40268 13299 19 78 113
40271 13300 19 79 113
40273 13301 19 80 113
40274 13302 19 81 113
40275 13303 19 82 113
40276 13304 19 83 113
40278 13305 19 84 113
40279 13306 19 85 113
40280 13307 19 86 113
40281 13308 19 87 113
40282 13309 19 88 113
40283 13310 19 89 113
40284 13311 19 90 113
40285 13312 19 91 113
40287 13313 19 92 113
40288 13314 19 93 113
40289 13315 19 94 113
40295 13316 19 95 113
40296 13317 19 96 113
40297 13318 19 97 113
40298 13319 19 98 113
40299 13320 19 99 113
40300 13321 19 100 113
40303 13322 19 101 113
40304 13323 19 102 113
40305 13324 19 103 113
40306 13325 19 104 113
40307 13326 19 105 113
40308 13327 19 106 113
40309 13328 19 107 113
40311 13329 19 108 113
40312 13330 19 109 113
40313 13331 19 110 113
40315 13332 19 111 113
40317 13333 19 112 113
40319 13334 19 113 113
40320 13335 19 114 113
40321 13336 19 115 113
40322 13337 19 116 113
40324 13338 19 0 114
40325 13339 19 1 114
40326 13340 19 2 114
40327 13341 19 3 114
40328 13342 19 4 114
40329 13343 19 5 114
40330 13344 19 6 114
40331 13345 19 7 114
40332 13346 19 8 114
40336 13347 19 9 114
40338 13348 19 10 114
40340 13349 19 11 114
40342 13350 19 12 114
40343 13351 19 13 114
40344 13352 19 14 114
40345 13353 19 15 114
40346 13354 19 16 114
40347 13355 19 17 114
40348 13356 19 18 114
40349 13357 19 19 114
40350 13358 19 20 114
40351 13359 19 21 114
40352 13360 19 22 114
40353 13361 19 23 114
40354 13362 19 24 114
40355 13363 19 25 114
40356 13364 19 26 114
40358 13365 19 27 114
40359 13366 19 28 114
40360 13367 19 29 114
40361 13368 19 30 114
40362 13369 19 31 114
40364 13370 19 32 114
40365 13371 19 33 114
40367 13372 19 34 114
40369 13373 19 35 114
40370 13374 19 36 114
40371 13375 19 37 114
40372 13376 19 38 114
40373 13377 19 39 114
40374 13378 19 40 114
40375 13379 19 41 114
40376 13380 19 42 114
40377 13381 19 43 114
40378 13382 19 44 114
40379 13383 19 45 114
40380 13384 19 46 114
40382 13385 19 47 114
40383 13386 19 48 114
40385 13387 19 49 114
40386 13388 19 50 114
40387 13389 19 51 114
40389 13390 19 52 114
40391 13391 19 53 114
40392 13392 19 54 114
40394 13393 19 55 114
40395 13394 19 56 114
40396 13395 19 57 114
40397 13396 19 58 114
40398 13397 19 59 114
40399 13398 19 60 114
40400 13399 19 61 114
40401 13400 19 62 114
40402 13401 19 63 114
40403 13402 19 64 114
40405 13403 19 65 114
40406 13404 19 66 114
40407 13405 19 67 114
40408 13406 19 68 114
40409 13407 19 69 114
40410 13408 19 70 114
40411 13409 19 71 114
40412 13410 19 72 114
40413 13411 19 73 114
40414 13412 19 74 114
40415 13413 19 75 114
40417 13414 19 76 114
40418 13415 19 77 114
40419 13416 19 78 114
40420 13417 19 79 114
40421 13418 19 80 114
40422 13419 19 81 114
40424 13420 19 82 114
40425 13421 19 83 114
40427 13422 19 84 114
40428 13423 19 85 114
40429 13424 19 86 114
40430 13425 19 87 114
40431 13426 19 88 114
40432 13427 19 89 114
40434 13428 19 90 114
40435 13429 19 91 114
40436 13430 19 92 114
40437 13431 19 93 114
40438 13432 19 94 114
40439 13433 19 95 114
40440 13434 19 96 114
40441 13435 19 97 114
40442 13436 19 98 114
40443 13437 19 99 114
40445 13438 19 100 114
40446 13439 19 101 114
40447 13440 19 102 114
40448 13441 19 103 114
40449 13442 19 104 114
40450 13443 19 105 114
40451 13444 19 106 114
40452 13445 19 107 114
40453 13446 19 108 114
40454 13447 19 109 114
40455 13448 19 110 114
40457 13449 19 111 114
40459 13450 19 112 114
40461 13451 19 113 114
40463 13452 19 114 114
40464 13453 19 115 114
40465 13454 19 116 114
40466 13455 19 0 115
40467 13456 19 1 115
40468 13457 19 2 115
40469 13458 19 3 115
40471 13459 19 4 115
40473 13460 19 5 115
40474 13461 19 6 115
40475 13462 19 7 115
40477 13463 19 8 115
40478 13464 19 9 115
40565 13465 19 10 115
40569 13466 19 11 115
40570 13467 19 12 115
40572 13468 19 13 115
40573 13469 19 14 115
40575 13470 19 15 115
40576 13471 19 16 115
40578 13472 19 17 115
40579 13473 19 18 115
40582 13474 19 19 115
40583 13475 19 20 115
40584 13476 19 21 115
40585 13477 19 22 115
40586 13478 19 23 115
40587 13479 19 24 115
40588 13480 19 25 115
40589 13481 19 26 115
40590 13482 19 27 115
40593 13483 19 28 115
40594 13484 19 29 115
40595 13485 19 30 115
40596 13486 19 31 115
40599 13487 19 32 115
40601 13488 19 33 115
40602 13489 19 34 115
40603 13490 19 35 115
40604 13491 19 36 115
40605 13492 19 37 115
40607 13493 19 38 115
40608 13494 19 39 115
40609 13495 19 40 115
40612 13496 19 41 115
40613 13497 19 42 115
40615 13498 19 43 115
40617 13499 19 44 115
40621 13500 19 45 115
40622 13501 19 46 115
40624 13502 19 47 115
40628 13503 19 48 115
40629 13504 19 49 115
40630 13505 19 50 115
40631 13506 19 51 115
40635 13507 19 52 115
40636 13508 19 53 115
40638 13509 19 54 115
40640 13510 19 55 115
40642 13511 19 56 115
40643 13512 19 57 115
40648 13513 19 58 115
40652 13514 19 59 115
40653 13515 19 60 115
40654 13516 19 61 115
40655 13517 19 62 115
40656 13518 19 63 115
40657 13519 19 64 115
40659 13520 19 65 115
40660 13521 19 66 115
40661 13522 19 67 115
40662 13523 19 68 115
40664 13524 19 69 115
40666 13525 19 70 115
40667 13526 19 71 115
40668 13527 19 72 115
40669 13528 19 73 115
40670 13529 19 74 115
40671 13530 19 75 115
40672 13531 19 76 115
40676 13532 19 77 115
40677 13533 19 78 115
40678 13534 19 79 115
40679 13535 19 80 115
40680 13536 19 81 115
40683 13537 19 82 115
40685 13538 19 83 115
40686 13539 19 84 115
40687 13540 19 85 115
40688 13541 19 86 115
40690 13542 19 87 115
40691 13543 19 88 115
40692 13544 19 89 115
40693 13545 19 90 115
40694 13546 19 91 115
40695 13547 19 92 115
40697 13548 19 93 115
40698 13549 19 94 115
40699 13550 19 95 115
40700 13551 19 96 115
40701 13552 19 97 115
40703 13553 19 98 115
40704 13554 19 99 115
40705 13555 19 100 115
40710 13556 19 101 115
40711 13557 19 102 115
40713 13558 19 103 115
40714 13559 19 104 115
40718 13560 19 105 115
40719 13561 19 106 115
40720 13562 19 107 115
40722 13563 19 108 115
40723 13564 19 109 115
40725 13565 19 110 115
40726 13566 19 111 115
40728 13567 19 112 115
40729 13568 19 113 115
40730 13569 19 114 115
40731 13570 19 115 115
40732 13571 19 116 115
40734 13572 19 0 116
40736 13573 19 1 116
40738 13574 19 2 116
40739 13575 19 3 116
40740 13576 19 4 116
40741 13577 19 5 116
40744 13578 19 6 116
40745 13579 19 7 116
40746 13580 19 8 116
40747 13581 19 9 116
40748 13582 19 10 116
40749 13583 19 11 116
40750 13584 19 12 116
40751 13585 19 13 116
40752 13586 19 14 116
40753 13587 19 15 116
40754 13588 19 16 116
40755 13589 19 17 116
40756 13590 19 18 116
40757 13591 19 19 116
40758 13592 19 20 116
40759 13593 19 21 116
40760 13594 19 22 116
40763 13595 19 23 116
40765 13596 19 24 116
40766 13597 19 25 116
40768 13598 19 26 116
40769 13599 19 27 116
40770 13600 19 28 116
40771 13601 19 29 116
40774 13602 19 30 116
40775 13603 19 31 116
40776 13604 19 32 116
40777 13605 19 33 116
40778 13606 19 34 116
40779 13607 19 35 116
40780 13608 19 36 116
40781 13609 19 37 116
40782 13610 19 38 116
40783 13611 19 39 116
40786 13612 19 40 116
40788 13613 19 41 116
40789 13614 19 42 116
40790 13615 19 43 116
40791 13616 19 44 116
40792 13617 19 45 116
40793 13618 19 46 116
40795 13619 19 47 116
40796 13620 19 48 116
40797 13621 19 49 116
40798 13622 19 50 116
40799 13623 19 51 116
40800 13624 19 52 116
40801 13625 19 53 116
40803 13626 19 54 116
40804 13627 19 55 116
40805 13628 19 56 116
40806 13629 19 57 116
40807 13630 19 58 116
40810 13631 19 59 116
40811 13632 19 60 116
40812 13633 19 61 116
40814 13634 19 62 116
40815 13635 19 63 116
40816 13636 19 64 116
40817 13637 19 65 116
40818 13638 19 66 116
40820 13639 19 67 116
40821 13640 19 68 116
40822 13641 19 69 116
40823 13642 19 70 116
40824 13643 19 71 116
40825 13644 19 72 116
40826 13645 19 73 116
40827 13646 19 74 116
40830 13647 19 75 116
40845 13648 19 76 116
40848 13649 19 77 116
40849 13650 19 78 116
40850 13651 19 79 116
40852 13652 19 80 116
40853 13653 19 81 116
40856 13654 19 82 116
40860 13655 19 83 116
40864 13656 19 84 116
40866 13657 19 85 116
40868 13658 19 86 116
64012 13659 19 87 116
64013 13660 19 88 116
65072 13661 19 89 116
65073 13662 19 90 116
65075 13663 19 91 116
65076 13664 19 92 116
65077 13665 19 93 116
65078 13666 19 94 116
65079 13667 19 95 116
65080 13668 19 96 116
65081 13669 19 97 116
65082 13670 19 98 116
65083 13671 19 99 116
65084 13672 19 100 116
65085 13673 19 101 116
65086 13674 19 102 116
65087 13675 19 103 116
65088 13676 19 104 116
65089 13677 19 105 116
65090 13678 19 106 116
65091 13679 19 107 116
65092 13680 19 108 116
65097 13681 19 109 116
65098 13682 19 110 116
65099 13683 19 111 116
65100 13684 19 112 116
65101 13685 19 113 116
65102 13686 19 114 116
65103 13687 19 115 116
65104 13688 19 116 116
65106 13689 19 0 117
65108 13690 19 1 117
65109 13691 19 2 117
65110 13692 19 3 117
65111 13693 19 4 117
65113 13694 19 5 117
65114 13695 19 6 117
65115 13696 19 7 117
65116 13697 19 8 117
65117 13698 19 9 117
65118 13699 19 10 117
65119 13700 19 11 117
65120 13701 19 12 117
65121 13702 19 13 117
65122 13703 19 14 117
65123 13704 19 15 117
65124 13705 19 16 117
65125 13706 19 17 117
65126 13707 19 18 117
65129 13708 19 19 117
65130 13709 19 20 117
65131 13710 19 21 117
65281 13711 19 22 117
65283 13712 19 23 117
65284 13713 19 24 117
65285 13714 19 25 117
65286 13715 19 26 117
65288 13716 19 27 117
65289 13717 19 28 117
65290 13718 19 29 117
65291 13719 19 30 117
65292 13720 19 31 117
65293 13721 19 32 117
65294 13722 19 33 117
65295 13723 19 34 117
65296 13724 19 35 117
65297 13725 19 36 117
65298 13726 19 37 117
65299 13727 19 38 117
65300 13728 19 39 117
65301 13729 19 40 117
65302 13730 19 41 117
65303 13731 19 42 117
65304 13732 19 43 117
65305 13733 19 44 117
65306 13734 19 45 117
65307 13735 19 46 117
65308 13736 19 47 117
65309 13737 19 48 117
65310 13738 19 49 117
65311 13739 19 50 117
65312 13740 19 51 117
65313 13741 19 52 117
65314 13742 19 53 117
65315 13743 19 54 117
65316 13744 19 55 117
65317 13745 19 56 117
65318 13746 19 57 117
65319 13747 19 58 117
65320 13748 19 59 117
65321 13749 19 60 117
65322 13750 19 61 117
65323 13751 19 62 117
65324 13752 19 63 117
65325 13753 19 64 117
65326 13754 19 65 117
65327 13755 19 66 117
65328 13756 19 67 117
65329 13757 19 68 117
65330 13758 19 69 117
65331 13759 19 70 117
65332 13760 19 71 117
65333 13761 19 72 117
65334 13762 19 73 117
65335 13763 19 74 117
65336 13764 19 75 117
65337 13765 19 76 117
65338 13766 19 77 117
65340 13767 19 78 117
65343 13768 19 79 117
65345 13769 19 80 117
65346 13770 19 81 117
65347 13771 19 82 117
65348 13772 19 83 117
65349 13773 19 84 117
65350 13774 19 85 117
65351 13775 19 86 117
65352 13776 19 87 117
65353 13777 19 88 117
65354 13778 19 89 117
65355 13779 19 90 117
65356 13780 19 91 117
65357 13781 19 92 117
65358 13782 19 93 117
65359 13783 19 94 117
65360 13784 19 95 117
65361 13785 19 96 117
65362 13786 19 97 117
65363 13787 19 98 117
65364 13788 19 99 117
65365 13789 19 100 117
65366 13790 19 101 117
65367 13791 19 102 117
65368 13792 19 103 117
65369 13793 19 104 117
65370 13794 19 105 117
65371 13795 19 106 117
65372 13796 19 107 117
65373 13797 19 108 117
65380 13798 19 109 117
65533 13799 19 110 117
65533 13800 19 111 117
65533 13801 19 112 117
65533 13802 19 113 117
65533 13803 19 114 117
65533 13804 19 115 117
65533 13805 19 116 117
